timestamp,price_eur_mwh
2025-05-29 00:00:00,49.63
2025-05-29 01:00:00,39.0
2025-05-29 02:00:00,43.81
2025-05-29 03:00:00,39.22
2025-05-29 04:00:00,38.24
2025-05-29 05:00:00,40.01
2025-05-29 06:00:00,37.95
2025-05-29 07:00:00,45.0
2025-05-29 08:00:00,38.24
2025-05-29 09:00:00,16.06
2025-05-29 10:00:00,3.52
2025-05-29 11:00:00,0.65
2025-05-29 12:00:00,-0.01
2025-05-29 13:00:00,-0.48
2025-05-29 14:00:00,-0.9
2025-05-29 15:00:00,-0.12
2025-05-29 16:00:00,-0.01
2025-05-29 17:00:00,0.07
2025-05-29 18:00:00,17.77
2025-05-29 19:00:00,36.13
2025-05-29 20:00:00,71.63
2025-05-29 21:00:00,134.99
2025-05-29 22:00:00,119.02
2025-05-29 23:00:00,70.9
2025-05-30 00:00:00,55.0
2025-05-30 01:00:00,53.1
2025-05-30 02:00:00,47.7
2025-05-30 03:00:00,45.78
2025-05-30 04:00:00,45.54
2025-05-30 05:00:00,46.08
2025-05-30 06:00:00,49.55
2025-05-30 07:00:00,68.38
2025-05-30 08:00:00,53.01
2025-05-30 09:00:00,29.13
2025-05-30 10:00:00,1.83
2025-05-30 11:00:00,0.0
2025-05-30 12:00:00,-0.01
2025-05-30 13:00:00,-0.01
2025-05-30 14:00:00,-0.07
2025-05-30 15:00:00,-0.07
2025-05-30 16:00:00,-0.01
2025-05-30 17:00:00,5.0
2025-05-30 18:00:00,45.36
2025-05-30 19:00:00,55.28
2025-05-30 20:00:00,100.29
2025-05-30 21:00:00,120.59
2025-05-30 22:00:00,130.19
2025-05-30 23:00:00,103.35
2025-05-31 00:00:00,107.0
2025-05-31 01:00:00,89.74
2025-05-31 02:00:00,70.55
2025-05-31 03:00:00,72.0
2025-05-31 04:00:00,83.61
2025-05-31 05:00:00,80.0
2025-05-31 06:00:00,83.61
2025-05-31 07:00:00,64.31
2025-05-31 08:00:00,33.55
2025-05-31 09:00:00,1.0
2025-05-31 10:00:00,-0.02
2025-05-31 11:00:00,-1.0
2025-05-31 12:00:00,-3.07
2025-05-31 13:00:00,-5.0
2025-05-31 14:00:00,-5.48
2025-05-31 15:00:00,-3.0
2025-05-31 16:00:00,-0.05
2025-05-31 17:00:00,0.0
2025-05-31 18:00:00,1.93
2025-05-31 19:00:00,31.78
2025-05-31 20:00:00,62.0
2025-05-31 21:00:00,64.31
2025-05-31 22:00:00,74.44
2025-05-31 23:00:00,63.5
2025-06-01 00:00:00,60.0
2025-06-01 01:00:00,36.07
2025-06-01 02:00:00,35.01
2025-06-01 03:00:00,34.95
2025-06-01 04:00:00,34.43
2025-06-01 05:00:00,35.0
2025-06-01 06:00:00,35.01
2025-06-01 07:00:00,32.22
2025-06-01 08:00:00,2.4
2025-06-01 09:00:00,-0.01
2025-06-01 10:00:00,-0.6
2025-06-01 11:00:00,-2.11
2025-06-01 12:00:00,-5.48
2025-06-01 13:00:00,-6.0
2025-06-01 14:00:00,-6.0
2025-06-01 15:00:00,-6.01
2025-06-01 16:00:00,-6.0
2025-06-01 17:00:00,-0.62
2025-06-01 18:00:00,2.94
2025-06-01 19:00:00,22.82
2025-06-01 20:00:00,35.01
2025-06-01 21:00:00,40.55
2025-06-01 22:00:00,53.96
2025-06-01 23:00:00,40.41
2025-06-02 00:00:00,30.24
2025-06-02 01:00:00,27.25
2025-06-02 02:00:00,26.66
2025-06-02 03:00:00,19.1
2025-06-02 04:00:00,20.01
2025-06-02 05:00:00,18.89
2025-06-02 06:00:00,35.01
2025-06-02 07:00:00,45.59
2025-06-02 08:00:00,52.96
2025-06-02 09:00:00,40.01
2025-06-02 10:00:00,17.55
2025-06-02 11:00:00,2.95
2025-06-02 12:00:00,0.85
2025-06-02 13:00:00,0.46
2025-06-02 14:00:00,0.0
2025-06-02 15:00:00,0.0
2025-06-02 16:00:00,0.0
2025-06-02 17:00:00,1.72
2025-06-02 18:00:00,14.9
2025-06-02 19:00:00,40.3
2025-06-02 20:00:00,88.05
2025-06-02 21:00:00,100.0
2025-06-02 22:00:00,98.21
2025-06-02 23:00:00,66.5
2025-06-03 00:00:00,80.0
2025-06-03 01:00:00,69.76
2025-06-03 02:00:00,69.76
2025-06-03 03:00:00,69.76
2025-06-03 04:00:00,69.76
2025-06-03 05:00:00,80.95
2025-06-03 06:00:00,95.94
2025-06-03 07:00:00,107.61
2025-06-03 08:00:00,82.0
2025-06-03 09:00:00,52.0
2025-06-03 10:00:00,31.45
2025-06-03 11:00:00,5.0
2025-06-03 12:00:00,1.03
2025-06-03 13:00:00,0.0
2025-06-03 14:00:00,0.0
2025-06-03 15:00:00,0.0
2025-06-03 16:00:00,0.0
2025-06-03 17:00:00,3.17
2025-06-03 18:00:00,17.71
2025-06-03 19:00:00,38.57
2025-06-03 20:00:00,53.1
2025-06-03 21:00:00,108.27
2025-06-03 22:00:00,108.78
2025-06-03 23:00:00,96.05
2025-06-04 00:00:00,89.6
2025-06-04 01:00:00,80.71
2025-06-04 02:00:00,75.14
2025-06-04 03:00:00,75.0
2025-06-04 04:00:00,74.52
2025-06-04 05:00:00,82.13
2025-06-04 06:00:00,98.22
2025-06-04 07:00:00,105.0
2025-06-04 08:00:00,78.1
2025-06-04 09:00:00,48.37
2025-06-04 10:00:00,32.35
2025-06-04 11:00:00,4.83
2025-06-04 12:00:00,3.6
2025-06-04 13:00:00,3.52
2025-06-04 14:00:00,1.72
2025-06-04 15:00:00,0.09
2025-06-04 16:00:00,0.0
2025-06-04 17:00:00,6.2
2025-06-04 18:00:00,28.04
2025-06-04 19:00:00,60.0
2025-06-04 20:00:00,108.38
2025-06-04 21:00:00,127.01
2025-06-04 22:00:00,123.46
2025-06-04 23:00:00,99.38
2025-06-05 00:00:00,110.73
2025-06-05 01:00:00,96.0
2025-06-05 02:00:00,94.25
2025-06-05 03:00:00,92.28
2025-06-05 04:00:00,92.28
2025-06-05 05:00:00,93.86
2025-06-05 06:00:00,101.27
2025-06-05 07:00:00,111.24
2025-06-05 08:00:00,82.13
2025-06-05 09:00:00,17.01
2025-06-05 10:00:00,0.0
2025-06-05 11:00:00,0.0
2025-06-05 12:00:00,-0.01
2025-06-05 13:00:00,-0.01
2025-06-05 14:00:00,-0.01
2025-06-05 15:00:00,-0.01
2025-06-05 16:00:00,-0.01
2025-06-05 17:00:00,0.0
2025-06-05 18:00:00,3.17
2025-06-05 19:00:00,33.94
2025-06-05 20:00:00,99.77
2025-06-05 21:00:00,140.34
2025-06-05 22:00:00,142.03
2025-06-05 23:00:00,118.24
2025-06-06 00:00:00,130.05
2025-06-06 01:00:00,127.93
2025-06-06 02:00:00,118.24
2025-06-06 03:00:00,112.75
2025-06-06 04:00:00,112.24
2025-06-06 05:00:00,113.77
2025-06-06 06:00:00,123.26
2025-06-06 07:00:00,126.83
2025-06-06 08:00:00,123.26
2025-06-06 09:00:00,57.03
2025-06-06 10:00:00,7.26
2025-06-06 11:00:00,1.72
2025-06-06 12:00:00,0.66
2025-06-06 13:00:00,0.0
2025-06-06 14:00:00,0.0
2025-06-06 15:00:00,0.0
2025-06-06 16:00:00,0.0
2025-06-06 17:00:00,1.2
2025-06-06 18:00:00,14.34
2025-06-06 19:00:00,44.69
2025-06-06 20:00:00,105.0
2025-06-06 21:00:00,135.01
2025-06-06 22:00:00,140.34
2025-06-06 23:00:00,121.35
2025-06-07 00:00:00,112.84
2025-06-07 01:00:00,103.77
2025-06-07 02:00:00,101.57
2025-06-07 03:00:00,100.59
2025-06-07 04:00:00,100.59
2025-06-07 05:00:00,101.57
2025-06-07 06:00:00,104.0
2025-06-07 07:00:00,93.8
2025-06-07 08:00:00,22.2
2025-06-07 09:00:00,0.7
2025-06-07 10:00:00,0.0
2025-06-07 11:00:00,-0.01
2025-06-07 12:00:00,-0.5
2025-06-07 13:00:00,-0.5
2025-06-07 14:00:00,-0.6
2025-06-07 15:00:00,-1.21
2025-06-07 16:00:00,-1.21
2025-06-07 17:00:00,-0.6
2025-06-07 18:00:00,0.0
2025-06-07 19:00:00,3.52
2025-06-07 20:00:00,45.0
2025-06-07 21:00:00,110.2
2025-06-07 22:00:00,104.0
2025-06-07 23:00:00,90.0
2025-06-08 00:00:00,79.47
2025-06-08 01:00:00,78.49
2025-06-08 02:00:00,79.0
2025-06-08 03:00:00,65.0
2025-06-08 04:00:00,65.0
2025-06-08 05:00:00,65.0
2025-06-08 06:00:00,64.36
2025-06-08 07:00:00,22.02
2025-06-08 08:00:00,0.83
2025-06-08 09:00:00,-0.5
2025-06-08 10:00:00,-2.0
2025-06-08 11:00:00,-2.5
2025-06-08 12:00:00,-2.5
2025-06-08 13:00:00,-2.5
2025-06-08 14:00:00,-2.1
2025-06-08 15:00:00,-3.0
2025-06-08 16:00:00,-2.8
2025-06-08 17:00:00,-2.1
2025-06-08 18:00:00,0.0
2025-06-08 19:00:00,4.9
2025-06-08 20:00:00,86.78
2025-06-08 21:00:00,108.78
2025-06-08 22:00:00,109.29
2025-06-08 23:00:00,98.8
2025-06-09 00:00:00,90.6
2025-06-09 01:00:00,77.94
2025-06-09 02:00:00,77.94
2025-06-09 03:00:00,80.0
2025-06-09 04:00:00,82.86
2025-06-09 05:00:00,87.35
2025-06-09 06:00:00,102.25
2025-06-09 07:00:00,107.06
2025-06-09 08:00:00,85.01
2025-06-09 09:00:00,20.1
2025-06-09 10:00:00,7.19
2025-06-09 11:00:00,3.17
2025-06-09 12:00:00,1.72
2025-06-09 13:00:00,1.72
2025-06-09 14:00:00,2.95
2025-06-09 15:00:00,3.17
2025-06-09 16:00:00,5.57
2025-06-09 17:00:00,12.39
2025-06-09 18:00:00,50.0
2025-06-09 19:00:00,90.0
2025-06-09 20:00:00,113.76
2025-06-09 21:00:00,135.0
2025-06-09 22:00:00,124.1
2025-06-09 23:00:00,114.27
2025-06-10 00:00:00,118.97
2025-06-10 01:00:00,114.99
2025-06-10 02:00:00,114.4
2025-06-10 03:00:00,113.01
2025-06-10 04:00:00,113.03
2025-06-10 05:00:00,113.2
2025-06-10 06:00:00,114.4
2025-06-10 07:00:00,117.0
2025-06-10 08:00:00,114.99
2025-06-10 09:00:00,111.72
2025-06-10 10:00:00,105.0
2025-06-10 11:00:00,87.47
2025-06-10 12:00:00,56.6
2025-06-10 13:00:00,56.0
2025-06-10 14:00:00,55.4
2025-06-10 15:00:00,54.88
2025-06-10 16:00:00,55.01
2025-06-10 17:00:00,93.35
2025-06-10 18:00:00,105.0
2025-06-10 19:00:00,110.7
2025-06-10 20:00:00,119.58
2025-06-10 21:00:00,124.35
2025-06-10 22:00:00,121.18
2025-06-10 23:00:00,114.4
2025-06-11 00:00:00,111.89
2025-06-11 01:00:00,108.56
2025-06-11 02:00:00,106.07
2025-06-11 03:00:00,106.02
2025-06-11 04:00:00,104.0
2025-06-11 05:00:00,106.02
2025-06-11 06:00:00,107.49
2025-06-11 07:00:00,110.63
2025-06-11 08:00:00,109.58
2025-06-11 09:00:00,101.27
2025-06-11 10:00:00,82.28
2025-06-11 11:00:00,49.99
2025-06-11 12:00:00,14.28
2025-06-11 13:00:00,5.0
2025-06-11 14:00:00,3.52
2025-06-11 15:00:00,1.1
2025-06-11 16:00:00,2.5
2025-06-11 17:00:00,3.0
2025-06-11 18:00:00,15.0
2025-06-11 19:00:00,74.0
2025-06-11 20:00:00,105.01
2025-06-11 21:00:00,115.5
2025-06-11 22:00:00,114.81
2025-06-11 23:00:00,109.58
2025-06-12 00:00:00,104.59
2025-06-12 01:00:00,99.97
2025-06-12 02:00:00,95.11
2025-06-12 03:00:00,93.94
2025-06-12 04:00:00,93.94
2025-06-12 05:00:00,98.27
2025-06-12 06:00:00,102.98
2025-06-12 07:00:00,103.8
2025-06-12 08:00:00,90.0
2025-06-12 09:00:00,15.27
2025-06-12 10:00:00,0.01
2025-06-12 11:00:00,0.0
2025-06-12 12:00:00,-0.01
2025-06-12 13:00:00,0.0
2025-06-12 14:00:00,0.0
2025-06-12 15:00:00,-0.01
2025-06-12 16:00:00,0.01
2025-06-12 17:00:00,1.0
2025-06-12 18:00:00,15.27
2025-06-12 19:00:00,89.6
2025-06-12 20:00:00,104.01
2025-06-12 21:00:00,131.71
2025-06-12 22:00:00,140.64
2025-06-12 23:00:00,117.96
2025-06-13 00:00:00,126.84
2025-06-13 01:00:00,119.08
2025-06-13 02:00:00,113.98
2025-06-13 03:00:00,112.33
2025-06-13 04:00:00,111.35
2025-06-13 05:00:00,111.35
2025-06-13 06:00:00,113.89
2025-06-13 07:00:00,113.86
2025-06-13 08:00:00,112.47
2025-06-13 09:00:00,50.0
2025-06-13 10:00:00,14.5
2025-06-13 11:00:00,0.85
2025-06-13 12:00:00,0.0
2025-06-13 13:00:00,0.0
2025-06-13 14:00:00,-0.01
2025-06-13 15:00:00,-0.01
2025-06-13 16:00:00,0.65
2025-06-13 17:00:00,3.52
2025-06-13 18:00:00,17.43
2025-06-13 19:00:00,90.4
2025-06-13 20:00:00,105.47
2025-06-13 21:00:00,120.58
2025-06-13 22:00:00,120.98
2025-06-13 23:00:00,113.98
2025-06-14 00:00:00,110.02
2025-06-14 01:00:00,109.7
2025-06-14 02:00:00,109.8
2025-06-14 03:00:00,108.98
2025-06-14 04:00:00,109.0
2025-06-14 05:00:00,109.7
2025-06-14 06:00:00,109.73
2025-06-14 07:00:00,104.9
2025-06-14 08:00:00,51.21
2025-06-14 09:00:00,4.17
2025-06-14 10:00:00,0.46
2025-06-14 11:00:00,-0.01
2025-06-14 12:00:00,-0.58
2025-06-14 13:00:00,-0.62
2025-06-14 14:00:00,-1.0
2025-06-14 15:00:00,-1.5
2025-06-14 16:00:00,-0.37
2025-06-14 17:00:00,0.65
2025-06-14 18:00:00,5.0
2025-06-14 19:00:00,36.27
2025-06-14 20:00:00,86.0
2025-06-14 21:00:00,101.96
2025-06-14 22:00:00,105.88
2025-06-14 23:00:00,100.98
2025-06-15 00:00:00,87.47
2025-06-15 01:00:00,62.0
2025-06-15 02:00:00,38.7
2025-06-15 03:00:00,34.7
2025-06-15 04:00:00,24.35
2025-06-15 05:00:00,20.0
2025-06-15 06:00:00,18.47
2025-06-15 07:00:00,15.13
2025-06-15 08:00:00,2.0
2025-06-15 09:00:00,0.0
2025-06-15 10:00:00,-0.6
2025-06-15 11:00:00,-1.21
2025-06-15 12:00:00,-1.21
2025-06-15 13:00:00,-3.0
2025-06-15 14:00:00,-2.67
2025-06-15 15:00:00,-2.0
2025-06-15 16:00:00,-1.21
2025-06-15 17:00:00,-0.6
2025-06-15 18:00:00,0.0
2025-06-15 19:00:00,2.4
2025-06-15 20:00:00,33.96
2025-06-15 21:00:00,76.85
2025-06-15 22:00:00,78.43
2025-06-15 23:00:00,53.97
2025-06-16 00:00:00,32.74
2025-06-16 01:00:00,19.96
2025-06-16 02:00:00,16.58
2025-06-16 03:00:00,13.27
2025-06-16 04:00:00,15.0
2025-06-16 05:00:00,24.76
2025-06-16 06:00:00,60.0
2025-06-16 07:00:00,71.6
2025-06-16 08:00:00,58.49
2025-06-16 09:00:00,20.0
2025-06-16 10:00:00,4.5
2025-06-16 11:00:00,1.0
2025-06-16 12:00:00,0.65
2025-06-16 13:00:00,0.85
2025-06-16 14:00:00,1.72
2025-06-16 15:00:00,3.52
2025-06-16 16:00:00,17.73
2025-06-16 17:00:00,47.69
2025-06-16 18:00:00,101.64
2025-06-16 19:00:00,117.2
2025-06-16 20:00:00,125.41
2025-06-16 21:00:00,210.0
2025-06-16 22:00:00,166.91
2025-06-16 23:00:00,125.41
2025-06-17 00:00:00,128.64
2025-06-17 01:00:00,124.76
2025-06-17 02:00:00,120.0
2025-06-17 03:00:00,119.82
2025-06-17 04:00:00,120.0
2025-06-17 05:00:00,117.1
2025-06-17 06:00:00,119.82
2025-06-17 07:00:00,124.59
2025-06-17 08:00:00,126.91
2025-06-17 09:00:00,112.96
2025-06-17 10:00:00,72.88
2025-06-17 11:00:00,26.75
2025-06-17 12:00:00,24.17
2025-06-17 13:00:00,22.57
2025-06-17 14:00:00,18.16
2025-06-17 15:00:00,12.0
2025-06-17 16:00:00,24.2
2025-06-17 17:00:00,72.88
2025-06-17 18:00:00,94.78
2025-06-17 19:00:00,115.0
2025-06-17 20:00:00,126.68
2025-06-17 21:00:00,154.76
2025-06-17 22:00:00,152.03
2025-06-17 23:00:00,127.91
2025-06-18 00:00:00,128.37
2025-06-18 01:00:00,123.17
2025-06-18 02:00:00,121.86
2025-06-18 03:00:00,122.11
2025-06-18 04:00:00,123.17
2025-06-18 05:00:00,125.97
2025-06-18 06:00:00,125.07
2025-06-18 07:00:00,128.31
2025-06-18 08:00:00,121.12
2025-06-18 09:00:00,114.68
2025-06-18 10:00:00,80.4
2025-06-18 11:00:00,61.0
2025-06-18 12:00:00,46.01
2025-06-18 13:00:00,41.55
2025-06-18 14:00:00,41.11
2025-06-18 15:00:00,40.01
2025-06-18 16:00:00,51.77
2025-06-18 17:00:00,82.9
2025-06-18 18:00:00,114.67
2025-06-18 19:00:00,123.17
2025-06-18 20:00:00,139.03
2025-06-18 21:00:00,194.56
2025-06-18 22:00:00,166.75
2025-06-18 23:00:00,135.01
2025-06-19 00:00:00,139.01
2025-06-19 01:00:00,131.68
2025-06-19 02:00:00,128.61
2025-06-19 03:00:00,128.31
2025-06-19 04:00:00,128.12
2025-06-19 05:00:00,128.96
2025-06-19 06:00:00,135.01
2025-06-19 07:00:00,139.01
2025-06-19 08:00:00,128.37
2025-06-19 09:00:00,124.19
2025-06-19 10:00:00,114.26
2025-06-19 11:00:00,80.27
2025-06-19 12:00:00,75.75
2025-06-19 13:00:00,70.0
2025-06-19 14:00:00,67.86
2025-06-19 15:00:00,65.0
2025-06-19 16:00:00,76.0
2025-06-19 17:00:00,95.0
2025-06-19 18:00:00,118.18
2025-06-19 19:00:00,123.0
2025-06-19 20:00:00,133.22
2025-06-19 21:00:00,167.55
2025-06-19 22:00:00,164.6
2025-06-19 23:00:00,133.02
2025-06-20 00:00:00,130.78
2025-06-20 01:00:00,127.9
2025-06-20 02:00:00,125.25
2025-06-20 03:00:00,125.25
2025-06-20 04:00:00,124.94
2025-06-20 05:00:00,124.33
2025-06-20 06:00:00,127.97
2025-06-20 07:00:00,128.08
2025-06-20 08:00:00,122.57
2025-06-20 09:00:00,113.94
2025-06-20 10:00:00,86.9
2025-06-20 11:00:00,84.35
2025-06-20 12:00:00,77.0
2025-06-20 13:00:00,72.0
2025-06-20 14:00:00,71.0
2025-06-20 15:00:00,70.0
2025-06-20 16:00:00,81.5
2025-06-20 17:00:00,88.0
2025-06-20 18:00:00,111.79
2025-06-20 19:00:00,128.74
2025-06-20 20:00:00,140.0
2025-06-20 21:00:00,163.49
2025-06-20 22:00:00,159.99
2025-06-20 23:00:00,132.21
2025-06-21 00:00:00,128.89
2025-06-21 01:00:00,126.93
2025-06-21 02:00:00,125.87
2025-06-21 03:00:00,122.86
2025-06-21 04:00:00,122.42
2025-06-21 05:00:00,121.44
2025-06-21 06:00:00,122.86
2025-06-21 07:00:00,115.56
2025-06-21 08:00:00,103.6
2025-06-21 09:00:00,40.0
2025-06-21 10:00:00,2.5
2025-06-21 11:00:00,0.0
2025-06-21 12:00:00,0.0
2025-06-21 13:00:00,0.0
2025-06-21 14:00:00,0.0
2025-06-21 15:00:00,0.0
2025-06-21 16:00:00,0.1
2025-06-21 17:00:00,4.31
2025-06-21 18:00:00,74.27
2025-06-21 19:00:00,109.99
2025-06-21 20:00:00,126.34
2025-06-21 21:00:00,134.93
2025-06-21 22:00:00,138.81
2025-06-21 23:00:00,126.07
2025-06-22 00:00:00,124.24
2025-06-22 01:00:00,121.96
2025-06-22 02:00:00,122.94
2025-06-22 03:00:00,123.92
2025-06-22 04:00:00,122.94
2025-06-22 05:00:00,123.58
2025-06-22 06:00:00,122.94
2025-06-22 07:00:00,119.0
2025-06-22 08:00:00,60.0
2025-06-22 09:00:00,0.65
2025-06-22 10:00:00,-0.05
2025-06-22 11:00:00,-1.21
2025-06-22 12:00:00,-1.5
2025-06-22 13:00:00,-1.01
2025-06-22 14:00:00,-0.62
2025-06-22 15:00:00,-1.21
2025-06-22 16:00:00,-1.1
2025-06-22 17:00:00,0.0
2025-06-22 18:00:00,5.0
2025-06-22 19:00:00,71.14
2025-06-22 20:00:00,114.12
2025-06-22 21:00:00,128.76
2025-06-22 22:00:00,130.78
2025-06-22 23:00:00,128.76
2025-06-23 00:00:00,127.73
2025-06-23 01:00:00,123.58
2025-06-23 02:00:00,117.78
2025-06-23 03:00:00,115.2
2025-06-23 04:00:00,114.72
2025-06-23 05:00:00,114.96
2025-06-23 06:00:00,121.85
2025-06-23 07:00:00,127.0
2025-06-23 08:00:00,117.05
2025-06-23 09:00:00,98.86
2025-06-23 10:00:00,91.75
2025-06-23 11:00:00,75.48
2025-06-23 12:00:00,71.27
2025-06-23 13:00:00,70.75
2025-06-23 14:00:00,57.42
2025-06-23 15:00:00,70.75
2025-06-23 16:00:00,71.4
2025-06-23 17:00:00,90.0
2025-06-23 18:00:00,108.0
2025-06-23 19:00:00,124.72
2025-06-23 20:00:00,136.43
2025-06-23 21:00:00,195.77
2025-06-23 22:00:00,175.14
2025-06-23 23:00:00,135.82
2025-06-24 00:00:00,129.82
2025-06-24 01:00:00,126.84
2025-06-24 02:00:00,123.94
2025-06-24 03:00:00,124.92
2025-06-24 04:00:00,124.92
2025-06-24 05:00:00,125.21
2025-06-24 06:00:00,126.1
2025-06-24 07:00:00,126.73
2025-06-24 08:00:00,126.9
2025-06-24 09:00:00,119.04
2025-06-24 10:00:00,100.47
2025-06-24 11:00:00,77.69
2025-06-24 12:00:00,76.75
2025-06-24 13:00:00,37.28
2025-06-24 14:00:00,16.23
2025-06-24 15:00:00,7.5
2025-06-24 16:00:00,7.5
2025-06-24 17:00:00,20.06
2025-06-24 18:00:00,71.95
2025-06-24 19:00:00,104.61
2025-06-24 20:00:00,125.4
2025-06-24 21:00:00,146.03
2025-06-24 22:00:00,154.52
2025-06-24 23:00:00,131.81
2025-06-25 00:00:00,129.8
2025-06-25 01:00:00,118.37
2025-06-25 02:00:00,116.76
2025-06-25 03:00:00,116.46
2025-06-25 04:00:00,116.46
2025-06-25 05:00:00,117.14
2025-06-25 06:00:00,119.44
2025-06-25 07:00:00,125.21
2025-06-25 08:00:00,114.8
2025-06-25 09:00:00,85.23
2025-06-25 10:00:00,42.63
2025-06-25 11:00:00,27.98
2025-06-25 12:00:00,15.0
2025-06-25 13:00:00,5.79
2025-06-25 14:00:00,3.52
2025-06-25 15:00:00,2.44
2025-06-25 16:00:00,3.52
2025-06-25 17:00:00,4.9
2025-06-25 18:00:00,35.0
2025-06-25 19:00:00,96.0
2025-06-25 20:00:00,119.26
2025-06-25 21:00:00,150.0
2025-06-25 22:00:00,154.52
2025-06-25 23:00:00,125.21
2025-06-26 00:00:00,119.95
2025-06-26 01:00:00,116.43
2025-06-26 02:00:00,112.0
2025-06-26 03:00:00,110.0
2025-06-26 04:00:00,109.57
2025-06-26 05:00:00,110.55
2025-06-26 06:00:00,116.43
2025-06-26 07:00:00,117.05
2025-06-26 08:00:00,111.53
2025-06-26 09:00:00,85.0
2025-06-26 10:00:00,50.24
2025-06-26 11:00:00,63.0
2025-06-26 12:00:00,62.59
2025-06-26 13:00:00,45.64
2025-06-26 14:00:00,37.39
2025-06-26 15:00:00,36.2
2025-06-26 16:00:00,37.39
2025-06-26 17:00:00,59.13
2025-06-26 18:00:00,80.09
2025-06-26 19:00:00,97.81
2025-06-26 20:00:00,118.33
2025-06-26 21:00:00,159.62
2025-06-26 22:00:00,157.0
2025-06-26 23:00:00,119.77
2025-06-27 00:00:00,115.98
2025-06-27 01:00:00,111.91
2025-06-27 02:00:00,111.38
2025-06-27 03:00:00,111.57
2025-06-27 04:00:00,111.01
2025-06-27 05:00:00,111.91
2025-06-27 06:00:00,113.21
2025-06-27 07:00:00,115.11
2025-06-27 08:00:00,111.25
2025-06-27 09:00:00,92.91
2025-06-27 10:00:00,78.73
2025-06-27 11:00:00,67.45
2025-06-27 12:00:00,54.6
2025-06-27 13:00:00,36.95
2025-06-27 14:00:00,36.95
2025-06-27 15:00:00,35.0
2025-06-27 16:00:00,37.2
2025-06-27 17:00:00,71.87
2025-06-27 18:00:00,88.27
2025-06-27 19:00:00,109.29
2025-06-27 20:00:00,116.83
2025-06-27 21:00:00,141.05
2025-06-27 22:00:00,138.56
2025-06-27 23:00:00,115.31
2025-06-28 00:00:00,112.96
2025-06-28 01:00:00,112.92
2025-06-28 02:00:00,108.5
2025-06-28 03:00:00,108.25
2025-06-28 04:00:00,107.04
2025-06-28 05:00:00,108.0
2025-06-28 06:00:00,108.0
2025-06-28 07:00:00,108.0
2025-06-28 08:00:00,91.0
2025-06-28 09:00:00,22.22
2025-06-28 10:00:00,6.0
2025-06-28 11:00:00,0.83
2025-06-28 12:00:00,0.65
2025-06-28 13:00:00,0.65
2025-06-28 14:00:00,0.7
2025-06-28 15:00:00,0.65
2025-06-28 16:00:00,2.12
2025-06-28 17:00:00,10.26
2025-06-28 18:00:00,46.0
2025-06-28 19:00:00,96.26
2025-06-28 20:00:00,111.38
2025-06-28 21:00:00,131.33
2025-06-28 22:00:00,132.65
2025-06-28 23:00:00,115.0
2025-06-29 00:00:00,111.38
2025-06-29 01:00:00,108.02
2025-06-29 02:00:00,107.0
2025-06-29 03:00:00,106.06
2025-06-29 04:00:00,107.0
2025-06-29 05:00:00,108.02
2025-06-29 06:00:00,109.98
2025-06-29 07:00:00,107.04
2025-06-29 08:00:00,81.0
2025-06-29 09:00:00,20.0
2025-06-29 10:00:00,3.5
2025-06-29 11:00:00,0.85
2025-06-29 12:00:00,0.85
2025-06-29 13:00:00,3.5
2025-06-29 14:00:00,4.31
2025-06-29 15:00:00,4.31
2025-06-29 16:00:00,5.0
2025-06-29 17:00:00,20.0
2025-06-29 18:00:00,66.27
2025-06-29 19:00:00,102.14
2025-06-29 20:00:00,111.98
2025-06-29 21:00:00,129.45
2025-06-29 22:00:00,154.52
2025-06-29 23:00:00,133.61
2025-06-30 00:00:00,125.5
2025-06-30 01:00:00,116.18
2025-06-30 02:00:00,113.18
2025-06-30 03:00:00,111.74
2025-06-30 04:00:00,114.89
2025-06-30 05:00:00,115.0
2025-06-30 06:00:00,115.0
2025-06-30 07:00:00,121.0
2025-06-30 08:00:00,115.0
2025-06-30 09:00:00,109.63
2025-06-30 10:00:00,85.0
2025-06-30 11:00:00,78.27
2025-06-30 12:00:00,77.75
2025-06-30 13:00:00,78.01
2025-06-30 14:00:00,78.4
2025-06-30 15:00:00,88.18
2025-06-30 16:00:00,99.32
2025-06-30 17:00:00,104.1
2025-06-30 18:00:00,110.1
2025-06-30 19:00:00,111.38
2025-06-30 20:00:00,135.0
2025-06-30 21:00:00,175.01
2025-06-30 22:00:00,157.0
2025-06-30 23:00:00,127.86
2025-07-01 00:00:00,129.98
2025-07-01 01:00:00,118.32
2025-07-01 02:00:00,116.7
2025-07-01 03:00:00,115.98
2025-07-01 04:00:00,114.8
2025-07-01 05:00:00,115.98
2025-07-01 06:00:00,116.22
2025-07-01 07:00:00,121.4
2025-07-01 08:00:00,114.74
2025-07-01 09:00:00,105.0
2025-07-01 10:00:00,96.91
2025-07-01 11:00:00,80.7
2025-07-01 12:00:00,80.0
2025-07-01 13:00:00,80.0
2025-07-01 14:00:00,80.19
2025-07-01 15:00:00,80.4
2025-07-01 16:00:00,92.0
2025-07-01 17:00:00,102.65
2025-07-01 18:00:00,109.91
2025-07-01 19:00:00,115.5
2025-07-01 20:00:00,125.0
2025-07-01 21:00:00,167.0
2025-07-01 22:00:00,159.66
2025-07-01 23:00:00,129.78
2025-07-02 00:00:00,130.14
2025-07-02 01:00:00,120.0
2025-07-02 02:00:00,112.13
2025-07-02 03:00:00,111.63
2025-07-02 04:00:00,112.13
2025-07-02 05:00:00,112.92
2025-07-02 06:00:00,111.0
2025-07-02 07:00:00,113.55
2025-07-02 08:00:00,110.45
2025-07-02 09:00:00,104.1
2025-07-02 10:00:00,81.79
2025-07-02 11:00:00,76.39
2025-07-02 12:00:00,70.64
2025-07-02 13:00:00,70.64
2025-07-02 14:00:00,70.64
2025-07-02 15:00:00,71.57
2025-07-02 16:00:00,79.73
2025-07-02 17:00:00,80.0
2025-07-02 18:00:00,87.68
2025-07-02 19:00:00,107.04
2025-07-02 20:00:00,112.92
2025-07-02 21:00:00,126.16
2025-07-02 22:00:00,125.1
2025-07-02 23:00:00,110.25
2025-07-03 00:00:00,111.96
2025-07-03 01:00:00,110.0
2025-07-03 02:00:00,109.12
2025-07-03 03:00:00,101.9
2025-07-03 04:00:00,91.21
2025-07-03 05:00:00,100.18
2025-07-03 06:00:00,109.81
2025-07-03 07:00:00,111.51
2025-07-03 08:00:00,104.9
2025-07-03 09:00:00,70.58
2025-07-03 10:00:00,67.42
2025-07-03 11:00:00,55.58
2025-07-03 12:00:00,42.16
2025-07-03 13:00:00,37.2
2025-07-03 14:00:00,39.63
2025-07-03 15:00:00,56.67
2025-07-03 16:00:00,64.71
2025-07-03 17:00:00,81.0
2025-07-03 18:00:00,96.34
2025-07-03 19:00:00,109.0
2025-07-03 20:00:00,118.8
2025-07-03 21:00:00,142.59
2025-07-03 22:00:00,140.34
2025-07-03 23:00:00,119.35
2025-07-04 00:00:00,110.62
2025-07-04 01:00:00,107.9
2025-07-04 02:00:00,107.26
2025-07-04 03:00:00,106.76
2025-07-04 04:00:00,107.02
2025-07-04 05:00:00,107.83
2025-07-04 06:00:00,111.04
2025-07-04 07:00:00,113.37
2025-07-04 08:00:00,110.0
2025-07-04 09:00:00,91.15
2025-07-04 10:00:00,76.14
2025-07-04 11:00:00,72.0
2025-07-04 12:00:00,75.0
2025-07-04 13:00:00,75.58
2025-07-04 14:00:00,75.88
2025-07-04 15:00:00,75.88
2025-07-04 16:00:00,76.14
2025-07-04 17:00:00,78.98
2025-07-04 18:00:00,90.19
2025-07-04 19:00:00,108.5
2025-07-04 20:00:00,113.85
2025-07-04 21:00:00,139.26
2025-07-04 22:00:00,138.03
2025-07-04 23:00:00,122.72
2025-07-05 00:00:00,131.56
2025-07-05 01:00:00,118.8
2025-07-05 02:00:00,110.0
2025-07-05 03:00:00,107.02
2025-07-05 04:00:00,107.0
2025-07-05 05:00:00,106.69
2025-07-05 06:00:00,109.42
2025-07-05 07:00:00,110.62
2025-07-05 08:00:00,100.0
2025-07-05 09:00:00,36.8
2025-07-05 10:00:00,5.76
2025-07-05 11:00:00,3.52
2025-07-05 12:00:00,4.31
2025-07-05 13:00:00,5.0
2025-07-05 14:00:00,5.0
2025-07-05 15:00:00,5.0
2025-07-05 16:00:00,5.0
2025-07-05 17:00:00,25.44
2025-07-05 18:00:00,41.25
2025-07-05 19:00:00,100.0
2025-07-05 20:00:00,112.8
2025-07-05 21:00:00,131.33
2025-07-05 22:00:00,134.0
2025-07-05 23:00:00,120.0
2025-07-06 00:00:00,112.17
2025-07-06 01:00:00,106.01
2025-07-06 02:00:00,103.6
2025-07-06 03:00:00,100.58
2025-07-06 04:00:00,100.1
2025-07-06 05:00:00,100.82
2025-07-06 06:00:00,101.3
2025-07-06 07:00:00,96.98
2025-07-06 08:00:00,52.0
2025-07-06 09:00:00,7.4
2025-07-06 10:00:00,2.0
2025-07-06 11:00:00,1.0
2025-07-06 12:00:00,0.85
2025-07-06 13:00:00,3.52
2025-07-06 14:00:00,2.99
2025-07-06 15:00:00,0.65
2025-07-06 16:00:00,0.65
2025-07-06 17:00:00,0.65
2025-07-06 18:00:00,4.31
2025-07-06 19:00:00,31.53
2025-07-06 20:00:00,90.0
2025-07-06 21:00:00,108.21
2025-07-06 22:00:00,110.62
2025-07-06 23:00:00,108.68
2025-07-07 00:00:00,106.65
2025-07-07 01:00:00,96.18
2025-07-07 02:00:00,92.25
2025-07-07 03:00:00,89.01
2025-07-07 04:00:00,85.01
2025-07-07 05:00:00,95.0
2025-07-07 06:00:00,103.5
2025-07-07 07:00:00,106.65
2025-07-07 08:00:00,94.0
2025-07-07 09:00:00,57.5
2025-07-07 10:00:00,37.5
2025-07-07 11:00:00,18.01
2025-07-07 12:00:00,15.01
2025-07-07 13:00:00,6.0
2025-07-07 14:00:00,5.79
2025-07-07 15:00:00,5.0
2025-07-07 16:00:00,3.6
2025-07-07 17:00:00,4.31
2025-07-07 18:00:00,5.0
2025-07-07 19:00:00,37.39
2025-07-07 20:00:00,80.0
2025-07-07 21:00:00,105.75
2025-07-07 22:00:00,104.48
2025-07-07 23:00:00,95.1
2025-07-08 00:00:00,80.1
2025-07-08 01:00:00,62.4
2025-07-08 02:00:00,50.0
2025-07-08 03:00:00,35.1
2025-07-08 04:00:00,35.1
2025-07-08 05:00:00,30.1
2025-07-08 06:00:00,60.73
2025-07-08 07:00:00,74.99
2025-07-08 08:00:00,60.0
2025-07-08 09:00:00,18.01
2025-07-08 10:00:00,4.31
2025-07-08 11:00:00,1.72
2025-07-08 12:00:00,1.72
2025-07-08 13:00:00,2.99
2025-07-08 14:00:00,3.52
2025-07-08 15:00:00,3.52
2025-07-08 16:00:00,5.0
2025-07-08 17:00:00,17.1
2025-07-08 18:00:00,45.0
2025-07-08 19:00:00,60.39
2025-07-08 20:00:00,104.5
2025-07-08 21:00:00,110.69
2025-07-08 22:00:00,110.62
2025-07-08 23:00:00,106.06
2025-07-09 00:00:00,110.62
2025-07-09 01:00:00,104.01
2025-07-09 02:00:00,101.42
2025-07-09 03:00:00,103.32
2025-07-09 04:00:00,108.6
2025-07-09 05:00:00,110.37
2025-07-09 06:00:00,107.27
2025-07-09 07:00:00,111.82
2025-07-09 08:00:00,108.75
2025-07-09 09:00:00,99.5
2025-07-09 10:00:00,56.91
2025-07-09 11:00:00,40.0
2025-07-09 12:00:00,35.1
2025-07-09 13:00:00,36.2
2025-07-09 14:00:00,36.2
2025-07-09 15:00:00,37.55
2025-07-09 16:00:00,50.0
2025-07-09 17:00:00,73.55
2025-07-09 18:00:00,75.4
2025-07-09 19:00:00,110.41
2025-07-09 20:00:00,115.04
2025-07-09 21:00:00,155.75
2025-07-09 22:00:00,145.01
2025-07-09 23:00:00,120.0
2025-07-10 00:00:00,123.51
2025-07-10 01:00:00,115.5
2025-07-10 02:00:00,113.02
2025-07-10 03:00:00,112.38
2025-07-10 04:00:00,112.38
2025-07-10 05:00:00,113.53
2025-07-10 06:00:00,117.89
2025-07-10 07:00:00,123.51
2025-07-10 08:00:00,110.66
2025-07-10 09:00:00,108.1
2025-07-10 10:00:00,106.5
2025-07-10 11:00:00,90.01
2025-07-10 12:00:00,76.98
2025-07-10 13:00:00,75.57
2025-07-10 14:00:00,75.44
2025-07-10 15:00:00,75.0
2025-07-10 16:00:00,74.0
2025-07-10 17:00:00,76.73
2025-07-10 18:00:00,88.08
2025-07-10 19:00:00,103.99
2025-07-10 20:00:00,118.65
2025-07-10 21:00:00,153.75
2025-07-10 22:00:00,170.0
2025-07-10 23:00:00,132.0
2025-07-11 00:00:00,121.74
2025-07-11 01:00:00,115.46
2025-07-11 02:00:00,113.85
2025-07-11 03:00:00,112.73
2025-07-11 04:00:00,112.73
2025-07-11 05:00:00,113.33
2025-07-11 06:00:00,118.47
2025-07-11 07:00:00,125.0
2025-07-11 08:00:00,111.07
2025-07-11 09:00:00,105.34
2025-07-11 10:00:00,63.1
2025-07-11 11:00:00,76.75
2025-07-11 12:00:00,80.0
2025-07-11 13:00:00,74.01
2025-07-11 14:00:00,62.19
2025-07-11 15:00:00,59.9
2025-07-11 16:00:00,55.4
2025-07-11 17:00:00,61.98
2025-07-11 18:00:00,67.0
2025-07-11 19:00:00,100.0
2025-07-11 20:00:00,114.23
2025-07-11 21:00:00,125.67
2025-07-11 22:00:00,138.16
2025-07-11 23:00:00,130.0
2025-07-12 00:00:00,119.78
2025-07-12 01:00:00,116.62
2025-07-12 02:00:00,112.18
2025-07-12 03:00:00,107.53
2025-07-12 04:00:00,105.42
2025-07-12 05:00:00,103.79
2025-07-12 06:00:00,109.85
2025-07-12 07:00:00,118.99
2025-07-12 08:00:00,105.42
2025-07-12 09:00:00,72.95
2025-07-12 10:00:00,42.1
2025-07-12 11:00:00,19.0
2025-07-12 12:00:00,15.0
2025-07-12 13:00:00,5.76
2025-07-12 14:00:00,4.31
2025-07-12 15:00:00,0.85
2025-07-12 16:00:00,13.68
2025-07-12 17:00:00,35.0
2025-07-12 18:00:00,50.08
2025-07-12 19:00:00,75.4
2025-07-12 20:00:00,107.75
2025-07-12 21:00:00,125.67
2025-07-12 22:00:00,133.0
2025-07-12 23:00:00,121.74
2025-07-13 00:00:00,119.36
2025-07-13 01:00:00,117.06
2025-07-13 02:00:00,114.11
2025-07-13 03:00:00,113.99
2025-07-13 04:00:00,108.67
2025-07-13 05:00:00,104.64
2025-07-13 06:00:00,104.64
2025-07-13 07:00:00,90.0
2025-07-13 08:00:00,55.0
2025-07-13 09:00:00,22.5
2025-07-13 10:00:00,4.28
2025-07-13 11:00:00,0.05
2025-07-13 12:00:00,0.0
2025-07-13 13:00:00,0.0
2025-07-13 14:00:00,0.0
2025-07-13 15:00:00,0.0
2025-07-13 16:00:00,1.0
2025-07-13 17:00:00,5.79
2025-07-13 18:00:00,30.39
2025-07-13 19:00:00,70.1
2025-07-13 20:00:00,107.69
2025-07-13 21:00:00,124.5
2025-07-13 22:00:00,134.62
2025-07-13 23:00:00,121.74
2025-07-14 00:00:00,118.1
2025-07-14 01:00:00,112.45
2025-07-14 02:00:00,109.86
2025-07-14 03:00:00,109.23
2025-07-14 04:00:00,108.9
2025-07-14 05:00:00,110.1
2025-07-14 06:00:00,118.06
2025-07-14 07:00:00,122.72
2025-07-14 08:00:00,116.0
2025-07-14 09:00:00,75.19
2025-07-14 10:00:00,65.0
2025-07-14 11:00:00,33.72
2025-07-14 12:00:00,34.06
2025-07-14 13:00:00,38.8
2025-07-14 14:00:00,31.49
2025-07-14 15:00:00,18.21
2025-07-14 16:00:00,27.09
2025-07-14 17:00:00,47.5
2025-07-14 18:00:00,60.0
2025-07-14 19:00:00,77.76
2025-07-14 20:00:00,117.06
2025-07-14 21:00:00,126.64
2025-07-14 22:00:00,124.68
2025-07-14 23:00:00,118.26
2025-07-15 00:00:00,113.16
2025-07-15 01:00:00,109.48
2025-07-15 02:00:00,107.41
2025-07-15 03:00:00,107.22
2025-07-15 04:00:00,105.43
2025-07-15 05:00:00,107.38
2025-07-15 06:00:00,113.16
2025-07-15 07:00:00,118.81
2025-07-15 08:00:00,107.4
2025-07-15 09:00:00,72.97
2025-07-15 10:00:00,30.5
2025-07-15 11:00:00,39.87
2025-07-15 12:00:00,46.2
2025-07-15 13:00:00,45.0
2025-07-15 14:00:00,35.0
2025-07-15 15:00:00,29.95
2025-07-15 16:00:00,29.95
2025-07-15 17:00:00,49.0
2025-07-15 18:00:00,50.08
2025-07-15 19:00:00,72.84
2025-07-15 20:00:00,112.92
2025-07-15 21:00:00,135.87
2025-07-15 22:00:00,135.05
2025-07-15 23:00:00,120.05
2025-07-16 00:00:00,113.31
2025-07-16 01:00:00,107.85
2025-07-16 02:00:00,106.83
2025-07-16 03:00:00,106.83
2025-07-16 04:00:00,107.22
2025-07-16 05:00:00,110.68
2025-07-16 06:00:00,117.61
2025-07-16 07:00:00,125.67
2025-07-16 08:00:00,109.5
2025-07-16 09:00:00,89.0
2025-07-16 10:00:00,75.0
2025-07-16 11:00:00,70.1
2025-07-16 12:00:00,70.1
2025-07-16 13:00:00,70.1
2025-07-16 14:00:00,70.0
2025-07-16 15:00:00,69.84
2025-07-16 16:00:00,69.95
2025-07-16 17:00:00,70.1
2025-07-16 18:00:00,79.1
2025-07-16 19:00:00,109.62
2025-07-16 20:00:00,125.0
2025-07-16 21:00:00,175.49
2025-07-16 22:00:00,169.2
2025-07-16 23:00:00,129.36
2025-07-17 00:00:00,119.78
2025-07-17 01:00:00,115.13
2025-07-17 02:00:00,113.84
2025-07-17 03:00:00,108.62
2025-07-17 04:00:00,108.62
2025-07-17 05:00:00,113.46
2025-07-17 06:00:00,118.36
2025-07-17 07:00:00,125.0
2025-07-17 08:00:00,115.45
2025-07-17 09:00:00,104.27
2025-07-17 10:00:00,85.0
2025-07-17 11:00:00,77.07
2025-07-17 12:00:00,76.8
2025-07-17 13:00:00,76.68
2025-07-17 14:00:00,75.2
2025-07-17 15:00:00,73.0
2025-07-17 16:00:00,76.81
2025-07-17 17:00:00,84.36
2025-07-17 18:00:00,91.52
2025-07-17 19:00:00,108.66
2025-07-17 20:00:00,121.41
2025-07-17 21:00:00,128.67
2025-07-17 22:00:00,129.85
2025-07-17 23:00:00,120.76
2025-07-18 00:00:00,114.0
2025-07-18 01:00:00,107.61
2025-07-18 02:00:00,107.22
2025-07-18 03:00:00,105.9
2025-07-18 04:00:00,105.0
2025-07-18 05:00:00,107.17
2025-07-18 06:00:00,111.55
2025-07-18 07:00:00,115.14
2025-07-18 08:00:00,109.39
2025-07-18 09:00:00,90.64
2025-07-18 10:00:00,80.0
2025-07-18 11:00:00,81.58
2025-07-18 12:00:00,80.0
2025-07-18 13:00:00,73.02
2025-07-18 14:00:00,71.2
2025-07-18 15:00:00,72.68
2025-07-18 16:00:00,72.81
2025-07-18 17:00:00,72.8
2025-07-18 18:00:00,71.08
2025-07-18 19:00:00,72.8
2025-07-18 20:00:00,110.0
2025-07-18 21:00:00,119.39
2025-07-18 22:00:00,119.19
2025-07-18 23:00:00,111.65
2025-07-19 00:00:00,101.72
2025-07-19 01:00:00,98.25
2025-07-19 02:00:00,90.0
2025-07-19 03:00:00,84.99
2025-07-19 04:00:00,82.5
2025-07-19 05:00:00,83.74
2025-07-19 06:00:00,90.0
2025-07-19 07:00:00,79.3
2025-07-19 08:00:00,56.62
2025-07-19 09:00:00,9.83
2025-07-19 10:00:00,3.52
2025-07-19 11:00:00,0.65
2025-07-19 12:00:00,0.0
2025-07-19 13:00:00,0.0
2025-07-19 14:00:00,0.0
2025-07-19 15:00:00,0.0
2025-07-19 16:00:00,0.0
2025-07-19 17:00:00,0.65
2025-07-19 18:00:00,3.52
2025-07-19 19:00:00,42.32
2025-07-19 20:00:00,72.92
2025-07-19 21:00:00,100.28
2025-07-19 22:00:00,106.8
2025-07-19 23:00:00,96.25
2025-07-20 00:00:00,57.73
2025-07-20 01:00:00,45.0
2025-07-20 02:00:00,43.94
2025-07-20 03:00:00,43.81
2025-07-20 04:00:00,43.81
2025-07-20 05:00:00,43.81
2025-07-20 06:00:00,43.94
2025-07-20 07:00:00,38.3
2025-07-20 08:00:00,3.6
2025-07-20 09:00:00,0.65
2025-07-20 10:00:00,0.0
2025-07-20 11:00:00,0.0
2025-07-20 12:00:00,-0.01
2025-07-20 13:00:00,-0.01
2025-07-20 14:00:00,-0.01
2025-07-20 15:00:00,-0.66
2025-07-20 16:00:00,-1.01
2025-07-20 17:00:00,-0.62
2025-07-20 18:00:00,0.0
2025-07-20 19:00:00,3.6
2025-07-20 20:00:00,43.81
2025-07-20 21:00:00,75.3
2025-07-20 22:00:00,92.0
2025-07-20 23:00:00,76.26
2025-07-21 00:00:00,64.99
2025-07-21 01:00:00,51.48
2025-07-21 02:00:00,45.0
2025-07-21 03:00:00,40.0
2025-07-21 04:00:00,17.88
2025-07-21 05:00:00,50.0
2025-07-21 06:00:00,75.54
2025-07-21 07:00:00,107.88
2025-07-21 08:00:00,80.0
2025-07-21 09:00:00,40.0
2025-07-21 10:00:00,5.11
2025-07-21 11:00:00,6.0
2025-07-21 12:00:00,15.23
2025-07-21 13:00:00,22.63
2025-07-21 14:00:00,17.22
2025-07-21 15:00:00,16.01
2025-07-21 16:00:00,8.93
2025-07-21 17:00:00,30.17
2025-07-21 18:00:00,43.81
2025-07-21 19:00:00,75.11
2025-07-21 20:00:00,115.15
2025-07-21 21:00:00,169.2
2025-07-21 22:00:00,165.43
2025-07-21 23:00:00,119.78
2025-07-22 00:00:00,116.69
2025-07-22 01:00:00,112.66
2025-07-22 02:00:00,100.0
2025-07-22 03:00:00,100.62
2025-07-22 04:00:00,99.96
2025-07-22 05:00:00,107.4
2025-07-22 06:00:00,114.56
2025-07-22 07:00:00,120.76
2025-07-22 08:00:00,105.46
2025-07-22 09:00:00,69.57
2025-07-22 10:00:00,38.5
2025-07-22 11:00:00,35.01
2025-07-22 12:00:00,35.1
2025-07-22 13:00:00,35.1
2025-07-22 14:00:00,34.75
2025-07-22 15:00:00,31.25
2025-07-22 16:00:00,31.11
2025-07-22 17:00:00,35.01
2025-07-22 18:00:00,51.83
2025-07-22 19:00:00,86.66
2025-07-22 20:00:00,113.92
2025-07-22 21:00:00,138.83
2025-07-22 22:00:00,135.05
2025-07-22 23:00:00,115.39
2025-07-23 00:00:00,112.91
2025-07-23 01:00:00,106.53
2025-07-23 02:00:00,100.62
2025-07-23 03:00:00,100.5
2025-07-23 04:00:00,101.15
2025-07-23 05:00:00,101.0
2025-07-23 06:00:00,105.46
2025-07-23 07:00:00,113.91
2025-07-23 08:00:00,96.5
2025-07-23 09:00:00,83.31
2025-07-23 10:00:00,76.4
2025-07-23 11:00:00,68.64
2025-07-23 12:00:00,61.97
2025-07-23 13:00:00,51.89
2025-07-23 14:00:00,44.88
2025-07-23 15:00:00,46.0
2025-07-23 16:00:00,47.0
2025-07-23 17:00:00,51.76
2025-07-23 18:00:00,52.13
2025-07-23 19:00:00,75.92
2025-07-23 20:00:00,105.46
2025-07-23 21:00:00,112.0
2025-07-23 22:00:00,109.96
2025-07-23 23:00:00,100.39
2025-07-24 00:00:00,95.0
2025-07-24 01:00:00,85.0
2025-07-24 02:00:00,81.88
2025-07-24 03:00:00,71.79
2025-07-24 04:00:00,63.27
2025-07-24 05:00:00,80.9
2025-07-24 06:00:00,85.62
2025-07-24 07:00:00,90.44
2025-07-24 08:00:00,60.51
2025-07-24 09:00:00,35.5
2025-07-24 10:00:00,5.11
2025-07-24 11:00:00,3.52
2025-07-24 12:00:00,2.0
2025-07-24 13:00:00,3.52
2025-07-24 14:00:00,3.52
2025-07-24 15:00:00,1.72
2025-07-24 16:00:00,1.72
2025-07-24 17:00:00,1.72
2025-07-24 18:00:00,3.52
2025-07-24 19:00:00,29.97
2025-07-24 20:00:00,50.0
2025-07-24 21:00:00,90.92
2025-07-24 22:00:00,90.68
2025-07-24 23:00:00,71.05
2025-07-25 00:00:00,73.63
2025-07-25 01:00:00,65.95
2025-07-25 02:00:00,62.0
2025-07-25 03:00:00,58.99
2025-07-25 04:00:00,51.97
2025-07-25 05:00:00,63.43
2025-07-25 06:00:00,65.95
2025-07-25 07:00:00,76.0
2025-07-25 08:00:00,58.99
2025-07-25 09:00:00,12.75
2025-07-25 10:00:00,2.51
2025-07-25 11:00:00,0.65
2025-07-25 12:00:00,0.75
2025-07-25 13:00:00,0.85
2025-07-25 14:00:00,1.1
2025-07-25 15:00:00,0.65
2025-07-25 16:00:00,0.65
2025-07-25 17:00:00,0.65
2025-07-25 18:00:00,4.31
2025-07-25 19:00:00,30.85
2025-07-25 20:00:00,85.0
2025-07-25 21:00:00,104.72
2025-07-25 22:00:00,101.94
2025-07-25 23:00:00,79.99
2025-07-26 00:00:00,96.27
2025-07-26 01:00:00,77.16
2025-07-26 02:00:00,66.28
2025-07-26 03:00:00,56.84
2025-07-26 04:00:00,46.4
2025-07-26 05:00:00,50.74
2025-07-26 06:00:00,57.33
2025-07-26 07:00:00,55.01
2025-07-26 08:00:00,41.05
2025-07-26 09:00:00,3.6
2025-07-26 10:00:00,0.65
2025-07-26 11:00:00,0.09
2025-07-26 12:00:00,0.15
2025-07-26 13:00:00,0.09
2025-07-26 14:00:00,0.01
2025-07-26 15:00:00,0.0
2025-07-26 16:00:00,0.0
2025-07-26 17:00:00,0.0
2025-07-26 18:00:00,0.65
2025-07-26 19:00:00,23.99
2025-07-26 20:00:00,65.29
2025-07-26 21:00:00,92.57
2025-07-26 22:00:00,100.0
2025-07-26 23:00:00,90.66
2025-07-27 00:00:00,72.74
2025-07-27 01:00:00,62.67
2025-07-27 02:00:00,63.0
2025-07-27 03:00:00,62.94
2025-07-27 04:00:00,56.4
2025-07-27 05:00:00,56.16
2025-07-27 06:00:00,56.16
2025-07-27 07:00:00,50.0
2025-07-27 08:00:00,32.34
2025-07-27 09:00:00,3.52
2025-07-27 10:00:00,0.0
2025-07-27 11:00:00,-0.01
2025-07-27 12:00:00,-0.01
2025-07-27 13:00:00,-0.01
2025-07-27 14:00:00,-0.01
2025-07-27 15:00:00,-0.5
2025-07-27 16:00:00,-0.6
2025-07-27 17:00:00,-0.5
2025-07-27 18:00:00,0.0
2025-07-27 19:00:00,4.9
2025-07-27 20:00:00,40.0
2025-07-27 21:00:00,62.67
2025-07-27 22:00:00,88.64
2025-07-27 23:00:00,66.95
2025-07-28 00:00:00,62.29
2025-07-28 01:00:00,55.75
2025-07-28 02:00:00,50.0
2025-07-28 03:00:00,45.03
2025-07-28 04:00:00,42.49
2025-07-28 05:00:00,45.07
2025-07-28 06:00:00,50.0
2025-07-28 07:00:00,56.23
2025-07-28 08:00:00,63.71
2025-07-28 09:00:00,30.0
2025-07-28 10:00:00,5.79
2025-07-28 11:00:00,3.52
2025-07-28 12:00:00,1.21
2025-07-28 13:00:00,0.85
2025-07-28 14:00:00,0.85
2025-07-28 15:00:00,0.65
2025-07-28 16:00:00,0.65
2025-07-28 17:00:00,0.9
2025-07-28 18:00:00,3.52
2025-07-28 19:00:00,16.0
2025-07-28 20:00:00,60.0
2025-07-28 21:00:00,74.98
2025-07-28 22:00:00,88.54
2025-07-28 23:00:00,63.25
2025-07-29 00:00:00,50.68
2025-07-29 01:00:00,37.97
2025-07-29 02:00:00,34.78
2025-07-29 03:00:00,32.0
2025-07-29 04:00:00,30.28
2025-07-29 05:00:00,34.78
2025-07-29 06:00:00,45.0
2025-07-29 07:00:00,50.0
2025-07-29 08:00:00,49.45
2025-07-29 09:00:00,13.0
2025-07-29 10:00:00,3.52
2025-07-29 11:00:00,0.09
2025-07-29 12:00:00,0.15
2025-07-29 13:00:00,0.65
2025-07-29 14:00:00,0.65
2025-07-29 15:00:00,0.65
2025-07-29 16:00:00,0.65
2025-07-29 17:00:00,1.11
2025-07-29 18:00:00,8.0
2025-07-29 19:00:00,35.17
2025-07-29 20:00:00,57.58
2025-07-29 21:00:00,98.0
2025-07-29 22:00:00,103.27
2025-07-29 23:00:00,84.13
2025-07-30 00:00:00,66.7
2025-07-30 01:00:00,50.92
2025-07-30 02:00:00,43.75
2025-07-30 03:00:00,38.48
2025-07-30 04:00:00,32.55
2025-07-30 05:00:00,38.48
2025-07-30 06:00:00,45.51
2025-07-30 07:00:00,72.96
2025-07-30 08:00:00,57.38
2025-07-30 09:00:00,35.17
2025-07-30 10:00:00,9.07
2025-07-30 11:00:00,3.52
2025-07-30 12:00:00,4.31
2025-07-30 13:00:00,5.11
2025-07-30 14:00:00,5.79
2025-07-30 15:00:00,4.31
2025-07-30 16:00:00,5.0
2025-07-30 17:00:00,6.0
2025-07-30 18:00:00,30.5
2025-07-30 19:00:00,39.6
2025-07-30 20:00:00,77.99
2025-07-30 21:00:00,101.49
2025-07-30 22:00:00,104.36
2025-07-30 23:00:00,92.18
2025-07-31 00:00:00,90.0
2025-07-31 01:00:00,77.37
2025-07-31 02:00:00,71.07
2025-07-31 03:00:00,58.38
2025-07-31 04:00:00,57.75
2025-07-31 05:00:00,59.01
2025-07-31 06:00:00,81.96
2025-07-31 07:00:00,100.46
2025-07-31 08:00:00,91.55
2025-07-31 09:00:00,51.31
2025-07-31 10:00:00,30.5
2025-07-31 11:00:00,23.92
2025-07-31 12:00:00,29.01
2025-07-31 13:00:00,23.5
2025-07-31 14:00:00,25.26
2025-07-31 15:00:00,28.5
2025-07-31 16:00:00,30.0
2025-07-31 17:00:00,39.1
2025-07-31 18:00:00,54.92
2025-07-31 19:00:00,86.71
2025-07-31 20:00:00,107.99
2025-07-31 21:00:00,114.45
2025-07-31 22:00:00,110.27
2025-07-31 23:00:00,98.32
2025-08-01 00:00:00,102.22
2025-08-01 01:00:00,93.47
2025-08-01 02:00:00,81.0
2025-08-01 03:00:00,72.55
2025-08-01 04:00:00,63.98
2025-08-01 05:00:00,73.6
2025-08-01 06:00:00,83.14
2025-08-01 07:00:00,100.62
2025-08-01 08:00:00,100.0
2025-08-01 09:00:00,65.06
2025-08-01 10:00:00,45.81
2025-08-01 11:00:00,35.08
2025-08-01 12:00:00,31.87
2025-08-01 13:00:00,25.06
2025-08-01 14:00:00,20.01
2025-08-01 15:00:00,13.43
2025-08-01 16:00:00,17.42
2025-08-01 17:00:00,27.47
2025-08-01 18:00:00,44.8
2025-08-01 19:00:00,70.12
2025-08-01 20:00:00,87.34
2025-08-01 21:00:00,103.02
2025-08-01 22:00:00,102.52
2025-08-01 23:00:00,95.41
2025-08-02 00:00:00,97.8
2025-08-02 01:00:00,77.08
2025-08-02 02:00:00,65.27
2025-08-02 03:00:00,49.56
2025-08-02 04:00:00,43.33
2025-08-02 05:00:00,44.29
2025-08-02 06:00:00,51.08
2025-08-02 07:00:00,49.81
2025-08-02 08:00:00,37.33
2025-08-02 09:00:00,3.52
2025-08-02 10:00:00,1.06
2025-08-02 11:00:00,0.0
2025-08-02 12:00:00,0.0
2025-08-02 13:00:00,0.0
2025-08-02 14:00:00,0.0
2025-08-02 15:00:00,0.0
2025-08-02 16:00:00,0.0
2025-08-02 17:00:00,0.65
2025-08-02 18:00:00,3.52
2025-08-02 19:00:00,15.2
2025-08-02 20:00:00,74.53
2025-08-02 21:00:00,99.64
2025-08-02 22:00:00,99.64
2025-08-02 23:00:00,80.5
2025-08-03 00:00:00,80.4
2025-08-03 01:00:00,69.26
2025-08-03 02:00:00,42.96
2025-08-03 03:00:00,37.38
2025-08-03 04:00:00,30.02
2025-08-03 05:00:00,30.2
2025-08-03 06:00:00,32.03
2025-08-03 07:00:00,26.28
2025-08-03 08:00:00,6.16
2025-08-03 09:00:00,0.0
2025-08-03 10:00:00,-1.01
2025-08-03 11:00:00,-2.1
2025-08-03 12:00:00,-3.0
2025-08-03 13:00:00,-5.0
2025-08-03 14:00:00,-4.0
2025-08-03 15:00:00,-4.98
2025-08-03 16:00:00,-1.49
2025-08-03 17:00:00,-0.01
2025-08-03 18:00:00,0.01
2025-08-03 19:00:00,27.08
2025-08-03 20:00:00,78.2
2025-08-03 21:00:00,96.13
2025-08-03 22:00:00,97.4
2025-08-03 23:00:00,85.09
2025-08-04 00:00:00,80.99
2025-08-04 01:00:00,80.4
2025-08-04 02:00:00,80.0
2025-08-04 03:00:00,80.4
2025-08-04 04:00:00,85.27
2025-08-04 05:00:00,85.27
2025-08-04 06:00:00,95.67
2025-08-04 07:00:00,106.23
2025-08-04 08:00:00,97.81
2025-08-04 09:00:00,52.57
2025-08-04 10:00:00,30.0
2025-08-04 11:00:00,13.75
2025-08-04 12:00:00,6.76
2025-08-04 13:00:00,4.05
2025-08-04 14:00:00,3.52
2025-08-04 15:00:00,3.52
2025-08-04 16:00:00,5.79
2025-08-04 17:00:00,26.35
2025-08-04 18:00:00,38.94
2025-08-04 19:00:00,70.77
2025-08-04 20:00:00,103.25
2025-08-04 21:00:00,168.02
2025-08-04 22:00:00,138.8
2025-08-04 23:00:00,115.04
2025-08-05 00:00:00,140.7
2025-08-05 01:00:00,107.94
2025-08-05 02:00:00,95.4
2025-08-05 03:00:00,95.4
2025-08-05 04:00:00,94.5
2025-08-05 05:00:00,91.25
2025-08-05 06:00:00,101.42
2025-08-05 07:00:00,106.22
2025-08-05 08:00:00,80.0
2025-08-05 09:00:00,30.1
2025-08-05 10:00:00,5.0
2025-08-05 11:00:00,1.72
2025-08-05 12:00:00,0.8
2025-08-05 13:00:00,0.85
2025-08-05 14:00:00,1.0
2025-08-05 15:00:00,1.01
2025-08-05 16:00:00,1.72
2025-08-05 17:00:00,0.66
2025-08-05 18:00:00,3.0
2025-08-05 19:00:00,46.4
2025-08-05 20:00:00,83.4
2025-08-05 21:00:00,102.62
2025-08-05 22:00:00,98.36
2025-08-05 23:00:00,83.16
2025-08-06 00:00:00,80.97
2025-08-06 01:00:00,75.26
2025-08-06 02:00:00,80.0
2025-08-06 03:00:00,80.4
2025-08-06 04:00:00,85.72
2025-08-06 05:00:00,97.35
2025-08-06 06:00:00,94.0
2025-08-06 07:00:00,104.41
2025-08-06 08:00:00,97.35
2025-08-06 09:00:00,76.95
2025-08-06 10:00:00,51.0
2025-08-06 11:00:00,27.67
2025-08-06 12:00:00,28.4
2025-08-06 13:00:00,27.2
2025-08-06 14:00:00,27.2
2025-08-06 15:00:00,27.2
2025-08-06 16:00:00,28.8
2025-08-06 17:00:00,52.0
2025-08-06 18:00:00,80.32
2025-08-06 19:00:00,106.22
2025-08-06 20:00:00,114.64
2025-08-06 21:00:00,170.0
2025-08-06 22:00:00,150.01
2025-08-06 23:00:00,115.43
2025-08-07 00:00:00,116.95
2025-08-07 01:00:00,108.66
2025-08-07 02:00:00,105.0
2025-08-07 03:00:00,108.62
2025-08-07 04:00:00,107.96
2025-08-07 05:00:00,108.59
2025-08-07 06:00:00,114.7
2025-08-07 07:00:00,119.28
2025-08-07 08:00:00,119.22
2025-08-07 09:00:00,80.43
2025-08-07 10:00:00,50.0
2025-08-07 11:00:00,26.39
2025-08-07 12:00:00,26.39
2025-08-07 13:00:00,28.42
2025-08-07 14:00:00,27.2
2025-08-07 15:00:00,26.39
2025-08-07 16:00:00,27.2
2025-08-07 17:00:00,48.97
2025-08-07 18:00:00,70.0
2025-08-07 19:00:00,101.53
2025-08-07 20:00:00,115.42
2025-08-07 21:00:00,145.01
2025-08-07 22:00:00,125.16
2025-08-07 23:00:00,110.0
2025-08-08 00:00:00,106.54
2025-08-08 01:00:00,103.4
2025-08-08 02:00:00,104.4
2025-08-08 03:00:00,103.52
2025-08-08 04:00:00,102.39
2025-08-08 05:00:00,104.72
2025-08-08 06:00:00,105.68
2025-08-08 07:00:00,110.46
2025-08-08 08:00:00,104.72
2025-08-08 09:00:00,68.65
2025-08-08 10:00:00,41.13
2025-08-08 11:00:00,9.0
2025-08-08 12:00:00,5.0
2025-08-08 13:00:00,1.5
2025-08-08 14:00:00,1.5
2025-08-08 15:00:00,0.74
2025-08-08 16:00:00,10.49
2025-08-08 17:00:00,49.77
2025-08-08 18:00:00,68.62
2025-08-08 19:00:00,104.07
2025-08-08 20:00:00,109.9
2025-08-08 21:00:00,136.87
2025-08-08 22:00:00,115.97
2025-08-08 23:00:00,109.0
2025-08-09 00:00:00,105.43
2025-08-09 01:00:00,105.43
2025-08-09 02:00:00,105.43
2025-08-09 03:00:00,105.41
2025-08-09 04:00:00,104.72
2025-08-09 05:00:00,104.72
2025-08-09 06:00:00,110.7
2025-08-09 07:00:00,113.12
2025-08-09 08:00:00,102.07
2025-08-09 09:00:00,43.09
2025-08-09 10:00:00,0.85
2025-08-09 11:00:00,0.0
2025-08-09 12:00:00,-0.01
2025-08-09 13:00:00,0.0
2025-08-09 14:00:00,0.0
2025-08-09 15:00:00,-0.01
2025-08-09 16:00:00,0.0
2025-08-09 17:00:00,3.52
2025-08-09 18:00:00,28.61
2025-08-09 19:00:00,69.99
2025-08-09 20:00:00,94.0
2025-08-09 21:00:00,100.26
2025-08-09 22:00:00,96.64
2025-08-09 23:00:00,94.78
2025-08-10 00:00:00,104.72
2025-08-10 01:00:00,85.44
2025-08-10 02:00:00,79.0
2025-08-10 03:00:00,68.0
2025-08-10 04:00:00,85.0
2025-08-10 05:00:00,90.5
2025-08-10 06:00:00,96.44
2025-08-10 07:00:00,90.0
2025-08-10 08:00:00,49.9
2025-08-10 09:00:00,0.0
2025-08-10 10:00:00,-0.44
2025-08-10 11:00:00,-0.99
2025-08-10 12:00:00,-1.0
2025-08-10 13:00:00,-0.62
2025-08-10 14:00:00,-0.6
2025-08-10 15:00:00,-0.6
2025-08-10 16:00:00,-0.5
2025-08-10 17:00:00,1.72
2025-08-10 18:00:00,26.5
2025-08-10 19:00:00,80.5
2025-08-10 20:00:00,98.01
2025-08-10 21:00:00,130.0
2025-08-10 22:00:00,136.87
2025-08-10 23:00:00,112.98
2025-08-11 00:00:00,109.7
2025-08-11 01:00:00,100.43
2025-08-11 02:00:00,100.0
2025-08-11 03:00:00,99.89
2025-08-11 04:00:00,99.18
2025-08-11 05:00:00,99.89
2025-08-11 06:00:00,99.65
2025-08-11 07:00:00,105.43
2025-08-11 08:00:00,100.61
2025-08-11 09:00:00,63.6
2025-08-11 10:00:00,45.0
2025-08-11 11:00:00,22.51
2025-08-11 12:00:00,15.0
2025-08-11 13:00:00,15.0
2025-08-11 14:00:00,10.0
2025-08-11 15:00:00,9.0
2025-08-11 16:00:00,44.5
2025-08-11 17:00:00,57.97
2025-08-11 18:00:00,90.0
2025-08-11 19:00:00,111.24
2025-08-11 20:00:00,135.09
2025-08-11 21:00:00,144.41
2025-08-11 22:00:00,133.51
2025-08-11 23:00:00,110.91
2025-08-12 00:00:00,109.13
2025-08-12 01:00:00,99.94
2025-08-12 02:00:00,104.72
2025-08-12 03:00:00,104.38
2025-08-12 04:00:00,103.0
2025-08-12 05:00:00,104.38
2025-08-12 06:00:00,99.18
2025-08-12 07:00:00,109.7
2025-08-12 08:00:00,98.69
2025-08-12 09:00:00,96.13
2025-08-12 10:00:00,66.34
2025-08-12 11:00:00,40.94
2025-08-12 12:00:00,27.2
2025-08-12 13:00:00,26.28
2025-08-12 14:00:00,27.2
2025-08-12 15:00:00,35.05
2025-08-12 16:00:00,63.8
2025-08-12 17:00:00,85.82
2025-08-12 18:00:00,96.78
2025-08-12 19:00:00,121.86
2025-08-12 20:00:00,154.93
2025-08-12 21:00:00,140.81
2025-08-12 22:00:00,126.87
2025-08-12 23:00:00,109.7
2025-08-13 00:00:00,109.73
2025-08-13 01:00:00,110.7
2025-08-13 02:00:00,109.98
2025-08-13 03:00:00,105.55
2025-08-13 04:00:00,104.32
2025-08-13 05:00:00,104.32
2025-08-13 06:00:00,105.0
2025-08-13 07:00:00,121.17
2025-08-13 08:00:00,118.24
2025-08-13 09:00:00,94.1
2025-08-13 10:00:00,90.0
2025-08-13 11:00:00,71.0
2025-08-13 12:00:00,63.48
2025-08-13 13:00:00,60.0
2025-08-13 14:00:00,63.22
2025-08-13 15:00:00,70.9
2025-08-13 16:00:00,84.15
2025-08-13 17:00:00,93.1
2025-08-13 18:00:00,105.0
2025-08-13 19:00:00,107.23
2025-08-13 20:00:00,155.1
2025-08-13 21:00:00,153.0
2025-08-13 22:00:00,123.21
2025-08-13 23:00:00,106.27
2025-08-14 00:00:00,126.87
2025-08-14 01:00:00,115.7
2025-08-14 02:00:00,110.28
2025-08-14 03:00:00,105.27
2025-08-14 04:00:00,102.0
2025-08-14 05:00:00,101.12
2025-08-14 06:00:00,107.0
2025-08-14 07:00:00,109.65
2025-08-14 08:00:00,99.31
2025-08-14 09:00:00,90.92
2025-08-14 10:00:00,71.67
2025-08-14 11:00:00,67.4
2025-08-14 12:00:00,54.01
2025-08-14 13:00:00,40.91
2025-08-14 14:00:00,54.9
2025-08-14 15:00:00,69.43
2025-08-14 16:00:00,71.67
2025-08-14 17:00:00,80.0
2025-08-14 18:00:00,102.0
2025-08-14 19:00:00,115.78
2025-08-14 20:00:00,137.99
2025-08-14 21:00:00,149.02
2025-08-14 22:00:00,125.88
2025-08-14 23:00:00,111.92
2025-08-15 00:00:00,119.07
2025-08-15 01:00:00,105.3
2025-08-15 02:00:00,99.9
2025-08-15 03:00:00,96.22
2025-08-15 04:00:00,93.66
2025-08-15 05:00:00,91.16
2025-08-15 06:00:00,98.5
2025-08-15 07:00:00,97.52
2025-08-15 08:00:00,71.89
2025-08-15 09:00:00,43.97
2025-08-15 10:00:00,6.0
2025-08-15 11:00:00,3.0
2025-08-15 12:00:00,0.08
2025-08-15 13:00:00,0.0
2025-08-15 14:00:00,0.0
2025-08-15 15:00:00,1.72
2025-08-15 16:00:00,23.53
2025-08-15 17:00:00,33.23
2025-08-15 18:00:00,61.12
2025-08-15 19:00:00,100.82
2025-08-15 20:00:00,111.39
2025-08-15 21:00:00,144.75
2025-08-15 22:00:00,142.0
2025-08-15 23:00:00,117.63
2025-08-16 00:00:00,118.82
2025-08-16 01:00:00,114.32
2025-08-16 02:00:00,109.69
2025-08-16 03:00:00,105.0
2025-08-16 04:00:00,104.28
2025-08-16 05:00:00,105.35
2025-08-16 06:00:00,108.43
2025-08-16 07:00:00,111.19
2025-08-16 08:00:00,103.67
2025-08-16 09:00:00,60.93
2025-08-16 10:00:00,26.28
2025-08-16 11:00:00,3.8
2025-08-16 12:00:00,0.65
2025-08-16 13:00:00,0.65
2025-08-16 14:00:00,0.66
2025-08-16 15:00:00,1.1
2025-08-16 16:00:00,3.6
2025-08-16 17:00:00,21.52
2025-08-16 18:00:00,68.8
2025-08-16 19:00:00,100.0
2025-08-16 20:00:00,111.05
2025-08-16 21:00:00,144.0
2025-08-16 22:00:00,137.0
2025-08-16 23:00:00,117.65
2025-08-17 00:00:00,118.58
2025-08-17 01:00:00,113.12
2025-08-17 02:00:00,106.27
2025-08-17 03:00:00,104.59
2025-08-17 04:00:00,104.66
2025-08-17 05:00:00,105.01
2025-08-17 06:00:00,104.34
2025-08-17 07:00:00,96.99
2025-08-17 08:00:00,101.12
2025-08-17 09:00:00,27.2
2025-08-17 10:00:00,9.7
2025-08-17 11:00:00,0.65
2025-08-17 12:00:00,0.65
2025-08-17 13:00:00,0.65
2025-08-17 14:00:00,0.65
2025-08-17 15:00:00,0.65
2025-08-17 16:00:00,5.13
2025-08-17 17:00:00,16.72
2025-08-17 18:00:00,51.45
2025-08-17 19:00:00,94.03
2025-08-17 20:00:00,113.12
2025-08-17 21:00:00,124.65
2025-08-17 22:00:00,131.25
2025-08-17 23:00:00,117.67
2025-08-18 00:00:00,109.52
2025-08-18 01:00:00,105.54
2025-08-18 02:00:00,104.3
2025-08-18 03:00:00,103.1
2025-08-18 04:00:00,99.82
2025-08-18 05:00:00,101.12
2025-08-18 06:00:00,105.34
2025-08-18 07:00:00,106.54
2025-08-18 08:00:00,106.54
2025-08-18 09:00:00,104.56
2025-08-18 10:00:00,97.52
2025-08-18 11:00:00,75.59
2025-08-18 12:00:00,69.0
2025-08-18 13:00:00,69.0
2025-08-18 14:00:00,67.9
2025-08-18 15:00:00,60.0
2025-08-18 16:00:00,69.26
2025-08-18 17:00:00,84.53
2025-08-18 18:00:00,104.07
2025-08-18 19:00:00,115.06
2025-08-18 20:00:00,120.0
2025-08-18 21:00:00,120.76
2025-08-18 22:00:00,114.32
2025-08-18 23:00:00,106.84
2025-08-19 00:00:00,103.06
2025-08-19 01:00:00,101.12
2025-08-19 02:00:00,98.1
2025-08-19 03:00:00,92.41
2025-08-19 04:00:00,90.37
2025-08-19 05:00:00,91.4
2025-08-19 06:00:00,99.0
2025-08-19 07:00:00,102.82
2025-08-19 08:00:00,98.1
2025-08-19 09:00:00,88.57
2025-08-19 10:00:00,69.64
2025-08-19 11:00:00,43.23
2025-08-19 12:00:00,30.0
2025-08-19 13:00:00,29.14
2025-08-19 14:00:00,30.91
2025-08-19 15:00:00,40.54
2025-08-19 16:00:00,46.8
2025-08-19 17:00:00,48.7
2025-08-19 18:00:00,62.2
2025-08-19 19:00:00,88.97
2025-08-19 20:00:00,97.74
2025-08-19 21:00:00,106.85
2025-08-19 22:00:00,106.54
2025-08-19 23:00:00,99.0
2025-08-20 00:00:00,95.58
2025-08-20 01:00:00,88.03
2025-08-20 02:00:00,83.0
2025-08-20 03:00:00,81.0
2025-08-20 04:00:00,76.2
2025-08-20 05:00:00,82.0
2025-08-20 06:00:00,88.46
2025-08-20 07:00:00,96.54
2025-08-20 08:00:00,89.81
2025-08-20 09:00:00,71.55
2025-08-20 10:00:00,49.8
2025-08-20 11:00:00,49.9
2025-08-20 12:00:00,49.02
2025-08-20 13:00:00,35.0
2025-08-20 14:00:00,31.53
2025-08-20 15:00:00,27.2
2025-08-20 16:00:00,27.99
2025-08-20 17:00:00,37.0
2025-08-20 18:00:00,49.27
2025-08-20 19:00:00,69.27
2025-08-20 20:00:00,78.73
2025-08-20 21:00:00,100.07
2025-08-20 22:00:00,97.52
2025-08-20 23:00:00,84.98
2025-08-21 00:00:00,95.28
2025-08-21 01:00:00,88.88
2025-08-21 02:00:00,85.26
2025-08-21 03:00:00,83.68
2025-08-21 04:00:00,82.1
2025-08-21 05:00:00,84.0
2025-08-21 06:00:00,85.82
2025-08-21 07:00:00,101.12
2025-08-21 08:00:00,85.26
2025-08-21 09:00:00,50.2
2025-08-21 10:00:00,25.67
2025-08-21 11:00:00,10.0
2025-08-21 12:00:00,7.89
2025-08-21 13:00:00,5.11
2025-08-21 14:00:00,5.11
2025-08-21 15:00:00,3.52
2025-08-21 16:00:00,5.79
2025-08-21 17:00:00,6.0
2025-08-21 18:00:00,25.0
2025-08-21 19:00:00,50.0
2025-08-21 20:00:00,77.84
2025-08-21 21:00:00,83.26
2025-08-21 22:00:00,75.0
2025-08-21 23:00:00,71.6
2025-08-22 00:00:00,77.1
2025-08-22 01:00:00,72.0
2025-08-22 02:00:00,68.01
2025-08-22 03:00:00,65.2
2025-08-22 04:00:00,70.01
2025-08-22 05:00:00,69.81
2025-08-22 06:00:00,71.03
2025-08-22 07:00:00,78.06
2025-08-22 08:00:00,75.1
2025-08-22 09:00:00,49.67
2025-08-22 10:00:00,15.57
2025-08-22 11:00:00,5.11
2025-08-22 12:00:00,4.31
2025-08-22 13:00:00,5.79
2025-08-22 14:00:00,5.37
2025-08-22 15:00:00,5.01
2025-08-22 16:00:00,5.79
2025-08-22 17:00:00,20.0
2025-08-22 18:00:00,35.2
2025-08-22 19:00:00,84.56
2025-08-22 20:00:00,104.53
2025-08-22 21:00:00,103.49
2025-08-22 22:00:00,101.59
2025-08-22 23:00:00,94.37
2025-08-23 00:00:00,95.33
2025-08-23 01:00:00,89.32
2025-08-23 02:00:00,80.94
2025-08-23 03:00:00,78.21
2025-08-23 04:00:00,76.06
2025-08-23 05:00:00,79.1
2025-08-23 06:00:00,84.28
2025-08-23 07:00:00,86.42
2025-08-23 08:00:00,79.15
2025-08-23 09:00:00,55.02
2025-08-23 10:00:00,15.85
2025-08-23 11:00:00,3.46
2025-08-23 12:00:00,1.82
2025-08-23 13:00:00,0.75
2025-08-23 14:00:00,0.65
2025-08-23 15:00:00,3.52
2025-08-23 16:00:00,11.99
2025-08-23 17:00:00,38.38
2025-08-23 18:00:00,64.64
2025-08-23 19:00:00,106.96
2025-08-23 20:00:00,118.85
2025-08-23 21:00:00,130.87
2025-08-23 22:00:00,111.16
2025-08-23 23:00:00,108.96
2025-08-24 00:00:00,106.0
2025-08-24 01:00:00,101.12
2025-08-24 02:00:00,97.52
2025-08-24 03:00:00,94.24
2025-08-24 04:00:00,93.76
2025-08-24 05:00:00,94.0
2025-08-24 06:00:00,94.24
2025-08-24 07:00:00,95.96
2025-08-24 08:00:00,75.0
2025-08-24 09:00:00,25.0
2025-08-24 10:00:00,0.0
2025-08-24 11:00:00,-0.05
2025-08-24 12:00:00,-0.6
2025-08-24 13:00:00,-0.6
2025-08-24 14:00:00,-0.5
2025-08-24 15:00:00,-0.1
2025-08-24 16:00:00,0.0
2025-08-24 17:00:00,12.93
2025-08-24 18:00:00,61.15
2025-08-24 19:00:00,98.57
2025-08-24 20:00:00,114.99
2025-08-24 21:00:00,114.32
2025-08-24 22:00:00,111.92
2025-08-24 23:00:00,105.77
2025-08-25 00:00:00,111.92
2025-08-25 01:00:00,107.5
2025-08-25 02:00:00,104.99
2025-08-25 03:00:00,101.12
2025-08-25 04:00:00,98.35
2025-08-25 05:00:00,104.99
2025-08-25 06:00:00,108.73
2025-08-25 07:00:00,114.32
2025-08-25 08:00:00,114.32
2025-08-25 09:00:00,108.32
2025-08-25 10:00:00,89.51
2025-08-25 11:00:00,65.01
2025-08-25 12:00:00,55.2
2025-08-25 13:00:00,35.0
2025-08-25 14:00:00,26.17
2025-08-25 15:00:00,25.2
2025-08-25 16:00:00,56.43
2025-08-25 17:00:00,70.1
2025-08-25 18:00:00,97.43
2025-08-25 19:00:00,114.78
2025-08-25 20:00:00,125.95
2025-08-25 21:00:00,142.0
2025-08-25 22:00:00,123.11
2025-08-25 23:00:00,114.68
2025-08-26 00:00:00,106.76
2025-08-26 01:00:00,102.4
2025-08-26 02:00:00,99.99
2025-08-26 03:00:00,99.6
2025-08-26 04:00:00,100.78
2025-08-26 05:00:00,102.4
2025-08-26 06:00:00,109.52
2025-08-26 07:00:00,125.95
2025-08-26 08:00:00,112.79
2025-08-26 09:00:00,97.52
2025-08-26 10:00:00,70.0
2025-08-26 11:00:00,60.65
2025-08-26 12:00:00,41.25
2025-08-26 13:00:00,26.28
2025-08-26 14:00:00,38.05
2025-08-26 15:00:00,47.44
2025-08-26 16:00:00,60.0
2025-08-26 17:00:00,65.03
2025-08-26 18:00:00,76.1
2025-08-26 19:00:00,103.14
2025-08-26 20:00:00,117.0
2025-08-26 21:00:00,123.46
2025-08-26 22:00:00,113.12
2025-08-26 23:00:00,106.79
2025-08-27 00:00:00,109.1
2025-08-27 01:00:00,102.84
2025-08-27 02:00:00,101.12
2025-08-27 03:00:00,97.54
2025-08-27 04:00:00,93.05
2025-08-27 05:00:00,93.05
2025-08-27 06:00:00,102.84
2025-08-27 07:00:00,113.12
2025-08-27 08:00:00,113.64
2025-08-27 09:00:00,101.63
2025-08-27 10:00:00,85.21
2025-08-27 11:00:00,77.75
2025-08-27 12:00:00,63.65
2025-08-27 13:00:00,49.85
2025-08-27 14:00:00,50.62
2025-08-27 15:00:00,50.62
2025-08-27 16:00:00,51.14
2025-08-27 17:00:00,51.4
2025-08-27 18:00:00,64.9
2025-08-27 19:00:00,99.0
2025-08-27 20:00:00,109.1
2025-08-27 21:00:00,114.32
2025-08-27 22:00:00,113.63
2025-08-27 23:00:00,103.57
2025-08-28 00:00:00,97.15
2025-08-28 01:00:00,90.14
2025-08-28 02:00:00,86.07
2025-08-28 03:00:00,73.25
2025-08-28 04:00:00,69.4
2025-08-28 05:00:00,76.42
2025-08-28 06:00:00,83.38
2025-08-28 07:00:00,90.38
2025-08-28 08:00:00,90.38
2025-08-28 09:00:00,69.4
2025-08-28 10:00:00,17.35
2025-08-28 11:00:00,3.52
2025-08-28 12:00:00,1.72
2025-08-28 13:00:00,1.5
2025-08-28 14:00:00,0.65
2025-08-28 15:00:00,0.01
2025-08-28 16:00:00,0.65
2025-08-28 17:00:00,1.5
2025-08-28 18:00:00,5.11
2025-08-28 19:00:00,65.28
2025-08-28 20:00:00,90.0
2025-08-28 21:00:00,97.08
2025-08-28 22:00:00,93.77
2025-08-28 23:00:00,88.09
2025-08-29 00:00:00,82.7
2025-08-29 01:00:00,79.64
2025-08-29 02:00:00,72.2
2025-08-29 03:00:00,60.0
2025-08-29 04:00:00,54.43
2025-08-29 05:00:00,54.6
2025-08-29 06:00:00,75.01
2025-08-29 07:00:00,80.2
2025-08-29 08:00:00,70.09
2025-08-29 09:00:00,42.47
2025-08-29 10:00:00,5.0
2025-08-29 11:00:00,0.83
2025-08-29 12:00:00,0.65
2025-08-29 13:00:00,0.01
2025-08-29 14:00:00,0.0
2025-08-29 15:00:00,0.0
2025-08-29 16:00:00,0.0
2025-08-29 17:00:00,0.0
2025-08-29 18:00:00,3.52
2025-08-29 19:00:00,53.55
2025-08-29 20:00:00,81.8
2025-08-29 21:00:00,100.01
2025-08-29 22:00:00,95.14
2025-08-29 23:00:00,86.17
2025-08-30 00:00:00,91.56
2025-08-30 01:00:00,86.64
2025-08-30 02:00:00,87.56
2025-08-30 03:00:00,83.48
2025-08-30 04:00:00,80.88
2025-08-30 05:00:00,80.64
2025-08-30 06:00:00,85.06
2025-08-30 07:00:00,88.29
2025-08-30 08:00:00,77.0
2025-08-30 09:00:00,32.0
2025-08-30 10:00:00,9.5
2025-08-30 11:00:00,0.65
2025-08-30 12:00:00,0.0
2025-08-30 13:00:00,-0.01
2025-08-30 14:00:00,-0.01
2025-08-30 15:00:00,0.0
2025-08-30 16:00:00,0.0
2025-08-30 17:00:00,0.0
2025-08-30 18:00:00,8.16
2025-08-30 19:00:00,57.97
2025-08-30 20:00:00,89.93
2025-08-30 21:00:00,107.12
2025-08-30 22:00:00,101.12
2025-08-30 23:00:00,95.0
2025-08-31 00:00:00,81.06
2025-08-31 01:00:00,75.4
2025-08-31 02:00:00,70.5
2025-08-31 03:00:00,67.0
2025-08-31 04:00:00,70.12
2025-08-31 05:00:00,70.12
2025-08-31 06:00:00,70.12
2025-08-31 07:00:00,75.4
2025-08-31 08:00:00,45.0
2025-08-31 09:00:00,3.6
2025-08-31 10:00:00,0.0
2025-08-31 11:00:00,-0.01
2025-08-31 12:00:00,-0.08
2025-08-31 13:00:00,-0.95
2025-08-31 14:00:00,-0.6
2025-08-31 15:00:00,-0.62
2025-08-31 16:00:00,-0.98
2025-08-31 17:00:00,-0.27
2025-08-31 18:00:00,0.0
2025-08-31 19:00:00,3.52
2025-08-31 20:00:00,59.55
2025-08-31 21:00:00,73.88
2025-08-31 22:00:00,71.4
2025-08-31 23:00:00,62.0
2025-09-01 00:00:00,35.79
2025-09-01 01:00:00,18.07
2025-09-01 02:00:00,22.34
2025-09-01 03:00:00,17.64
2025-09-01 04:00:00,15.0
2025-09-01 05:00:00,25.21
2025-09-01 06:00:00,33.23
2025-09-01 07:00:00,53.18
2025-09-01 08:00:00,64.0
2025-09-01 09:00:00,35.79
2025-09-01 10:00:00,3.52
2025-09-01 11:00:00,0.0
2025-09-01 12:00:00,0.0
2025-09-01 13:00:00,0.0
2025-09-01 14:00:00,0.0
2025-09-01 15:00:00,0.0
2025-09-01 16:00:00,0.0
2025-09-01 17:00:00,0.0
2025-09-01 18:00:00,3.52
2025-09-01 19:00:00,55.0
2025-09-01 20:00:00,80.0
2025-09-01 21:00:00,100.01
2025-09-01 22:00:00,92.8
2025-09-01 23:00:00,80.0
2025-09-02 00:00:00,100.86
2025-09-02 01:00:00,95.0
2025-09-02 02:00:00,87.2
2025-09-02 03:00:00,81.88
2025-09-02 04:00:00,80.3
2025-09-02 05:00:00,80.3
2025-09-02 06:00:00,81.55
2025-09-02 07:00:00,95.15
2025-09-02 08:00:00,87.2
2025-09-02 09:00:00,39.0
2025-09-02 10:00:00,7.96
2025-09-02 11:00:00,1.2
2025-09-02 12:00:00,1.5
2025-09-02 13:00:00,0.65
2025-09-02 14:00:00,0.21
2025-09-02 15:00:00,1.5
2025-09-02 16:00:00,3.52
2025-09-02 17:00:00,14.0
2025-09-02 18:00:00,32.89
2025-09-02 19:00:00,84.0
2025-09-02 20:00:00,109.52
2025-09-02 21:00:00,160.0
2025-09-02 22:00:00,116.72
2025-09-02 23:00:00,104.22
2025-09-03 00:00:00,105.23
2025-09-03 01:00:00,95.0
2025-09-03 02:00:00,85.0
2025-09-03 03:00:00,80.5
2025-09-03 04:00:00,76.05
2025-09-03 05:00:00,76.05
2025-09-03 06:00:00,83.22
2025-09-03 07:00:00,93.0
2025-09-03 08:00:00,83.22
2025-09-03 09:00:00,17.5
2025-09-03 10:00:00,0.0
2025-09-03 11:00:00,-0.01
2025-09-03 12:00:00,-0.01
2025-09-03 13:00:00,-0.02
2025-09-03 14:00:00,-0.02
2025-09-03 15:00:00,-0.01
2025-09-03 16:00:00,-0.01
2025-09-03 17:00:00,0.0
2025-09-03 18:00:00,12.85
2025-09-03 19:00:00,70.0
2025-09-03 20:00:00,103.13
2025-09-03 21:00:00,133.45
2025-09-03 22:00:00,107.43
2025-09-03 23:00:00,100.86
2025-09-04 00:00:00,91.24
2025-09-04 01:00:00,85.0
2025-09-04 02:00:00,79.91
2025-09-04 03:00:00,72.27
2025-09-04 04:00:00,70.0
2025-09-04 05:00:00,70.7
2025-09-04 06:00:00,81.02
2025-09-04 07:00:00,103.55
2025-09-04 08:00:00,93.53
2025-09-04 09:00:00,50.0
2025-09-04 10:00:00,18.07
2025-09-04 11:00:00,5.79
2025-09-04 12:00:00,3.2
2025-09-04 13:00:00,1.72
2025-09-04 14:00:00,1.6
2025-09-04 15:00:00,1.55
2025-09-04 16:00:00,3.7
2025-09-04 17:00:00,7.01
2025-09-04 18:00:00,28.19
2025-09-04 19:00:00,66.04
2025-09-04 20:00:00,102.5
2025-09-04 21:00:00,112.99
2025-09-04 22:00:00,100.45
2025-09-04 23:00:00,85.5
2025-09-05 00:00:00,89.25
2025-09-05 01:00:00,79.02
2025-09-05 02:00:00,65.0
2025-09-05 03:00:00,60.0
2025-09-05 04:00:00,53.31
2025-09-05 05:00:00,60.0
2025-09-05 06:00:00,76.79
2025-09-05 07:00:00,89.99
2025-09-05 08:00:00,88.22
2025-09-05 09:00:00,79.1
2025-09-05 10:00:00,35.0
2025-09-05 11:00:00,10.0
2025-09-05 12:00:00,3.52
2025-09-05 13:00:00,3.52
2025-09-05 14:00:00,1.03
2025-09-05 15:00:00,0.65
2025-09-05 16:00:00,0.85
2025-09-05 17:00:00,3.52
2025-09-05 18:00:00,45.23
2025-09-05 19:00:00,89.25
2025-09-05 20:00:00,103.97
2025-09-05 21:00:00,107.1
2025-09-05 22:00:00,95.0
2025-09-05 23:00:00,88.38
2025-09-06 00:00:00,74.64
2025-09-06 01:00:00,58.78
2025-09-06 02:00:00,48.71
2025-09-06 03:00:00,39.9
2025-09-06 04:00:00,34.8
2025-09-06 05:00:00,33.46
2025-09-06 06:00:00,35.0
2025-09-06 07:00:00,42.0
2025-09-06 08:00:00,34.9
2025-09-06 09:00:00,15.23
2025-09-06 10:00:00,1.72
2025-09-06 11:00:00,0.0
2025-09-06 12:00:00,-0.02
2025-09-06 13:00:00,-0.86
2025-09-06 14:00:00,-0.99
2025-09-06 15:00:00,-0.16
2025-09-06 16:00:00,-0.02
2025-09-06 17:00:00,0.0
2025-09-06 18:00:00,0.0
2025-09-06 19:00:00,24.37
2025-09-06 20:00:00,42.0
2025-09-06 21:00:00,58.54
2025-09-06 22:00:00,55.44
2025-09-06 23:00:00,39.5
2025-09-07 00:00:00,23.0
2025-09-07 01:00:00,14.0
2025-09-07 02:00:00,25.15
2025-09-07 03:00:00,21.0
2025-09-07 04:00:00,18.32
2025-09-07 05:00:00,26.28
2025-09-07 06:00:00,14.0
2025-09-07 07:00:00,19.99
2025-09-07 08:00:00,26.5
2025-09-07 09:00:00,25.3
2025-09-07 10:00:00,4.96
2025-09-07 11:00:00,0.66
2025-09-07 12:00:00,0.0
2025-09-07 13:00:00,0.01
2025-09-07 14:00:00,0.16
2025-09-07 15:00:00,0.0
2025-09-07 16:00:00,0.65
2025-09-07 17:00:00,6.08
2025-09-07 18:00:00,47.5
2025-09-07 19:00:00,79.02
2025-09-07 20:00:00,98.21
2025-09-07 21:00:00,111.56
2025-09-07 22:00:00,104.9
2025-09-07 23:00:00,97.0
2025-09-08 00:00:00,104.5
2025-09-08 01:00:00,94.5
2025-09-08 02:00:00,91.54
2025-09-08 03:00:00,85.52
2025-09-08 04:00:00,80.94
2025-09-08 05:00:00,81.97
2025-09-08 06:00:00,92.02
2025-09-08 07:00:00,104.45
2025-09-08 08:00:00,108.36
2025-09-08 09:00:00,98.21
2025-09-08 10:00:00,85.83
2025-09-08 11:00:00,63.0
2025-09-08 12:00:00,52.01
2025-09-08 13:00:00,38.56
2025-09-08 14:00:00,27.2
2025-09-08 15:00:00,27.08
2025-09-08 16:00:00,27.2
2025-09-08 17:00:00,48.64
2025-09-08 18:00:00,73.08
2025-09-08 19:00:00,91.15
2025-09-08 20:00:00,98.21
2025-09-08 21:00:00,95.26
2025-09-08 22:00:00,90.51
2025-09-08 23:00:00,73.08
2025-09-09 00:00:00,63.33
2025-09-09 01:00:00,63.33
2025-09-09 02:00:00,61.51
2025-09-09 03:00:00,61.51
2025-09-09 04:00:00,61.51
2025-09-09 05:00:00,69.45
2025-09-09 06:00:00,83.09
2025-09-09 07:00:00,96.1
2025-09-09 08:00:00,96.44
2025-09-09 09:00:00,80.71
2025-09-09 10:00:00,54.93
2025-09-09 11:00:00,30.22
2025-09-09 12:00:00,26.0
2025-09-09 13:00:00,19.25
2025-09-09 14:00:00,17.19
2025-09-09 15:00:00,8.91
2025-09-09 16:00:00,16.57
2025-09-09 17:00:00,30.0
2025-09-09 18:00:00,56.0
2025-09-09 19:00:00,90.0
2025-09-09 20:00:00,111.37
2025-09-09 21:00:00,120.0
2025-09-09 22:00:00,110.0
2025-09-09 23:00:00,98.07
2025-09-10 00:00:00,89.94
2025-09-10 01:00:00,83.09
2025-09-10 02:00:00,83.09
2025-09-10 03:00:00,81.1
2025-09-10 04:00:00,72.99
2025-09-10 05:00:00,66.0
2025-09-10 06:00:00,77.5
2025-09-10 07:00:00,84.26
2025-09-10 08:00:00,75.99
2025-09-10 09:00:00,45.1
2025-09-10 10:00:00,8.0
2025-09-10 11:00:00,0.0
2025-09-10 12:00:00,0.0
2025-09-10 13:00:00,-0.01
2025-09-10 14:00:00,-0.01
2025-09-10 15:00:00,-0.01
2025-09-10 16:00:00,-0.01
2025-09-10 17:00:00,4.9
2025-09-10 18:00:00,23.09
2025-09-10 19:00:00,62.17
2025-09-10 20:00:00,96.0
2025-09-10 21:00:00,105.01
2025-09-10 22:00:00,96.26
2025-09-10 23:00:00,83.09
2025-09-11 00:00:00,85.0
2025-09-11 01:00:00,78.35
2025-09-11 02:00:00,67.3
2025-09-11 03:00:00,67.3
2025-09-11 04:00:00,70.0
2025-09-11 05:00:00,74.0
2025-09-11 06:00:00,78.84
2025-09-11 07:00:00,98.3
2025-09-11 08:00:00,88.07
2025-09-11 09:00:00,45.1
2025-09-11 10:00:00,0.03
2025-09-11 11:00:00,-0.01
2025-09-11 12:00:00,-0.01
2025-09-11 13:00:00,-0.01
2025-09-11 14:00:00,-0.01
2025-09-11 15:00:00,-0.01
2025-09-11 16:00:00,-0.01
2025-09-11 17:00:00,0.0
2025-09-11 18:00:00,7.05
2025-09-11 19:00:00,88.12
2025-09-11 20:00:00,106.3
2025-09-11 21:00:00,140.0
2025-09-11 22:00:00,111.82
2025-09-11 23:00:00,100.44
2025-09-12 00:00:00,105.0
2025-09-12 01:00:00,95.03
2025-09-12 02:00:00,93.8
2025-09-12 03:00:00,93.02
2025-09-12 04:00:00,93.02
2025-09-12 05:00:00,95.03
2025-09-12 06:00:00,105.98
2025-09-12 07:00:00,143.15
2025-09-12 08:00:00,115.35
2025-09-12 09:00:00,93.84
2025-09-12 10:00:00,60.97
2025-09-12 11:00:00,19.57
2025-09-12 12:00:00,4.5
2025-09-12 13:00:00,2.5
2025-09-12 14:00:00,1.5
2025-09-12 15:00:00,0.75
2025-09-12 16:00:00,3.52
2025-09-12 17:00:00,19.68
2025-09-12 18:00:00,46.8
2025-09-12 19:00:00,93.26
2025-09-12 20:00:00,123.45
2025-09-12 21:00:00,143.03
2025-09-12 22:00:00,105.01
2025-09-12 23:00:00,97.35
2025-09-13 00:00:00,102.3
2025-09-13 01:00:00,99.54
2025-09-13 02:00:00,97.96
2025-09-13 03:00:00,97.84
2025-09-13 04:00:00,96.68
2025-09-13 05:00:00,92.0
2025-09-13 06:00:00,94.98
2025-09-13 07:00:00,100.02
2025-09-13 08:00:00,99.78
2025-09-13 09:00:00,69.04
2025-09-13 10:00:00,9.62
2025-09-13 11:00:00,2.37
2025-09-13 12:00:00,0.0
2025-09-13 13:00:00,-0.01
2025-09-13 14:00:00,-0.01
2025-09-13 15:00:00,0.0
2025-09-13 16:00:00,0.0
2025-09-13 17:00:00,0.65
2025-09-13 18:00:00,14.0
2025-09-13 19:00:00,82.86
2025-09-13 20:00:00,100.13
2025-09-13 21:00:00,106.11
2025-09-13 22:00:00,99.3
2025-09-13 23:00:00,95.1
2025-09-14 00:00:00,75.0
2025-09-14 01:00:00,66.23
2025-09-14 02:00:00,65.29
2025-09-14 03:00:00,65.3
2025-09-14 04:00:00,65.81
2025-09-14 05:00:00,71.54
2025-09-14 06:00:00,71.54
2025-09-14 07:00:00,77.57
2025-09-14 08:00:00,66.23
2025-09-14 09:00:00,23.58
2025-09-14 10:00:00,5.01
2025-09-14 11:00:00,0.0
2025-09-14 12:00:00,0.0
2025-09-14 13:00:00,0.0
2025-09-14 14:00:00,-0.01
2025-09-14 15:00:00,0.0
2025-09-14 16:00:00,0.0
2025-09-14 17:00:00,1.1
2025-09-14 18:00:00,15.65
2025-09-14 19:00:00,67.3
2025-09-14 20:00:00,103.81
2025-09-14 21:00:00,126.13
2025-09-14 22:00:00,106.01
2025-09-14 23:00:00,99.84
2025-09-15 00:00:00,97.03
2025-09-15 01:00:00,94.95
2025-09-15 02:00:00,90.0
2025-09-15 03:00:00,89.0
2025-09-15 04:00:00,87.82
2025-09-15 05:00:00,94.17
2025-09-15 06:00:00,97.33
2025-09-15 07:00:00,120.83
2025-09-15 08:00:00,124.0
2025-09-15 09:00:00,84.2
2025-09-15 10:00:00,35.1
2025-09-15 11:00:00,7.63
2025-09-15 12:00:00,8.0
2025-09-15 13:00:00,4.5
2025-09-15 14:00:00,2.5
2025-09-15 15:00:00,3.52
2025-09-15 16:00:00,4.96
2025-09-15 17:00:00,16.0
2025-09-15 18:00:00,43.99
2025-09-15 19:00:00,94.17
2025-09-15 20:00:00,110.0
2025-09-15 21:00:00,110.96
2025-09-15 22:00:00,98.5
2025-09-15 23:00:00,85.97
2025-09-16 00:00:00,80.01
2025-09-16 01:00:00,77.99
2025-09-16 02:00:00,72.03
2025-09-16 03:00:00,73.35
2025-09-16 04:00:00,80.0
2025-09-16 05:00:00,84.2
2025-09-16 06:00:00,99.9
2025-09-16 07:00:00,111.87
2025-09-16 08:00:00,111.84
2025-09-16 09:00:00,93.89
2025-09-16 10:00:00,38.1
2025-09-16 11:00:00,15.2
2025-09-16 12:00:00,9.14
2025-09-16 13:00:00,9.14
2025-09-16 14:00:00,5.76
2025-09-16 15:00:00,3.52
2025-09-16 16:00:00,9.14
2025-09-16 17:00:00,38.14
2025-09-16 18:00:00,69.29
2025-09-16 19:00:00,109.03
2025-09-16 20:00:00,134.29
2025-09-16 21:00:00,198.95
2025-09-16 22:00:00,111.84
2025-09-16 23:00:00,104.5
2025-09-17 00:00:00,107.12
2025-09-17 01:00:00,104.78
2025-09-17 02:00:00,102.9
2025-09-17 03:00:00,99.91
2025-09-17 04:00:00,98.5
2025-09-17 05:00:00,102.0
2025-09-17 06:00:00,104.78
2025-09-17 07:00:00,118.56
2025-09-17 08:00:00,112.08
2025-09-17 09:00:00,95.05
2025-09-17 10:00:00,57.9
2025-09-17 11:00:00,37.6
2025-09-17 12:00:00,19.68
2025-09-17 13:00:00,19.57
2025-09-17 14:00:00,15.1
2025-09-17 15:00:00,16.4
2025-09-17 16:00:00,20.33
2025-09-17 17:00:00,50.0
2025-09-17 18:00:00,83.12
2025-09-17 19:00:00,111.76
2025-09-17 20:00:00,150.0
2025-09-17 21:00:00,215.0
2025-09-17 22:00:00,117.11
2025-09-17 23:00:00,104.99
2025-09-18 00:00:00,109.18
2025-09-18 01:00:00,105.26
2025-09-18 02:00:00,104.54
2025-09-18 03:00:00,104.78
2025-09-18 04:00:00,104.78
2025-09-18 05:00:00,105.26
2025-09-18 06:00:00,107.28
2025-09-18 07:00:00,126.55
2025-09-18 08:00:00,111.4
2025-09-18 09:00:00,104.26
2025-09-18 10:00:00,56.4
2025-09-18 11:00:00,60.0
2025-09-18 12:00:00,50.08
2025-09-18 13:00:00,50.0
2025-09-18 14:00:00,44.02
2025-09-18 15:00:00,44.0
2025-09-18 16:00:00,55.0
2025-09-18 17:00:00,66.3
2025-09-18 18:00:00,96.86
2025-09-18 19:00:00,124.7
2025-09-18 20:00:00,160.0
2025-09-18 21:00:00,200.0
2025-09-18 22:00:00,130.0
2025-09-18 23:00:00,107.65
2025-09-19 00:00:00,113.07
2025-09-19 01:00:00,110.91
2025-09-19 02:00:00,108.34
2025-09-19 03:00:00,108.26
2025-09-19 04:00:00,107.21
2025-09-19 05:00:00,108.26
2025-09-19 06:00:00,110.78
2025-09-19 07:00:00,120.42
2025-09-19 08:00:00,113.54
2025-09-19 09:00:00,106.68
2025-09-19 10:00:00,66.04
2025-09-19 11:00:00,52.14
2025-09-19 12:00:00,49.0
2025-09-19 13:00:00,45.1
2025-09-19 14:00:00,31.25
2025-09-19 15:00:00,32.61
2025-09-19 16:00:00,55.0
2025-09-19 17:00:00,65.87
2025-09-19 18:00:00,76.0
2025-09-19 19:00:00,108.14
2025-09-19 20:00:00,125.2
2025-09-19 21:00:00,125.0
2025-09-19 22:00:00,105.78
2025-09-19 23:00:00,104.68
2025-09-20 00:00:00,104.99
2025-09-20 01:00:00,99.89
2025-09-20 02:00:00,97.0
2025-09-20 03:00:00,93.8
2025-09-20 04:00:00,95.29
2025-09-20 05:00:00,95.15
2025-09-20 06:00:00,99.89
2025-09-20 07:00:00,101.0
2025-09-20 08:00:00,99.89
2025-09-20 09:00:00,65.6
2025-09-20 10:00:00,30.0
2025-09-20 11:00:00,3.94
2025-09-20 12:00:00,1.72
2025-09-20 13:00:00,0.65
2025-09-20 14:00:00,0.65
2025-09-20 15:00:00,0.65
2025-09-20 16:00:00,4.31
2025-09-20 17:00:00,15.43
2025-09-20 18:00:00,55.08
2025-09-20 19:00:00,93.56
2025-09-20 20:00:00,110.36
2025-09-20 21:00:00,110.91
2025-09-20 22:00:00,104.6
2025-09-20 23:00:00,101.0
2025-09-21 00:00:00,85.8
2025-09-21 01:00:00,82.85
2025-09-21 02:00:00,75.94
2025-09-21 03:00:00,79.0
2025-09-21 04:00:00,78.97
2025-09-21 05:00:00,75.35
2025-09-21 06:00:00,75.94
2025-09-21 07:00:00,85.0
2025-09-21 08:00:00,69.38
2025-09-21 09:00:00,26.2
2025-09-21 10:00:00,10.0
2025-09-21 11:00:00,0.65
2025-09-21 12:00:00,0.0
2025-09-21 13:00:00,0.0
2025-09-21 14:00:00,-0.01
2025-09-21 15:00:00,-0.5
2025-09-21 16:00:00,-0.62
2025-09-21 17:00:00,-0.01
2025-09-21 18:00:00,3.52
2025-09-21 19:00:00,43.16
2025-09-21 20:00:00,69.96
2025-09-21 21:00:00,61.4
2025-09-21 22:00:00,54.8
2025-09-21 23:00:00,38.09
2025-09-22 00:00:00,30.9
2025-09-22 01:00:00,30.9
2025-09-22 02:00:00,26.2
2025-09-22 03:00:00,26.2
2025-09-22 04:00:00,34.9
2025-09-22 05:00:00,30.14
2025-09-22 06:00:00,30.9
2025-09-22 07:00:00,60.6
2025-09-22 08:00:00,62.03
2025-09-22 09:00:00,29.35
2025-09-22 10:00:00,2.0
2025-09-22 11:00:00,0.0
2025-09-22 12:00:00,0.0
2025-09-22 13:00:00,-0.01
2025-09-22 14:00:00,-0.01
2025-09-22 15:00:00,-0.01
2025-09-22 16:00:00,-0.01
2025-09-22 17:00:00,0.0
2025-09-22 18:00:00,15.6
2025-09-22 19:00:00,67.99
2025-09-22 20:00:00,108.95
2025-09-22 21:00:00,109.38
2025-09-22 22:00:00,82.8
2025-09-22 23:00:00,80.0
2025-09-23 00:00:00,79.11
2025-09-23 01:00:00,61.0
2025-09-23 02:00:00,85.28
2025-09-23 03:00:00,76.95
2025-09-23 04:00:00,79.11
2025-09-23 05:00:00,83.7
2025-09-23 06:00:00,85.28
2025-09-23 07:00:00,86.56
2025-09-23 08:00:00,85.8
2025-09-23 09:00:00,39.9
2025-09-23 10:00:00,3.82
2025-09-23 11:00:00,0.65
2025-09-23 12:00:00,0.01
2025-09-23 13:00:00,0.0
2025-09-23 14:00:00,0.0
2025-09-23 15:00:00,0.0
2025-09-23 16:00:00,0.0
2025-09-23 17:00:00,2.2
2025-09-23 18:00:00,26.47
2025-09-23 19:00:00,86.32
2025-09-23 20:00:00,105.01
2025-09-23 21:00:00,98.5
2025-09-23 22:00:00,76.02
2025-09-23 23:00:00,75.84
2025-09-24 00:00:00,53.51
2025-09-24 01:00:00,39.8
2025-09-24 02:00:00,48.6
2025-09-24 03:00:00,42.0
2025-09-24 04:00:00,41.5
2025-09-24 05:00:00,48.6
2025-09-24 06:00:00,48.8
2025-09-24 07:00:00,66.96
2025-09-24 08:00:00,69.01
2025-09-24 09:00:00,57.91
2025-09-24 10:00:00,9.52
2025-09-24 11:00:00,1.07
2025-09-24 12:00:00,0.65
2025-09-24 13:00:00,1.55
2025-09-24 14:00:00,0.65
2025-09-24 15:00:00,0.01
2025-09-24 16:00:00,0.65
2025-09-24 17:00:00,20.1
2025-09-24 18:00:00,72.72
2025-09-24 19:00:00,95.0
2025-09-24 20:00:00,116.12
2025-09-24 21:00:00,105.77
2025-09-24 22:00:00,90.0
2025-09-24 23:00:00,83.08
2025-09-25 00:00:00,83.46
2025-09-25 01:00:00,75.94
2025-09-25 02:00:00,75.94
2025-09-25 03:00:00,76.46
2025-09-25 04:00:00,79.7
2025-09-25 05:00:00,77.0
2025-09-25 06:00:00,85.85
2025-09-25 07:00:00,112.7
2025-09-25 08:00:00,116.89
2025-09-25 09:00:00,88.57
2025-09-25 10:00:00,55.12
2025-09-25 11:00:00,30.2
2025-09-25 12:00:00,29.99
2025-09-25 13:00:00,25.93
2025-09-25 14:00:00,20.1
2025-09-25 15:00:00,22.74
2025-09-25 16:00:00,25.93
2025-09-25 17:00:00,53.13
2025-09-25 18:00:00,76.01
2025-09-25 19:00:00,114.11
2025-09-25 20:00:00,174.1
2025-09-25 21:00:00,175.01
2025-09-25 22:00:00,128.8
2025-09-25 23:00:00,101.9
2025-09-26 00:00:00,106.48
2025-09-26 01:00:00,104.52
2025-09-26 02:00:00,100.0
2025-09-26 03:00:00,98.71
2025-09-26 04:00:00,99.0
2025-09-26 05:00:00,104.52
2025-09-26 06:00:00,107.96
2025-09-26 07:00:00,123.37
2025-09-26 08:00:00,123.28
2025-09-26 09:00:00,108.8
2025-09-26 10:00:00,88.59
2025-09-26 11:00:00,34.99
2025-09-26 12:00:00,25.76
2025-09-26 13:00:00,29.2
2025-09-26 14:00:00,21.56
2025-09-26 15:00:00,47.06
2025-09-26 16:00:00,53.0
2025-09-26 17:00:00,59.28
2025-09-26 18:00:00,94.08
2025-09-26 19:00:00,123.6
2025-09-26 20:00:00,150.0
2025-09-26 21:00:00,160.0
2025-09-26 22:00:00,122.01
2025-09-26 23:00:00,113.92
2025-09-27 00:00:00,115.87
2025-09-27 01:00:00,108.83
2025-09-27 02:00:00,105.5
2025-09-27 03:00:00,109.0
2025-09-27 04:00:00,105.47
2025-09-27 05:00:00,98.0
2025-09-27 06:00:00,95.0
2025-09-27 07:00:00,103.5
2025-09-27 08:00:00,106.67
2025-09-27 09:00:00,82.66
2025-09-27 10:00:00,38.8
2025-09-27 11:00:00,20.25
2025-09-27 12:00:00,16.79
2025-09-27 13:00:00,12.91
2025-09-27 14:00:00,6.51
2025-09-27 15:00:00,6.0
2025-09-27 16:00:00,12.27
2025-09-27 17:00:00,29.2
2025-09-27 18:00:00,67.0
2025-09-27 19:00:00,92.56
2025-09-27 20:00:00,103.11
2025-09-27 21:00:00,100.04
2025-09-27 22:00:00,95.07
2025-09-27 23:00:00,91.84
2025-09-28 00:00:00,63.51
2025-09-28 01:00:00,60.86
2025-09-28 02:00:00,59.83
2025-09-28 03:00:00,58.3
2025-09-28 04:00:00,58.04
2025-09-28 05:00:00,58.04
2025-09-28 06:00:00,57.91
2025-09-28 07:00:00,58.87
2025-09-28 08:00:00,58.87
2025-09-28 09:00:00,57.91
2025-09-28 10:00:00,35.0
2025-09-28 11:00:00,29.16
2025-09-28 12:00:00,17.11
2025-09-28 13:00:00,8.53
2025-09-28 14:00:00,15.0
2025-09-28 15:00:00,16.79
2025-09-28 16:00:00,22.97
2025-09-28 17:00:00,37.34
2025-09-28 18:00:00,61.11
2025-09-28 19:00:00,70.98
2025-09-28 20:00:00,74.14
2025-09-28 21:00:00,61.0
2025-09-28 22:00:00,69.62
2025-09-28 23:00:00,60.16
2025-09-29 00:00:00,51.6
2025-09-29 01:00:00,47.7
2025-09-29 02:00:00,45.0
2025-09-29 03:00:00,32.0
2025-09-29 04:00:00,30.0
2025-09-29 05:00:00,32.5
2025-09-29 06:00:00,50.0
2025-09-29 07:00:00,74.4
2025-09-29 08:00:00,77.8
2025-09-29 09:00:00,73.08
2025-09-29 10:00:00,59.33
2025-09-29 11:00:00,40.14
2025-09-29 12:00:00,35.0
2025-09-29 13:00:00,28.3
2025-09-29 14:00:00,21.99
2025-09-29 15:00:00,27.94
2025-09-29 16:00:00,35.0
2025-09-29 17:00:00,52.0
2025-09-29 18:00:00,85.0
2025-09-29 19:00:00,101.13
2025-09-29 20:00:00,133.26
2025-09-29 21:00:00,105.68
2025-09-29 22:00:00,90.04
2025-09-29 23:00:00,88.6
2025-09-30 00:00:00,95.46
2025-09-30 01:00:00,88.25
2025-09-30 02:00:00,80.0
2025-09-30 03:00:00,76.43
2025-09-30 04:00:00,78.0
2025-09-30 05:00:00,80.0
2025-09-30 06:00:00,97.11
2025-09-30 07:00:00,105.68
2025-09-30 08:00:00,120.0
2025-09-30 09:00:00,93.97
2025-09-30 10:00:00,60.1
2025-09-30 11:00:00,31.0
2025-09-30 12:00:00,24.47
2025-09-30 13:00:00,21.9
2025-09-30 14:00:00,22.0
2025-09-30 15:00:00,29.08
2025-09-30 16:00:00,35.0
2025-09-30 17:00:00,54.94
2025-09-30 18:00:00,84.0
2025-09-30 19:00:00,117.0
2025-09-30 20:00:00,199.34
2025-09-30 21:00:00,172.11
2025-09-30 22:00:00,119.9
2025-09-30 23:00:00,101.5
2025-10-01 00:00:00,103.405
2025-10-01 01:00:00,105.6275
2025-10-01 02:00:00,101.5525
2025-10-01 03:00:00,97.625
2025-10-01 04:00:00,101.445
2025-10-01 05:00:00,101.59
2025-10-01 06:00:00,103.48
2025-10-01 07:00:00,113.4225
2025-10-01 08:00:00,123.285
2025-10-01 09:00:00,95.6875
2025-10-01 10:00:00,67.2625
2025-10-01 11:00:00,41.0275
2025-10-01 12:00:00,23.92
2025-10-01 13:00:00,16.275
2025-10-01 14:00:00,14.0225
2025-10-01 15:00:00,19.245
2025-10-01 16:00:00,36.9725
2025-10-01 17:00:00,53.1925
2025-10-01 18:00:00,86.57249999999999
2025-10-01 19:00:00,125.0575
2025-10-01 20:00:00,217.89749999999998
2025-10-01 21:00:00,129.4125
2025-10-01 22:00:00,108.47
2025-10-01 23:00:00,103.35249999999999
2025-10-02 00:00:00,104.3375
2025-10-02 01:00:00,99.995
2025-10-02 02:00:00,95.0
2025-10-02 03:00:00,97.07249999999999
2025-10-02 04:00:00,100.3225
2025-10-02 05:00:00,105.015
2025-10-02 06:00:00,105.4875
2025-10-02 07:00:00,121.42
2025-10-02 08:00:00,131.1475
2025-10-02 09:00:00,93.61500000000001
2025-10-02 10:00:00,59.115
2025-10-02 11:00:00,34.285
2025-10-02 12:00:00,22.1
2025-10-02 13:00:00,17.67
2025-10-02 14:00:00,16.4075
2025-10-02 15:00:00,16.5925
2025-10-02 16:00:00,31.895
2025-10-02 17:00:00,45.635000000000005
2025-10-02 18:00:00,80.18
2025-10-02 19:00:00,106.9175
2025-10-02 20:00:00,204.2575
2025-10-02 21:00:00,156.49
2025-10-02 22:00:00,118.78999999999999
2025-10-02 23:00:00,104.695
2025-10-03 00:00:00,116.67999999999999
2025-10-03 01:00:00,112.61
2025-10-03 02:00:00,105.5
2025-10-03 03:00:00,104.06
2025-10-03 04:00:00,104.04
2025-10-03 05:00:00,106.17999999999999
2025-10-03 06:00:00,110.6125
2025-10-03 07:00:00,124.445
2025-10-03 08:00:00,132.435
2025-10-03 09:00:00,115.5775
2025-10-03 10:00:00,69.8775
2025-10-03 11:00:00,49.695
2025-10-03 12:00:00,41.792500000000004
2025-10-03 13:00:00,39.1275
2025-10-03 14:00:00,39.1175
2025-10-03 15:00:00,38.2275
2025-10-03 16:00:00,44.1025
2025-10-03 17:00:00,58.387499999999996
2025-10-03 18:00:00,94.9125
2025-10-03 19:00:00,119.975
2025-10-03 20:00:00,138.7575
2025-10-03 21:00:00,134.4775
2025-10-03 22:00:00,120.8075
2025-10-03 23:00:00,116.495
2025-10-04 00:00:00,110.935
2025-10-04 01:00:00,102.91749999999999
2025-10-04 02:00:00,100.52499999999999
2025-10-04 03:00:00,95.75
2025-10-04 04:00:00,93.0125
2025-10-04 05:00:00,99.625
2025-10-04 06:00:00,94.375
2025-10-04 07:00:00,100.295
2025-10-04 08:00:00,92.3475
2025-10-04 09:00:00,40.365
2025-10-04 10:00:00,6.165
2025-10-04 11:00:00,0.11
2025-10-04 12:00:00,-0.0075
2025-10-04 13:00:00,-0.015000000000000001
2025-10-04 14:00:00,-0.015
2025-10-04 15:00:00,-0.0075
2025-10-04 16:00:00,-0.0075
2025-10-04 17:00:00,0.1475
2025-10-04 18:00:00,10.805
2025-10-04 19:00:00,65.60749999999999
2025-10-04 20:00:00,74.35
2025-10-04 21:00:00,71.95
2025-10-04 22:00:00,68.26
2025-10-04 23:00:00,47.0275
2025-10-05 00:00:00,35.0175
2025-10-05 01:00:00,33.5125
2025-10-05 02:00:00,29.0475
2025-10-05 03:00:00,28.9325
2025-10-05 04:00:00,28.2
2025-10-05 05:00:00,28.2
2025-10-05 06:00:00,29.1925
2025-10-05 07:00:00,28.1025
2025-10-05 08:00:00,24.8475
2025-10-05 09:00:00,5.2725
2025-10-05 10:00:00,-0.005000000000000001
2025-10-05 11:00:00,-0.635
2025-10-05 12:00:00,-1.115
2025-10-05 13:00:00,-2.2225
2025-10-05 14:00:00,-2.4525
2025-10-05 15:00:00,-1.2125
2025-10-05 16:00:00,-0.63
2025-10-05 17:00:00,-0.115
2025-10-05 18:00:00,13.8675
2025-10-05 19:00:00,52.425
2025-10-05 20:00:00,70.34
2025-10-05 21:00:00,83.13250000000001
2025-10-05 22:00:00,60.489999999999995
2025-10-05 23:00:00,41.13
2025-10-06 00:00:00,45.075
2025-10-06 01:00:00,42.4175
2025-10-06 02:00:00,43.05
2025-10-06 03:00:00,45.230000000000004
2025-10-06 04:00:00,46.805
2025-10-06 05:00:00,55.81
2025-10-06 06:00:00,82.055
2025-10-06 07:00:00,112.85
2025-10-06 08:00:00,124.75999999999999
2025-10-06 09:00:00,108.4025
2025-10-06 10:00:00,70.7725
2025-10-06 11:00:00,46.9725
2025-10-06 12:00:00,44.435
2025-10-06 13:00:00,41.435
2025-10-06 14:00:00,36.31
2025-10-06 15:00:00,40.325
2025-10-06 16:00:00,43.7775
2025-10-06 17:00:00,68.61500000000001
2025-10-06 18:00:00,98.93
2025-10-06 19:00:00,137.6375
2025-10-06 20:00:00,163.34
2025-10-06 21:00:00,169.24
2025-10-06 22:00:00,125.735
2025-10-06 23:00:00,103.13
2025-10-07 00:00:00,110.335
2025-10-07 01:00:00,108.675
2025-10-07 02:00:00,107.245
2025-10-07 03:00:00,103.655
2025-10-07 04:00:00,103.3475
2025-10-07 05:00:00,102.93
2025-10-07 06:00:00,108.505
2025-10-07 07:00:00,121.0125
2025-10-07 08:00:00,132.315
2025-10-07 09:00:00,118.1
2025-10-07 10:00:00,75.89
2025-10-07 11:00:00,51.7625
2025-10-07 12:00:00,50.8775
2025-10-07 13:00:00,41.405
2025-10-07 14:00:00,37.34
2025-10-07 15:00:00,42.81
2025-10-07 16:00:00,54.95
2025-10-07 17:00:00,77.7175
2025-10-07 18:00:00,109.645
2025-10-07 19:00:00,150.0025
2025-10-07 20:00:00,168.35
2025-10-07 21:00:00,156.29250000000002
2025-10-07 22:00:00,119.7575
2025-10-07 23:00:00,114.78999999999999
2025-10-08 00:00:00,111.5575
2025-10-08 01:00:00,104.2475
2025-10-08 02:00:00,101.14500000000001
2025-10-08 03:00:00,99.7475
2025-10-08 04:00:00,100.0
2025-10-08 05:00:00,97.555
2025-10-08 06:00:00,105.235
2025-10-08 07:00:00,129.145
2025-10-08 08:00:00,154.26749999999998
2025-10-08 09:00:00,109.85249999999999
2025-10-08 10:00:00,98.0275
2025-10-08 11:00:00,79.7375
2025-10-08 12:00:00,76.19
2025-10-08 13:00:00,68.2
2025-10-08 14:00:00,63.224999999999994
2025-10-08 15:00:00,61.945
2025-10-08 16:00:00,55.5525
2025-10-08 17:00:00,76.5475
2025-10-08 18:00:00,91.03
2025-10-08 19:00:00,141.785
2025-10-08 20:00:00,139.05
2025-10-08 21:00:00,113.2675
2025-10-08 22:00:00,106.37
2025-10-08 23:00:00,96.8675
2025-10-09 00:00:00,92.36500000000001
2025-10-09 01:00:00,80.955
2025-10-09 02:00:00,78.945
2025-10-09 03:00:00,69.855
2025-10-09 04:00:00,65.58
2025-10-09 05:00:00,68.47
2025-10-09 06:00:00,85.7775
2025-10-09 07:00:00,101.8775
2025-10-09 08:00:00,111.275
2025-10-09 09:00:00,91.0575
2025-10-09 10:00:00,34.8975
2025-10-09 11:00:00,12.549999999999999
2025-10-09 12:00:00,5.2925
2025-10-09 13:00:00,9.425
2025-10-09 14:00:00,6.0
2025-10-09 15:00:00,5.98
2025-10-09 16:00:00,12.3275
2025-10-09 17:00:00,39.7825
2025-10-09 18:00:00,68.8725
2025-10-09 19:00:00,105.995
2025-10-09 20:00:00,114.45750000000001
2025-10-09 21:00:00,101.685
2025-10-09 22:00:00,95.0675
2025-10-09 23:00:00,92.7375
2025-10-10 00:00:00,89.0175
2025-10-10 01:00:00,85.015
2025-10-10 02:00:00,79.9925
2025-10-10 03:00:00,72.955
2025-10-10 04:00:00,69.7525
2025-10-10 05:00:00,78.87
2025-10-10 06:00:00,94.9825
2025-10-10 07:00:00,100.53999999999999
2025-10-10 08:00:00,107.235
2025-10-10 09:00:00,93.8375
2025-10-10 10:00:00,48.545
2025-10-10 11:00:00,42.92
2025-10-10 12:00:00,43.9075
2025-10-10 13:00:00,41.0775
2025-10-10 14:00:00,33.225
2025-10-10 15:00:00,45.71
2025-10-10 16:00:00,52.1875
2025-10-10 17:00:00,79.425
2025-10-10 18:00:00,96.125
2025-10-10 19:00:00,115.005
2025-10-10 20:00:00,117.4675
2025-10-10 21:00:00,108.0975
2025-10-10 22:00:00,103.4325
2025-10-10 23:00:00,101.95500000000001
2025-10-11 00:00:00,106.945
2025-10-11 01:00:00,105.45
2025-10-11 02:00:00,103.81
2025-10-11 03:00:00,101.0275
2025-10-11 04:00:00,100.3425
2025-10-11 05:00:00,101.885
2025-10-11 06:00:00,102.3525
2025-10-11 07:00:00,101.4125
2025-10-11 08:00:00,102.0925
2025-10-11 09:00:00,85.69
2025-10-11 10:00:00,53.8425
2025-10-11 11:00:00,18.25
2025-10-11 12:00:00,4.88
2025-10-11 13:00:00,4.4399999999999995
2025-10-11 14:00:00,3.84
2025-10-11 15:00:00,3.7175
2025-10-11 16:00:00,7.5125
2025-10-11 17:00:00,41.9825
2025-10-11 18:00:00,83.0625
2025-10-11 19:00:00,106.6
2025-10-11 20:00:00,108.25999999999999
2025-10-11 21:00:00,109.805
2025-10-11 22:00:00,106.99
2025-10-11 23:00:00,104.6525
2025-10-12 00:00:00,105.05499999999999
2025-10-12 01:00:00,101.8675
2025-10-12 02:00:00,81.275
2025-10-12 03:00:00,76.995
2025-10-12 04:00:00,77.5
2025-10-12 05:00:00,77.5
2025-10-12 06:00:00,77.1575
2025-10-12 07:00:00,81.475
2025-10-12 08:00:00,85.21
2025-10-12 09:00:00,65.575
2025-10-12 10:00:00,24.2275
2025-10-12 11:00:00,1.29
2025-10-12 12:00:00,0.65
2025-10-12 13:00:00,1.0375
2025-10-12 14:00:00,1.72
2025-10-12 15:00:00,1.495
2025-10-12 16:00:00,7.237500000000001
2025-10-12 17:00:00,34.417500000000004
2025-10-12 18:00:00,86.3225
2025-10-12 19:00:00,109.4025
2025-10-12 20:00:00,115.135
2025-10-12 21:00:00,115.11500000000001
2025-10-12 22:00:00,113.6425
2025-10-12 23:00:00,109.715
2025-10-13 00:00:00,101.0125
2025-10-13 01:00:00,92.1875
2025-10-13 02:00:00,83.88
2025-10-13 03:00:00,92.17
2025-10-13 04:00:00,95.07
2025-10-13 05:00:00,101.92750000000001
2025-10-13 06:00:00,105.92
2025-10-13 07:00:00,115.195
2025-10-13 08:00:00,127.4125
2025-10-13 09:00:00,120.55250000000001
2025-10-13 10:00:00,103.9425
2025-10-13 11:00:00,88.36
2025-10-13 12:00:00,77.2875
2025-10-13 13:00:00,70.4175
2025-10-13 14:00:00,68.6975
2025-10-13 15:00:00,63.715
2025-10-13 16:00:00,70.9125
2025-10-13 17:00:00,79.2625
2025-10-13 18:00:00,99.9125
2025-10-13 19:00:00,132.0775
2025-10-13 20:00:00,162.09
2025-10-13 21:00:00,160.4875
2025-10-13 22:00:00,129.25
2025-10-13 23:00:00,115.015
2025-10-14 00:00:00,116.2875
2025-10-14 01:00:00,109.2175
2025-10-14 02:00:00,107.06
2025-10-14 03:00:00,106.9325
2025-10-14 04:00:00,107.22
2025-10-14 05:00:00,108.4975
2025-10-14 06:00:00,115.5825
2025-10-14 07:00:00,126.6275
2025-10-14 08:00:00,155.8625
2025-10-14 09:00:00,122.5125
2025-10-14 10:00:00,105.425
2025-10-14 11:00:00,88.0375
2025-10-14 12:00:00,76.85499999999999
2025-10-14 13:00:00,66.7575
2025-10-14 14:00:00,63.495000000000005
2025-10-14 15:00:00,61.7175
2025-10-14 16:00:00,69.35249999999999
2025-10-14 17:00:00,86.94749999999999
2025-10-14 18:00:00,112.3275
2025-10-14 19:00:00,145.16
2025-10-14 20:00:00,160.20250000000001
2025-10-14 21:00:00,144.1925
2025-10-14 22:00:00,130.0725
2025-10-14 23:00:00,111.385
2025-10-15 00:00:00,116.03999999999999
2025-10-15 01:00:00,108.2575
2025-10-15 02:00:00,105.4525
2025-10-15 03:00:00,103.77
2025-10-15 04:00:00,103.77
2025-10-15 05:00:00,106.9625
2025-10-15 06:00:00,113.9025
2025-10-15 07:00:00,142.3975
2025-10-15 08:00:00,158.1725
2025-10-15 09:00:00,121.3875
2025-10-15 10:00:00,100.4375
2025-10-15 11:00:00,84.62
2025-10-15 12:00:00,73.02250000000001
2025-10-15 13:00:00,68.595
2025-10-15 14:00:00,66.75
2025-10-15 15:00:00,66.945
2025-10-15 16:00:00,76.05
2025-10-15 17:00:00,90.8725
2025-10-15 18:00:00,116.8825
2025-10-15 19:00:00,156.5225
2025-10-15 20:00:00,163.0675
2025-10-15 21:00:00,148.725
2025-10-15 22:00:00,120.25
2025-10-15 23:00:00,112.66749999999999
2025-10-16 00:00:00,117.3675
2025-10-16 01:00:00,109.6725
2025-10-16 02:00:00,106.095
2025-10-16 03:00:00,105.0
2025-10-16 04:00:00,104.975
2025-10-16 05:00:00,106.63
2025-10-16 06:00:00,114.8875
2025-10-16 07:00:00,128.1125
2025-10-16 08:00:00,152.885
2025-10-16 09:00:00,124.765
2025-10-16 10:00:00,107.52
2025-10-16 11:00:00,85.92
2025-10-16 12:00:00,77.7025
2025-10-16 13:00:00,73.21000000000001
2025-10-16 14:00:00,70.44
2025-10-16 15:00:00,71.675
2025-10-16 16:00:00,78.61
2025-10-16 17:00:00,94.6275
2025-10-16 18:00:00,119.33
2025-10-16 19:00:00,147.3075
2025-10-16 20:00:00,153.4725
2025-10-16 21:00:00,141.775
2025-10-16 22:00:00,129.8425
2025-10-16 23:00:00,115.22
2025-10-17 00:00:00,123.5325
2025-10-17 01:00:00,109.9875
2025-10-17 02:00:00,106.4975
2025-10-17 03:00:00,105.155
2025-10-17 04:00:00,105.05250000000001
2025-10-17 05:00:00,106.83
2025-10-17 06:00:00,116.3175
2025-10-17 07:00:00,137.275
2025-10-17 08:00:00,159.4
2025-10-17 09:00:00,129.76500000000001
2025-10-17 10:00:00,99.375
2025-10-17 11:00:00,84.4225
2025-10-17 12:00:00,76.575
2025-10-17 13:00:00,59.135
2025-10-17 14:00:00,48.39
2025-10-17 15:00:00,45.0
2025-10-17 16:00:00,57.7975
2025-10-17 17:00:00,94.705
2025-10-17 18:00:00,120.745
2025-10-17 19:00:00,138.1875
2025-10-17 20:00:00,157.6525
2025-10-17 21:00:00,147.755
2025-10-17 22:00:00,127.875
2025-10-17 23:00:00,122.215
2025-10-18 00:00:00,125.52250000000001
2025-10-18 01:00:00,112.895
2025-10-18 02:00:00,100.88
2025-10-18 03:00:00,101.35
2025-10-18 04:00:00,102.3425
2025-10-18 05:00:00,97.445
2025-10-18 06:00:00,103.8325
2025-10-18 07:00:00,114.89750000000001
2025-10-18 08:00:00,118.52250000000001
2025-10-18 09:00:00,104.9425
2025-10-18 10:00:00,75.3725
2025-10-18 11:00:00,29.27
2025-10-18 12:00:00,6.74
2025-10-18 13:00:00,4.4575
2025-10-18 14:00:00,2.235
2025-10-18 15:00:00,0.9075
2025-10-18 16:00:00,4.2025
2025-10-18 17:00:00,47.9675
2025-10-18 18:00:00,96.205
2025-10-18 19:00:00,117.9725
2025-10-18 20:00:00,128.645
2025-10-18 21:00:00,120.7325
2025-10-18 22:00:00,113.17
2025-10-18 23:00:00,109.16499999999999
2025-10-19 00:00:00,86.5425
2025-10-19 01:00:00,71.355
2025-10-19 02:00:00,56.265
2025-10-19 03:00:00,34.1325
2025-10-19 04:00:00,30.47
2025-10-19 05:00:00,29.5825
2025-10-19 06:00:00,29.745
2025-10-19 07:00:00,30.6175
2025-10-19 08:00:00,31.3525
2025-10-19 09:00:00,24.794999999999998
2025-10-19 10:00:00,5.88
2025-10-19 11:00:00,1.67
2025-10-19 12:00:00,0.0075
2025-10-19 13:00:00,0.0
2025-10-19 14:00:00,0.0
2025-10-19 15:00:00,0.0
2025-10-19 16:00:00,0.165
2025-10-19 17:00:00,3.4625
2025-10-19 18:00:00,36.2025
2025-10-19 19:00:00,66.645
2025-10-19 20:00:00,72.135
2025-10-19 21:00:00,70.855
2025-10-19 22:00:00,57.3775
2025-10-19 23:00:00,47.405
2025-10-20 00:00:00,45.8375
2025-10-20 01:00:00,28.4
2025-10-20 02:00:00,25.16
2025-10-20 03:00:00,26.19
2025-10-20 04:00:00,26.4525
2025-10-20 05:00:00,27.2875
2025-10-20 06:00:00,51.095
2025-10-20 07:00:00,75.32
2025-10-20 08:00:00,92.845
2025-10-20 09:00:00,84.1625
2025-10-20 10:00:00,38.4625
2025-10-20 11:00:00,14.102500000000001
2025-10-20 12:00:00,3.52
2025-10-20 13:00:00,2.79
2025-10-20 14:00:00,0.8025
2025-10-20 15:00:00,0.2825
2025-10-20 16:00:00,1.635
2025-10-20 17:00:00,11.7675
2025-10-20 18:00:00,40.1425
2025-10-20 19:00:00,79.05
2025-10-20 20:00:00,100.34
2025-10-20 21:00:00,92.895
2025-10-20 22:00:00,67.2625
2025-10-20 23:00:00,48.18
2025-10-21 00:00:00,35.9475
2025-10-21 01:00:00,23.7375
2025-10-21 02:00:00,13.0825
2025-10-21 03:00:00,11.0475
2025-10-21 04:00:00,13.98
2025-10-21 05:00:00,18.0425
2025-10-21 06:00:00,35.27
2025-10-21 07:00:00,62.965
2025-10-21 08:00:00,93.4075
2025-10-21 09:00:00,78.52
2025-10-21 10:00:00,41.4925
2025-10-21 11:00:00,19.1925
2025-10-21 12:00:00,5.8549999999999995
2025-10-21 13:00:00,3.52
2025-10-21 14:00:00,3.2625
2025-10-21 15:00:00,1.84
2025-10-21 16:00:00,3.3925
2025-10-21 17:00:00,13.8775
2025-10-21 18:00:00,48.0275
2025-10-21 19:00:00,78.31
2025-10-21 20:00:00,101.185
2025-10-21 21:00:00,82.9675
2025-10-21 22:00:00,78.8175
2025-10-21 23:00:00,52.9525
2025-10-22 00:00:00,37.5975
2025-10-22 01:00:00,30.54
2025-10-22 02:00:00,27.62
2025-10-22 03:00:00,24.302500000000002
2025-10-22 04:00:00,24.28
2025-10-22 05:00:00,27.575
2025-10-22 06:00:00,43.05
2025-10-22 07:00:00,56.3225
2025-10-22 08:00:00,74.39
2025-10-22 09:00:00,45.485
2025-10-22 10:00:00,12.9825
2025-10-22 11:00:00,3.39
2025-10-22 12:00:00,1.0225
2025-10-22 13:00:00,0.3875
2025-10-22 14:00:00,0.030000000000000002
2025-10-22 15:00:00,0.01
2025-10-22 16:00:00,0.38
2025-10-22 17:00:00,3.4299999999999997
2025-10-22 18:00:00,31.195
2025-10-22 19:00:00,60.135
2025-10-22 20:00:00,66.61
2025-10-22 21:00:00,43.19
2025-10-22 22:00:00,26.26
2025-10-22 23:00:00,19.9975
2025-10-23 00:00:00,7.2175
2025-10-23 01:00:00,1.4575
2025-10-23 02:00:00,0.22
2025-10-23 03:00:00,0.0
2025-10-23 04:00:00,0.0
2025-10-23 05:00:00,0.0025
2025-10-23 06:00:00,2.6174999999999997
2025-10-23 07:00:00,16.490000000000002
2025-10-23 08:00:00,23.4875
2025-10-23 09:00:00,13.83
2025-10-23 10:00:00,1.4475
2025-10-23 11:00:00,0.17500000000000002
2025-10-23 12:00:00,0.0
2025-10-23 13:00:00,0.0
2025-10-23 14:00:00,-0.005
2025-10-23 15:00:00,-0.01
2025-10-23 16:00:00,-0.0025
2025-10-23 17:00:00,1.8025
2025-10-23 18:00:00,18.9725
2025-10-23 19:00:00,69.26
2025-10-23 20:00:00,112.965
2025-10-23 21:00:00,116.5375
2025-10-23 22:00:00,102.81
2025-10-23 23:00:00,76.985
2025-10-24 00:00:00,101.85249999999999
2025-10-24 01:00:00,92.505
2025-10-24 02:00:00,88.63
2025-10-24 03:00:00,87.6425
2025-10-24 04:00:00,87.8375
2025-10-24 05:00:00,90.73750000000001
2025-10-24 06:00:00,105.895
2025-10-24 07:00:00,134.6725
2025-10-24 08:00:00,160.6775
2025-10-24 09:00:00,133.3
2025-10-24 10:00:00,93.6925
2025-10-24 11:00:00,62.510000000000005
2025-10-24 12:00:00,46.2225
2025-10-24 13:00:00,28.895
2025-10-24 14:00:00,16.125
2025-10-24 15:00:00,15.872499999999999
2025-10-24 16:00:00,31.939999999999998
2025-10-24 17:00:00,65.32000000000001
2025-10-24 18:00:00,102.47749999999999
2025-10-24 19:00:00,126.58
2025-10-24 20:00:00,161.91750000000002
2025-10-24 21:00:00,149.925
2025-10-24 22:00:00,114.6925
2025-10-24 23:00:00,103.9625
2025-10-25 00:00:00,97.58500000000001
2025-10-25 01:00:00,93.0775
2025-10-25 02:00:00,87.7125
2025-10-25 03:00:00,84.465
2025-10-25 04:00:00,95.4
2025-10-25 05:00:00,96.3875
2025-10-25 06:00:00,99.5125
2025-10-25 07:00:00,108.1425
2025-10-25 08:00:00,117.41
2025-10-25 09:00:00,104.3775
2025-10-25 10:00:00,84.5025
2025-10-25 11:00:00,56.792500000000004
2025-10-25 12:00:00,35.707499999999996
2025-10-25 13:00:00,28.9625
2025-10-25 14:00:00,21.2675
2025-10-25 15:00:00,16.515
2025-10-25 16:00:00,18.06
2025-10-25 17:00:00,47.0425
2025-10-25 18:00:00,88.58500000000001
2025-10-25 19:00:00,113.12
2025-10-25 20:00:00,126.4875
2025-10-25 21:00:00,114.04249999999999
2025-10-25 22:00:00,106.7125
2025-10-25 23:00:00,99.775
2025-10-26 00:00:00,97.49000000000001
2025-10-26 01:00:00,87.4975
2025-10-26 02:00:00,63.1125
2025-10-26 03:00:00,57.35
2025-10-26 04:00:00,58.545
2025-10-26 05:00:00,57.5825
2025-10-26 06:00:00,56.2375
2025-10-26 07:00:00,52.015
2025-10-26 08:00:00,43.025
2025-10-26 09:00:00,36.5075
2025-10-26 10:00:00,14.76
2025-10-26 11:00:00,5.255
2025-10-26 12:00:00,2.255
2025-10-26 13:00:00,1.67
2025-10-26 14:00:00,2.42
2025-10-26 15:00:00,4.9775
2025-10-26 16:00:00,8.620000000000001
2025-10-26 17:00:00,19.6325
2025-10-26 18:00:00,48.1925
2025-10-26 19:00:00,82.965
2025-10-26 20:00:00,96.4175
2025-10-26 21:00:00,105.37
2025-10-26 22:00:00,97.8125
2025-10-26 23:00:00,92.505
2025-10-27 00:00:00,87.0
2025-10-27 01:00:00,77.41499999999999
2025-10-27 02:00:00,76.9325
2025-10-27 03:00:00,77.12
2025-10-27 04:00:00,79.6
2025-10-27 05:00:00,103.5
2025-10-27 06:00:00,110.4925
2025-10-27 07:00:00,152.675
2025-10-27 08:00:00,124.085
2025-10-27 09:00:00,85.1875
2025-10-27 10:00:00,51.0025
2025-10-27 11:00:00,26.32
2025-10-27 12:00:00,29.77
2025-10-27 13:00:00,21.7725
2025-10-27 14:00:00,20.025
2025-10-27 15:00:00,42.8025
2025-10-27 16:00:00,70.7625
2025-10-27 17:00:00,116.135
2025-10-27 18:00:00,138.4975
2025-10-27 19:00:00,145.26
2025-10-27 20:00:00,157.1325
2025-10-27 21:00:00,137.7
2025-10-27 22:00:00,114.7775
2025-10-27 23:00:00,107.425
2025-10-28 00:00:00,108.28
2025-10-28 01:00:00,105.7675
2025-10-28 02:00:00,105.495
2025-10-28 03:00:00,104.275
2025-10-28 04:00:00,104.2925
2025-10-28 05:00:00,99.62
2025-10-28 06:00:00,110.2125
2025-10-28 07:00:00,121.485
2025-10-28 08:00:00,111.8275
2025-10-28 09:00:00,100.4375
2025-10-28 10:00:00,75.1975
2025-10-28 11:00:00,62.025
2025-10-28 12:00:00,60.0
2025-10-28 13:00:00,63.5
2025-10-28 14:00:00,70.8075
2025-10-28 15:00:00,74.9675
2025-10-28 16:00:00,98.8575
2025-10-28 17:00:00,110.9175
2025-10-28 18:00:00,128.04250000000002
2025-10-28 19:00:00,130.1275
2025-10-28 20:00:00,142.2425
2025-10-28 21:00:00,130.04
2025-10-28 22:00:00,111.33250000000001
2025-10-28 23:00:00,106.69500000000001
2025-10-29 00:00:00,88.7675
2025-10-29 01:00:00,84.32000000000001
2025-10-29 02:00:00,80.025
2025-10-29 03:00:00,76.4975
2025-10-29 04:00:00,78.57
2025-10-29 05:00:00,82.34
2025-10-29 06:00:00,90.26
2025-10-29 07:00:00,108.3275
2025-10-29 08:00:00,111.7025
2025-10-29 09:00:00,102.515
2025-10-29 10:00:00,89.055
2025-10-29 11:00:00,83.135
2025-10-29 12:00:00,82.8175
2025-10-29 13:00:00,85.1175
2025-10-29 14:00:00,94.71000000000001
2025-10-29 15:00:00,103.015
2025-10-29 16:00:00,108.5075
2025-10-29 17:00:00,123.55
2025-10-29 18:00:00,137.3225
2025-10-29 19:00:00,152.38
2025-10-29 20:00:00,159.89000000000001
2025-10-29 21:00:00,147.6025
2025-10-29 22:00:00,125.9975
2025-10-29 23:00:00,111.245
2025-10-30 00:00:00,111.245
2025-10-30 01:00:00,111.245
2025-10-30 02:00:00,111.245
2025-10-30 03:00:00,111.245
2025-10-30 04:00:00,111.245
2025-10-30 05:00:00,111.245
2025-10-30 06:00:00,111.245
2025-10-30 07:00:00,111.245
2025-10-30 08:00:00,111.245
2025-10-30 09:00:00,111.245
2025-10-30 10:00:00,111.245
2025-10-30 11:00:00,111.245
2025-10-30 12:00:00,111.245
2025-10-30 13:00:00,111.245
2025-10-30 14:00:00,111.245
2025-10-30 15:00:00,111.245
2025-10-30 16:00:00,111.245
2025-10-30 17:00:00,111.245
2025-10-30 18:00:00,111.245
2025-10-30 19:00:00,111.245
2025-10-30 20:00:00,111.245
2025-10-30 21:00:00,111.245
2025-10-30 22:00:00,111.245
2025-10-30 23:00:00,111.245
2025-10-31 00:00:00,69.26
2025-10-31 01:00:00,54.355
2025-10-31 02:00:00,52.2675
2025-10-31 03:00:00,50.81
2025-10-31 04:00:00,50.4
2025-10-31 05:00:00,50.81
2025-10-31 06:00:00,67.4925
2025-10-31 07:00:00,77.44
2025-10-31 08:00:00,75.49000000000001
2025-10-31 09:00:00,58.8975
2025-10-31 10:00:00,34.0925
2025-10-31 11:00:00,18.1175
2025-10-31 12:00:00,17.072499999999998
2025-10-31 13:00:00,15.915
2025-10-31 14:00:00,15.7
2025-10-31 15:00:00,21.7475
2025-10-31 16:00:00,42.3025
2025-10-31 17:00:00,65.8175
2025-10-31 18:00:00,83.2325
2025-10-31 19:00:00,90.36
2025-10-31 20:00:00,93.74
2025-10-31 21:00:00,87.7975
2025-10-31 22:00:00,77.41499999999999
2025-10-31 23:00:00,68.485
2025-11-01 00:00:00,45.925
2025-11-01 01:00:00,24.4225
2025-11-01 02:00:00,22.485
2025-11-01 03:00:00,30.0
2025-11-01 04:00:00,30.0875
2025-11-01 05:00:00,33.86
2025-11-01 06:00:00,47.3
2025-11-01 07:00:00,51.9975
2025-11-01 08:00:00,50.395
2025-11-01 09:00:00,23.745
2025-11-01 10:00:00,18.299999999999997
2025-11-01 11:00:00,14.895
2025-11-01 12:00:00,10.775
2025-11-01 13:00:00,15.6475
2025-11-01 14:00:00,15.2125
2025-11-01 15:00:00,21.0075
2025-11-01 16:00:00,36.22
2025-11-01 17:00:00,56.655
2025-11-01 18:00:00,82.3975
2025-11-01 19:00:00,103.3775
2025-11-01 20:00:00,104.94
2025-11-01 21:00:00,100.42750000000001
2025-11-01 22:00:00,80.985
2025-11-01 23:00:00,72.865
2025-11-02 00:00:00,74.44
2025-11-02 01:00:00,53.8875
2025-11-02 02:00:00,31.2725
2025-11-02 03:00:00,16.705
2025-11-02 04:00:00,16.79
2025-11-02 05:00:00,17.792499999999997
2025-11-02 06:00:00,29.985
2025-11-02 07:00:00,37.2475
2025-11-02 08:00:00,23.835
2025-11-02 09:00:00,7.6875
2025-11-02 10:00:00,0.165
2025-11-02 11:00:00,0.0
2025-11-02 12:00:00,0.0
2025-11-02 13:00:00,0.0
2025-11-02 14:00:00,0.0
2025-11-02 15:00:00,0.0
2025-11-02 16:00:00,5.13
2025-11-02 17:00:00,38.6175
2025-11-02 18:00:00,80.49000000000001
2025-11-02 19:00:00,103.2025
2025-11-02 20:00:00,110.6225
2025-11-02 21:00:00,111.6275
2025-11-02 22:00:00,103.24000000000001
2025-11-02 23:00:00,97.63
2025-11-03 00:00:00,88.96
2025-11-03 01:00:00,83.8225
2025-11-03 02:00:00,82.995
2025-11-03 03:00:00,82.56
2025-11-03 04:00:00,82.815
2025-11-03 05:00:00,86.0075
2025-11-03 06:00:00,103.2075
2025-11-03 07:00:00,133.08499999999998
2025-11-03 08:00:00,113.73
2025-11-03 09:00:00,70.89
2025-11-03 10:00:00,34.14
2025-11-03 11:00:00,19.97
2025-11-03 12:00:00,16.49
2025-11-03 13:00:00,13.7225
2025-11-03 14:00:00,18.62
2025-11-03 15:00:00,33.647499999999994
2025-11-03 16:00:00,62.995000000000005
2025-11-03 17:00:00,110.37
2025-11-03 18:00:00,125.0325
2025-11-03 19:00:00,147.6025
2025-11-03 20:00:00,151.4225
2025-11-03 21:00:00,130.49
2025-11-03 22:00:00,102.2775
2025-11-03 23:00:00,91.845
2025-11-04 00:00:00,77.885
2025-11-04 01:00:00,68.3775
2025-11-04 02:00:00,67.3475
2025-11-04 03:00:00,56.370000000000005
2025-11-04 04:00:00,50.025
2025-11-04 05:00:00,55.4475
2025-11-04 06:00:00,66.2975
2025-11-04 07:00:00,79.0
2025-11-04 08:00:00,72.56
2025-11-04 09:00:00,33.1325
2025-11-04 10:00:00,13.655000000000001
2025-11-04 11:00:00,4.535
2025-11-04 12:00:00,3.7375
2025-11-04 13:00:00,3.52
2025-11-04 14:00:00,4.0875
2025-11-04 15:00:00,12.3025
2025-11-04 16:00:00,23.225
2025-11-04 17:00:00,57.3675
2025-11-04 18:00:00,77.47
2025-11-04 19:00:00,83.57249999999999
2025-11-04 20:00:00,82.6425
2025-11-04 21:00:00,78.115
2025-11-04 22:00:00,72.345
2025-11-04 23:00:00,43.525
2025-11-05 00:00:00,30.8875
2025-11-05 01:00:00,24.585
2025-11-05 02:00:00,17.21
2025-11-05 03:00:00,13.8725
2025-11-05 04:00:00,7.0
2025-11-05 05:00:00,13.885
2025-11-05 06:00:00,27.58
2025-11-05 07:00:00,33.9875
2025-11-05 08:00:00,34.07
2025-11-05 09:00:00,21.2825
2025-11-05 10:00:00,8.5575
2025-11-05 11:00:00,3.7175
2025-11-05 12:00:00,5.3225
2025-11-05 13:00:00,5.2625
2025-11-05 14:00:00,9.754999999999999
2025-11-05 15:00:00,16.7225
2025-11-05 16:00:00,26.66
2025-11-05 17:00:00,33.405
2025-11-05 18:00:00,46.22
2025-11-05 19:00:00,65.88
2025-11-05 20:00:00,70.5
2025-11-05 21:00:00,66.8
2025-11-05 22:00:00,47.9375
2025-11-05 23:00:00,34.975
2025-11-06 00:00:00,20.8425
2025-11-06 01:00:00,15.0875
2025-11-06 02:00:00,15.365
2025-11-06 03:00:00,11.6025
2025-11-06 04:00:00,7.8575
2025-11-06 05:00:00,16.322499999999998
2025-11-06 06:00:00,39.182500000000005
2025-11-06 07:00:00,69.91
2025-11-06 08:00:00,61.17
2025-11-06 09:00:00,14.9025
2025-11-06 10:00:00,3.52
2025-11-06 11:00:00,0.9550000000000001
2025-11-06 12:00:00,0.65
2025-11-06 13:00:00,0.8625
2025-11-06 14:00:00,1.505
2025-11-06 15:00:00,3.265
2025-11-06 16:00:00,18.1475
2025-11-06 17:00:00,75.47749999999999
2025-11-06 18:00:00,101.1625
2025-11-06 19:00:00,119.5825
2025-11-06 20:00:00,109.6175
2025-11-06 21:00:00,92.8375
2025-11-06 22:00:00,87.5575
2025-11-06 23:00:00,78.6675
2025-11-07 00:00:00,59.4625
2025-11-07 01:00:00,52.9075
2025-11-07 02:00:00,49.69
2025-11-07 03:00:00,37.7025
2025-11-07 04:00:00,33.755
2025-11-07 05:00:00,43.335
2025-11-07 06:00:00,62.985
2025-11-07 07:00:00,80.205
2025-11-07 08:00:00,91.3925
2025-11-07 09:00:00,71.8475
2025-11-07 10:00:00,57.597500000000004
2025-11-07 11:00:00,49.205
2025-11-07 12:00:00,48.75
2025-11-07 13:00:00,43.019999999999996
2025-11-07 14:00:00,50.0075
2025-11-07 15:00:00,59.8525
2025-11-07 16:00:00,79.44
2025-11-07 17:00:00,94.3
2025-11-07 18:00:00,107.0275
2025-11-07 19:00:00,107.57
2025-11-07 20:00:00,103.2075
2025-11-07 21:00:00,96.10249999999999
2025-11-07 22:00:00,85.6325
2025-11-07 23:00:00,72.2075
2025-11-08 00:00:00,67.58500000000001
2025-11-08 01:00:00,56.35
2025-11-08 02:00:00,50.98
2025-11-08 03:00:00,45.5275
2025-11-08 04:00:00,35.7125
2025-11-08 05:00:00,36.9875
2025-11-08 06:00:00,47.35
2025-11-08 07:00:00,50.9
2025-11-08 08:00:00,38.51
2025-11-08 09:00:00,4.4225
2025-11-08 10:00:00,0.0025
2025-11-08 11:00:00,-0.0075
2025-11-08 12:00:00,-0.26
2025-11-08 13:00:00,-0.01
2025-11-08 14:00:00,-0.01
2025-11-08 15:00:00,-0.005
2025-11-08 16:00:00,4.5425
2025-11-08 17:00:00,62.165
2025-11-08 18:00:00,87.325
2025-11-08 19:00:00,88.8375
2025-11-08 20:00:00,84.11
2025-11-08 21:00:00,78.2725
2025-11-08 22:00:00,75.815
2025-11-08 23:00:00,73.0125
2025-11-09 00:00:00,67.9175
2025-11-09 01:00:00,61.7775
2025-11-09 02:00:00,55.45
2025-11-09 03:00:00,53.3575
2025-11-09 04:00:00,53.120000000000005
2025-11-09 05:00:00,56.265
2025-11-09 06:00:00,67.6575
2025-11-09 07:00:00,74.32000000000001
2025-11-09 08:00:00,67.885
2025-11-09 09:00:00,40.4325
2025-11-09 10:00:00,2.67
2025-11-09 11:00:00,0.65
2025-11-09 12:00:00,0.675
2025-11-09 13:00:00,2.5775
2025-11-09 14:00:00,4.0525
2025-11-09 15:00:00,17.64
2025-11-09 16:00:00,56.825
2025-11-09 17:00:00,84.2925
2025-11-09 18:00:00,95.005
2025-11-09 19:00:00,105.5025
2025-11-09 20:00:00,112.9175
2025-11-09 21:00:00,115.1225
2025-11-09 22:00:00,104.005
2025-11-09 23:00:00,89.475
2025-11-10 00:00:00,89.33
2025-11-10 01:00:00,78.7025
2025-11-10 02:00:00,66.35249999999999
2025-11-10 03:00:00,59.925
2025-11-10 04:00:00,59.675
2025-11-10 05:00:00,66.865
2025-11-10 06:00:00,91.205
2025-11-10 07:00:00,110.06
2025-11-10 08:00:00,111.60249999999999
2025-11-10 09:00:00,72.655
2025-11-10 10:00:00,44.105000000000004
2025-11-10 11:00:00,35.6775
2025-11-10 12:00:00,37.72
2025-11-10 13:00:00,31.0
2025-11-10 14:00:00,32.78
2025-11-10 15:00:00,47.7675
2025-11-10 16:00:00,70.15
2025-11-10 17:00:00,110.4925
2025-11-10 18:00:00,131.57
2025-11-10 19:00:00,143.68
2025-11-10 20:00:00,136.88
2025-11-10 21:00:00,131.285
2025-11-10 22:00:00,107.02
2025-11-10 23:00:00,93.9725
2025-11-11 00:00:00,91.275
2025-11-11 01:00:00,88.64500000000001
2025-11-11 02:00:00,89.22
2025-11-11 03:00:00,88.95
2025-11-11 04:00:00,88.71000000000001
2025-11-11 05:00:00,88.435
2025-11-11 06:00:00,89.6575
2025-11-11 07:00:00,94.87
2025-11-11 08:00:00,93.4325
2025-11-11 09:00:00,50.9875
2025-11-11 10:00:00,13.0675
2025-11-11 11:00:00,10.7
2025-11-11 12:00:00,12.955
2025-11-11 13:00:00,8.665000000000001
2025-11-11 14:00:00,5.635
2025-11-11 15:00:00,12.815
2025-11-11 16:00:00,42.004999999999995
2025-11-11 17:00:00,79.66
2025-11-11 18:00:00,95.78
2025-11-11 19:00:00,102.475
2025-11-11 20:00:00,102.605
2025-11-11 21:00:00,96.1675
2025-11-11 22:00:00,87.89
2025-11-11 23:00:00,70.4575
2025-11-12 00:00:00,36.895
2025-11-12 01:00:00,18.7075
2025-11-12 02:00:00,15.7675
2025-11-12 03:00:00,12.2575
2025-11-12 04:00:00,9.21
2025-11-12 05:00:00,14.48
2025-11-12 06:00:00,37.5725
2025-11-12 07:00:00,52.36
2025-11-12 08:00:00,45.4575
2025-11-12 09:00:00,11.5925
2025-11-12 10:00:00,2.0875
2025-11-12 11:00:00,0.0025
2025-11-12 12:00:00,1.3375
2025-11-12 13:00:00,0.7875
2025-11-12 14:00:00,1.145
2025-11-12 15:00:00,3.2425
2025-11-12 16:00:00,16.1525
2025-11-12 17:00:00,46.42
2025-11-12 18:00:00,55.230000000000004
2025-11-12 19:00:00,63.5
2025-11-12 20:00:00,71.57
2025-11-12 21:00:00,65.66
2025-11-12 22:00:00,51.95
2025-11-12 23:00:00,33.355000000000004
2025-11-13 00:00:00,24.5175
2025-11-13 01:00:00,21.5575
2025-11-13 02:00:00,17.2625
2025-11-13 03:00:00,14.2325
2025-11-13 04:00:00,13.9
2025-11-13 05:00:00,17.0075
2025-11-13 06:00:00,30.185000000000002
2025-11-13 07:00:00,45.8675
2025-11-13 08:00:00,50.0
2025-11-13 09:00:00,43.03
2025-11-13 10:00:00,30.39
2025-11-13 11:00:00,21.697499999999998
2025-11-13 12:00:00,22.2625
2025-11-13 13:00:00,20.985
2025-11-13 14:00:00,21.8125
2025-11-13 15:00:00,30.1175
2025-11-13 16:00:00,38.845
2025-11-13 17:00:00,45.042500000000004
2025-11-13 18:00:00,53.96
2025-11-13 19:00:00,53.1225
2025-11-13 20:00:00,49.1875
2025-11-13 21:00:00,44.5325
2025-11-13 22:00:00,33.375
2025-11-13 23:00:00,22.705
2025-11-14 00:00:00,19.3975
2025-11-14 01:00:00,19.4425
2025-11-14 02:00:00,12.727500000000001
2025-11-14 03:00:00,8.925
2025-11-14 04:00:00,5.315
2025-11-14 05:00:00,11.365
2025-11-14 06:00:00,16.1875
2025-11-14 07:00:00,41.5625
2025-11-14 08:00:00,50.58
2025-11-14 09:00:00,34.665
2025-11-14 10:00:00,14.67
2025-11-14 11:00:00,18.939999999999998
2025-11-14 12:00:00,21.03
2025-11-14 13:00:00,17.0825
2025-11-14 14:00:00,20.807499999999997
2025-11-14 15:00:00,23.87
2025-11-14 16:00:00,29.400000000000002
2025-11-14 17:00:00,47.5525
2025-11-14 18:00:00,54.935
2025-11-14 19:00:00,57.9675
2025-11-14 20:00:00,54.9925
2025-11-14 21:00:00,49.364999999999995
2025-11-14 22:00:00,41.3775
2025-11-14 23:00:00,33.2825
2025-11-15 00:00:00,22.9875
2025-11-15 01:00:00,19.755000000000003
2025-11-15 02:00:00,17.6
2025-11-15 03:00:00,16.8825
2025-11-15 04:00:00,16.495
2025-11-15 05:00:00,17.1025
2025-11-15 06:00:00,19.6425
2025-11-15 07:00:00,21.3
2025-11-15 08:00:00,30.725
2025-11-15 09:00:00,28.855
2025-11-15 10:00:00,24.3175
2025-11-15 11:00:00,18.16
2025-11-15 12:00:00,23.0425
2025-11-15 13:00:00,24.595
2025-11-15 14:00:00,31.755
2025-11-15 15:00:00,36.0975
2025-11-15 16:00:00,40.74
2025-11-15 17:00:00,48.165
2025-11-15 18:00:00,65.0525
2025-11-15 19:00:00,58.6175
2025-11-15 20:00:00,48.275
2025-11-15 21:00:00,45.2525
2025-11-15 22:00:00,41.1775
2025-11-15 23:00:00,38.515
2025-11-16 00:00:00,35.315
2025-11-16 01:00:00,29.455
2025-11-16 02:00:00,25.7725
2025-11-16 03:00:00,23.5775
2025-11-16 04:00:00,22.9475
2025-11-16 05:00:00,23.0775
2025-11-16 06:00:00,24.09
2025-11-16 07:00:00,31.0775
2025-11-16 08:00:00,22.9725
2025-11-16 09:00:00,15.83
2025-11-16 10:00:00,3.0275
2025-11-16 11:00:00,0.245
2025-11-16 12:00:00,0.0
2025-11-16 13:00:00,0.0075
2025-11-16 14:00:00,0.2525
2025-11-16 15:00:00,3.6375
2025-11-16 16:00:00,20.065
2025-11-16 17:00:00,52.239999999999995
2025-11-16 18:00:00,72.6125
2025-11-16 19:00:00,82.44
2025-11-16 20:00:00,91.5875
2025-11-16 21:00:00,96.1325
2025-11-16 22:00:00,78.33
2025-11-16 23:00:00,64.6425
2025-11-17 00:00:00,77.53
2025-11-17 01:00:00,70.045
2025-11-17 02:00:00,66.235
2025-11-17 03:00:00,65.36
2025-11-17 04:00:00,65.91499999999999
2025-11-17 05:00:00,74.3425
2025-11-17 06:00:00,91.865
2025-11-17 07:00:00,125.675
2025-11-17 08:00:00,136.42249999999999
2025-11-17 09:00:00,82.4175
2025-11-17 10:00:00,66.8475
2025-11-17 11:00:00,57.185
2025-11-17 12:00:00,50.9475
2025-11-17 13:00:00,39.1
2025-11-17 14:00:00,37.620000000000005
2025-11-17 15:00:00,46.5075
2025-11-17 16:00:00,69.3575
2025-11-17 17:00:00,92.4925
2025-11-17 18:00:00,112.8175
2025-11-17 19:00:00,110.735
2025-11-17 20:00:00,103.73
2025-11-17 21:00:00,90.1875
2025-11-17 22:00:00,87.4675
2025-11-17 23:00:00,80.16
2025-11-18 00:00:00,78.99249999999999
2025-11-18 01:00:00,75.4425
2025-11-18 02:00:00,71.5275
2025-11-18 03:00:00,69.425
2025-11-18 04:00:00,68.7125
2025-11-18 05:00:00,68.8725
2025-11-18 06:00:00,90.4075
2025-11-18 07:00:00,103.0425
2025-11-18 08:00:00,103.5
2025-11-18 09:00:00,76.09
2025-11-18 10:00:00,42.0225
2025-11-18 11:00:00,13.9475
2025-11-18 12:00:00,9.055
2025-11-18 13:00:00,19.625
2025-11-18 14:00:00,25.645
2025-11-18 15:00:00,48.83
2025-11-18 16:00:00,82.72749999999999
2025-11-18 17:00:00,106.0625
2025-11-18 18:00:00,131.675
2025-11-18 19:00:00,133.0475
2025-11-18 20:00:00,134.3825
2025-11-18 21:00:00,134.4225
2025-11-18 22:00:00,112.6525
2025-11-18 23:00:00,97.7575
2025-11-19 00:00:00,119.36
2025-11-19 01:00:00,104.925
2025-11-19 02:00:00,97.005
2025-11-19 03:00:00,96.91
2025-11-19 04:00:00,95.58500000000001
2025-11-19 05:00:00,97.96
2025-11-19 06:00:00,113.2275
2025-11-19 07:00:00,114.14
2025-11-19 08:00:00,116.6225
2025-11-19 09:00:00,99.45
2025-11-19 10:00:00,92.105
2025-11-19 11:00:00,74.905
2025-11-19 12:00:00,70.9625
2025-11-19 13:00:00,66.99249999999999
2025-11-19 14:00:00,69.06
2025-11-19 15:00:00,82.22
2025-11-19 16:00:00,89.595
2025-11-19 17:00:00,114.2425
2025-11-19 18:00:00,120.0175
2025-11-19 19:00:00,124.0575
2025-11-19 20:00:00,129.2475
2025-11-19 21:00:00,114.5075
2025-11-19 22:00:00,104.155
2025-11-19 23:00:00,96.68
2025-11-20 00:00:00,83.53
2025-11-20 01:00:00,75.745
2025-11-20 02:00:00,74.1825
2025-11-20 03:00:00,72.415
2025-11-20 04:00:00,72.8725
2025-11-20 05:00:00,83.53999999999999
2025-11-20 06:00:00,94.7
2025-11-20 07:00:00,106.425
2025-11-20 08:00:00,117.2675
2025-11-20 09:00:00,91.05
2025-11-20 10:00:00,70.085
2025-11-20 11:00:00,62.7125
2025-11-20 12:00:00,56.1525
2025-11-20 13:00:00,46.345
2025-11-20 14:00:00,34.8775
2025-11-20 15:00:00,45.1125
2025-11-20 16:00:00,77.1875
2025-11-20 17:00:00,102.8775
2025-11-20 18:00:00,116.58
2025-11-20 19:00:00,124.385
2025-11-20 20:00:00,125.10249999999999
2025-11-20 21:00:00,105.72
2025-11-20 22:00:00,100.9625
2025-11-20 23:00:00,89.25
2025-11-21 00:00:00,73.175
2025-11-21 01:00:00,64.36
2025-11-21 02:00:00,62.3475
2025-11-21 03:00:00,58.585
2025-11-21 04:00:00,58.2775
2025-11-21 05:00:00,52.9775
2025-11-21 06:00:00,59.5
2025-11-21 07:00:00,71.935
2025-11-21 08:00:00,73.8575
2025-11-21 09:00:00,27.8275
2025-11-21 10:00:00,0.25
2025-11-21 11:00:00,0.2925
2025-11-21 12:00:00,0.75
2025-11-21 13:00:00,0.82
2025-11-21 14:00:00,1.935
2025-11-21 15:00:00,14.8325
2025-11-21 16:00:00,41.4625
2025-11-21 17:00:00,88.3
2025-11-21 18:00:00,113.375
2025-11-21 19:00:00,147.4275
2025-11-21 20:00:00,135.34
2025-11-21 21:00:00,104.3075
2025-11-21 22:00:00,99.185
2025-11-21 23:00:00,92.265
2025-11-22 00:00:00,89.52000000000001
2025-11-22 01:00:00,79.16
2025-11-22 02:00:00,75.44749999999999
2025-11-22 03:00:00,70.025
2025-11-22 04:00:00,67.22
2025-11-22 05:00:00,67.22
2025-11-22 06:00:00,74.47
2025-11-22 07:00:00,83.765
2025-11-22 08:00:00,76.9375
2025-11-22 09:00:00,34.6775
2025-11-22 10:00:00,2.1325
2025-11-22 11:00:00,0.5275
2025-11-22 12:00:00,0.65
2025-11-22 13:00:00,0.6525000000000001
2025-11-22 14:00:00,0.7925
2025-11-22 15:00:00,2.7800000000000002
2025-11-22 16:00:00,42.905
2025-11-22 17:00:00,90.25
2025-11-22 18:00:00,98.85249999999999
2025-11-22 19:00:00,102.83
2025-11-22 20:00:00,91.1325
2025-11-22 21:00:00,92.1725
2025-11-22 22:00:00,90.225
2025-11-22 23:00:00,83.325
2025-11-23 00:00:00,73.2775
2025-11-23 01:00:00,62.28
2025-11-23 02:00:00,41.865
2025-11-23 03:00:00,39.39
2025-11-23 04:00:00,34.625
2025-11-23 05:00:00,42.0925
2025-11-23 06:00:00,47.425
2025-11-23 07:00:00,64.20750000000001
2025-11-23 08:00:00,58.0625
2025-11-23 09:00:00,16.4425
2025-11-23 10:00:00,1.6375
2025-11-23 11:00:00,0.024999999999999998
2025-11-23 12:00:00,0.0
2025-11-23 13:00:00,0.0
2025-11-23 14:00:00,0.0
2025-11-23 15:00:00,0.2825
2025-11-23 16:00:00,14.0975
2025-11-23 17:00:00,58.8075
2025-11-23 18:00:00,68.755
2025-11-23 19:00:00,73.51
2025-11-23 20:00:00,79.15
2025-11-23 21:00:00,72.6475
2025-11-23 22:00:00,65.185
2025-11-23 23:00:00,43.255
2025-11-24 00:00:00,27.5975
2025-11-24 01:00:00,10.799999999999999
2025-11-24 02:00:00,3.91
2025-11-24 03:00:00,3.52
2025-11-24 04:00:00,3.52
2025-11-24 05:00:00,3.52
2025-11-24 06:00:00,15.934999999999999
2025-11-24 07:00:00,47.08
2025-11-24 08:00:00,61.28
2025-11-24 09:00:00,47.8825
2025-11-24 10:00:00,39.197500000000005
2025-11-24 11:00:00,31.4875
2025-11-24 12:00:00,28.125
2025-11-24 13:00:00,34.1725
2025-11-24 14:00:00,38.6725
2025-11-24 15:00:00,45.254999999999995
2025-11-24 16:00:00,55.785
2025-11-24 17:00:00,61.6825
2025-11-24 18:00:00,73.0625
2025-11-24 19:00:00,74.8225
2025-11-24 20:00:00,82.07
2025-11-24 21:00:00,77.74
2025-11-24 22:00:00,71.2675
2025-11-24 23:00:00,64.195
2025-11-25 00:00:00,42.915
2025-11-25 01:00:00,39.75
2025-11-25 02:00:00,29.8375
2025-11-25 03:00:00,21.505
2025-11-25 04:00:00,16.705
2025-11-25 05:00:00,31.825000000000003
2025-11-25 06:00:00,59.78
2025-11-25 07:00:00,77.68
2025-11-25 08:00:00,82.115
2025-11-25 09:00:00,58.04
2025-11-25 10:00:00,13.46
2025-11-25 11:00:00,3.24
2025-11-25 12:00:00,0.9625
2025-11-25 13:00:00,0.655
2025-11-25 14:00:00,0.655
2025-11-25 15:00:00,2.6875
2025-11-25 16:00:00,27.555
2025-11-25 17:00:00,89.125
2025-11-25 18:00:00,99.83
2025-11-25 19:00:00,102.1075
2025-11-25 20:00:00,96.2775
2025-11-25 21:00:00,90.3125
2025-11-25 22:00:00,88.595
2025-11-25 23:00:00,80.3775
2025-11-26 00:00:00,78.135
2025-11-26 01:00:00,68.97
2025-11-26 02:00:00,62.3775
2025-11-26 03:00:00,63.08
2025-11-26 04:00:00,61.99
2025-11-26 05:00:00,73.9125
2025-11-26 06:00:00,81.0475
2025-11-26 07:00:00,94.5425
2025-11-26 08:00:00,104.6675
2025-11-26 09:00:00,69.2
2025-11-26 10:00:00,33.7875
2025-11-26 11:00:00,5.3025
2025-11-26 12:00:00,3.58
2025-11-26 13:00:00,3.56
2025-11-26 14:00:00,4.05
2025-11-26 15:00:00,17.2175
2025-11-26 16:00:00,69.9575
2025-11-26 17:00:00,97.455
2025-11-26 18:00:00,120.42999999999999
2025-11-26 19:00:00,142.01
2025-11-26 20:00:00,124.83
2025-11-26 21:00:00,100.21
2025-11-26 22:00:00,91.89
2025-11-26 23:00:00,88.89
2025-11-27 00:00:00,88.89
2025-11-27 01:00:00,88.89
2025-11-27 02:00:00,88.89
2025-11-27 03:00:00,88.89
2025-11-27 04:00:00,88.89
2025-11-27 05:00:00,88.89
2025-11-27 06:00:00,88.89
2025-11-27 07:00:00,88.89
2025-11-27 08:00:00,88.89
2025-11-27 09:00:00,88.89
2025-11-27 10:00:00,88.89
2025-11-27 11:00:00,88.89
2025-11-27 12:00:00,88.89
2025-11-27 13:00:00,88.89
2025-11-27 14:00:00,88.89
2025-11-27 15:00:00,88.89
2025-11-27 16:00:00,88.89
2025-11-27 17:00:00,88.89
2025-11-27 18:00:00,88.89
2025-11-27 19:00:00,88.89
2025-11-27 20:00:00,88.89
2025-11-27 21:00:00,88.89
2025-11-27 22:00:00,88.89
2025-11-27 23:00:00,88.89
2025-11-28 00:00:00,91.6975
2025-11-28 01:00:00,87.075
2025-11-28 02:00:00,90.7075
2025-11-28 03:00:00,88.89250000000001
2025-11-28 04:00:00,88.795
2025-11-28 05:00:00,92.19
2025-11-28 06:00:00,97.47749999999999
2025-11-28 07:00:00,128.6575
2025-11-28 08:00:00,134.4175
2025-11-28 09:00:00,101.9725
2025-11-28 10:00:00,88.0375
2025-11-28 11:00:00,77.89
2025-11-28 12:00:00,77.3475
2025-11-28 13:00:00,71.75
2025-11-28 14:00:00,69.0475
2025-11-28 15:00:00,74.725
2025-11-28 16:00:00,87.035
2025-11-28 17:00:00,105.3925
2025-11-28 18:00:00,120.015
2025-11-28 19:00:00,128.1925
2025-11-28 20:00:00,143.065
2025-11-28 21:00:00,123.49
2025-11-28 22:00:00,102.5875
2025-11-28 23:00:00,99.035
2025-11-29 00:00:00,105.72
2025-11-29 01:00:00,99.525
2025-11-29 02:00:00,97.05499999999999
2025-11-29 03:00:00,94.375
2025-11-29 04:00:00,84.6425
2025-11-29 05:00:00,83.2575
2025-11-29 06:00:00,85.6
2025-11-29 07:00:00,91.91499999999999
2025-11-29 08:00:00,93.795
2025-11-29 09:00:00,80.555
2025-11-29 10:00:00,62.879999999999995
2025-11-29 11:00:00,50.0575
2025-11-29 12:00:00,50.5275
2025-11-29 13:00:00,44.394999999999996
2025-11-29 14:00:00,47.6375
2025-11-29 15:00:00,56.845
2025-11-29 16:00:00,72.33
2025-11-29 17:00:00,95.85
2025-11-29 18:00:00,97.78
2025-11-29 19:00:00,100.24249999999999
2025-11-29 20:00:00,100.55499999999999
2025-11-29 21:00:00,99.6075
2025-11-29 22:00:00,91.89500000000001
2025-11-29 23:00:00,86.58500000000001
2025-11-30 00:00:00,76.85249999999999
2025-11-30 01:00:00,70.755
2025-11-30 02:00:00,68.4975
2025-11-30 03:00:00,66.4025
2025-11-30 04:00:00,65.9575
2025-11-30 05:00:00,66.44749999999999
2025-11-30 06:00:00,65.205
2025-11-30 07:00:00,69.37
2025-11-30 08:00:00,73.84
2025-11-30 09:00:00,77.8275
2025-11-30 10:00:00,67.92
2025-11-30 11:00:00,56.155
2025-11-30 12:00:00,41.55
2025-11-30 13:00:00,48.8
2025-11-30 14:00:00,51.4875
2025-11-30 15:00:00,60.442499999999995
2025-11-30 16:00:00,80.35
2025-11-30 17:00:00,99.27250000000001
2025-11-30 18:00:00,105.3775
2025-11-30 19:00:00,106.8075
2025-11-30 20:00:00,101.4225
2025-11-30 21:00:00,95.9275
2025-11-30 22:00:00,93.6
2025-11-30 23:00:00,87.71000000000001
2025-12-01 00:00:00,87.02
2025-12-01 01:00:00,75.7825
2025-12-01 02:00:00,70.5
2025-12-01 03:00:00,70.155
2025-12-01 04:00:00,77.3125
2025-12-01 05:00:00,88.7375
2025-12-01 06:00:00,99.6725
2025-12-01 07:00:00,108.345
2025-12-01 08:00:00,113.505
2025-12-01 09:00:00,95.21000000000001
2025-12-01 10:00:00,75.1175
2025-12-01 11:00:00,68.2
2025-12-01 12:00:00,70.7975
2025-12-01 13:00:00,69.57249999999999
2025-12-01 14:00:00,69.8825
2025-12-01 15:00:00,73.375
2025-12-01 16:00:00,85.6525
2025-12-01 17:00:00,95.12
2025-12-01 18:00:00,104.87
2025-12-01 19:00:00,122.9575
2025-12-01 20:00:00,137.87
2025-12-01 21:00:00,138.245
2025-12-01 22:00:00,109.005
2025-12-01 23:00:00,95.7775
2025-12-02 00:00:00,79.025
2025-12-02 01:00:00,76.36
2025-12-02 02:00:00,72.22999999999999
2025-12-02 03:00:00,68.77250000000001
2025-12-02 04:00:00,67.955
2025-12-02 05:00:00,70.10249999999999
2025-12-02 06:00:00,80.995
2025-12-02 07:00:00,90.28999999999999
2025-12-02 08:00:00,95.4875
2025-12-02 09:00:00,91.41749999999999
2025-12-02 10:00:00,84.8925
2025-12-02 11:00:00,82.5125
2025-12-02 12:00:00,80.3
2025-12-02 13:00:00,73.9
2025-12-02 14:00:00,72.4175
2025-12-02 15:00:00,84.46000000000001
2025-12-02 16:00:00,87.6775
2025-12-02 17:00:00,111.4325
2025-12-02 18:00:00,125.88499999999999
2025-12-02 19:00:00,126.315
2025-12-02 20:00:00,120.3025
2025-12-02 21:00:00,103.155
2025-12-02 22:00:00,94.0275
2025-12-02 23:00:00,87.6775
2025-12-03 00:00:00,85.0475
2025-12-03 01:00:00,79.35749999999999
2025-12-03 02:00:00,74.5175
2025-12-03 03:00:00,68.15
2025-12-03 04:00:00,67.1425
2025-12-03 05:00:00,72.23
2025-12-03 06:00:00,77.9
2025-12-03 07:00:00,93.07
2025-12-03 08:00:00,99.84
2025-12-03 09:00:00,83.8775
2025-12-03 10:00:00,67.38
2025-12-03 11:00:00,38.1375
2025-12-03 12:00:00,20.6325
2025-12-03 13:00:00,15.442499999999999
2025-12-03 14:00:00,14.5875
2025-12-03 15:00:00,31.1125
2025-12-03 16:00:00,64.4725
2025-12-03 17:00:00,88.2875
2025-12-03 18:00:00,102.435
2025-12-03 19:00:00,99.2175
2025-12-03 20:00:00,96.8825
2025-12-03 21:00:00,88.75999999999999
2025-12-03 22:00:00,85.475
2025-12-03 23:00:00,76.045
2025-12-04 00:00:00,61.075
2025-12-04 01:00:00,55.945
2025-12-04 02:00:00,47.8
2025-12-04 03:00:00,43.04
2025-12-04 04:00:00,35.7
2025-12-04 05:00:00,46.4975
2025-12-04 06:00:00,61.5625
2025-12-04 07:00:00,77.215
2025-12-04 08:00:00,84.46000000000001
2025-12-04 09:00:00,77.9275
2025-12-04 10:00:00,65.975
2025-12-04 11:00:00,57.9925
2025-12-04 12:00:00,51.599999999999994
2025-12-04 13:00:00,47.9375
2025-12-04 14:00:00,47.332499999999996
2025-12-04 15:00:00,53.2975
2025-12-04 16:00:00,65.60499999999999
2025-12-04 17:00:00,79.1075
2025-12-04 18:00:00,85.51249999999999
2025-12-04 19:00:00,88.96
2025-12-04 20:00:00,88.8425
2025-12-04 21:00:00,85.4375
2025-12-04 22:00:00,80.225
2025-12-04 23:00:00,65.35
2025-12-05 00:00:00,73.8875
2025-12-05 01:00:00,62.555
2025-12-05 02:00:00,56.61
2025-12-05 03:00:00,55.322500000000005
2025-12-05 04:00:00,54.7525
2025-12-05 05:00:00,59.4375
2025-12-05 06:00:00,71.0825
2025-12-05 07:00:00,79.88499999999999
2025-12-05 08:00:00,88.005
2025-12-05 09:00:00,84.85249999999999
2025-12-05 10:00:00,82.0325
2025-12-05 11:00:00,74.78
2025-12-05 12:00:00,65.2375
2025-12-05 13:00:00,55.417500000000004
2025-12-05 14:00:00,54.835
2025-12-05 15:00:00,67.875
2025-12-05 16:00:00,78.285
2025-12-05 17:00:00,84.3175
2025-12-05 18:00:00,87.155
2025-12-05 19:00:00,83.0
2025-12-05 20:00:00,79.185
2025-12-05 21:00:00,71.8225
2025-12-05 22:00:00,67.9375
2025-12-05 23:00:00,56.47
2025-12-06 00:00:00,33.8275
2025-12-06 01:00:00,22.84
2025-12-06 02:00:00,19.2825
2025-12-06 03:00:00,15.14
2025-12-06 04:00:00,12.6975
2025-12-06 05:00:00,13.6725
2025-12-06 06:00:00,17.62
2025-12-06 07:00:00,23.345
2025-12-06 08:00:00,25.057499999999997
2025-12-06 09:00:00,30.185
2025-12-06 10:00:00,26.240000000000002
2025-12-06 11:00:00,17.5975
2025-12-06 12:00:00,18.575
2025-12-06 13:00:00,15.315000000000001
2025-12-06 14:00:00,16.61
2025-12-06 15:00:00,19.509999999999998
2025-12-06 16:00:00,30.365
2025-12-06 17:00:00,52.0025
2025-12-06 18:00:00,61.05
2025-12-06 19:00:00,64.9475
2025-12-06 20:00:00,69.9025
2025-12-06 21:00:00,68.645
2025-12-06 22:00:00,66.945
2025-12-06 23:00:00,52.37
2025-12-07 00:00:00,33.3225
2025-12-07 01:00:00,23.9975
2025-12-07 02:00:00,22.7125
2025-12-07 03:00:00,17.675
2025-12-07 04:00:00,11.0
2025-12-07 05:00:00,14.53
2025-12-07 06:00:00,18.37
2025-12-07 07:00:00,18.9925
2025-12-07 08:00:00,19.92
2025-12-07 09:00:00,16.3325
2025-12-07 10:00:00,11.135
2025-12-07 11:00:00,6.265
2025-12-07 12:00:00,0.7425
2025-12-07 13:00:00,0.5
2025-12-07 14:00:00,0.805
2025-12-07 15:00:00,4.547499999999999
2025-12-07 16:00:00,15.080000000000002
2025-12-07 17:00:00,49.917500000000004
2025-12-07 18:00:00,73.6325
2025-12-07 19:00:00,83.0325
2025-12-07 20:00:00,89.59
2025-12-07 21:00:00,91.14
2025-12-07 22:00:00,80.3025
2025-12-07 23:00:00,71.595
2025-12-08 00:00:00,71.3375
2025-12-08 01:00:00,65.525
2025-12-08 02:00:00,52.42
2025-12-08 03:00:00,50.0
2025-12-08 04:00:00,47.46
2025-12-08 05:00:00,50.175
2025-12-08 06:00:00,52.045
2025-12-08 07:00:00,67.4025
2025-12-08 08:00:00,64.145
2025-12-08 09:00:00,45.205
2025-12-08 10:00:00,27.817500000000003
2025-12-08 11:00:00,23.02
2025-12-08 12:00:00,20.9225
2025-12-08 13:00:00,14.1225
2025-12-08 14:00:00,15.54
2025-12-08 15:00:00,24.8075
2025-12-08 16:00:00,39.375
2025-12-08 17:00:00,76.055
2025-12-08 18:00:00,83.305
2025-12-08 19:00:00,91.0925
2025-12-08 20:00:00,96.2675
2025-12-08 21:00:00,95.29
2025-12-08 22:00:00,81.52250000000001
2025-12-08 23:00:00,72.88
2025-12-09 00:00:00,55.6775
2025-12-09 01:00:00,47.1675
2025-12-09 02:00:00,43.707499999999996
2025-12-09 03:00:00,39.975
2025-12-09 04:00:00,36.6125
2025-12-09 05:00:00,42.12
2025-12-09 06:00:00,57.0075
2025-12-09 07:00:00,79.55
2025-12-09 08:00:00,85.77
2025-12-09 09:00:00,62.18
2025-12-09 10:00:00,36.644999999999996
2025-12-09 11:00:00,11.6075
2025-12-09 12:00:00,11.1675
2025-12-09 13:00:00,11.605
2025-12-09 14:00:00,16.7875
2025-12-09 15:00:00,38.6725
2025-12-09 16:00:00,69.755
2025-12-09 17:00:00,92.6925
2025-12-09 18:00:00,104.3175
2025-12-09 19:00:00,117.5975
2025-12-09 20:00:00,126.465
2025-12-09 21:00:00,130.1725
2025-12-09 22:00:00,104.44
2025-12-09 23:00:00,94.435
2025-12-10 00:00:00,97.1275
2025-12-10 01:00:00,87.475
2025-12-10 02:00:00,85.4575
2025-12-10 03:00:00,81.8
2025-12-10 04:00:00,84.1
2025-12-10 05:00:00,87.4325
2025-12-10 06:00:00,96.49
2025-12-10 07:00:00,108.25
2025-12-10 08:00:00,114.3925
2025-12-10 09:00:00,108.5225
2025-12-10 10:00:00,104.27
2025-12-10 11:00:00,100.64750000000001
2025-12-10 12:00:00,98.4275
2025-12-10 13:00:00,97.42
2025-12-10 14:00:00,98.4475
2025-12-10 15:00:00,101.08
2025-12-10 16:00:00,108.4025
2025-12-10 17:00:00,115.1825
2025-12-10 18:00:00,118.2825
2025-12-10 19:00:00,119.92750000000001
2025-12-10 20:00:00,124.67
2025-12-10 21:00:00,119.9175
2025-12-10 22:00:00,112.205
2025-12-10 23:00:00,102.2175
2025-12-11 00:00:00,103.52
2025-12-11 01:00:00,93.805
2025-12-11 02:00:00,92.33
2025-12-11 03:00:00,82.845
2025-12-11 04:00:00,80.46000000000001
2025-12-11 05:00:00,82.2675
2025-12-11 06:00:00,95.08500000000001
2025-12-11 07:00:00,112.995
2025-12-11 08:00:00,118.50999999999999
2025-12-11 09:00:00,105.225
2025-12-11 10:00:00,85.5
2025-12-11 11:00:00,78.765
2025-12-11 12:00:00,76.5475
2025-12-11 13:00:00,75.015
2025-12-11 14:00:00,75.15
2025-12-11 15:00:00,77.84
2025-12-11 16:00:00,92.7625
2025-12-11 17:00:00,112.775
2025-12-11 18:00:00,110.995
2025-12-11 19:00:00,115.5775
2025-12-11 20:00:00,124.52250000000001
2025-12-11 21:00:00,118.0025
2025-12-11 22:00:00,103.2875
2025-12-11 23:00:00,94.745
2025-12-12 00:00:00,94.045
2025-12-12 01:00:00,79.0575
2025-12-12 02:00:00,76.7825
2025-12-12 03:00:00,75.24
2025-12-12 04:00:00,75.7125
2025-12-12 05:00:00,82.2675
2025-12-12 06:00:00,94.4375
2025-12-12 07:00:00,104.185
2025-12-12 08:00:00,119.175
2025-12-12 09:00:00,110.1875
2025-12-12 10:00:00,102.92750000000001
2025-12-12 11:00:00,103.6275
2025-12-12 12:00:00,100.19
2025-12-12 13:00:00,98.14500000000001
2025-12-12 14:00:00,99.11250000000001
2025-12-12 15:00:00,94.435
2025-12-12 16:00:00,97.27
2025-12-12 17:00:00,105.0475
2025-12-12 18:00:00,112.9775
2025-12-12 19:00:00,109.445
2025-12-12 20:00:00,108.9925
2025-12-12 21:00:00,104.82
2025-12-12 22:00:00,96.125
2025-12-12 23:00:00,88.235
2025-12-13 00:00:00,90.73
2025-12-13 01:00:00,81.0925
2025-12-13 02:00:00,74.39
2025-12-13 03:00:00,68.945
2025-12-13 04:00:00,65.74
2025-12-13 05:00:00,67.1225
2025-12-13 06:00:00,70.575
2025-12-13 07:00:00,78.3075
2025-12-13 08:00:00,84.9575
2025-12-13 09:00:00,80.7875
2025-12-13 10:00:00,72.435
2025-12-13 11:00:00,67.6375
2025-12-13 12:00:00,65.52250000000001
2025-12-13 13:00:00,59.31
2025-12-13 14:00:00,59.9825
2025-12-13 15:00:00,66.4225
2025-12-13 16:00:00,76.62
2025-12-13 17:00:00,91.905
2025-12-13 18:00:00,99.41
2025-12-13 19:00:00,96.28
2025-12-13 20:00:00,97.89750000000001
2025-12-13 21:00:00,98.6175
2025-12-13 22:00:00,98.2275
2025-12-13 23:00:00,87.8075
2025-12-14 00:00:00,86.78
2025-12-14 01:00:00,76.0575
2025-12-14 02:00:00,70.7375
2025-12-14 03:00:00,68.46000000000001
2025-12-14 04:00:00,65.07499999999999
2025-12-14 05:00:00,66.03
2025-12-14 06:00:00,70.7625
2025-12-14 07:00:00,72.5275
2025-12-14 08:00:00,73.465
2025-12-14 09:00:00,72.36
2025-12-14 10:00:00,68.1
2025-12-14 11:00:00,61.69
2025-12-14 12:00:00,62.285
2025-12-14 13:00:00,59.0025
2025-12-14 14:00:00,59.1275
2025-12-14 15:00:00,63.4225
2025-12-14 16:00:00,74.8925
2025-12-14 17:00:00,93.1275
2025-12-14 18:00:00,105.97
2025-12-14 19:00:00,105.935
2025-12-14 20:00:00,106.67999999999999
2025-12-14 21:00:00,106.055
2025-12-14 22:00:00,102.145
2025-12-14 23:00:00,94.9
2025-12-15 00:00:00,83.43
2025-12-15 01:00:00,71.72749999999999
2025-12-15 02:00:00,71.1775
2025-12-15 03:00:00,70.1225
2025-12-15 04:00:00,67.03
2025-12-15 05:00:00,70.97749999999999
2025-12-15 06:00:00,83.105
2025-12-15 07:00:00,96.5775
2025-12-15 08:00:00,106.1
2025-12-15 09:00:00,101.325
2025-12-15 10:00:00,95.60000000000001
2025-12-15 11:00:00,88.5575
2025-12-15 12:00:00,84.64500000000001
2025-12-15 13:00:00,85.44
2025-12-15 14:00:00,91.2025
2025-12-15 15:00:00,99.3875
2025-12-15 16:00:00,104.35249999999999
2025-12-15 17:00:00,104.255
2025-12-15 18:00:00,102.52
2025-12-15 19:00:00,105.4325
2025-12-15 20:00:00,115.0425
2025-12-15 21:00:00,112.5375
2025-12-15 22:00:00,109.765
2025-12-15 23:00:00,98.9725
2025-12-16 00:00:00,95.725
2025-12-16 01:00:00,86.0
2025-12-16 02:00:00,81.4775
2025-12-16 03:00:00,76.4575
2025-12-16 04:00:00,74.5
2025-12-16 05:00:00,76.13
2025-12-16 06:00:00,87.6325
2025-12-16 07:00:00,93.17
2025-12-16 08:00:00,99.22749999999999
2025-12-16 09:00:00,99.0625
2025-12-16 10:00:00,92.6925
2025-12-16 11:00:00,89.45
2025-12-16 12:00:00,88.5
2025-12-16 13:00:00,85.89750000000001
2025-12-16 14:00:00,88.4875
2025-12-16 15:00:00,95.7125
2025-12-16 16:00:00,99.4225
2025-12-16 17:00:00,107.72749999999999
2025-12-16 18:00:00,122.4025
2025-12-16 19:00:00,132.915
2025-12-16 20:00:00,115.3725
2025-12-16 21:00:00,102.0625
2025-12-16 22:00:00,93.67750000000001
2025-12-16 23:00:00,84.945
2025-12-17 00:00:00,83.135
2025-12-17 01:00:00,82.2625
2025-12-17 02:00:00,81.2125
2025-12-17 03:00:00,77.5325
2025-12-17 04:00:00,76.525
2025-12-17 05:00:00,78.59
2025-12-17 06:00:00,97.9275
2025-12-17 07:00:00,113.82249999999999
2025-12-17 08:00:00,136.1575
2025-12-17 09:00:00,114.845
2025-12-17 10:00:00,98.46000000000001
2025-12-17 11:00:00,90.665
2025-12-17 12:00:00,87.86
2025-12-17 13:00:00,84.375
2025-12-17 14:00:00,86.235
2025-12-17 15:00:00,94.0075
2025-12-17 16:00:00,110.1325
2025-12-17 17:00:00,112.4025
2025-12-17 18:00:00,124.2175
2025-12-17 19:00:00,123.05250000000001
2025-12-17 20:00:00,136.155
2025-12-17 21:00:00,123.4825
2025-12-17 22:00:00,115.1425
2025-12-17 23:00:00,105.655
2025-12-18 00:00:00,109.35
2025-12-18 01:00:00,99.6125
2025-12-18 02:00:00,97.33500000000001
2025-12-18 03:00:00,87.7825
2025-12-18 04:00:00,84.25
2025-12-18 05:00:00,84.785
2025-12-18 06:00:00,93.4775
2025-12-18 07:00:00,98.46000000000001
2025-12-18 08:00:00,105.3775
2025-12-18 09:00:00,92.0275
2025-12-18 10:00:00,76.2325
2025-12-18 11:00:00,46.1775
2025-12-18 12:00:00,40.6625
2025-12-18 13:00:00,30.4725
2025-12-18 14:00:00,32.4375
2025-12-18 15:00:00,60.975
2025-12-18 16:00:00,79.79
2025-12-18 17:00:00,99.1825
2025-12-18 18:00:00,103.595
2025-12-18 19:00:00,108.605
2025-12-18 20:00:00,110.8475
2025-12-18 21:00:00,109.185
2025-12-18 22:00:00,98.3325
2025-12-18 23:00:00,92.225
2025-12-19 00:00:00,89.4725
2025-12-19 01:00:00,86.5625
2025-12-19 02:00:00,83.3175
2025-12-19 03:00:00,81.4025
2025-12-19 04:00:00,83.1725
2025-12-19 05:00:00,88.41499999999999
2025-12-19 06:00:00,99.1575
2025-12-19 07:00:00,113.2025
2025-12-19 08:00:00,113.595
2025-12-19 09:00:00,109.0625
2025-12-19 10:00:00,105.105
2025-12-19 11:00:00,104.5125
2025-12-19 12:00:00,103.43
2025-12-19 13:00:00,104.3
2025-12-19 14:00:00,107.2125
2025-12-19 15:00:00,107.7375
2025-12-19 16:00:00,103.0475
2025-12-19 17:00:00,103.825
2025-12-19 18:00:00,113.7925
2025-12-19 19:00:00,116.095
2025-12-19 20:00:00,117.50999999999999
2025-12-19 21:00:00,115.5475
2025-12-19 22:00:00,110.8775
2025-12-19 23:00:00,105.89500000000001
2025-12-20 00:00:00,92.98
2025-12-20 01:00:00,83.505
2025-12-20 02:00:00,77.63
2025-12-20 03:00:00,68.245
2025-12-20 04:00:00,67.5925
2025-12-20 05:00:00,67.055
2025-12-20 06:00:00,73.2
2025-12-20 07:00:00,75.54499999999999
2025-12-20 08:00:00,79.25
2025-12-20 09:00:00,80.8375
2025-12-20 10:00:00,75.0275
2025-12-20 11:00:00,65.0775
2025-12-20 12:00:00,59.8525
2025-12-20 13:00:00,49.8675
2025-12-20 14:00:00,52.515
2025-12-20 15:00:00,54.92
2025-12-20 16:00:00,63.7175
2025-12-20 17:00:00,74.5825
2025-12-20 18:00:00,76.4375
2025-12-20 19:00:00,77.535
2025-12-20 20:00:00,73.2825
2025-12-20 21:00:00,69.4075
2025-12-20 22:00:00,73.16749999999999
2025-12-20 23:00:00,67.2025
2025-12-21 00:00:00,49.7825
2025-12-21 01:00:00,56.4375
2025-12-21 02:00:00,51.5
2025-12-21 03:00:00,46.6175
2025-12-21 04:00:00,42.64
2025-12-21 05:00:00,41.71
2025-12-21 06:00:00,48.96
2025-12-21 07:00:00,55.7225
2025-12-21 08:00:00,63.6875
2025-12-21 09:00:00,64.69999999999999
2025-12-21 10:00:00,61.555
2025-12-21 11:00:00,60.8
2025-12-21 12:00:00,63.230000000000004
2025-12-21 13:00:00,58.7275
2025-12-21 14:00:00,56.4625
2025-12-21 15:00:00,59.35
2025-12-21 16:00:00,62.58
2025-12-21 17:00:00,67.32
2025-12-21 18:00:00,76.61749999999999
2025-12-21 19:00:00,82.33500000000001
2025-12-21 20:00:00,81.5075
2025-12-21 21:00:00,75.575
2025-12-21 22:00:00,76.7825
2025-12-21 23:00:00,70.91
2025-12-22 00:00:00,56.155
2025-12-22 01:00:00,46.5025
2025-12-22 02:00:00,43.715
2025-12-22 03:00:00,37.625
2025-12-22 04:00:00,26.085
2025-12-22 05:00:00,36.4
2025-12-22 06:00:00,58.6575
2025-12-22 07:00:00,79.3625
2025-12-22 08:00:00,87.25999999999999
2025-12-22 09:00:00,88.4175
2025-12-22 10:00:00,84.975
2025-12-22 11:00:00,72.455
2025-12-22 12:00:00,66.74
2025-12-22 13:00:00,59.917500000000004
2025-12-22 14:00:00,62.025
2025-12-22 15:00:00,69.58
2025-12-22 16:00:00,84.75
2025-12-22 17:00:00,95.3125
2025-12-22 18:00:00,101.5725
2025-12-22 19:00:00,97.9225
2025-12-22 20:00:00,91.74
2025-12-22 21:00:00,85.28
2025-12-22 22:00:00,84.095
2025-12-22 23:00:00,77.85
2025-12-23 00:00:00,70.89
2025-12-23 01:00:00,62.0525
2025-12-23 02:00:00,61.3475
2025-12-23 03:00:00,59.425
2025-12-23 04:00:00,56.6525
2025-12-23 05:00:00,60.8475
2025-12-23 06:00:00,70.4
2025-12-23 07:00:00,81.0025
2025-12-23 08:00:00,87.16499999999999
2025-12-23 09:00:00,88.765
2025-12-23 10:00:00,85.1375
2025-12-23 11:00:00,83.4025
2025-12-23 12:00:00,84.175
2025-12-23 13:00:00,81.1675
2025-12-23 14:00:00,80.67
2025-12-23 15:00:00,84.32
2025-12-23 16:00:00,82.87
2025-12-23 17:00:00,85.8875
2025-12-23 18:00:00,87.4575
2025-12-23 19:00:00,86.08500000000001
2025-12-23 20:00:00,89.9675
2025-12-23 21:00:00,89.07
2025-12-23 22:00:00,81.3725
2025-12-23 23:00:00,69.82249999999999
2025-12-24 00:00:00,70.45
2025-12-24 01:00:00,48.6275
2025-12-24 02:00:00,31.525
2025-12-24 03:00:00,30.9225
2025-12-24 04:00:00,26.21
2025-12-24 05:00:00,25.424999999999997
2025-12-24 06:00:00,23.5475
2025-12-24 07:00:00,35.7725
2025-12-24 08:00:00,58.65
2025-12-24 09:00:00,50.68
2025-12-24 10:00:00,39.6475
2025-12-24 11:00:00,25.39
2025-12-24 12:00:00,17.8725
2025-12-24 13:00:00,16.6525
2025-12-24 14:00:00,17.45
2025-12-24 15:00:00,23.655
2025-12-24 16:00:00,36.269999999999996
2025-12-24 17:00:00,53.7325
2025-12-24 18:00:00,72.845
2025-12-24 19:00:00,69.06
2025-12-24 20:00:00,63.2325
2025-12-24 21:00:00,55.4
2025-12-24 22:00:00,43.8425
2025-12-24 23:00:00,38.5075
2025-12-25 00:00:00,33.1775
2025-12-25 01:00:00,30.1575
2025-12-25 02:00:00,23.3925
2025-12-25 03:00:00,15.3225
2025-12-25 04:00:00,10.6225
2025-12-25 05:00:00,15.97
2025-12-25 06:00:00,21.8375
2025-12-25 07:00:00,38.0
2025-12-25 08:00:00,42.6425
2025-12-25 09:00:00,38.9675
2025-12-25 10:00:00,30.715
2025-12-25 11:00:00,24.2825
2025-12-25 12:00:00,31.462500000000002
2025-12-25 13:00:00,30.9775
2025-12-25 14:00:00,23.225
2025-12-25 15:00:00,35.495000000000005
2025-12-25 16:00:00,63.21
2025-12-25 17:00:00,89.5125
2025-12-25 18:00:00,95.7675
2025-12-25 19:00:00,93.2675
2025-12-25 20:00:00,97.03
2025-12-25 21:00:00,99.1675
2025-12-25 22:00:00,94.0
2025-12-25 23:00:00,90.5675
2025-12-26 00:00:00,97.1
2025-12-26 01:00:00,91.0525
2025-12-26 02:00:00,85.0825
2025-12-26 03:00:00,80.1925
2025-12-26 04:00:00,72.31
2025-12-26 05:00:00,73.03999999999999
2025-12-26 06:00:00,82.7175
2025-12-26 07:00:00,90.8575
2025-12-26 08:00:00,92.94
2025-12-26 09:00:00,93.1875
2025-12-26 10:00:00,89.25
2025-12-26 11:00:00,84.9925
2025-12-26 12:00:00,82.3125
2025-12-26 13:00:00,80.33
2025-12-26 14:00:00,77.53
2025-12-26 15:00:00,78.1125
2025-12-26 16:00:00,85.005
2025-12-26 17:00:00,93.4625
2025-12-26 18:00:00,99.95
2025-12-26 19:00:00,100.46000000000001
2025-12-26 20:00:00,111.5775
2025-12-26 21:00:00,109.495
2025-12-26 22:00:00,98.5025
2025-12-26 23:00:00,91.2625
2025-12-27 00:00:00,92.34
2025-12-27 01:00:00,88.0775
2025-12-27 02:00:00,80.525
2025-12-27 03:00:00,70.9625
2025-12-27 04:00:00,69.36
2025-12-27 05:00:00,68.945
2025-12-27 06:00:00,69.1725
2025-12-27 07:00:00,72.50750000000001
2025-12-27 08:00:00,86.79249999999999
2025-12-27 09:00:00,88.11500000000001
2025-12-27 10:00:00,75.37
2025-12-27 11:00:00,69.2575
2025-12-27 12:00:00,68.8475
2025-12-27 13:00:00,69.135
2025-12-27 14:00:00,69.35499999999999
2025-12-27 15:00:00,69.9925
2025-12-27 16:00:00,81.97749999999999
2025-12-27 17:00:00,91.1575
2025-12-27 18:00:00,96.57
2025-12-27 19:00:00,98.4
2025-12-27 20:00:00,91.765
2025-12-27 21:00:00,86.70750000000001
2025-12-27 22:00:00,86.6275
2025-12-27 23:00:00,80.82
2025-12-28 00:00:00,62.5025
2025-12-28 01:00:00,63.7525
2025-12-28 02:00:00,54.504999999999995
2025-12-28 03:00:00,48.855
2025-12-28 04:00:00,51.8625
2025-12-28 05:00:00,55.2
2025-12-28 06:00:00,65.87
2025-12-28 07:00:00,70.3075
2025-12-28 08:00:00,79.5375
2025-12-28 09:00:00,82.9975
2025-12-28 10:00:00,79.1
2025-12-28 11:00:00,72.37
2025-12-28 12:00:00,79.31
2025-12-28 13:00:00,76.145
2025-12-28 14:00:00,78.08500000000001
2025-12-28 15:00:00,82.4325
2025-12-28 16:00:00,91.4375
2025-12-28 17:00:00,98.555
2025-12-28 18:00:00,103.045
2025-12-28 19:00:00,105.20750000000001
2025-12-28 20:00:00,105.00999999999999
2025-12-28 21:00:00,99.4675
2025-12-28 22:00:00,98.2825
2025-12-28 23:00:00,90.6275
2025-12-29 00:00:00,99.575
2025-12-29 01:00:00,91.33250000000001
2025-12-29 02:00:00,89.755
2025-12-29 03:00:00,88.0275
2025-12-29 04:00:00,89.99000000000001
2025-12-29 05:00:00,92.0575
2025-12-29 06:00:00,101.29
2025-12-29 07:00:00,116.99
2025-12-29 08:00:00,127.165
2025-12-29 09:00:00,114.06
2025-12-29 10:00:00,102.985
2025-12-29 11:00:00,93.27
2025-12-29 12:00:00,89.74249999999999
2025-12-29 13:00:00,89.5925
2025-12-29 14:00:00,95.1575
2025-12-29 15:00:00,95.7675
2025-12-29 16:00:00,102.85000000000001
2025-12-29 17:00:00,113.01
2025-12-29 18:00:00,123.85
2025-12-29 19:00:00,125.005
2025-12-29 20:00:00,158.135
2025-12-29 21:00:00,147.54500000000002
2025-12-29 22:00:00,120.86
2025-12-29 23:00:00,104.73
2025-12-30 00:00:00,104.78999999999999
2025-12-30 01:00:00,97.6725
2025-12-30 02:00:00,87.3375
2025-12-30 03:00:00,85.47999999999999
2025-12-30 04:00:00,82.09
2025-12-30 05:00:00,82.355
2025-12-30 06:00:00,84.1975
2025-12-30 07:00:00,90.105
2025-12-30 08:00:00,99.6075
2025-12-30 09:00:00,94.9725
2025-12-30 10:00:00,85.92
2025-12-30 11:00:00,79.38
2025-12-30 12:00:00,76.155
2025-12-30 13:00:00,73.0425
2025-12-30 14:00:00,73.025
2025-12-30 15:00:00,75.85
2025-12-30 16:00:00,87.15
2025-12-30 17:00:00,99.595
2025-12-30 18:00:00,104.89750000000001
2025-12-30 19:00:00,105.765
2025-12-30 20:00:00,105.27250000000001
2025-12-30 21:00:00,106.52
2025-12-30 22:00:00,104.745
2025-12-30 23:00:00,103.7075
2025-12-31 00:00:00,100.4025
2025-12-31 01:00:00,85.3575
2025-12-31 02:00:00,81.535
2025-12-31 03:00:00,76.58
2025-12-31 04:00:00,75.1575
2025-12-31 05:00:00,77.38499999999999
2025-12-31 06:00:00,83.6
2025-12-31 07:00:00,95.0775
2025-12-31 08:00:00,105.935
2025-12-31 09:00:00,102.255
2025-12-31 10:00:00,97.33500000000001
2025-12-31 11:00:00,84.4975
2025-12-31 12:00:00,83.0475
2025-12-31 13:00:00,85.17
2025-12-31 14:00:00,87.595
2025-12-31 15:00:00,94.41499999999999
2025-12-31 16:00:00,104.21
2025-12-31 17:00:00,112.02
2025-12-31 18:00:00,129.115
2025-12-31 19:00:00,135.43
2025-12-31 20:00:00,131.115
2025-12-31 21:00:00,113.655
2025-12-31 22:00:00,105.8275
2025-12-31 23:00:00,100.9475
2026-01-01 00:00:00,108.88
2026-01-01 01:00:00,103.6
2026-01-01 02:00:00,99.2925
2026-01-01 03:00:00,88.47
2026-01-01 04:00:00,78.93
2026-01-01 05:00:00,71.42
2026-01-01 06:00:00,71.22
2026-01-01 07:00:00,75.0
2026-01-01 08:00:00,67.92
2026-01-01 09:00:00,61.589999999999996
2026-01-01 10:00:00,56.605
2026-01-01 11:00:00,52.802499999999995
2026-01-01 12:00:00,54.2575
2026-01-01 13:00:00,57.575
2026-01-01 14:00:00,61.402499999999996
2026-01-01 15:00:00,64.9225
2026-01-01 16:00:00,77.2925
2026-01-01 17:00:00,93.7625
2026-01-01 18:00:00,101.18
2026-01-01 19:00:00,104.71000000000001
2026-01-01 20:00:00,106.78
2026-01-01 21:00:00,106.3475
2026-01-01 22:00:00,104.155
2026-01-01 23:00:00,96.68
2026-01-02 00:00:00,80.4275
2026-01-02 01:00:00,63.675
2026-01-02 02:00:00,59.11
2026-01-02 03:00:00,56.3425
2026-01-02 04:00:00,55.01
2026-01-02 05:00:00,55.3675
2026-01-02 06:00:00,61.3375
2026-01-02 07:00:00,77.065
2026-01-02 08:00:00,84.8625
2026-01-02 09:00:00,89.4975
2026-01-02 10:00:00,88.64
2026-01-02 11:00:00,84.635
2026-01-02 12:00:00,80.1625
2026-01-02 13:00:00,74.3925
2026-01-02 14:00:00,77.91499999999999
2026-01-02 15:00:00,85.1275
2026-01-02 16:00:00,95.2675
2026-01-02 17:00:00,99.83
2026-01-02 18:00:00,103.60249999999999
2026-01-02 19:00:00,103.16
2026-01-02 20:00:00,106.6125
2026-01-02 21:00:00,107.005
2026-01-02 22:00:00,103.61
2026-01-02 23:00:00,97.785
2026-01-03 00:00:00,80.3675
2026-01-03 01:00:00,78.685
2026-01-03 02:00:00,76.8625
2026-01-03 03:00:00,75.8775
2026-01-03 04:00:00,73.94
2026-01-03 05:00:00,75.2675
2026-01-03 06:00:00,76.57249999999999
2026-01-03 07:00:00,79.765
2026-01-03 08:00:00,90.69
2026-01-03 09:00:00,94.09
2026-01-03 10:00:00,93.31
2026-01-03 11:00:00,88.7075
2026-01-03 12:00:00,87.4125
2026-01-03 13:00:00,86.60499999999999
2026-01-03 14:00:00,89.8275
2026-01-03 15:00:00,95.085
2026-01-03 16:00:00,100.21000000000001
2026-01-03 17:00:00,108.09
2026-01-03 18:00:00,103.775
2026-01-03 19:00:00,101.02
2026-01-03 20:00:00,98.0275
2026-01-03 21:00:00,91.72749999999999
2026-01-03 22:00:00,90.3975
2026-01-03 23:00:00,85.9525
2026-01-04 00:00:00,87.7425
2026-01-04 01:00:00,65.925
2026-01-04 02:00:00,60.11
2026-01-04 03:00:00,57.5675
2026-01-04 04:00:00,53.3825
2026-01-04 05:00:00,50.43
2026-01-04 06:00:00,54.39
2026-01-04 07:00:00,56.755
2026-01-04 08:00:00,57.785
2026-01-04 09:00:00,55.962500000000006
2026-01-04 10:00:00,55.5475
2026-01-04 11:00:00,57.98
2026-01-04 12:00:00,58.11
2026-01-04 13:00:00,60.0875
2026-01-04 14:00:00,61.2425
2026-01-04 15:00:00,61.0075
2026-01-04 16:00:00,62.6825
2026-01-04 17:00:00,68.0925
2026-01-04 18:00:00,80.8425
2026-01-04 19:00:00,84.57
2026-01-04 20:00:00,88.18
2026-01-04 21:00:00,97.67750000000001
2026-01-04 22:00:00,87.9625
2026-01-04 23:00:00,78.7625
2026-01-05 00:00:00,88.175
2026-01-05 01:00:00,71.6575
2026-01-05 02:00:00,62.9875
2026-01-05 03:00:00,61.9325
2026-01-05 04:00:00,61.9325
2026-01-05 05:00:00,64.2075
2026-01-05 06:00:00,77.2775
2026-01-05 07:00:00,94.1175
2026-01-05 08:00:00,102.86
2026-01-05 09:00:00,107.92
2026-01-05 10:00:00,104.34
2026-01-05 11:00:00,100.52
2026-01-05 12:00:00,97.7075
2026-01-05 13:00:00,98.0375
2026-01-05 14:00:00,97.98
2026-01-05 15:00:00,97.595
2026-01-05 16:00:00,103.0675
2026-01-05 17:00:00,114.9
2026-01-05 18:00:00,123.685
2026-01-05 19:00:00,116.89999999999999
2026-01-05 20:00:00,116.7225
2026-01-05 21:00:00,113.04249999999999
2026-01-05 22:00:00,109.7
2026-01-05 23:00:00,103.2375
2026-01-06 00:00:00,100.4975
2026-01-06 01:00:00,81.8
2026-01-06 02:00:00,70.54
2026-01-06 03:00:00,68.33250000000001
2026-01-06 04:00:00,65.475
2026-01-06 05:00:00,64.2725
2026-01-06 06:00:00,64.1925
2026-01-06 07:00:00,67.55
2026-01-06 08:00:00,71.3425
2026-01-06 09:00:00,65.6525
2026-01-06 10:00:00,11.995000000000001
2026-01-06 11:00:00,1.655
2026-01-06 12:00:00,0.915
2026-01-06 13:00:00,0.9875
2026-01-06 14:00:00,0.975
2026-01-06 15:00:00,0.0
2026-01-06 16:00:00,20.21
2026-01-06 17:00:00,90.2025
2026-01-06 18:00:00,111.4375
2026-01-06 19:00:00,114.77
2026-01-06 20:00:00,117.9025
2026-01-06 21:00:00,112.55
2026-01-06 22:00:00,107.91499999999999
2026-01-06 23:00:00,98.32249999999999
2026-01-07 00:00:00,95.58500000000001
2026-01-07 01:00:00,90.3425
2026-01-07 02:00:00,86.5175
2026-01-07 03:00:00,82.375
2026-01-07 04:00:00,81.96
2026-01-07 05:00:00,87.8275
2026-01-07 06:00:00,95.9125
2026-01-07 07:00:00,110.4925
2026-01-07 08:00:00,116.505
2026-01-07 09:00:00,112.6075
2026-01-07 10:00:00,103.8375
2026-01-07 11:00:00,101.46000000000001
2026-01-07 12:00:00,96.1475
2026-01-07 13:00:00,94.31
2026-01-07 14:00:00,90.5725
2026-01-07 15:00:00,97.9975
2026-01-07 16:00:00,106.1175
2026-01-07 17:00:00,115.4575
2026-01-07 18:00:00,134.94
2026-01-07 19:00:00,132.055
2026-01-07 20:00:00,119.845
2026-01-07 21:00:00,109.6175
2026-01-07 22:00:00,103.015
2026-01-07 23:00:00,90.32499999999999
2026-01-08 00:00:00,84.785
2026-01-08 01:00:00,83.5775
2026-01-08 02:00:00,82.18
2026-01-08 03:00:00,79.06
2026-01-08 04:00:00,74.465
2026-01-08 05:00:00,77.97749999999999
2026-01-08 06:00:00,81.0525
2026-01-08 07:00:00,95.75
2026-01-08 08:00:00,107.36
2026-01-08 09:00:00,95.6575
2026-01-08 10:00:00,73.50999999999999
2026-01-08 11:00:00,68.8425
2026-01-08 12:00:00,65.735
2026-01-08 13:00:00,63.545
2026-01-08 14:00:00,60.082499999999996
2026-01-08 15:00:00,63.397499999999994
2026-01-08 16:00:00,76.8575
2026-01-08 17:00:00,85.85
2026-01-08 18:00:00,97.87
2026-01-08 19:00:00,98.7375
2026-01-08 20:00:00,93.6325
2026-01-08 21:00:00,86.765
2026-01-08 22:00:00,82.98
2026-01-08 23:00:00,73.55
2026-01-09 00:00:00,61.66
2026-01-09 01:00:00,44.364999999999995
2026-01-09 02:00:00,38.2475
2026-01-09 03:00:00,25.0425
2026-01-09 04:00:00,20.0
2026-01-09 05:00:00,35.745000000000005
2026-01-09 06:00:00,49.495
2026-01-09 07:00:00,70.2525
2026-01-09 08:00:00,78.6125
2026-01-09 09:00:00,68.1625
2026-01-09 10:00:00,55.7525
2026-01-09 11:00:00,42.567499999999995
2026-01-09 12:00:00,26.0875
2026-01-09 13:00:00,16.255
2026-01-09 14:00:00,6.5
2026-01-09 15:00:00,14.9925
2026-01-09 16:00:00,48.082499999999996
2026-01-09 17:00:00,71.28
2026-01-09 18:00:00,85.03999999999999
2026-01-09 19:00:00,91.25
2026-01-09 20:00:00,87.6
2026-01-09 21:00:00,84.255
2026-01-09 22:00:00,83.0475
2026-01-09 23:00:00,77.2175
2026-01-10 00:00:00,75.16499999999999
2026-01-10 01:00:00,70.1175
2026-01-10 02:00:00,65.22
2026-01-10 03:00:00,59.905
2026-01-10 04:00:00,55.0
2026-01-10 05:00:00,54.2725
2026-01-10 06:00:00,62.8875
2026-01-10 07:00:00,70.295
2026-01-10 08:00:00,80.465
2026-01-10 09:00:00,83.315
2026-01-10 10:00:00,64.9875
2026-01-10 11:00:00,47.1425
2026-01-10 12:00:00,28.7725
2026-01-10 13:00:00,30.785
2026-01-10 14:00:00,36.832499999999996
2026-01-10 15:00:00,48.207499999999996
2026-01-10 16:00:00,71.2175
2026-01-10 17:00:00,96.135
2026-01-10 18:00:00,118.54
2026-01-10 19:00:00,126.2625
2026-01-10 20:00:00,112.255
2026-01-10 21:00:00,101.17
2026-01-10 22:00:00,100.425
2026-01-10 23:00:00,98.1975
2026-01-11 00:00:00,96.9025
2026-01-11 01:00:00,85.685
2026-01-11 02:00:00,81.56
2026-01-11 03:00:00,82.61500000000001
2026-01-11 04:00:00,81.5725
2026-01-11 05:00:00,82.2375
2026-01-11 06:00:00,81.6025
2026-01-11 07:00:00,84.25999999999999
2026-01-11 08:00:00,90.625
2026-01-11 09:00:00,83.92
2026-01-11 10:00:00,69.525
2026-01-11 11:00:00,54.0175
2026-01-11 12:00:00,50.465
2026-01-11 13:00:00,53.05
2026-01-11 14:00:00,55.1025
2026-01-11 15:00:00,58.14
2026-01-11 16:00:00,76.8375
2026-01-11 17:00:00,92.6375
2026-01-11 18:00:00,103.14
2026-01-11 19:00:00,102.1375
2026-01-11 20:00:00,99.02250000000001
2026-01-11 21:00:00,96.5425
2026-01-11 22:00:00,92.52
2026-01-11 23:00:00,80.9725
2026-01-12 00:00:00,77.49000000000001
2026-01-12 01:00:00,77.935
2026-01-12 02:00:00,73.0125
2026-01-12 03:00:00,63.43
2026-01-12 04:00:00,60.1275
2026-01-12 05:00:00,67.8875
2026-01-12 06:00:00,82.4475
2026-01-12 07:00:00,97.1375
2026-01-12 08:00:00,104.6525
2026-01-12 09:00:00,101.2875
2026-01-12 10:00:00,89.325
2026-01-12 11:00:00,78.745
2026-01-12 12:00:00,76.3725
2026-01-12 13:00:00,76.87
2026-01-12 14:00:00,77.33250000000001
2026-01-12 15:00:00,76.0275
2026-01-12 16:00:00,85.62
2026-01-12 17:00:00,102.8475
2026-01-12 18:00:00,116.4875
2026-01-12 19:00:00,115.7
2026-01-12 20:00:00,119.64
2026-01-12 21:00:00,118.4225
2026-01-12 22:00:00,99.2425
2026-01-12 23:00:00,86.31
2026-01-13 00:00:00,83.3575
2026-01-13 01:00:00,80.035
2026-01-13 02:00:00,78.4675
2026-01-13 03:00:00,75.8875
2026-01-13 04:00:00,74.6575
2026-01-13 05:00:00,77.045
2026-01-13 06:00:00,86.7025
2026-01-13 07:00:00,97.5575
2026-01-13 08:00:00,106.5775
2026-01-13 09:00:00,101.6375
2026-01-13 10:00:00,95.0275
2026-01-13 11:00:00,87.3
2026-01-13 12:00:00,80.66499999999999
2026-01-13 13:00:00,76.7625
2026-01-13 14:00:00,78.545
2026-01-13 15:00:00,87.67
2026-01-13 16:00:00,92.29
2026-01-13 17:00:00,102.755
2026-01-13 18:00:00,114.19
2026-01-13 19:00:00,116.7475
2026-01-13 20:00:00,140.64749999999998
2026-01-13 21:00:00,135.555
2026-01-13 22:00:00,117.0775
2026-01-13 23:00:00,109.32249999999999
2026-01-14 00:00:00,102.9825
2026-01-14 01:00:00,95.8425
2026-01-14 02:00:00,88.8775
2026-01-14 03:00:00,88.965
2026-01-14 04:00:00,89.66499999999999
2026-01-14 05:00:00,96.47749999999999
2026-01-14 06:00:00,100.49000000000001
2026-01-14 07:00:00,125.30250000000001
2026-01-14 08:00:00,134.44
2026-01-14 09:00:00,136.3225
2026-01-14 10:00:00,121.38
2026-01-14 11:00:00,112.86500000000001
2026-01-14 12:00:00,108.28999999999999
2026-01-14 13:00:00,103.265
2026-01-14 14:00:00,107.1975
2026-01-14 15:00:00,111.995
2026-01-14 16:00:00,126.14250000000001
2026-01-14 17:00:00,138.045
2026-01-14 18:00:00,166.0
2026-01-14 19:00:00,154.74
2026-01-14 20:00:00,143.855
2026-01-14 21:00:00,124.53999999999999
2026-01-14 22:00:00,104.8575
2026-01-14 23:00:00,90.3275
2026-01-15 00:00:00,119.045
2026-01-15 01:00:00,107.5575
2026-01-15 02:00:00,101.3875
2026-01-15 03:00:00,94.8275
2026-01-15 04:00:00,87.035
2026-01-15 05:00:00,86.3125
2026-01-15 06:00:00,98.89750000000001
2026-01-15 07:00:00,112.5525
2026-01-15 08:00:00,114.695
2026-01-15 09:00:00,105.475
2026-01-15 10:00:00,98.58500000000001
2026-01-15 11:00:00,94.8925
2026-01-15 12:00:00,92.2
2026-01-15 13:00:00,86.6675
2026-01-15 14:00:00,89.825
2026-01-15 15:00:00,94.50999999999999
2026-01-15 16:00:00,105.03
2026-01-15 17:00:00,113.1425
2026-01-15 18:00:00,116.6575
2026-01-15 19:00:00,120.7225
2026-01-15 20:00:00,133.07
2026-01-15 21:00:00,138.2
2026-01-15 22:00:00,128.64249999999998
2026-01-15 23:00:00,113.8
2026-01-16 00:00:00,100.92
2026-01-16 01:00:00,95.03999999999999
2026-01-16 02:00:00,94.7525
2026-01-16 03:00:00,94.94749999999999
2026-01-16 04:00:00,94.7525
2026-01-16 05:00:00,95.42
2026-01-16 06:00:00,103.025
2026-01-16 07:00:00,121.875
2026-01-16 08:00:00,133.595
2026-01-16 09:00:00,130.2775
2026-01-16 10:00:00,118.32
2026-01-16 11:00:00,111.3
2026-01-16 12:00:00,109.84
2026-01-16 13:00:00,108.1575
2026-01-16 14:00:00,116.07249999999999
2026-01-16 15:00:00,124.3775
2026-01-16 16:00:00,127.63499999999999
2026-01-16 17:00:00,147.4625
2026-01-16 18:00:00,156.885
2026-01-16 19:00:00,152.78750000000002
2026-01-16 20:00:00,137.01
2026-01-16 21:00:00,132.01749999999998
2026-01-16 22:00:00,126.745
2026-01-16 23:00:00,122.5575
2026-01-17 00:00:00,135.59
2026-01-17 01:00:00,126.8
2026-01-17 02:00:00,122.905
2026-01-17 03:00:00,119.8375
2026-01-17 04:00:00,119.14
2026-01-17 05:00:00,118.8375
2026-01-17 06:00:00,120.35249999999999
2026-01-17 07:00:00,123.115
2026-01-17 08:00:00,126.815
2026-01-17 09:00:00,121.97749999999999
2026-01-17 10:00:00,118.2575
2026-01-17 11:00:00,117.99000000000001
2026-01-17 12:00:00,116.6975
2026-01-17 13:00:00,112.065
2026-01-17 14:00:00,115.815
2026-01-17 15:00:00,120.27000000000001
2026-01-17 16:00:00,124.3575
2026-01-17 17:00:00,135.9775
2026-01-17 18:00:00,142.84750000000003
2026-01-17 19:00:00,140.91
2026-01-17 20:00:00,155.225
2026-01-17 21:00:00,154.7
2026-01-17 22:00:00,130.10500000000002
2026-01-17 23:00:00,133.085
2026-01-18 00:00:00,132.1225
2026-01-18 01:00:00,120.02
2026-01-18 02:00:00,109.64
2026-01-18 03:00:00,102.53999999999999
2026-01-18 04:00:00,102.235
2026-01-18 05:00:00,102.08
2026-01-18 06:00:00,101.185
2026-01-18 07:00:00,101.63
2026-01-18 08:00:00,106.3225
2026-01-18 09:00:00,107.4625
2026-01-18 10:00:00,101.91
2026-01-18 11:00:00,98.8675
2026-01-18 12:00:00,96.855
2026-01-18 13:00:00,96.9625
2026-01-18 14:00:00,100.9975
2026-01-18 15:00:00,104.8475
2026-01-18 16:00:00,111.14
2026-01-18 17:00:00,131.135
2026-01-18 18:00:00,145.19
2026-01-18 19:00:00,152.4275
2026-01-18 20:00:00,177.2825
2026-01-18 21:00:00,166.4675
2026-01-18 22:00:00,142.68
2026-01-18 23:00:00,129.34
2026-01-19 00:00:00,119.35
2026-01-19 01:00:00,110.0125
2026-01-19 02:00:00,102.20750000000001
2026-01-19 03:00:00,100.4375
2026-01-19 04:00:00,100.13499999999999
2026-01-19 05:00:00,102.935
2026-01-19 06:00:00,126.9675
2026-01-19 07:00:00,158.7025
2026-01-19 08:00:00,174.19
2026-01-19 09:00:00,151.0675
2026-01-19 10:00:00,132.29
2026-01-19 11:00:00,121.905
2026-01-19 12:00:00,119.235
2026-01-19 13:00:00,118.985
2026-01-19 14:00:00,111.96249999999999
2026-01-19 15:00:00,115.45
2026-01-19 16:00:00,123.08
2026-01-19 17:00:00,138.92
2026-01-19 18:00:00,183.14499999999998
2026-01-19 19:00:00,181.57
2026-01-19 20:00:00,149.615
2026-01-19 21:00:00,135.3425
2026-01-19 22:00:00,126.5825
2026-01-19 23:00:00,112.62
2026-01-20 00:00:00,103.8
2026-01-20 01:00:00,98.1275
2026-01-20 02:00:00,90.3125
2026-01-20 03:00:00,86.27
2026-01-20 04:00:00,83.8275
2026-01-20 05:00:00,87.52
2026-01-20 06:00:00,96.935
2026-01-20 07:00:00,109.99000000000001
2026-01-20 08:00:00,123.855
2026-01-20 09:00:00,118.1925
2026-01-20 10:00:00,98.2125
2026-01-20 11:00:00,94.54
2026-01-20 12:00:00,93.56
2026-01-20 13:00:00,86.145
2026-01-20 14:00:00,86.045
2026-01-20 15:00:00,86.985
2026-01-20 16:00:00,92.1225
2026-01-20 17:00:00,108.99
2026-01-20 18:00:00,125.1
2026-01-20 19:00:00,127.2525
2026-01-20 20:00:00,127.01
2026-01-20 21:00:00,120.825
2026-01-20 22:00:00,108.3275
2026-01-20 23:00:00,97.24
2026-01-21 00:00:00,87.25999999999999
2026-01-21 01:00:00,79.595
2026-01-21 02:00:00,73.6625
2026-01-21 03:00:00,65.8675
2026-01-21 04:00:00,64.625
2026-01-21 05:00:00,69.64750000000001
2026-01-21 06:00:00,84.5275
2026-01-21 07:00:00,96.7475
2026-01-21 08:00:00,97.0
2026-01-21 09:00:00,94.3775
2026-01-21 10:00:00,88.655
2026-01-21 11:00:00,80.885
2026-01-21 12:00:00,70.6075
2026-01-21 13:00:00,69.5175
2026-01-21 14:00:00,74.8775
2026-01-21 15:00:00,80.765
2026-01-21 16:00:00,81.0
2026-01-21 17:00:00,81.895
2026-01-21 18:00:00,80.9025
2026-01-21 19:00:00,92.6075
2026-01-21 20:00:00,99.215
2026-01-21 21:00:00,95.32249999999999
2026-01-21 22:00:00,93.1225
2026-01-21 23:00:00,79.0225
2026-01-22 00:00:00,41.057500000000005
2026-01-22 01:00:00,33.72
2026-01-22 02:00:00,44.394999999999996
2026-01-22 03:00:00,34.3675
2026-01-22 04:00:00,30.637500000000003
2026-01-22 05:00:00,43.43
2026-01-22 06:00:00,48.1375
2026-01-22 07:00:00,56.227500000000006
2026-01-22 08:00:00,75.595
2026-01-22 09:00:00,82.32
2026-01-22 10:00:00,74.0625
2026-01-22 11:00:00,56.7025
2026-01-22 12:00:00,53.307500000000005
2026-01-22 13:00:00,53.34
2026-01-22 14:00:00,55.0625
2026-01-22 15:00:00,63.9925
2026-01-22 16:00:00,68.7975
2026-01-22 17:00:00,78.5475
2026-01-22 18:00:00,80.74
2026-01-22 19:00:00,81.825
2026-01-22 20:00:00,80.975
2026-01-22 21:00:00,77.93
2026-01-22 22:00:00,65.83
2026-01-22 23:00:00,55.0625
2026-01-23 00:00:00,31.4925
2026-01-23 01:00:00,23.7425
2026-01-23 02:00:00,20.572499999999998
2026-01-23 03:00:00,15.91
2026-01-23 04:00:00,15.89
2026-01-23 05:00:00,24.9075
2026-01-23 06:00:00,35.475
2026-01-23 07:00:00,58.29
2026-01-23 08:00:00,56.832499999999996
2026-01-23 09:00:00,31.815
2026-01-23 10:00:00,6.605
2026-01-23 11:00:00,1.0625
2026-01-23 12:00:00,0.9125000000000001
2026-01-23 13:00:00,0.92
2026-01-23 14:00:00,2.015
2026-01-23 15:00:00,4.245
2026-01-23 16:00:00,14.47
2026-01-23 17:00:00,43.9375
2026-01-23 18:00:00,80.6425
2026-01-23 19:00:00,101.0
2026-01-23 20:00:00,107.095
2026-01-23 21:00:00,100.2475
2026-01-23 22:00:00,81.8325
2026-01-23 23:00:00,61.61
2026-01-24 00:00:00,42.9375
2026-01-24 01:00:00,30.1425
2026-01-24 02:00:00,23.9325
2026-01-24 03:00:00,19.18
2026-01-24 04:00:00,15.5
2026-01-24 05:00:00,10.525
2026-01-24 06:00:00,9.254999999999999
2026-01-24 07:00:00,21.4975
2026-01-24 08:00:00,34.33
2026-01-24 09:00:00,37.955
2026-01-24 10:00:00,27.835
2026-01-24 11:00:00,13.6275
2026-01-24 12:00:00,3.9025
2026-01-24 13:00:00,3.78
2026-01-24 14:00:00,3.69
2026-01-24 15:00:00,3.23
2026-01-24 16:00:00,5.64
2026-01-24 17:00:00,23.560000000000002
2026-01-24 18:00:00,27.0
2026-01-24 19:00:00,30.0225
2026-01-24 20:00:00,35.2725
2026-01-24 21:00:00,36.425
2026-01-24 22:00:00,24.8125
2026-01-24 23:00:00,20.925
2026-01-25 00:00:00,21.5275
2026-01-25 01:00:00,16.0325
2026-01-25 02:00:00,5.46
2026-01-25 03:00:00,3.78
2026-01-25 04:00:00,3.78
2026-01-25 05:00:00,3.78
2026-01-25 06:00:00,3.78
2026-01-25 07:00:00,3.78
2026-01-25 08:00:00,3.9625
2026-01-25 09:00:00,3.78
2026-01-25 10:00:00,1.4475
2026-01-25 11:00:00,0.32
2026-01-25 12:00:00,0.035
2026-01-25 13:00:00,0.0
2026-01-25 14:00:00,0.0
2026-01-25 15:00:00,0.0025
2026-01-25 16:00:00,0.5700000000000001
2026-01-25 17:00:00,3.5324999999999998
2026-01-25 18:00:00,28.915
2026-01-25 19:00:00,35.7525
2026-01-25 20:00:00,36.4425
2026-01-25 21:00:00,37.3525
2026-01-25 22:00:00,34.4925
2026-01-25 23:00:00,21.560000000000002
2026-01-26 00:00:00,4.085
2026-01-26 01:00:00,3.1325
2026-01-26 02:00:00,1.9224999999999999
2026-01-26 03:00:00,3.78
2026-01-26 04:00:00,3.78
2026-01-26 05:00:00,5.5874999999999995
2026-01-26 06:00:00,6.65
2026-01-26 07:00:00,24.755
2026-01-26 08:00:00,64.725
2026-01-26 09:00:00,61.0125
2026-01-26 10:00:00,54.095
2026-01-26 11:00:00,48.75
2026-01-26 12:00:00,32.3275
2026-01-26 13:00:00,29.91
2026-01-26 14:00:00,30.4575
2026-01-26 15:00:00,35.025
2026-01-26 16:00:00,43.615
2026-01-26 17:00:00,39.6625
2026-01-26 18:00:00,53.4075
2026-01-26 19:00:00,78.05250000000001
2026-01-26 20:00:00,88.7125
2026-01-26 21:00:00,78.4725
2026-01-26 22:00:00,35.847500000000004
2026-01-26 23:00:00,24.74
2026-01-27 00:00:00,18.46
2026-01-27 01:00:00,5.12
2026-01-27 02:00:00,3.78
2026-01-27 03:00:00,3.78
2026-01-27 04:00:00,3.78
2026-01-27 05:00:00,3.78
2026-01-27 06:00:00,4.842499999999999
2026-01-27 07:00:00,17.625
2026-01-27 08:00:00,32.765
2026-01-27 09:00:00,33.135
2026-01-27 10:00:00,26.6325
2026-01-27 11:00:00,26.8825
2026-01-27 12:00:00,26.3425
2026-01-27 13:00:00,22.72
2026-01-27 14:00:00,20.23
2026-01-27 15:00:00,13.7125
2026-01-27 16:00:00,23.84
2026-01-27 17:00:00,46.505
2026-01-27 18:00:00,55.77
2026-01-27 19:00:00,85.3425
2026-01-27 20:00:00,95.91499999999999
2026-01-27 21:00:00,69.63250000000001
2026-01-27 22:00:00,37.4375
2026-01-27 23:00:00,13.59
2026-01-28 00:00:00,3.78
2026-01-28 01:00:00,3.735
2026-01-28 02:00:00,2.165
2026-01-28 03:00:00,1.98
2026-01-28 04:00:00,2.6325000000000003
2026-01-28 05:00:00,3.5275
2026-01-28 06:00:00,11.8475
2026-01-28 07:00:00,32.2325
2026-01-28 08:00:00,72.27
2026-01-28 09:00:00,78.14
2026-01-28 10:00:00,46.68
2026-01-28 11:00:00,22.4125
2026-01-28 12:00:00,12.775
2026-01-28 13:00:00,8.09
2026-01-28 14:00:00,3.78
2026-01-28 15:00:00,3.78
2026-01-28 16:00:00,7.46
2026-01-28 17:00:00,23.2225
2026-01-28 18:00:00,48.8575
2026-01-28 19:00:00,75.9625
2026-01-28 20:00:00,86.275
2026-01-28 21:00:00,73.60249999999999
2026-01-28 22:00:00,34.29
2026-01-28 23:00:00,13.9125
2026-01-29 00:00:00,24.3425
2026-01-29 01:00:00,18.1575
2026-01-29 02:00:00,13.945
2026-01-29 03:00:00,13.7425
2026-01-29 04:00:00,13.5475
2026-01-29 05:00:00,15.4175
2026-01-29 06:00:00,26.634999999999998
2026-01-29 07:00:00,53.9325
2026-01-29 08:00:00,39.042500000000004
2026-01-29 09:00:00,35.26
2026-01-29 10:00:00,31.235
2026-01-29 11:00:00,26.8175
2026-01-29 12:00:00,23.335
2026-01-29 13:00:00,22.9725
2026-01-29 14:00:00,20.7075
2026-01-29 15:00:00,18.5
2026-01-29 16:00:00,18.9975
2026-01-29 17:00:00,30.182499999999997
2026-01-29 18:00:00,36.2625
2026-01-29 19:00:00,35.0175
2026-01-29 20:00:00,35.02
2026-01-29 21:00:00,34.7125
2026-01-29 22:00:00,27.322499999999998
2026-01-29 23:00:00,11.07
2026-01-30 00:00:00,2.05
2026-01-30 01:00:00,0.9325
2026-01-30 02:00:00,0.8400000000000001
2026-01-30 03:00:00,0.725
2026-01-30 04:00:00,0.73
2026-01-30 05:00:00,1.2850000000000001
2026-01-30 06:00:00,3.0625
2026-01-30 07:00:00,30.8675
2026-01-30 08:00:00,35.02
2026-01-30 09:00:00,27.3375
2026-01-30 10:00:00,11.145
2026-01-30 11:00:00,3.5324999999999998
2026-01-30 12:00:00,2.2475
2026-01-30 13:00:00,1.455
2026-01-30 14:00:00,0.9775
2026-01-30 15:00:00,1.75
2026-01-30 16:00:00,3.285
2026-01-30 17:00:00,10.9275
2026-01-30 18:00:00,31.4075
2026-01-30 19:00:00,37.4075
2026-01-30 20:00:00,37.6725
2026-01-30 21:00:00,34.7625
2026-01-30 22:00:00,19.09
2026-01-30 23:00:00,4.075
2026-01-31 00:00:00,0.0075
2026-01-31 01:00:00,-0.0075
2026-01-31 02:00:00,-0.005
2026-01-31 03:00:00,-0.0175
2026-01-31 04:00:00,-0.0275
2026-01-31 05:00:00,-0.42
2026-01-31 06:00:00,-0.1925
2026-01-31 07:00:00,-0.0025
2026-01-31 08:00:00,0.0
2026-01-31 09:00:00,-0.11249999999999999
2026-01-31 10:00:00,-0.3525
2026-01-31 11:00:00,-0.44
2026-01-31 12:00:00,-0.44
2026-01-31 13:00:00,-0.42
2026-01-31 14:00:00,-0.42
2026-01-31 15:00:00,-0.42
2026-01-31 16:00:00,-0.11
2026-01-31 17:00:00,0.435
2026-01-31 18:00:00,9.04
2026-01-31 19:00:00,29.17
2026-01-31 20:00:00,35.0
2026-01-31 21:00:00,35.0
2026-01-31 22:00:00,21.45
2026-01-31 23:00:00,6.907500000000001
2026-02-01 00:00:00,2.935
2026-02-01 01:00:00,1.1325
2026-02-01 02:00:00,0.5900000000000001
2026-02-01 03:00:00,0.14
2026-02-01 04:00:00,0.0975
2026-02-01 05:00:00,0.3825
2026-02-01 06:00:00,1.15
2026-02-01 07:00:00,3.33
2026-02-01 08:00:00,5.975
2026-02-01 09:00:00,9.0825
2026-02-01 10:00:00,3.36
2026-02-01 11:00:00,2.35
2026-02-01 12:00:00,1.8050000000000002
2026-02-01 13:00:00,2.045
2026-02-01 14:00:00,2.045
2026-02-01 15:00:00,1.9075
2026-02-01 16:00:00,7.32
2026-02-01 17:00:00,32.6775
2026-02-01 18:00:00,78.095
2026-02-01 19:00:00,122.725
2026-02-01 20:00:00,127.075
2026-02-01 21:00:00,113.1225
2026-02-01 22:00:00,42.1075
2026-02-01 23:00:00,28.365000000000002
2026-02-02 00:00:00,7.38
2026-02-02 01:00:00,2.6149999999999998
2026-02-02 02:00:00,0.9125000000000001
2026-02-02 03:00:00,0.18
2026-02-02 04:00:00,0.005
2026-02-02 05:00:00,0.2725
2026-02-02 06:00:00,2.885
2026-02-02 07:00:00,27.6725
2026-02-02 08:00:00,35.0125
2026-02-02 09:00:00,31.005
2026-02-02 10:00:00,13.1775
2026-02-02 11:00:00,3.33
2026-02-02 12:00:00,0.8925000000000001
2026-02-02 13:00:00,0.0825
2026-02-02 14:00:00,0.01
2026-02-02 15:00:00,0.015
2026-02-02 16:00:00,0.8775
2026-02-02 17:00:00,9.2425
2026-02-02 18:00:00,32.6775
2026-02-02 19:00:00,38.3975
2026-02-02 20:00:00,51.3525
2026-02-02 21:00:00,36.955
2026-02-02 22:00:00,30.4075
2026-02-02 23:00:00,6.66
2026-02-03 00:00:00,0.0425
2026-02-03 01:00:00,0.0
2026-02-03 02:00:00,0.0
2026-02-03 03:00:00,0.0
2026-02-03 04:00:00,0.0
2026-02-03 05:00:00,0.125
2026-02-03 06:00:00,4.145
2026-02-03 07:00:00,61.8625
2026-02-03 08:00:00,108.7975
2026-02-03 09:00:00,73.635
2026-02-03 10:00:00,18.5425
2026-02-03 11:00:00,2.1475
2026-02-03 12:00:00,0.91
2026-02-03 13:00:00,0.91
2026-02-03 14:00:00,0.785
2026-02-03 15:00:00,0.9825
2026-02-03 16:00:00,3.6675
2026-02-03 17:00:00,31.134999999999998
2026-02-03 18:00:00,92.385
2026-02-03 19:00:00,125.9225
2026-02-03 20:00:00,115.4525
2026-02-03 21:00:00,92.89
2026-02-03 22:00:00,40.3975
2026-02-03 23:00:00,11.067499999999999
2026-02-04 00:00:00,8.025
2026-02-04 01:00:00,3.78
2026-02-04 02:00:00,3.78
2026-02-04 03:00:00,1.885
2026-02-04 04:00:00,0.7075
2026-02-04 05:00:00,0.7925
2026-02-04 06:00:00,3.635
2026-02-04 07:00:00,31.302500000000002
2026-02-04 08:00:00,35.0175
2026-02-04 09:00:00,32.6775
2026-02-04 10:00:00,13.8725
2026-02-04 11:00:00,5.9375
2026-02-04 12:00:00,3.78
2026-02-04 13:00:00,3.78
2026-02-04 14:00:00,3.78
2026-02-04 15:00:00,3.78
2026-02-04 16:00:00,5.3425
2026-02-04 17:00:00,17.5575
2026-02-04 18:00:00,33.7575
2026-02-04 19:00:00,49.1425
2026-02-04 20:00:00,62.0625
2026-02-04 21:00:00,46.6725
2026-02-04 22:00:00,31.4225
2026-02-04 23:00:00,10.7775
2026-02-05 00:00:00,3.33
2026-02-05 01:00:00,0.2325
2026-02-05 02:00:00,0.0
2026-02-05 03:00:00,0.0
2026-02-05 04:00:00,0.0
2026-02-05 05:00:00,0.0
2026-02-05 06:00:00,0.725
2026-02-05 07:00:00,6.14
2026-02-05 08:00:00,11.875
2026-02-05 09:00:00,4.42
2026-02-05 10:00:00,2.4425
2026-02-05 11:00:00,0.24250000000000002
2026-02-05 12:00:00,0.0
2026-02-05 13:00:00,-0.0025
2026-02-05 14:00:00,-0.0425
2026-02-05 15:00:00,-0.1
2026-02-05 16:00:00,-0.015000000000000001
2026-02-05 17:00:00,0.3375
2026-02-05 18:00:00,10.620000000000001
2026-02-05 19:00:00,35.004999999999995
2026-02-05 20:00:00,35.02
2026-02-05 21:00:00,32.7475
2026-02-05 22:00:00,7.5675
2026-02-05 23:00:00,0.7475
2026-02-06 00:00:00,0.005
2026-02-06 01:00:00,-0.015
2026-02-06 02:00:00,-0.1225
2026-02-06 03:00:00,-0.15
2026-02-06 04:00:00,-0.1375
2026-02-06 05:00:00,-0.060000000000000005
2026-02-06 06:00:00,0.5375
2026-02-06 07:00:00,9.675
2026-02-06 08:00:00,28.455
2026-02-06 09:00:00,11.3675
2026-02-06 10:00:00,0.3875
2026-02-06 11:00:00,0.0025
2026-02-06 12:00:00,0.0
2026-02-06 13:00:00,-0.005
2026-02-06 14:00:00,-0.01
2026-02-06 15:00:00,-0.005
2026-02-06 16:00:00,0.0025
2026-02-06 17:00:00,1.8875
2026-02-06 18:00:00,27.502499999999998
2026-02-06 19:00:00,51.325
2026-02-06 20:00:00,47.9325
2026-02-06 21:00:00,35.7575
2026-02-06 22:00:00,8.555
2026-02-06 23:00:00,2.5175
2026-02-07 00:00:00,0.285
2026-02-07 01:00:00,0.0
2026-02-07 02:00:00,-0.05
2026-02-07 03:00:00,-0.135
2026-02-07 04:00:00,-0.1625
2026-02-07 05:00:00,-0.17
2026-02-07 06:00:00,-0.1125
2026-02-07 07:00:00,-0.0025
2026-02-07 08:00:00,0.0
2026-02-07 09:00:00,-0.0025
2026-02-07 10:00:00,-0.0425
2026-02-07 11:00:00,-0.10250000000000001
2026-02-07 12:00:00,-0.05
2026-02-07 13:00:00,0.0
2026-02-07 14:00:00,0.005
2026-02-07 15:00:00,0.2475
2026-02-07 16:00:00,1.5425
2026-02-07 17:00:00,6.335
2026-02-07 18:00:00,27.3175
2026-02-07 19:00:00,35.655
2026-02-07 20:00:00,35.260000000000005
2026-02-07 21:00:00,35.015
2026-02-07 22:00:00,19.7025
2026-02-07 23:00:00,3.98
2026-02-08 00:00:00,0.3625
2026-02-08 01:00:00,0.0
2026-02-08 02:00:00,-0.01
2026-02-08 03:00:00,-0.10250000000000001
2026-02-08 04:00:00,-0.1
2026-02-08 05:00:00,-0.0675
2026-02-08 06:00:00,-0.0025
2026-02-08 07:00:00,0.0025
2026-02-08 08:00:00,0.0025
2026-02-08 09:00:00,-0.2125
2026-02-08 10:00:00,-1.205
2026-02-08 11:00:00,-2.2025
2026-02-08 12:00:00,-2.1
2026-02-08 13:00:00,-2.0075
2026-02-08 14:00:00,-2.0825
2026-02-08 15:00:00,-2.0775
2026-02-08 16:00:00,-1.155
2026-02-08 17:00:00,-0.1225
2026-02-08 18:00:00,3.39
2026-02-08 19:00:00,35.01
2026-02-08 20:00:00,42.3925
2026-02-08 21:00:00,42.775
2026-02-08 22:00:00,26.0
2026-02-08 23:00:00,5.694999999999999
2026-02-09 00:00:00,0.475
2026-02-09 01:00:00,0.0025
2026-02-09 02:00:00,-0.0025
2026-02-09 03:00:00,-0.0225
2026-02-09 04:00:00,-0.017499999999999998
2026-02-09 05:00:00,0.0025
2026-02-09 06:00:00,4.0925
2026-02-09 07:00:00,42.005
2026-02-09 08:00:00,85.91499999999999
2026-02-09 09:00:00,42.207499999999996
2026-02-09 10:00:00,12.3175
2026-02-09 11:00:00,3.2199999999999998
2026-02-09 12:00:00,0.7125
2026-02-09 13:00:00,0.095
2026-02-09 14:00:00,0.0225
2026-02-09 15:00:00,0.08
2026-02-09 16:00:00,0.9650000000000001
2026-02-09 17:00:00,4.2625
2026-02-09 18:00:00,31.127499999999998
2026-02-09 19:00:00,94.8775
2026-02-09 20:00:00,91.395
2026-02-09 21:00:00,68.6025
2026-02-09 22:00:00,18.310000000000002
2026-02-09 23:00:00,2.1799999999999997
2026-02-10 00:00:00,0.5725
2026-02-10 01:00:00,0.045
2026-02-10 02:00:00,0.0
2026-02-10 03:00:00,0.0
2026-02-10 04:00:00,0.0
2026-02-10 05:00:00,0.0
2026-02-10 06:00:00,0.03
2026-02-10 07:00:00,2.64
2026-02-10 08:00:00,6.19
2026-02-10 09:00:00,2.585
2026-02-10 10:00:00,2.4375
2026-02-10 11:00:00,0.8075
2026-02-10 12:00:00,0.3075
2026-02-10 13:00:00,0.0725
2026-02-10 14:00:00,0.0175
2026-02-10 15:00:00,0.0675
2026-02-10 16:00:00,0.5
2026-02-10 17:00:00,2.035
2026-02-10 18:00:00,4.445
2026-02-10 19:00:00,31.942500000000003
2026-02-10 20:00:00,35.0
2026-02-10 21:00:00,19.43
2026-02-10 22:00:00,2.6
2026-02-10 23:00:00,0.9475
2026-02-11 00:00:00,0.005
2026-02-11 01:00:00,-0.0025
2026-02-11 02:00:00,-0.33999999999999997
2026-02-11 03:00:00,-0.42
2026-02-11 04:00:00,-0.42
2026-02-11 05:00:00,-0.3175
2026-02-11 06:00:00,0.08750000000000001
2026-02-11 07:00:00,3.33
2026-02-11 08:00:00,3.78
2026-02-11 09:00:00,3.085
2026-02-11 10:00:00,0.9025
2026-02-11 11:00:00,0.2775
2026-02-11 12:00:00,0.01
2026-02-11 13:00:00,0.0
2026-02-11 14:00:00,0.015
2026-02-11 15:00:00,0.3325
2026-02-11 16:00:00,0.9
2026-02-11 17:00:00,3.33
2026-02-11 18:00:00,10.092500000000001
2026-02-11 19:00:00,32.6975
2026-02-11 20:00:00,30.625
2026-02-11 21:00:00,8.605
2026-02-11 22:00:00,4.085
2026-02-11 23:00:00,0.81
2026-02-12 00:00:00,0.005
2026-02-12 01:00:00,-0.0025
2026-02-12 02:00:00,-0.2375
2026-02-12 03:00:00,-0.42
2026-02-12 04:00:00,-0.42
2026-02-12 05:00:00,-0.2175
2026-02-12 06:00:00,0.0025
2026-02-12 07:00:00,2.25
2026-02-12 08:00:00,2.9699999999999998
2026-02-12 09:00:00,0.4525
2026-02-12 10:00:00,-0.38
2026-02-12 11:00:00,-0.81
2026-02-12 12:00:00,-0.975
2026-02-12 13:00:00,-1.0
2026-02-12 14:00:00,-1.0
2026-02-12 15:00:00,-0.9475
2026-02-12 16:00:00,-0.5325
2026-02-12 17:00:00,0.565
2026-02-12 18:00:00,11.0625
2026-02-12 19:00:00,32.6175
2026-02-12 20:00:00,35.0025
2026-02-12 21:00:00,29.15
2026-02-12 22:00:00,21.75
2026-02-12 23:00:00,7.945
2026-02-13 00:00:00,3.335
2026-02-13 01:00:00,0.9400000000000001
2026-02-13 02:00:00,0.1575
2026-02-13 03:00:00,0.25
2026-02-13 04:00:00,0.66
2026-02-13 05:00:00,2.1475
2026-02-13 06:00:00,6.7325
2026-02-13 07:00:00,26.197499999999998
2026-02-13 08:00:00,27.7375
2026-02-13 09:00:00,9.3
2026-02-13 10:00:00,1.1425
2026-02-13 11:00:00,0.08249999999999999
2026-02-13 12:00:00,0.0
2026-02-13 13:00:00,0.0
2026-02-13 14:00:00,-0.0025
2026-02-13 15:00:00,-0.02
2026-02-13 16:00:00,-0.015
2026-02-13 17:00:00,0.0075
2026-02-13 18:00:00,1.6825
2026-02-13 19:00:00,7.1850000000000005
2026-02-13 20:00:00,10.135
2026-02-13 21:00:00,5.9875
2026-02-13 22:00:00,2.215
2026-02-13 23:00:00,0.13499999999999998
2026-02-14 00:00:00,0.0375
2026-02-14 01:00:00,0.0
2026-02-14 02:00:00,-0.03
2026-02-14 03:00:00,-0.27749999999999997
2026-02-14 04:00:00,-0.42
2026-02-14 05:00:00,-0.42
2026-02-14 06:00:00,-0.055
2026-02-14 07:00:00,0.0
2026-02-14 08:00:00,-0.0275
2026-02-14 09:00:00,-0.7324999999999999
2026-02-14 10:00:00,-2.1775
2026-02-14 11:00:00,-3.4
2026-02-14 12:00:00,-4.0
2026-02-14 13:00:00,-4.0
2026-02-14 14:00:00,-4.0
2026-02-14 15:00:00,-4.0
2026-02-14 16:00:00,-3.1525
2026-02-14 17:00:00,-0.87
2026-02-14 18:00:00,1.4525000000000001
2026-02-14 19:00:00,15.775
2026-02-14 20:00:00,22.0
2026-02-14 21:00:00,22.0
2026-02-14 22:00:00,13.07
2026-02-14 23:00:00,4.3475
2026-02-15 00:00:00,4.8325
2026-02-15 01:00:00,1.6375000000000002
2026-02-15 02:00:00,0.235
2026-02-15 03:00:00,0.005
2026-02-15 04:00:00,0.0
2026-02-15 05:00:00,0.0
2026-02-15 06:00:00,0.01
2026-02-15 07:00:00,0.0625
2026-02-15 08:00:00,0.0
2026-02-15 09:00:00,-0.63
2026-02-15 10:00:00,-1.1875
2026-02-15 11:00:00,-1.975
2026-02-15 12:00:00,-2.1
2026-02-15 13:00:00,-2.1
2026-02-15 14:00:00,-2.2025
2026-02-15 15:00:00,-2.4074999999999998
2026-02-15 16:00:00,-1.7000000000000002
2026-02-15 17:00:00,-0.4675
2026-02-15 18:00:00,2.09
2026-02-15 19:00:00,12.5
2026-02-15 20:00:00,10.7
2026-02-15 21:00:00,11.7575
2026-02-15 22:00:00,6.305
2026-02-15 23:00:00,1.92
2026-02-16 00:00:00,0.0075
2026-02-16 01:00:00,0.0
2026-02-16 02:00:00,-0.0075
2026-02-16 03:00:00,-0.015
2026-02-16 04:00:00,-0.0325
2026-02-16 05:00:00,-0.0075
2026-02-16 06:00:00,0.4025
2026-02-16 07:00:00,6.595
2026-02-16 08:00:00,9.9575
2026-02-16 09:00:00,2.1525
2026-02-16 10:00:00,0.09999999999999999
2026-02-16 11:00:00,0.0
2026-02-16 12:00:00,-0.0025
2026-02-16 13:00:00,-0.005
2026-02-16 14:00:00,-0.0025
2026-02-16 15:00:00,0.0
2026-02-16 16:00:00,0.0025
2026-02-16 17:00:00,1.4825
2026-02-16 18:00:00,8.7325
2026-02-16 19:00:00,25.3525
2026-02-16 20:00:00,24.745
2026-02-16 21:00:00,13.8375
2026-02-16 22:00:00,10.16
2026-02-16 23:00:00,2.175
2026-02-17 00:00:00,4.0875
2026-02-17 01:00:00,2.6125
2026-02-17 02:00:00,0.975
2026-02-17 03:00:00,0.1725
2026-02-17 04:00:00,0.12
2026-02-17 05:00:00,1.9275
2026-02-17 06:00:00,9.5975
2026-02-17 07:00:00,29.865000000000002
2026-02-17 08:00:00,32.7025
2026-02-17 09:00:00,14.825
2026-02-17 10:00:00,1.74
2026-02-17 11:00:00,0.13999999999999999
2026-02-17 12:00:00,0.0025
2026-02-17 13:00:00,0.0
2026-02-17 14:00:00,-0.0025
2026-02-17 15:00:00,-0.0075
2026-02-17 16:00:00,0.05
2026-02-17 17:00:00,9.594999999999999
2026-02-17 18:00:00,69.045
2026-02-17 19:00:00,129.8675
2026-02-17 20:00:00,114.4625
2026-02-17 21:00:00,101.1925
2026-02-17 22:00:00,83.535
2026-02-17 23:00:00,36.26
2026-02-18 00:00:00,35.0125
2026-02-18 01:00:00,28.33
2026-02-18 02:00:00,24.615000000000002
2026-02-18 03:00:00,23.2975
2026-02-18 04:00:00,21.6525
2026-02-18 05:00:00,23.0
2026-02-18 06:00:00,27.535
2026-02-18 07:00:00,59.6725
2026-02-18 08:00:00,72.0475
2026-02-18 09:00:00,23.645
2026-02-18 10:00:00,5.6575
2026-02-18 11:00:00,1.6675
2026-02-18 12:00:00,0.1875
2026-02-18 13:00:00,0.0
2026-02-18 14:00:00,0.0
2026-02-18 15:00:00,0.0
2026-02-18 16:00:00,0.255
2026-02-18 17:00:00,2.55
2026-02-18 18:00:00,10.66
2026-02-18 19:00:00,24.95
2026-02-18 20:00:00,25.54
2026-02-18 21:00:00,20.0175
2026-02-18 22:00:00,6.1674999999999995
2026-02-18 23:00:00,1.3900000000000001
2026-02-19 00:00:00,2.6574999999999998
2026-02-19 01:00:00,0.3975
2026-02-19 02:00:00,0.055
2026-02-19 03:00:00,0.0
2026-02-19 04:00:00,0.0025
2026-02-19 05:00:00,0.355
2026-02-19 06:00:00,2.6125
2026-02-19 07:00:00,16.06
2026-02-19 08:00:00,13.455
2026-02-19 09:00:00,1.4625
2026-02-19 10:00:00,-0.2375
2026-02-19 11:00:00,-0.5325
2026-02-19 12:00:00,-0.755
2026-02-19 13:00:00,-0.81
2026-02-19 14:00:00,-0.81
2026-02-19 15:00:00,-0.795
2026-02-19 16:00:00,-0.3025
2026-02-19 17:00:00,1.4625
2026-02-19 18:00:00,23.11
2026-02-19 19:00:00,74.94749999999999
2026-02-19 20:00:00,81.2975
2026-02-19 21:00:00,63.525
2026-02-19 22:00:00,46.325
2026-02-19 23:00:00,33.4025
2026-02-20 00:00:00,24.9425
2026-02-20 01:00:00,20.3775
2026-02-20 02:00:00,12.4525
2026-02-20 03:00:00,7.2575
2026-02-20 04:00:00,6.89
2026-02-20 05:00:00,9.7975
2026-02-20 06:00:00,24.03
2026-02-20 07:00:00,61.39
2026-02-20 08:00:00,54.285
2026-02-20 09:00:00,7.445
2026-02-20 10:00:00,-0.1525
2026-02-20 11:00:00,-0.6825
2026-02-20 12:00:00,-0.925
2026-02-20 13:00:00,-0.995
2026-02-20 14:00:00,-0.9924999999999999
2026-02-20 15:00:00,-0.9275
2026-02-20 16:00:00,-0.2925
2026-02-20 17:00:00,9.4125
2026-02-20 18:00:00,59.0975
2026-02-20 19:00:00,93.4575
2026-02-20 20:00:00,100.535
2026-02-20 21:00:00,96.02
2026-02-20 22:00:00,60.067499999999995
2026-02-20 23:00:00,38.68
2026-02-21 00:00:00,32.97
2026-02-21 01:00:00,27.752499999999998
2026-02-21 02:00:00,24.1025
2026-02-21 03:00:00,23.0
2026-02-21 04:00:00,20.005000000000003
2026-02-21 05:00:00,23.0
2026-02-21 06:00:00,27.4675
2026-02-21 07:00:00,31.465
2026-02-21 08:00:00,27.9825
2026-02-21 09:00:00,10.17
2026-02-21 10:00:00,0.5875
2026-02-21 11:00:00,0.0
2026-02-21 12:00:00,-0.0025
2026-02-21 13:00:00,-0.005
2026-02-21 14:00:00,-0.01
2026-02-21 15:00:00,-0.01
2026-02-21 16:00:00,0.0
2026-02-21 17:00:00,7.7775
2026-02-21 18:00:00,46.2825
2026-02-21 19:00:00,93.81
2026-02-21 20:00:00,101.4
2026-02-21 21:00:00,98.325
2026-02-21 22:00:00,65.9525
2026-02-21 23:00:00,36.5075
2026-02-22 00:00:00,33.8
2026-02-22 01:00:00,27.2325
2026-02-22 02:00:00,22.697499999999998
2026-02-22 03:00:00,15.2675
2026-02-22 04:00:00,9.385
2026-02-22 05:00:00,9.18
2026-02-22 06:00:00,11.7375
2026-02-22 07:00:00,19.575
2026-02-22 08:00:00,5.9675
2026-02-22 09:00:00,0.975
2026-02-22 10:00:00,-0.2575
2026-02-22 11:00:00,-0.59
2026-02-22 12:00:00,-0.965
2026-02-22 13:00:00,-0.7475
2026-02-22 14:00:00,-0.6
2026-02-22 15:00:00,-0.6525
2026-02-22 16:00:00,-0.1425
2026-02-22 17:00:00,5.425000000000001
2026-02-22 18:00:00,21.68
2026-02-22 19:00:00,69.0625
2026-02-22 20:00:00,99.335
2026-02-22 21:00:00,93.905
2026-02-22 22:00:00,56.5175
2026-02-22 23:00:00,35.2575
2026-02-23 00:00:00,23.8875
2026-02-23 01:00:00,19.64
2026-02-23 02:00:00,17.6125
2026-02-23 03:00:00,11.655000000000001
2026-02-23 04:00:00,9.8125
2026-02-23 05:00:00,18.0275
2026-02-23 06:00:00,24.225
2026-02-23 07:00:00,60.072500000000005
2026-02-23 08:00:00,60.6925
2026-02-23 09:00:00,13.1975
2026-02-23 10:00:00,0.225
2026-02-23 11:00:00,-0.3725
2026-02-23 12:00:00,-1.1475
2026-02-23 13:00:00,-1.0775000000000001
2026-02-23 14:00:00,-1.0025
2026-02-23 15:00:00,-0.75
2026-02-23 16:00:00,-0.05
2026-02-23 17:00:00,18.065
2026-02-23 18:00:00,71.405
2026-02-23 19:00:00,120.0725
2026-02-23 20:00:00,175.13
2026-02-23 21:00:00,110.76
2026-02-23 22:00:00,54.1575
2026-02-23 23:00:00,31.555
2026-02-24 00:00:00,31.945
2026-02-24 01:00:00,23.395
2026-02-24 02:00:00,21.3
2026-02-24 03:00:00,20.2875
2026-02-24 04:00:00,19.03
2026-02-24 05:00:00,22.3675
2026-02-24 06:00:00,36.2375
2026-02-24 07:00:00,85.7225
2026-02-24 08:00:00,63.4975
2026-02-24 09:00:00,18.0775
2026-02-24 10:00:00,0.225
2026-02-24 11:00:00,-0.40499999999999997
2026-02-24 12:00:00,-0.7725000000000001
2026-02-24 13:00:00,-0.8325
2026-02-24 14:00:00,-0.9225
2026-02-24 15:00:00,-0.8775000000000001
2026-02-24 16:00:00,-0.052500000000000005
2026-02-24 17:00:00,13.6275
2026-02-24 18:00:00,47.9775
2026-02-24 19:00:00,98.1525
2026-02-24 20:00:00,74.98
2026-02-24 21:00:00,39.555
2026-02-24 22:00:00,34.345
2026-02-24 23:00:00,31.055
2026-02-25 00:00:00,19.015
2026-02-25 01:00:00,14.5525
2026-02-25 02:00:00,11.3025
2026-02-25 03:00:00,7.6
2026-02-25 04:00:00,7.67
2026-02-25 05:00:00,10.735
2026-02-25 06:00:00,24.939999999999998
2026-02-25 07:00:00,66.89750000000001
2026-02-25 08:00:00,66.7
2026-02-25 09:00:00,14.575
2026-02-25 10:00:00,0.20500000000000002
2026-02-25 11:00:00,-0.1575
2026-02-25 12:00:00,-0.5549999999999999
2026-02-25 13:00:00,-0.81
2026-02-25 14:00:00,-0.55
2026-02-25 15:00:00,-0.395
2026-02-25 16:00:00,1.1724999999999999
2026-02-25 17:00:00,18.3675
2026-02-25 18:00:00,67.08
2026-02-25 19:00:00,104.44
2026-02-25 20:00:00,104.095
2026-02-25 21:00:00,95.75
2026-02-25 22:00:00,54.4775
2026-02-25 23:00:00,30.595000000000002
2026-02-26 00:00:00,28.7575
2026-02-26 01:00:00,23.045
2026-02-26 02:00:00,17.3
2026-02-26 03:00:00,11.7425
2026-02-26 04:00:00,11.805
2026-02-26 05:00:00,19.9525
2026-02-26 06:00:00,28.252499999999998
2026-02-26 07:00:00,70.985
2026-02-26 08:00:00,54.46
2026-02-26 09:00:00,14.635
2026-02-26 10:00:00,-0.2
2026-02-26 11:00:00,-1.75
2026-02-26 12:00:00,-2.1
2026-02-26 13:00:00,-2.1
2026-02-26 14:00:00,-2.1
2026-02-26 15:00:00,-2.1
2026-02-26 16:00:00,-0.7525
2026-02-26 17:00:00,7.6775
2026-02-26 18:00:00,38.995
2026-02-26 19:00:00,94.4425
2026-02-26 20:00:00,102.275
2026-02-26 21:00:00,84.7325
2026-02-26 22:00:00,37.275
2026-02-26 23:00:00,21.91
2026-02-27 00:00:00,20.07
2026-02-27 01:00:00,10.932500000000001
2026-02-27 02:00:00,11.6175
2026-02-27 03:00:00,10.4875
2026-02-27 04:00:00,9.7025
2026-02-27 05:00:00,11.344999999999999
2026-02-27 06:00:00,22.9025
2026-02-27 07:00:00,33.754999999999995
2026-02-27 08:00:00,29.3425
2026-02-27 09:00:00,14.4
2026-02-27 10:00:00,2.9
2026-02-27 11:00:00,0.0
2026-02-27 12:00:00,-0.0025
2026-02-27 13:00:00,-0.0075
2026-02-27 14:00:00,-0.0025
2026-02-27 15:00:00,0.23500000000000001
2026-02-27 16:00:00,5.904999999999999
2026-02-27 17:00:00,16.285
2026-02-27 18:00:00,31.395
2026-02-27 19:00:00,62.925
2026-02-27 20:00:00,73.58500000000001
2026-02-27 21:00:00,55.3125
2026-02-27 22:00:00,33.7975
2026-02-27 23:00:00,25.535
2026-02-28 00:00:00,16.4725
2026-02-28 01:00:00,6.79
2026-02-28 02:00:00,8.7475
2026-02-28 03:00:00,4.15
2026-02-28 04:00:00,3.525
2026-02-28 05:00:00,3.8249999999999997
2026-02-28 06:00:00,4.48
2026-02-28 07:00:00,3.9125
2026-02-28 08:00:00,3.6125
2026-02-28 09:00:00,1.7725
2026-02-28 10:00:00,0.0
2026-02-28 11:00:00,-0.02
2026-02-28 12:00:00,-0.01
2026-02-28 13:00:00,-0.0125
2026-02-28 14:00:00,-0.0075
2026-02-28 15:00:00,0.0
2026-02-28 16:00:00,0.1725
2026-02-28 17:00:00,2.7824999999999998
2026-02-28 18:00:00,21.935000000000002
2026-02-28 19:00:00,73.64750000000001
2026-02-28 20:00:00,63.8925
2026-02-28 21:00:00,51.725
2026-02-28 22:00:00,41.63
2026-02-28 23:00:00,35.0125
2026-03-01 00:00:00,32.464999999999996
2026-03-01 01:00:00,31.125
2026-03-01 02:00:00,24.1675
2026-03-01 03:00:00,23.0
2026-03-01 04:00:00,23.0
2026-03-01 05:00:00,23.0
2026-03-01 06:00:00,23.9225
2026-03-01 07:00:00,23.875
2026-03-01 08:00:00,17.195
2026-03-01 09:00:00,1.245
2026-03-01 10:00:00,-0.3325
2026-03-01 11:00:00,-1.9275000000000002
2026-03-01 12:00:00,-2.1
2026-03-01 13:00:00,-2.1
2026-03-01 14:00:00,-2.1
2026-03-01 15:00:00,-2.0775
2026-03-01 16:00:00,-1.3325
2026-03-01 17:00:00,-0.33499999999999996
2026-03-01 18:00:00,7.0475
2026-03-01 19:00:00,33.7725
2026-03-01 20:00:00,35.0125
2026-03-01 21:00:00,28.8475
2026-03-01 22:00:00,26.5375
2026-03-01 23:00:00,18.0825
2026-03-02 00:00:00,15.877500000000001
2026-03-02 01:00:00,8.875
2026-03-02 02:00:00,5.2175
2026-03-02 03:00:00,4.875
2026-03-02 04:00:00,4.515000000000001
2026-03-02 05:00:00,9.3725
2026-03-02 06:00:00,20.795
2026-03-02 07:00:00,26.6725
2026-03-02 08:00:00,24.9
2026-03-02 09:00:00,14.2925
2026-03-02 10:00:00,2.26
2026-03-02 11:00:00,0.1775
2026-03-02 12:00:00,0.0
2026-03-02 13:00:00,0.0
2026-03-02 14:00:00,0.0
2026-03-02 15:00:00,0.6125
2026-03-02 16:00:00,2.2075
2026-03-02 17:00:00,9.6175
2026-03-02 18:00:00,27.34
2026-03-02 19:00:00,65.36
2026-03-02 20:00:00,79.975
2026-03-02 21:00:00,50.9525
2026-03-02 22:00:00,36.605000000000004
2026-03-02 23:00:00,30.1875
2026-03-03 00:00:00,34.41
2026-03-03 01:00:00,29.195
2026-03-03 02:00:00,24.275
2026-03-03 03:00:00,23.0
2026-03-03 04:00:00,23.0
2026-03-03 05:00:00,25.29
2026-03-03 06:00:00,30.197499999999998
2026-03-03 07:00:00,35.542500000000004
2026-03-03 08:00:00,34.2975
2026-03-03 09:00:00,22.8225
2026-03-03 10:00:00,6.9399999999999995
2026-03-03 11:00:00,3.38
2026-03-03 12:00:00,1.9175
2026-03-03 13:00:00,1.1875
2026-03-03 14:00:00,1.0375
2026-03-03 15:00:00,0.9325
2026-03-03 16:00:00,3.06
2026-03-03 17:00:00,12.8375
2026-03-03 18:00:00,37.115
2026-03-03 19:00:00,87.0625
2026-03-03 20:00:00,93.3475
2026-03-03 21:00:00,62.33
2026-03-03 22:00:00,52.9125
2026-03-03 23:00:00,36.24
2026-03-04 00:00:00,64.075
2026-03-04 01:00:00,51.275
2026-03-04 02:00:00,42.56
2026-03-04 03:00:00,38.8775
2026-03-04 04:00:00,37.285
2026-03-04 05:00:00,42.65
2026-03-04 06:00:00,43.9425
2026-03-04 07:00:00,79.09
2026-03-04 08:00:00,72.2125
2026-03-04 09:00:00,46.235
2026-03-04 10:00:00,28.18
2026-03-04 11:00:00,17.2725
2026-03-04 12:00:00,7.3825
2026-03-04 13:00:00,5.995
2026-03-04 14:00:00,9.6
2026-03-04 15:00:00,17.6525
2026-03-04 16:00:00,17.07
2026-03-04 17:00:00,43.6975
2026-03-04 18:00:00,93.9675
2026-03-04 19:00:00,176.985
2026-03-04 20:00:00,163.655
2026-03-04 21:00:00,98.3475
2026-03-04 22:00:00,82.95750000000001
2026-03-04 23:00:00,75.24
2026-03-05 00:00:00,94.83250000000001
2026-03-05 01:00:00,85.4775
2026-03-05 02:00:00,84.2975
2026-03-05 03:00:00,74.0175
2026-03-05 04:00:00,76.21
2026-03-05 05:00:00,86.42
2026-03-05 06:00:00,111.515
2026-03-05 07:00:00,145.13
2026-03-05 08:00:00,143.4625
2026-03-05 09:00:00,111.3175
2026-03-05 10:00:00,93.42750000000001
2026-03-05 11:00:00,62.69
2026-03-05 12:00:00,40.905
2026-03-05 13:00:00,38.2725
2026-03-05 14:00:00,40.6175
2026-03-05 15:00:00,47.565
2026-03-05 16:00:00,68.83
2026-03-05 17:00:00,95.6125
2026-03-05 18:00:00,124.2525
2026-03-05 19:00:00,158.4925
2026-03-05 20:00:00,125.91
2026-03-05 21:00:00,95.8075
2026-03-05 22:00:00,85.995
2026-03-05 23:00:00,72.2
2026-03-06 00:00:00,62.057500000000005
2026-03-06 01:00:00,55.7125
2026-03-06 02:00:00,51.51
2026-03-06 03:00:00,44.177499999999995
2026-03-06 04:00:00,34.7625
2026-03-06 05:00:00,37.3375
2026-03-06 06:00:00,50.03
2026-03-06 07:00:00,60.6575
2026-03-06 08:00:00,74.6975
2026-03-06 09:00:00,69.2
2026-03-06 10:00:00,64.5675
2026-03-06 11:00:00,64.265
2026-03-06 12:00:00,56.89
2026-03-06 13:00:00,52.4475
2026-03-06 14:00:00,50.177499999999995
2026-03-06 15:00:00,49.57
2026-03-06 16:00:00,50.245
2026-03-06 17:00:00,53.1475
2026-03-06 18:00:00,66.2475
2026-03-06 19:00:00,97.6025
2026-03-06 20:00:00,101.0875
2026-03-06 21:00:00,97.32
2026-03-06 22:00:00,90.7575
2026-03-06 23:00:00,83.2975
2026-03-07 00:00:00,75.0775
2026-03-07 01:00:00,64.4675
2026-03-07 02:00:00,61.495000000000005
2026-03-07 03:00:00,53.745000000000005
2026-03-07 04:00:00,50.620000000000005
2026-03-07 05:00:00,53.55
2026-03-07 06:00:00,60.0
2026-03-07 07:00:00,61.08
2026-03-07 08:00:00,63.675
2026-03-07 09:00:00,54.0075
2026-03-07 10:00:00,45.285000000000004
2026-03-07 11:00:00,29.1
2026-03-07 12:00:00,16.495
2026-03-07 13:00:00,4.42
2026-03-07 14:00:00,19.7875
2026-03-07 15:00:00,34.0
2026-03-07 16:00:00,39.82
2026-03-07 17:00:00,59.2975
2026-03-07 18:00:00,97.3925
2026-03-07 19:00:00,134.46
2026-03-07 20:00:00,126.93
2026-03-07 21:00:00,107.8925
2026-03-07 22:00:00,97.4975
2026-03-07 23:00:00,91.58
2026-03-08 00:00:00,106.65
2026-03-08 01:00:00,97.70750000000001
2026-03-08 02:00:00,92.825
2026-03-08 03:00:00,85.995
2026-03-08 04:00:00,82.92750000000001
2026-03-08 05:00:00,84.705
2026-03-08 06:00:00,84.21000000000001
2026-03-08 07:00:00,86.9775
2026-03-08 08:00:00,81.3325
2026-03-08 09:00:00,65.8425
2026-03-08 10:00:00,37.5675
2026-03-08 11:00:00,21.6475
2026-03-08 12:00:00,12.975
2026-03-08 13:00:00,17.28
2026-03-08 14:00:00,18.2925
2026-03-08 15:00:00,21.98
2026-03-08 16:00:00,32.769999999999996
2026-03-08 17:00:00,62.322500000000005
2026-03-08 18:00:00,121.26499999999999
2026-03-08 19:00:00,154.0525
2026-03-08 20:00:00,140.53
2026-03-08 21:00:00,136.2375
2026-03-08 22:00:00,124.08250000000001
2026-03-08 23:00:00,118.3
2026-03-09 00:00:00,115.495
2026-03-09 01:00:00,110.075
2026-03-09 02:00:00,97.10249999999999
2026-03-09 03:00:00,80.3425
2026-03-09 04:00:00,82.47
2026-03-09 05:00:00,104.38
2026-03-09 06:00:00,115.255
2026-03-09 07:00:00,152.765
2026-03-09 08:00:00,156.79749999999999
2026-03-09 09:00:00,122.1875
2026-03-09 10:00:00,109.19
2026-03-09 11:00:00,93.505
2026-03-09 12:00:00,84.1275
2026-03-09 13:00:00,80.275
2026-03-09 14:00:00,82.3025
2026-03-09 15:00:00,93.2875
2026-03-09 16:00:00,98.1
2026-03-09 17:00:00,114.0475
2026-03-09 18:00:00,135.355
2026-03-09 19:00:00,202.11
2026-03-09 20:00:00,197.1175
2026-03-09 21:00:00,164.8
2026-03-09 22:00:00,144.0225
2026-03-09 23:00:00,131.0325
2026-03-10 00:00:00,140.0275
2026-03-10 01:00:00,128.285
2026-03-10 02:00:00,121.5775
2026-03-10 03:00:00,108.1375
2026-03-10 04:00:00,108.08250000000001
2026-03-10 05:00:00,118.395
2026-03-10 06:00:00,137.75
2026-03-10 07:00:00,158.33499999999998
2026-03-10 08:00:00,166.2775
2026-03-10 09:00:00,139.225
2026-03-10 10:00:00,113.3375
2026-03-10 11:00:00,100.6925
2026-03-10 12:00:00,99.015
2026-03-10 13:00:00,95.18
2026-03-10 14:00:00,95.7775
2026-03-10 15:00:00,99.4525
2026-03-10 16:00:00,104.665
2026-03-10 17:00:00,108.8
2026-03-10 18:00:00,150.3625
2026-03-10 19:00:00,190.6175
2026-03-10 20:00:00,247.1525
2026-03-10 21:00:00,220.525
2026-03-10 22:00:00,177.7375
2026-03-10 23:00:00,155.255
2026-03-11 00:00:00,140.6725
2026-03-11 01:00:00,124.0775
2026-03-11 02:00:00,120.29
2026-03-11 03:00:00,112.0075
2026-03-11 04:00:00,116.13
2026-03-11 05:00:00,123.1975
2026-03-11 06:00:00,129.285
2026-03-11 07:00:00,144.3875
2026-03-11 08:00:00,124.94
2026-03-11 09:00:00,70.135
2026-03-11 10:00:00,32.3025
2026-03-11 11:00:00,19.822499999999998
2026-03-11 12:00:00,15.2125
2026-03-11 13:00:00,22.822499999999998
2026-03-11 14:00:00,33.125
2026-03-11 15:00:00,39.69
2026-03-11 16:00:00,53.715
2026-03-11 17:00:00,89.42
2026-03-11 18:00:00,129.08499999999998
2026-03-11 19:00:00,163.07
2026-03-11 20:00:00,237.9475
2026-03-11 21:00:00,171.85
2026-03-11 22:00:00,149.1125
2026-03-11 23:00:00,134.3825
2026-03-12 00:00:00,100.4675
2026-03-12 01:00:00,94.24
2026-03-12 02:00:00,94.445
2026-03-12 03:00:00,93.67
2026-03-12 04:00:00,94.13
2026-03-12 05:00:00,95.0
2026-03-12 06:00:00,100.41
2026-03-12 07:00:00,112.385
2026-03-12 08:00:00,99.88
2026-03-12 09:00:00,52.1525
2026-03-12 10:00:00,3.8649999999999998
2026-03-12 11:00:00,-0.005
2026-03-12 12:00:00,-0.005
2026-03-12 13:00:00,-0.01
2026-03-12 14:00:00,-0.0075
2026-03-12 15:00:00,-0.0075
2026-03-12 16:00:00,-0.0025
2026-03-12 17:00:00,13.0225
2026-03-12 18:00:00,79.8375
2026-03-12 19:00:00,132.3825
2026-03-12 20:00:00,169.4925
2026-03-12 21:00:00,151.97
2026-03-12 22:00:00,119.185
2026-03-12 23:00:00,102.27250000000001
2026-03-13 00:00:00,62.6075
2026-03-13 01:00:00,51.51
2026-03-13 02:00:00,40.31
2026-03-13 03:00:00,40.82
2026-03-13 04:00:00,38.515
2026-03-13 05:00:00,40.707499999999996
2026-03-13 06:00:00,51.425
2026-03-13 07:00:00,74.58250000000001
2026-03-13 08:00:00,48.855
2026-03-13 09:00:00,9.54
2026-03-13 10:00:00,0.23
2026-03-13 11:00:00,-0.0075
2026-03-13 12:00:00,-0.3725
2026-03-13 13:00:00,-0.445
2026-03-13 14:00:00,-0.495
2026-03-13 15:00:00,-0.26
2026-03-13 16:00:00,-0.005
2026-03-13 17:00:00,2.4475
2026-03-13 18:00:00,49.215
2026-03-13 19:00:00,94.87
2026-03-13 20:00:00,96.2025
2026-03-13 21:00:00,91.04
2026-03-13 22:00:00,75.32
2026-03-13 23:00:00,42.644999999999996
2026-03-14 00:00:00,34.8025
2026-03-14 01:00:00,20.08
2026-03-14 02:00:00,11.1475
2026-03-14 03:00:00,9.4225
2026-03-14 04:00:00,7.8125
2026-03-14 05:00:00,9.8125
2026-03-14 06:00:00,10.255
2026-03-14 07:00:00,12.85
2026-03-14 08:00:00,7.6525
2026-03-14 09:00:00,3.69
2026-03-14 10:00:00,0.425
2026-03-14 11:00:00,0.0
2026-03-14 12:00:00,-0.0025
2026-03-14 13:00:00,0.0
2026-03-14 14:00:00,0.0
2026-03-14 15:00:00,0.0
2026-03-14 16:00:00,0.2325
2026-03-14 17:00:00,3.6975
2026-03-14 18:00:00,15.945
2026-03-14 19:00:00,33.7575
2026-03-14 20:00:00,45.69
2026-03-14 21:00:00,45.57
2026-03-14 22:00:00,38.760000000000005
2026-03-14 23:00:00,33.805
2026-03-15 00:00:00,4.3575
2026-03-15 01:00:00,2.425
2026-03-15 02:00:00,3.78
2026-03-15 03:00:00,1.9375
2026-03-15 04:00:00,1.065
2026-03-15 05:00:00,0.82
2026-03-15 06:00:00,0.935
2026-03-15 07:00:00,1.6275
2026-03-15 08:00:00,0.365
2026-03-15 09:00:00,-0.61
2026-03-15 10:00:00,-1.83
2026-03-15 11:00:00,-2.1
2026-03-15 12:00:00,-2.1
2026-03-15 13:00:00,-2.1
2026-03-15 14:00:00,-2.1
2026-03-15 15:00:00,-2.1
2026-03-15 16:00:00,-2.1
2026-03-15 17:00:00,-0.9575
2026-03-15 18:00:00,4.615
2026-03-15 19:00:00,19.3375
2026-03-15 20:00:00,34.7975
2026-03-15 21:00:00,35.0075
2026-03-15 22:00:00,33.7775
2026-03-15 23:00:00,25.7975
2026-03-16 00:00:00,6.8425
2026-03-16 01:00:00,6.654999999999999
2026-03-16 02:00:00,5.4350000000000005
2026-03-16 03:00:00,4.91
2026-03-16 04:00:00,4.8175
2026-03-16 05:00:00,5.7
2026-03-16 06:00:00,12.932500000000001
2026-03-16 07:00:00,30.33
2026-03-16 08:00:00,13.77
2026-03-16 09:00:00,0.8125
2026-03-16 10:00:00,-0.615
2026-03-16 11:00:00,-1.13
2026-03-16 12:00:00,-1.7575
2026-03-16 13:00:00,-1.4975
2026-03-16 14:00:00,-1.0025
2026-03-16 15:00:00,-0.9075
2026-03-16 16:00:00,-0.4175
2026-03-16 17:00:00,3.6725
2026-03-16 18:00:00,60.385
2026-03-16 19:00:00,172.7125
2026-03-16 20:00:00,190.23
2026-03-16 21:00:00,159.4375
2026-03-16 22:00:00,124.2575
2026-03-16 23:00:00,96.78999999999999
2026-03-17 00:00:00,108.5
2026-03-17 01:00:00,84.69
2026-03-17 02:00:00,63.89
2026-03-17 03:00:00,51.715
2026-03-17 04:00:00,48.1825
2026-03-17 05:00:00,59.5
2026-03-17 06:00:00,66.4325
2026-03-17 07:00:00,107.875
2026-03-17 08:00:00,46.055
2026-03-17 09:00:00,2.2025
2026-03-17 10:00:00,-0.1325
2026-03-17 11:00:00,-0.76
2026-03-17 12:00:00,-0.955
2026-03-17 13:00:00,-1.125
2026-03-17 14:00:00,-1.3675
2026-03-17 15:00:00,-0.9575
2026-03-17 16:00:00,-0.5325
2026-03-17 17:00:00,3.2775
2026-03-17 18:00:00,60.2475
2026-03-17 19:00:00,133.9625
2026-03-17 20:00:00,129.4
2026-03-17 21:00:00,98.9475
2026-03-17 22:00:00,69.97
2026-03-17 23:00:00,48.1775
2026-03-18 00:00:00,37.56
2026-03-18 01:00:00,27.81
2026-03-18 02:00:00,33.7875
2026-03-18 03:00:00,28.622500000000002
2026-03-18 04:00:00,28.7
2026-03-18 05:00:00,28.4
2026-03-18 06:00:00,51.785
2026-03-18 07:00:00,66.06
2026-03-18 08:00:00,43.935
2026-03-18 09:00:00,17.78
2026-03-18 10:00:00,3.0125
2026-03-18 11:00:00,0.5875
2026-03-18 12:00:00,0.0
2026-03-18 13:00:00,-0.01
2026-03-18 14:00:00,-0.01
2026-03-18 15:00:00,0.0
2026-03-18 16:00:00,0.6025
2026-03-18 17:00:00,7.5325
2026-03-18 18:00:00,41.0175
2026-03-18 19:00:00,64.225
2026-03-18 20:00:00,76.88
2026-03-18 21:00:00,62.3125
2026-03-18 22:00:00,46.215
2026-03-18 23:00:00,26.27
2026-03-19 00:00:00,28.2125
2026-03-19 01:00:00,26.400000000000002
2026-03-19 02:00:00,20.615000000000002
2026-03-19 03:00:00,15.1075
2026-03-19 04:00:00,15.36
2026-03-19 05:00:00,23.3525
2026-03-19 06:00:00,29.2925
2026-03-19 07:00:00,36.265
2026-03-19 08:00:00,22.849999999999998
2026-03-19 09:00:00,6.8375
2026-03-19 10:00:00,0.0
2026-03-19 11:00:00,-0.0025
2026-03-19 12:00:00,-0.0075
2026-03-19 13:00:00,-0.01
2026-03-19 14:00:00,-0.005
2026-03-19 15:00:00,0.0
2026-03-19 16:00:00,0.335
2026-03-19 17:00:00,12.495000000000001
2026-03-19 18:00:00,31.825000000000003
2026-03-19 19:00:00,78.0475
2026-03-19 20:00:00,80.1225
2026-03-19 21:00:00,63.795
2026-03-19 22:00:00,60.0125
2026-03-19 23:00:00,47.974999999999994
2026-03-20 00:00:00,22.085
2026-03-20 01:00:00,29.48
2026-03-20 02:00:00,23.46
2026-03-20 03:00:00,16.7225
2026-03-20 04:00:00,23.595
2026-03-20 05:00:00,38.1325
2026-03-20 06:00:00,45.78
2026-03-20 07:00:00,58.5275
2026-03-20 08:00:00,49.015
2026-03-20 09:00:00,36.2875
2026-03-20 10:00:00,19.5025
2026-03-20 11:00:00,3.9725
2026-03-20 12:00:00,4.0
2026-03-20 13:00:00,1.37
2026-03-20 14:00:00,2.24
2026-03-20 15:00:00,3.275
2026-03-20 16:00:00,11.0225
2026-03-20 17:00:00,34.515
2026-03-20 18:00:00,60.66
2026-03-20 19:00:00,98.72
2026-03-20 20:00:00,95.10249999999999
2026-03-20 21:00:00,78.8775
2026-03-20 22:00:00,78.5
2026-03-20 23:00:00,66.75
2026-03-21 00:00:00,58.317499999999995
2026-03-21 01:00:00,51.802499999999995
2026-03-21 02:00:00,47.22
2026-03-21 03:00:00,40.620000000000005
2026-03-21 04:00:00,41.1
2026-03-21 05:00:00,46.4
2026-03-21 06:00:00,56.3525
2026-03-21 07:00:00,56.925
2026-03-21 08:00:00,45.1925
2026-03-21 09:00:00,25.1725
2026-03-21 10:00:00,13.815000000000001
2026-03-21 11:00:00,10.65
2026-03-21 12:00:00,7.1675
2026-03-21 13:00:00,5.0
2026-03-21 14:00:00,5.0
2026-03-21 15:00:00,4.965
2026-03-21 16:00:00,6.9625
2026-03-21 17:00:00,24.245
2026-03-21 18:00:00,65.85249999999999
2026-03-21 19:00:00,93.03
2026-03-21 20:00:00,82.8325
2026-03-21 21:00:00,72.645
2026-03-21 22:00:00,73.03
2026-03-21 23:00:00,60.9075
2026-03-22 00:00:00,73.66499999999999
2026-03-22 01:00:00,58.0
2026-03-22 02:00:00,45.88
2026-03-22 03:00:00,41.2
2026-03-22 04:00:00,41.555
2026-03-22 05:00:00,39.28
2026-03-22 06:00:00,44.8475
2026-03-22 07:00:00,49.015
2026-03-22 08:00:00,30.817500000000003
2026-03-22 09:00:00,3.8150000000000004
2026-03-22 10:00:00,-0.32
2026-03-22 11:00:00,-2.755
2026-03-22 12:00:00,-1.38
2026-03-22 13:00:00,-3.53
2026-03-22 14:00:00,-1.2850000000000001
2026-03-22 15:00:00,-0.8274999999999999
2026-03-22 16:00:00,-0.76
2026-03-22 17:00:00,0.1
2026-03-22 18:00:00,13.3125
2026-03-22 19:00:00,51.37
2026-03-22 20:00:00,77.225
2026-03-22 21:00:00,60.857499999999995
2026-03-22 22:00:00,36.557500000000005
2026-03-22 23:00:00,18.975
2026-03-23 00:00:00,16.8475
2026-03-23 01:00:00,11.059999999999999
2026-03-23 02:00:00,8.44
2026-03-23 03:00:00,9.5775
2026-03-23 04:00:00,11.14
2026-03-23 05:00:00,14.16
2026-03-23 06:00:00,40.155
2026-03-23 07:00:00,68.0525
2026-03-23 08:00:00,44.1025
2026-03-23 09:00:00,1.9675
2026-03-23 10:00:00,0.0
2026-03-23 11:00:00,-0.015
2026-03-23 12:00:00,-0.02
2026-03-23 13:00:00,-0.01
2026-03-23 14:00:00,-0.0025
2026-03-23 15:00:00,0.0
2026-03-23 16:00:00,0.5475
2026-03-23 17:00:00,10.3925
2026-03-23 18:00:00,38.5025
2026-03-23 19:00:00,107.5925
2026-03-23 20:00:00,146.4
2026-03-23 21:00:00,120.94
2026-03-23 22:00:00,97.7475
2026-03-23 23:00:00,63.955
2026-03-24 00:00:00,67.2575
2026-03-24 01:00:00,58.15
2026-03-24 02:00:00,57.6175
2026-03-24 03:00:00,58.4
2026-03-24 04:00:00,58.14
2026-03-24 05:00:00,66.4525
2026-03-24 06:00:00,91.4225
2026-03-24 07:00:00,110.16
2026-03-24 08:00:00,54.1325
2026-03-24 09:00:00,8.504999999999999
2026-03-24 10:00:00,0.21
2026-03-24 11:00:00,-0.0075
2026-03-24 12:00:00,-0.035
2026-03-24 13:00:00,-0.01
2026-03-24 14:00:00,-0.0075
2026-03-24 15:00:00,0.0
2026-03-24 16:00:00,0.51
2026-03-24 17:00:00,19.765
2026-03-24 18:00:00,66.77250000000001
2026-03-24 19:00:00,127.7175
2026-03-24 20:00:00,151.825
2026-03-24 21:00:00,138.73749999999998
2026-03-24 22:00:00,103.4975
2026-03-24 23:00:00,64.8825
2026-03-25 00:00:00,41.260000000000005
2026-03-25 01:00:00,35.015
2026-03-25 02:00:00,39.8425
2026-03-25 03:00:00,35.02
2026-03-25 04:00:00,35.0125
2026-03-25 05:00:00,34.3975
2026-03-25 06:00:00,32.16
2026-03-25 07:00:00,32.667500000000004
2026-03-25 08:00:00,15.885
2026-03-25 09:00:00,0.7325
2026-03-25 10:00:00,-0.2175
2026-03-25 11:00:00,-0.7575000000000001
2026-03-25 12:00:00,-0.83
2026-03-25 13:00:00,-0.875
2026-03-25 14:00:00,-0.8724999999999999
2026-03-25 15:00:00,-0.8275
2026-03-25 16:00:00,-0.5025000000000001
2026-03-25 17:00:00,0.75
2026-03-25 18:00:00,9.43
2026-03-25 19:00:00,30.5775
2026-03-25 20:00:00,35.14
2026-03-25 21:00:00,35.0125
2026-03-25 22:00:00,29.2175
2026-03-25 23:00:00,20.04
2026-03-26 00:00:00,5.3
2026-03-26 01:00:00,3.5774999999999997
2026-03-26 02:00:00,3.51
2026-03-26 03:00:00,3.51
2026-03-26 04:00:00,3.51
2026-03-26 05:00:00,3.3825
2026-03-26 06:00:00,3.92
2026-03-26 07:00:00,3.6725
2026-03-26 08:00:00,0.9925
2026-03-26 09:00:00,-0.7175
2026-03-26 10:00:00,-1.925
2026-03-26 11:00:00,-2.2
2026-03-26 12:00:00,-2.62
2026-03-26 13:00:00,-2.2275
2026-03-26 14:00:00,-2.8575
2026-03-26 15:00:00,-2.86
2026-03-26 16:00:00,-2.1
2026-03-26 17:00:00,-0.535
2026-03-26 18:00:00,1.7575
2026-03-26 19:00:00,18.9475
2026-03-26 20:00:00,35.0
2026-03-26 21:00:00,29.3925
2026-03-26 22:00:00,15.1625
2026-03-26 23:00:00,6.9225
2026-03-27 00:00:00,5.3375
2026-03-27 01:00:00,3.4125
2026-03-27 02:00:00,2.8175
2026-03-27 03:00:00,2.6675
2026-03-27 04:00:00,2.4575
2026-03-27 05:00:00,2.1125
2026-03-27 06:00:00,3.7125000000000004
2026-03-27 07:00:00,6.87
2026-03-27 08:00:00,1.115
2026-03-27 09:00:00,-0.9025
2026-03-27 10:00:00,-2.455
2026-03-27 11:00:00,-4.125
2026-03-27 12:00:00,-5.0
2026-03-27 13:00:00,-5.0
2026-03-27 14:00:00,-5.0
2026-03-27 15:00:00,-4.75
2026-03-27 16:00:00,-2.825
2026-03-27 17:00:00,-0.5325
2026-03-27 18:00:00,4.96
2026-03-27 19:00:00,30.1025
2026-03-27 20:00:00,62.400000000000006
2026-03-27 21:00:00,52.43
2026-03-27 22:00:00,35.01
2026-03-27 23:00:00,32.245
2026-03-28 00:00:00,11.68
2026-03-28 01:00:00,8.61
2026-03-28 02:00:00,8.4175
2026-03-28 03:00:00,8.225
2026-03-28 04:00:00,8.1975
2026-03-28 05:00:00,8.8825
2026-03-28 06:00:00,8.8275
2026-03-28 07:00:00,3.4525
2026-03-28 08:00:00,-0.07
2026-03-28 09:00:00,-1.3575
2026-03-28 10:00:00,-2.5525
2026-03-28 11:00:00,-3.875
2026-03-28 12:00:00,-4.7524999999999995
2026-03-28 13:00:00,-4.0575
2026-03-28 14:00:00,-5.0
2026-03-28 15:00:00,-5.0
2026-03-28 16:00:00,-4.5024999999999995
2026-03-28 17:00:00,-1.4775
2026-03-28 18:00:00,0.555
2026-03-28 19:00:00,7.0225
2026-03-28 20:00:00,11.48
2026-03-28 21:00:00,11.1
2026-03-28 22:00:00,6.4225
2026-03-28 23:00:00,2.4525
2026-03-29 00:00:00,4.6775
2026-03-29 01:00:00,1.9075
2026-03-29 02:00:00,1.2475
2026-03-29 03:00:00,1.9449999999999998
2026-03-29 04:00:00,1.995
2026-03-29 05:00:00,3.08
2026-03-29 06:00:00,5.3075
2026-03-29 07:00:00,0.305
2026-03-29 08:00:00,-1.23
2026-03-29 09:00:00,-3.275
2026-03-29 10:00:00,-5.154999999999999
2026-03-29 11:00:00,-6.5
2026-03-29 12:00:00,-6.25
2026-03-29 13:00:00,-6.88
2026-03-29 14:00:00,-9.5
2026-03-29 15:00:00,-9.825
2026-03-29 16:00:00,-5.88
2026-03-29 17:00:00,-1.5025
2026-03-29 18:00:00,0.62
2026-03-29 19:00:00,8.4825
2026-03-29 20:00:00,12.5225
2026-03-29 21:00:00,10.094999999999999
2026-03-29 22:00:00,7.9025
2026-03-29 23:00:00,7.9025
2026-03-30 00:00:00,7.8225
2026-03-30 01:00:00,5.715
2026-03-30 02:00:00,4.6775
2026-03-30 03:00:00,2.8975
2026-03-30 04:00:00,2.4125
2026-03-30 05:00:00,4.225
2026-03-30 06:00:00,11.0425
2026-03-30 07:00:00,32.754999999999995
2026-03-30 08:00:00,21.7425
2026-03-30 09:00:00,2.8000000000000003
2026-03-30 10:00:00,-0.22999999999999998
2026-03-30 11:00:00,-0.8625
2026-03-30 12:00:00,-1.0025
2026-03-30 13:00:00,-1.2825
2026-03-30 14:00:00,-1.505
2026-03-30 15:00:00,-1.8775
2026-03-30 16:00:00,-1.2475
2026-03-30 17:00:00,-0.7725
2026-03-30 18:00:00,0.06999999999999999
2026-03-30 19:00:00,6.365
2026-03-30 20:00:00,45.1375
2026-03-30 21:00:00,64.015
2026-03-30 22:00:00,35.3825
2026-03-30 23:00:00,15.7525
2026-03-31 00:00:00,10.69
2026-03-31 01:00:00,8.26
2026-03-31 02:00:00,7.1475
2026-03-31 03:00:00,6.0625
2026-03-31 04:00:00,5.41
2026-03-31 05:00:00,5.7275
2026-03-31 06:00:00,7.325
2026-03-31 07:00:00,17.7825
2026-03-31 08:00:00,8.4625
2026-03-31 09:00:00,1.0175
2026-03-31 10:00:00,-0.68
2026-03-31 11:00:00,-1.7525
2026-03-31 12:00:00,-2.1
2026-03-31 13:00:00,-2.1
2026-03-31 14:00:00,-2.1
2026-03-31 15:00:00,-2.9875
2026-03-31 16:00:00,-2.5
2026-03-31 17:00:00,-1.925
2026-03-31 18:00:00,-0.405
2026-03-31 19:00:00,4.327500000000001
2026-03-31 20:00:00,28.6325
2026-03-31 21:00:00,47.1125
2026-03-31 22:00:00,29.752499999999998
2026-03-31 23:00:00,10.1675
2026-04-01 00:00:00,7.3275
2026-04-01 01:00:00,5.2
2026-04-01 02:00:00,5.3075
2026-04-01 03:00:00,5.41
2026-04-01 04:00:00,4.9350000000000005
2026-04-01 05:00:00,5.455
2026-04-01 06:00:00,7.055
2026-04-01 07:00:00,13.0625
2026-04-01 08:00:00,6.8125
2026-04-01 09:00:00,1.6075000000000002
2026-04-01 10:00:00,-0.68
2026-04-01 11:00:00,-2.005
2026-04-01 12:00:00,-2.1
2026-04-01 13:00:00,-2.4924999999999997
2026-04-01 14:00:00,-3.875
2026-04-01 15:00:00,-4.0
2026-04-01 16:00:00,-4.0
2026-04-01 17:00:00,-2.325
2026-04-01 18:00:00,-0.4975
2026-04-01 19:00:00,3.0875
2026-04-01 20:00:00,17.7
2026-04-01 21:00:00,35.0175
2026-04-01 22:00:00,18.384999999999998
2026-04-01 23:00:00,9.254999999999999
2026-04-02 00:00:00,10.2275
2026-04-02 01:00:00,7.265
2026-04-02 02:00:00,5.455
2026-04-02 03:00:00,5.5
2026-04-02 04:00:00,5.455
2026-04-02 05:00:00,5.6475
2026-04-02 06:00:00,5.8675
2026-04-02 07:00:00,8.657499999999999
2026-04-02 08:00:00,4.4725
2026-04-02 09:00:00,0.2575
2026-04-02 10:00:00,-0.7875
2026-04-02 11:00:00,-2.075
2026-04-02 12:00:00,-2.8025
2026-04-02 13:00:00,-3.425
2026-04-02 14:00:00,-4.0
2026-04-02 15:00:00,-5.0
2026-04-02 16:00:00,-5.0
2026-04-02 17:00:00,-4.0024999999999995
2026-04-02 18:00:00,-0.7375
2026-04-02 19:00:00,1.2575
2026-04-02 20:00:00,15.8525
2026-04-02 21:00:00,35.0125
2026-04-02 22:00:00,25.79
2026-04-02 23:00:00,11.22
2026-04-03 00:00:00,13.9
2026-04-03 01:00:00,11.875
2026-04-03 02:00:00,11.219999999999999
2026-04-03 03:00:00,12.115
2026-04-03 04:00:00,11.940000000000001
2026-04-03 05:00:00,12.5725
2026-04-03 06:00:00,13.11
2026-04-03 07:00:00,15.5775
2026-04-03 08:00:00,7.0925
2026-04-03 09:00:00,0.175
2026-04-03 10:00:00,-1.34
2026-04-03 11:00:00,-2.325
2026-04-03 12:00:00,-4.0
2026-04-03 13:00:00,-4.0
2026-04-03 14:00:00,-4.625
2026-04-03 15:00:00,-5.0
2026-04-03 16:00:00,-5.0
2026-04-03 17:00:00,-3.465
2026-04-03 18:00:00,-0.5775
2026-04-03 19:00:00,5.57
2026-04-03 20:00:00,49.31
2026-04-03 21:00:00,80.6225
2026-04-03 22:00:00,78.14
2026-04-03 23:00:00,53.64
2026-04-04 00:00:00,28.9125
2026-04-04 01:00:00,23.145
2026-04-04 02:00:00,27.5325
2026-04-04 03:00:00,28.1425
2026-04-04 04:00:00,29.725
2026-04-04 05:00:00,30.435
2026-04-04 06:00:00,33.807500000000005
2026-04-04 07:00:00,35.0075
2026-04-04 08:00:00,30.2575
2026-04-04 09:00:00,10.2425
2026-04-04 10:00:00,-0.415
2026-04-04 11:00:00,-1.775
2026-04-04 12:00:00,-2.1
2026-04-04 13:00:00,-2.1
2026-04-04 14:00:00,-2.1
2026-04-04 15:00:00,-2.1
2026-04-04 16:00:00,-2.5025
2026-04-04 17:00:00,-1.0275
2026-04-04 18:00:00,0.3175
2026-04-04 19:00:00,23.765
2026-04-04 20:00:00,41.707499999999996
2026-04-04 21:00:00,77.0075
2026-04-04 22:00:00,60.2425
2026-04-04 23:00:00,43.005
2026-04-05 00:00:00,44.96
2026-04-05 01:00:00,35.015
2026-04-05 02:00:00,35.004999999999995
2026-04-05 03:00:00,35.0075
2026-04-05 04:00:00,35.0
2026-04-05 05:00:00,35.0
2026-04-05 06:00:00,35.004999999999995
2026-04-05 07:00:00,35.01
2026-04-05 08:00:00,29.93
2026-04-05 09:00:00,1.825
2026-04-05 10:00:00,-1.8025
2026-04-05 11:00:00,-3.5275
2026-04-05 12:00:00,-5.7275
2026-04-05 13:00:00,-5.615
2026-04-05 14:00:00,-6.25
2026-04-05 15:00:00,-7.51
2026-04-05 16:00:00,-7.51
2026-04-05 17:00:00,-4.3025
2026-04-05 18:00:00,-0.6975
2026-04-05 19:00:00,14.829999999999998
2026-04-05 20:00:00,54.5425
2026-04-05 21:00:00,75.39
2026-04-05 22:00:00,75.9075
2026-04-05 23:00:00,56.0225
2026-04-06 00:00:00,45.3075
2026-04-06 01:00:00,38.5425
2026-04-06 02:00:00,35.56
2026-04-06 03:00:00,34.93
2026-04-06 04:00:00,33.88
2026-04-06 05:00:00,34.4725
2026-04-06 06:00:00,35.01
2026-04-06 07:00:00,35.0175
2026-04-06 08:00:00,28.635
2026-04-06 09:00:00,5.7700000000000005
2026-04-06 10:00:00,-1.705
2026-04-06 11:00:00,-4.25
2026-04-06 12:00:00,-6.0
2026-04-06 13:00:00,-6.0
2026-04-06 14:00:00,-6.0
2026-04-06 15:00:00,-6.0
2026-04-06 16:00:00,-5.75
2026-04-06 17:00:00,-2.73
2026-04-06 18:00:00,0.23249999999999998
2026-04-06 19:00:00,19.54
2026-04-06 20:00:00,40.2375
2026-04-06 21:00:00,45.0075
2026-04-06 22:00:00,36.8625
2026-04-06 23:00:00,35.129999999999995
2026-04-07 00:00:00,32.23
2026-04-07 01:00:00,29.18
2026-04-07 02:00:00,23.555
2026-04-07 03:00:00,22.595
2026-04-07 04:00:00,23.425
2026-04-07 05:00:00,30.8925
2026-04-07 06:00:00,42.87
2026-04-07 07:00:00,63.519999999999996
2026-04-07 08:00:00,39.6425
2026-04-07 09:00:00,29.3825
2026-04-07 10:00:00,5.3
2026-04-07 11:00:00,0.6875
2026-04-07 12:00:00,0.0
2026-04-07 13:00:00,0.0
2026-04-07 14:00:00,0.0
2026-04-07 15:00:00,0.0
2026-04-07 16:00:00,0.2775
2026-04-07 17:00:00,3.8
2026-04-07 18:00:00,26.7825
2026-04-07 19:00:00,50.74
2026-04-07 20:00:00,91.6575
2026-04-07 21:00:00,118.14
2026-04-07 22:00:00,89.24000000000001
2026-04-07 23:00:00,79.47749999999999
2026-04-08 00:00:00,70.395
2026-04-08 01:00:00,60.7
2026-04-08 02:00:00,61.44
2026-04-08 03:00:00,58.96
2026-04-08 04:00:00,59.32
2026-04-08 05:00:00,63.3125
2026-04-08 06:00:00,84.95
2026-04-08 07:00:00,109.1325
2026-04-08 08:00:00,124.0025
2026-04-08 09:00:00,85.92500000000001
2026-04-08 10:00:00,56.3825
2026-04-08 11:00:00,29.11
2026-04-08 12:00:00,12.64
2026-04-08 13:00:00,4.4425
2026-04-08 14:00:00,3.025
2026-04-08 15:00:00,2.1174999999999997
2026-04-08 16:00:00,3.2275
2026-04-08 17:00:00,14.0375
2026-04-08 18:00:00,46.975
2026-04-08 19:00:00,90.94
2026-04-08 20:00:00,129.2475
2026-04-08 21:00:00,136.34
2026-04-08 22:00:00,114.21000000000001
2026-04-08 23:00:00,96.11
2026-04-09 00:00:00,95.1075
2026-04-09 01:00:00,90.79
2026-04-09 02:00:00,80.6875
2026-04-09 03:00:00,75.935
2026-04-09 04:00:00,74.1725
2026-04-09 05:00:00,76.1675
2026-04-09 06:00:00,93.4375
2026-04-09 07:00:00,129.6975
2026-04-09 08:00:00,99.3175
2026-04-09 09:00:00,73.9525
2026-04-09 10:00:00,25.695
2026-04-09 11:00:00,0.735
2026-04-09 12:00:00,-0.065
2026-04-09 13:00:00,-0.6275
2026-04-09 14:00:00,-0.82
2026-04-09 15:00:00,-0.8474999999999999
2026-04-09 16:00:00,-0.2075
2026-04-09 17:00:00,-0.0025
2026-04-09 18:00:00,12.0475
2026-04-09 19:00:00,57.9625
2026-04-09 20:00:00,77.9975
2026-04-09 21:00:00,83.875
2026-04-09 22:00:00,69.5575
2026-04-09 23:00:00,62.2625
2026-04-10 00:00:00,47.980000000000004
2026-04-10 01:00:00,39.4875
2026-04-10 02:00:00,39.800000000000004
2026-04-10 03:00:00,39.800000000000004
2026-04-10 04:00:00,39.8625
2026-04-10 05:00:00,42.4975
2026-04-10 06:00:00,61.41
2026-04-10 07:00:00,85.77
2026-04-10 08:00:00,86.005
2026-04-10 09:00:00,62.32
2026-04-10 10:00:00,18.2875
2026-04-10 11:00:00,1.8075
2026-04-10 12:00:00,0.2875
2026-04-10 13:00:00,0.0025
2026-04-10 14:00:00,0.0025
2026-04-10 15:00:00,0.005
2026-04-10 16:00:00,0.2125
2026-04-10 17:00:00,5.9975000000000005
2026-04-10 18:00:00,36.7725
2026-04-10 19:00:00,72.12
2026-04-10 20:00:00,104.85
2026-04-10 21:00:00,104.675
2026-04-10 22:00:00,93.255
2026-04-10 23:00:00,84.41
2026-04-11 00:00:00,81.9425
2026-04-11 01:00:00,61.5325
2026-04-11 02:00:00,51.4
2026-04-11 03:00:00,48.8
2026-04-11 04:00:00,43.42
2026-04-11 05:00:00,50.05
2026-04-11 06:00:00,63.39
2026-04-11 07:00:00,63.9
2026-04-11 08:00:00,58.5775
2026-04-11 09:00:00,32.035000000000004
2026-04-11 10:00:00,8.655000000000001
2026-04-11 11:00:00,0.8574999999999999
2026-04-11 12:00:00,0.0
2026-04-11 13:00:00,-0.1625
2026-04-11 14:00:00,-0.7575000000000001
2026-04-11 15:00:00,-1.4375
2026-04-11 16:00:00,-1.2525
2026-04-11 17:00:00,-0.2025
2026-04-11 18:00:00,2.0875
2026-04-11 19:00:00,13.3475
2026-04-11 20:00:00,26.785
2026-04-11 21:00:00,34.6425
2026-04-11 22:00:00,31.814999999999998
2026-04-11 23:00:00,24.3925
2026-04-12 00:00:00,15.1575
2026-04-12 01:00:00,11.045
2026-04-12 02:00:00,9.4375
2026-04-12 03:00:00,10.9375
2026-04-12 04:00:00,10.525
2026-04-12 05:00:00,10.817499999999999
2026-04-12 06:00:00,11.8075
2026-04-12 07:00:00,10.5175
2026-04-12 08:00:00,12.227500000000001
2026-04-12 09:00:00,10.842500000000001
2026-04-12 10:00:00,2.5125
2026-04-12 11:00:00,0.2625
2026-04-12 12:00:00,0.0
2026-04-12 13:00:00,0.0
2026-04-12 14:00:00,-0.005
2026-04-12 15:00:00,-0.4275
2026-04-12 16:00:00,-0.81
2026-04-12 17:00:00,-0.7175
2026-04-12 18:00:00,-0.015000000000000001
2026-04-12 19:00:00,8.885
2026-04-12 20:00:00,35.932500000000005
2026-04-12 21:00:00,71.91499999999999
2026-04-12 22:00:00,54.0225
2026-04-12 23:00:00,35.015
2026-04-13 00:00:00,30.1775
2026-04-13 01:00:00,18.8975
2026-04-13 02:00:00,14.5
2026-04-13 03:00:00,10.3875
2026-04-13 04:00:00,7.795
2026-04-13 05:00:00,13.0875
2026-04-13 06:00:00,20.8875
2026-04-13 07:00:00,52.675
2026-04-13 08:00:00,26.122500000000002
2026-04-13 09:00:00,4.82
2026-04-13 10:00:00,0.21
2026-04-13 11:00:00,-0.0075
2026-04-13 12:00:00,-0.0275
2026-04-13 13:00:00,-0.02
2026-04-13 14:00:00,-0.04
2026-04-13 15:00:00,-0.015000000000000001
2026-04-13 16:00:00,-0.01
2026-04-13 17:00:00,0.0025
2026-04-13 18:00:00,4.6125
2026-04-13 19:00:00,26.9575
2026-04-13 20:00:00,82.235
2026-04-13 21:00:00,99.95
2026-04-13 22:00:00,89.775
2026-04-13 23:00:00,68.3375
2026-04-14 00:00:00,65.47749999999999
2026-04-14 01:00:00,62.0875
2026-04-14 02:00:00,63.525000000000006
2026-04-14 03:00:00,59.1075
2026-04-14 04:00:00,57.25
2026-04-14 05:00:00,60.765
2026-04-14 06:00:00,73.30000000000001
2026-04-14 07:00:00,94.41
2026-04-14 08:00:00,81.39
2026-04-14 09:00:00,25.650000000000002
2026-04-14 10:00:00,0.6649999999999999
2026-04-14 11:00:00,-0.1325
2026-04-14 12:00:00,-0.6
2026-04-14 13:00:00,-0.6
2026-04-14 14:00:00,-0.2825
2026-04-14 15:00:00,-0.5
2026-04-14 16:00:00,-0.2575
2026-04-14 17:00:00,0.0
2026-04-14 18:00:00,3.795
2026-04-14 19:00:00,54.519999999999996
2026-04-14 20:00:00,97.11500000000001
2026-04-14 21:00:00,114.805
2026-04-14 22:00:00,98.8675
2026-04-14 23:00:00,92.875
2026-04-15 00:00:00,103.74000000000001
2026-04-15 01:00:00,91.575
2026-04-15 02:00:00,84.14250000000001
2026-04-15 03:00:00,74.485
2026-04-15 04:00:00,74.5
2026-04-15 05:00:00,77.4125
2026-04-15 06:00:00,92.695
2026-04-15 07:00:00,117.59
2026-04-15 08:00:00,100.02000000000001
2026-04-15 09:00:00,47.8375
2026-04-15 10:00:00,1.73
2026-04-15 11:00:00,-0.0025
2026-04-15 12:00:00,-0.0975
2026-04-15 13:00:00,-0.36
2026-04-15 14:00:00,-0.5
2026-04-15 15:00:00,-0.81
2026-04-15 16:00:00,-0.5425
2026-04-15 17:00:00,-0.005
2026-04-15 18:00:00,5.1075
2026-04-15 19:00:00,76.1525
2026-04-15 20:00:00,128.6975
2026-04-15 21:00:00,134.6
2026-04-15 22:00:00,121.15
2026-04-15 23:00:00,108.575
2026-04-16 00:00:00,94.66499999999999
2026-04-16 01:00:00,89.655
2026-04-16 02:00:00,89.23249999999999
2026-04-16 03:00:00,89.2675
2026-04-16 04:00:00,90.21
2026-04-16 05:00:00,92.44749999999999
2026-04-16 06:00:00,103.5025
2026-04-16 07:00:00,121.1575
2026-04-16 08:00:00,124.7025
2026-04-16 09:00:00,98.72749999999999
2026-04-16 10:00:00,33.3175
2026-04-16 11:00:00,0.5225
2026-04-16 12:00:00,0.0
2026-04-16 13:00:00,0.0
2026-04-16 14:00:00,0.0
2026-04-16 15:00:00,0.0
2026-04-16 16:00:00,-0.005
2026-04-16 17:00:00,1.1500000000000001
2026-04-16 18:00:00,40.790000000000006
2026-04-16 19:00:00,95.6075
2026-04-16 20:00:00,121.81
2026-04-16 21:00:00,134.655
2026-04-16 22:00:00,128.4575
2026-04-16 23:00:00,114.1
2026-04-17 00:00:00,119.91749999999999
2026-04-17 01:00:00,114.8925
2026-04-17 02:00:00,112.5325
2026-04-17 03:00:00,106.0275
2026-04-17 04:00:00,104.58
2026-04-17 05:00:00,109.33
2026-04-17 06:00:00,111.1775
2026-04-17 07:00:00,116.435
2026-04-17 08:00:00,112.46
2026-04-17 09:00:00,81.22749999999999
2026-04-17 10:00:00,21.645
2026-04-17 11:00:00,0.905
2026-04-17 12:00:00,0.0025
2026-04-17 13:00:00,0.0
2026-04-17 14:00:00,0.0
2026-04-17 15:00:00,0.0
2026-04-17 16:00:00,0.0
2026-04-17 17:00:00,1.005
2026-04-17 18:00:00,44.9875
2026-04-17 19:00:00,87.42
2026-04-17 20:00:00,115.8075
2026-04-17 21:00:00,123.005
2026-04-17 22:00:00,114.2575
2026-04-17 23:00:00,103.265
2026-04-18 00:00:00,96.63250000000001
2026-04-18 01:00:00,90.95500000000001
2026-04-18 02:00:00,83.2825
2026-04-18 03:00:00,77.2425
2026-04-18 04:00:00,75.03999999999999
2026-04-18 05:00:00,76.7025
2026-04-18 06:00:00,83.2925
2026-04-18 07:00:00,84.9775
2026-04-18 08:00:00,63.0275
2026-04-18 09:00:00,20.4775
2026-04-18 10:00:00,1.78
2026-04-18 11:00:00,-0.7025
2026-04-18 12:00:00,-1.035
2026-04-18 13:00:00,-2.0525
2026-04-18 14:00:00,-2.0775
2026-04-18 15:00:00,-1.3275000000000001
2026-04-18 16:00:00,-0.9075
2026-04-18 17:00:00,-0.105
2026-04-18 18:00:00,3.625
2026-04-18 19:00:00,41.9675
2026-04-18 20:00:00,79.515
2026-04-18 21:00:00,83.875
2026-04-18 22:00:00,81.6625
2026-04-18 23:00:00,81.6375
2026-04-19 00:00:00,69.9
2026-04-19 01:00:00,60.464999999999996
2026-04-19 02:00:00,54.1475
2026-04-19 03:00:00,48.95
2026-04-19 04:00:00,45.655
2026-04-19 05:00:00,58.18
2026-04-19 06:00:00,65.83
2026-04-19 07:00:00,70.7575
2026-04-19 08:00:00,37.575
2026-04-19 09:00:00,2.38
2026-04-19 10:00:00,-0.5825
2026-04-19 11:00:00,-1.98
2026-04-19 12:00:00,-2.1
2026-04-19 13:00:00,-2.1
2026-04-19 14:00:00,-3.005
2026-04-19 15:00:00,-3.0025
2026-04-19 16:00:00,-4.2775
2026-04-19 17:00:00,-1.2825
2026-04-19 18:00:00,0.5025
2026-04-19 19:00:00,35.489999999999995
2026-04-19 20:00:00,77.875
2026-04-19 21:00:00,87.6325
2026-04-19 22:00:00,86.7175
2026-04-19 23:00:00,85.535
2026-04-20 00:00:00,81.025
2026-04-20 01:00:00,75.9025
2026-04-20 02:00:00,74.715
2026-04-20 03:00:00,72.78
2026-04-20 04:00:00,74.1275
2026-04-20 05:00:00,76.6275
2026-04-20 06:00:00,79.475
2026-04-20 07:00:00,91.8
2026-04-20 08:00:00,81.0325
2026-04-20 09:00:00,50.6075
2026-04-20 10:00:00,4.415
2026-04-20 11:00:00,0.1375
2026-04-20 12:00:00,0.15
2026-04-20 13:00:00,0.0025
2026-04-20 14:00:00,0.0
2026-04-20 15:00:00,0.0
2026-04-20 16:00:00,0.0025
2026-04-20 17:00:00,2.6275
2026-04-20 18:00:00,23.3675
2026-04-20 19:00:00,55.6225
2026-04-20 20:00:00,91.35
2026-04-20 21:00:00,109.545
2026-04-20 22:00:00,92.8275
2026-04-20 23:00:00,82.175
2026-04-21 00:00:00,87.8
2026-04-21 01:00:00,79.92
2026-04-21 02:00:00,76.3325
2026-04-21 03:00:00,74.2825
2026-04-21 04:00:00,72.28
2026-04-21 05:00:00,73.08500000000001
2026-04-21 06:00:00,74.92
2026-04-21 07:00:00,81.58500000000001
2026-04-21 08:00:00,70.315
2026-04-21 09:00:00,35.9225
2026-04-21 10:00:00,4.2725
2026-04-21 11:00:00,0.2125
2026-04-21 12:00:00,-0.0025
2026-04-21 13:00:00,-0.0375
2026-04-21 14:00:00,-0.10500000000000001
2026-04-21 15:00:00,-0.1075
2026-04-21 16:00:00,-0.0675
2026-04-21 17:00:00,0.2125
2026-04-21 18:00:00,5.1525
2026-04-21 19:00:00,37.3425
2026-04-21 20:00:00,75.82
2026-04-21 21:00:00,83.85249999999999
2026-04-21 22:00:00,77.92
2026-04-21 23:00:00,75.77000000000001
2026-04-22 00:00:00,83.7175
2026-04-22 01:00:00,76.485
2026-04-22 02:00:00,73.27
2026-04-22 03:00:00,73.88499999999999
2026-04-22 04:00:00,72.66499999999999
2026-04-22 05:00:00,73.22749999999999
2026-04-22 06:00:00,76.9575
2026-04-22 07:00:00,92.56
2026-04-22 08:00:00,82.0825
2026-04-22 09:00:00,47.1075
2026-04-22 10:00:00,3.3674999999999997
2026-04-22 11:00:00,0.0675
2026-04-22 12:00:00,-0.13
2026-04-22 13:00:00,-0.5775
2026-04-22 14:00:00,-0.855
2026-04-22 15:00:00,-0.9525
2026-04-22 16:00:00,-0.295
2026-04-22 17:00:00,-0.0025000000000000005
2026-04-22 18:00:00,5.7575
2026-04-22 19:00:00,45.895
2026-04-22 20:00:00,86.075
2026-04-22 21:00:00,108.25999999999999
2026-04-22 22:00:00,94.00999999999999
2026-04-22 23:00:00,83.35249999999999
2026-04-23 00:00:00,89.0275
2026-04-23 01:00:00,81.33
2026-04-23 02:00:00,81.975
2026-04-23 03:00:00,81.13
2026-04-23 04:00:00,80.85
2026-04-23 05:00:00,80.86
2026-04-23 06:00:00,82.115
2026-04-23 07:00:00,89.055
2026-04-23 08:00:00,85.55
2026-04-23 09:00:00,38.905
2026-04-23 10:00:00,3.93
2026-04-23 11:00:00,0.0
2026-04-23 12:00:00,-0.305
2026-04-23 13:00:00,-0.5275
2026-04-23 14:00:00,-0.7175
2026-04-23 15:00:00,-0.81
2026-04-23 16:00:00,-0.3725
2026-04-23 17:00:00,0.7525
2026-04-23 18:00:00,12.7
2026-04-23 19:00:00,47.82
2026-04-23 20:00:00,75.615
2026-04-23 21:00:00,89.4675
2026-04-23 22:00:00,80.905
2026-04-23 23:00:00,78.75
2026-04-24 00:00:00,84.17
2026-04-24 01:00:00,82.91
2026-04-24 02:00:00,81.78
2026-04-24 03:00:00,81.72
2026-04-24 04:00:00,82.02
2026-04-24 05:00:00,84.47
2026-04-24 06:00:00,93.8725
2026-04-24 07:00:00,105.115
2026-04-24 08:00:00,101.09
2026-04-24 09:00:00,90.725
2026-04-24 10:00:00,79.66
2026-04-24 11:00:00,51.4775
2026-04-24 12:00:00,25.37
2026-04-24 13:00:00,20.5
2026-04-24 14:00:00,15.5175
2026-04-24 15:00:00,14.71
2026-04-24 16:00:00,20.295
2026-04-24 17:00:00,42.7525
2026-04-24 18:00:00,76.1575
2026-04-24 19:00:00,95.27
2026-04-24 20:00:00,103.42750000000001
2026-04-24 21:00:00,112.855
2026-04-24 22:00:00,103.35499999999999
2026-04-24 23:00:00,94.16
2026-04-25 00:00:00,92.4125
2026-04-25 01:00:00,89.5575
2026-04-25 02:00:00,88.8325
2026-04-25 03:00:00,89.2125
2026-04-25 04:00:00,89.0075
2026-04-25 05:00:00,88.655
2026-04-25 06:00:00,88.92
2026-04-25 07:00:00,88.075
2026-04-25 08:00:00,72.7825
2026-04-25 09:00:00,21.9125
2026-04-25 10:00:00,3.1025
2026-04-25 11:00:00,0.33999999999999997
2026-04-25 12:00:00,-0.0025
2026-04-25 13:00:00,-0.0025
2026-04-25 14:00:00,-0.01
2026-04-25 15:00:00,-0.01
2026-04-25 16:00:00,-0.005
2026-04-25 17:00:00,0.9550000000000001
2026-04-25 18:00:00,14.75
2026-04-25 19:00:00,52.5725
2026-04-25 20:00:00,73.82249999999999
2026-04-25 21:00:00,89.63250000000001
2026-04-25 22:00:00,87.7175
2026-04-25 23:00:00,86.6925
2026-04-26 00:00:00,77.53
2026-04-26 01:00:00,60.9025
2026-04-26 02:00:00,55.2
2026-04-26 03:00:00,49.4975
2026-04-26 04:00:00,50.0
2026-04-26 05:00:00,53.525
2026-04-26 06:00:00,64.58500000000001
2026-04-26 07:00:00,65.41
2026-04-26 08:00:00,24.9375
2026-04-26 09:00:00,0.10250000000000004
2026-04-26 10:00:00,-2.075
2026-04-26 11:00:00,-4.25
2026-04-26 12:00:00,-5.0
2026-04-26 13:00:00,-5.0
2026-04-26 14:00:00,-5.0
2026-04-26 15:00:00,-5.115
2026-04-26 16:00:00,-4.5024999999999995
2026-04-26 17:00:00,-0.56
2026-04-26 18:00:00,2.9825
2026-04-26 19:00:00,31.2275
2026-04-26 20:00:00,72.7675
2026-04-26 21:00:00,93.16
2026-04-26 22:00:00,95.0775
2026-04-26 23:00:00,81.8
2026-04-27 00:00:00,81.74249999999999
2026-04-27 01:00:00,77.9
2026-04-27 02:00:00,63.8425
2026-04-27 03:00:00,58.7525
2026-04-27 04:00:00,54.96
2026-04-27 05:00:00,69.595
2026-04-27 06:00:00,89.45
2026-04-27 07:00:00,99.9075
2026-04-27 08:00:00,82.66250000000001
2026-04-27 09:00:00,24.7975
2026-04-27 10:00:00,1.0225
2026-04-27 11:00:00,-0.0075
2026-04-27 12:00:00,-0.0975
2026-04-27 13:00:00,-0.83
2026-04-27 14:00:00,-0.4975
2026-04-27 15:00:00,-0.36
2026-04-27 16:00:00,-0.035
2026-04-27 17:00:00,0.405
2026-04-27 18:00:00,9.83
2026-04-27 19:00:00,63.85
2026-04-27 20:00:00,86.43
2026-04-27 21:00:00,97.1575
2026-04-27 22:00:00,85.7025
2026-04-27 23:00:00,81.465
2026-04-28 00:00:00,83.965
2026-04-28 01:00:00,79.6375
2026-04-28 02:00:00,76.5575
2026-04-28 03:00:00,74.5
2026-04-28 04:00:00,74.325
2026-04-28 05:00:00,77.675
2026-04-28 06:00:00,84.1925
2026-04-28 07:00:00,93.8675
2026-04-28 08:00:00,88.84
2026-04-28 09:00:00,59.035
2026-04-28 10:00:00,11.31
2026-04-28 11:00:00,1.045
2026-04-28 12:00:00,0.465
2026-04-28 13:00:00,0.01
2026-04-28 14:00:00,0.0075
2026-04-28 15:00:00,0.135
2026-04-28 16:00:00,0.9824999999999999
2026-04-28 17:00:00,7.8575
2026-04-28 18:00:00,41.3375
2026-04-28 19:00:00,82.23
2026-04-28 20:00:00,98.2
2026-04-28 21:00:00,109.455
2026-04-28 22:00:00,99.3225
2026-04-28 23:00:00,91.1575
2026-04-29 00:00:00,98.5325
2026-04-29 01:00:00,92.5975
2026-04-29 02:00:00,89.75
2026-04-29 03:00:00,89.34
2026-04-29 04:00:00,89.1375
2026-04-29 05:00:00,91.48
2026-04-29 06:00:00,106.11500000000001
2026-04-29 07:00:00,108.2975
2026-04-29 08:00:00,105.14750000000001
2026-04-29 09:00:00,97.7525
2026-04-29 10:00:00,93.67750000000001
2026-04-29 11:00:00,64.4325
2026-04-29 12:00:00,42.51
2026-04-29 13:00:00,29.252499999999998
2026-04-29 14:00:00,21.872500000000002
2026-04-29 15:00:00,14.2225
2026-04-29 16:00:00,17.747500000000002
2026-04-29 17:00:00,29.3
2026-04-29 18:00:00,40.1575
2026-04-29 19:00:00,77.9975
2026-04-29 20:00:00,101.7225
2026-04-29 21:00:00,112.07
2026-04-29 22:00:00,102.875
2026-04-29 23:00:00,101.3125
2026-04-30 00:00:00,99.86500000000001
2026-04-30 01:00:00,100.4675
2026-04-30 02:00:00,96.1175
2026-04-30 03:00:00,95.2175
2026-04-30 04:00:00,97.615
2026-04-30 05:00:00,96.715
2026-04-30 06:00:00,100.7225
2026-04-30 07:00:00,111.155
2026-04-30 08:00:00,98.235
2026-04-30 09:00:00,65.0075
2026-04-30 10:00:00,11.7525
2026-04-30 11:00:00,0.875
2026-04-30 12:00:00,0.005
2026-04-30 13:00:00,0.0
2026-04-30 14:00:00,0.0
2026-04-30 15:00:00,0.0
2026-04-30 16:00:00,0.5149999999999999
2026-04-30 17:00:00,3.5225
2026-04-30 18:00:00,27.3875
2026-04-30 19:00:00,78.15
2026-04-30 20:00:00,113.245
2026-04-30 21:00:00,125.405
2026-04-30 22:00:00,115.85
2026-04-30 23:00:00,107.45
2026-05-01 00:00:00,107.635
2026-05-01 01:00:00,103.005
2026-05-01 02:00:00,102.9
2026-05-01 03:00:00,102.59
2026-05-01 04:00:00,102.3
2026-05-01 05:00:00,102.72
2026-05-01 06:00:00,105.385
2026-05-01 07:00:00,103.845
2026-05-01 08:00:00,77.5175
2026-05-01 09:00:00,23.29
2026-05-01 10:00:00,0.2075
2026-05-01 11:00:00,-0.86
2026-05-01 12:00:00,-1.88
2026-05-01 13:00:00,-2.0025
2026-05-01 14:00:00,-2.0549999999999997
2026-05-01 15:00:00,-2.1
2026-05-01 16:00:00,-1.8675000000000002
2026-05-01 17:00:00,-0.3925
2026-05-01 18:00:00,11.205
2026-05-01 19:00:00,55.7125
2026-05-01 20:00:00,95.35
2026-05-01 21:00:00,104.7625
2026-05-01 22:00:00,103.89
2026-05-01 23:00:00,97.8325
2026-05-02 00:00:00,87.325
2026-05-02 01:00:00,84.9425
2026-05-02 02:00:00,70.35
2026-05-02 03:00:00,54.1375
2026-05-02 04:00:00,54.5125
2026-05-02 05:00:00,54.385000000000005
2026-05-02 06:00:00,54.832499999999996
2026-05-02 07:00:00,53.845
2026-05-02 08:00:00,53.2625
2026-05-02 09:00:00,43.8175
2026-05-02 10:00:00,24.345
2026-05-02 11:00:00,5.7125
2026-05-02 12:00:00,0.775
2026-05-02 13:00:00,0.005
2026-05-02 14:00:00,0.0
2026-05-02 15:00:00,-0.005
2026-05-02 16:00:00,-0.005
2026-05-02 17:00:00,2.5925
2026-05-02 18:00:00,12.745000000000001
2026-05-02 19:00:00,52.125
2026-05-02 20:00:00,73.2075
2026-05-02 21:00:00,90.605
2026-05-02 22:00:00,90.85249999999999
2026-05-02 23:00:00,82.875
2026-05-03 00:00:00,86.825
2026-05-03 01:00:00,81.14
2026-05-03 02:00:00,75.05
2026-05-03 03:00:00,75.765
2026-05-03 04:00:00,68.86
2026-05-03 05:00:00,58.555
2026-05-03 06:00:00,62.582499999999996
2026-05-03 07:00:00,75.33
2026-05-03 08:00:00,48.0875
2026-05-03 09:00:00,25.91
2026-05-03 10:00:00,4.1975
2026-05-03 11:00:00,0.3375
2026-05-03 12:00:00,0.0075
2026-05-03 13:00:00,-0.01
2026-05-03 14:00:00,-0.0125
2026-05-03 15:00:00,-0.01
2026-05-03 16:00:00,-0.005
2026-05-03 17:00:00,3.4749999999999996
2026-05-03 18:00:00,18.247500000000002
2026-05-03 19:00:00,68.695
2026-05-03 20:00:00,96.42
2026-05-03 21:00:00,103.06
2026-05-03 22:00:00,105.2725
2026-05-03 23:00:00,97.33
2026-05-04 00:00:00,114.82249999999999
2026-05-04 01:00:00,105.12
2026-05-04 02:00:00,97.445
2026-05-04 03:00:00,94.2
2026-05-04 04:00:00,94.675
2026-05-04 05:00:00,101.41499999999999
2026-05-04 06:00:00,114.625
2026-05-04 07:00:00,133.94750000000002
2026-05-04 08:00:00,119.25999999999999
2026-05-04 09:00:00,85.4575
2026-05-04 10:00:00,41.865
2026-05-04 11:00:00,4.2
2026-05-04 12:00:00,0.9975
2026-05-04 13:00:00,0.46749999999999997
2026-05-04 14:00:00,0.005
2026-05-04 15:00:00,0.0
2026-05-04 16:00:00,0.0
2026-05-04 17:00:00,0.3425
2026-05-04 18:00:00,3.5949999999999998
2026-05-04 19:00:00,53.0175
2026-05-04 20:00:00,109.81
2026-05-04 21:00:00,133.79500000000002
2026-05-04 22:00:00,141.59
2026-05-04 23:00:00,122.35000000000001
2026-05-05 00:00:00,107.99000000000001
2026-05-05 01:00:00,102.28
2026-05-05 02:00:00,98.4325
2026-05-05 03:00:00,98.595
2026-05-05 04:00:00,99.0975
2026-05-05 05:00:00,101.015
2026-05-05 06:00:00,103.99000000000001
2026-05-05 07:00:00,118.8
2026-05-05 08:00:00,104.7725
2026-05-05 09:00:00,70.1825
2026-05-05 10:00:00,19.265
2026-05-05 11:00:00,1.3575
2026-05-05 12:00:00,0.84
2026-05-05 13:00:00,0.735
2026-05-05 14:00:00,0.385
2026-05-05 15:00:00,0.01
2026-05-05 16:00:00,0.13
2026-05-05 17:00:00,1.88
2026-05-05 18:00:00,18.32
2026-05-05 19:00:00,69.6
2026-05-05 20:00:00,102.11
2026-05-05 21:00:00,114.36
2026-05-05 22:00:00,109.91749999999999
2026-05-05 23:00:00,100.1275
2026-05-06 00:00:00,114.9075
2026-05-06 01:00:00,108.42
2026-05-06 02:00:00,108.6675
2026-05-06 03:00:00,108.28
2026-05-06 04:00:00,109.11
2026-05-06 05:00:00,109.4975
2026-05-06 06:00:00,117.75
2026-05-06 07:00:00,124.23
2026-05-06 08:00:00,110.92
2026-05-06 09:00:00,66.9025
2026-05-06 10:00:00,17.92
2026-05-06 11:00:00,1.395
2026-05-06 12:00:00,1.4975
2026-05-06 13:00:00,2.05
2026-05-06 14:00:00,2.05
2026-05-06 15:00:00,2.0425
2026-05-06 16:00:00,6.245
2026-05-06 17:00:00,29.91
2026-05-06 18:00:00,60.4125
2026-05-06 19:00:00,91.6525
2026-05-06 20:00:00,150.9225
2026-05-06 21:00:00,154.745
2026-05-06 22:00:00,144.0
2026-05-06 23:00:00,129.055
2026-05-07 00:00:00,125.205
2026-05-07 01:00:00,116.4975
2026-05-07 02:00:00,113.84
2026-05-07 03:00:00,108.765
2026-05-07 04:00:00,108.12
2026-05-07 05:00:00,114.83
2026-05-07 06:00:00,123.52499999999999
2026-05-07 07:00:00,134.54
2026-05-07 08:00:00,118.44250000000001
2026-05-07 09:00:00,89.22749999999999
2026-05-07 10:00:00,52.005
2026-05-07 11:00:00,24.275
2026-05-07 12:00:00,20.0
2026-05-07 13:00:00,20.0
2026-05-07 14:00:00,19.235
2026-05-07 15:00:00,20.525
2026-05-07 16:00:00,24.0475
2026-05-07 17:00:00,43.557500000000005
2026-05-07 18:00:00,66.155
2026-05-07 19:00:00,98.3
2026-05-07 20:00:00,128.52
2026-05-07 21:00:00,145.1475
2026-05-07 22:00:00,145.01
2026-05-07 23:00:00,125.755
2026-05-08 00:00:00,108.69749999999999
2026-05-08 01:00:00,105.53999999999999
2026-05-08 02:00:00,101.9925
2026-05-08 03:00:00,103.39
2026-05-08 04:00:00,101.36250000000001
2026-05-08 05:00:00,101.92999999999999
2026-05-08 06:00:00,103.77499999999999
2026-05-08 07:00:00,105.1
2026-05-08 08:00:00,93.3825
2026-05-08 09:00:00,71.015
2026-05-08 10:00:00,31.0425
2026-05-08 11:00:00,10.0225
2026-05-08 12:00:00,2.0425
2026-05-08 13:00:00,0.7575
2026-05-08 14:00:00,0.15
2026-05-08 15:00:00,0.07999999999999999
2026-05-08 16:00:00,0.7575
2026-05-08 17:00:00,5.215
2026-05-08 18:00:00,32.11
2026-05-08 19:00:00,72.75
2026-05-08 20:00:00,94.285
2026-05-08 21:00:00,108.6375
2026-05-08 22:00:00,103.4575
2026-05-08 23:00:00,94.9275
2026-05-09 00:00:00,77.43
2026-05-09 01:00:00,64.2425
2026-05-09 02:00:00,43.6
2026-05-09 03:00:00,35.02
2026-05-09 04:00:00,35.0125
2026-05-09 05:00:00,35.015
2026-05-09 06:00:00,36.1025
2026-05-09 07:00:00,40.11
2026-05-09 08:00:00,37.8825
2026-05-09 09:00:00,34.4275
2026-05-09 10:00:00,23.79
2026-05-09 11:00:00,2.8975
2026-05-09 12:00:00,0.7575
2026-05-09 13:00:00,0.1325
2026-05-09 14:00:00,0.0
2026-05-09 15:00:00,0.0
2026-05-09 16:00:00,0.0925
2026-05-09 17:00:00,0.615
2026-05-09 18:00:00,15.735000000000001
2026-05-09 19:00:00,41.93
2026-05-09 20:00:00,65.2
2026-05-09 21:00:00,80.6725
2026-05-09 22:00:00,74.6325
2026-05-09 23:00:00,65.83500000000001
2026-05-10 00:00:00,39.644999999999996
2026-05-10 01:00:00,33.7575
2026-05-10 02:00:00,18.065
2026-05-10 03:00:00,14.47
2026-05-10 04:00:00,16.1075
2026-05-10 05:00:00,16.335
2026-05-10 06:00:00,16.2525
2026-05-10 07:00:00,17.605
2026-05-10 08:00:00,12.405000000000001
2026-05-10 09:00:00,7.725
2026-05-10 10:00:00,0.0125
2026-05-10 11:00:00,-0.015
2026-05-10 12:00:00,-0.0625
2026-05-10 13:00:00,-0.5575
2026-05-10 14:00:00,-0.68
2026-05-10 15:00:00,-0.815
2026-05-10 16:00:00,-0.82
2026-05-10 17:00:00,-0.41000000000000003
2026-05-10 18:00:00,0.2125
2026-05-10 19:00:00,13.8025
2026-05-10 20:00:00,52.0225
2026-05-10 21:00:00,87.4675
2026-05-10 22:00:00,90.9875
2026-05-10 23:00:00,66.7625
2026-05-11 00:00:00,60.1225
2026-05-11 01:00:00,56.5025
2026-05-11 02:00:00,55.4825
2026-05-11 03:00:00,52.1275
2026-05-11 04:00:00,41.3075
2026-05-11 05:00:00,57.682500000000005
2026-05-11 06:00:00,60.385000000000005
2026-05-11 07:00:00,83.75
2026-05-11 08:00:00,64.82
2026-05-11 09:00:00,33.7525
2026-05-11 10:00:00,16.995
2026-05-11 11:00:00,4.145
2026-05-11 12:00:00,3.395
2026-05-11 13:00:00,1.275
2026-05-11 14:00:00,1.2575
2026-05-11 15:00:00,0.675
2026-05-11 16:00:00,0.135
2026-05-11 17:00:00,1.195
2026-05-11 18:00:00,24.2625
2026-05-11 19:00:00,77.5
2026-05-11 20:00:00,121.7925
2026-05-11 21:00:00,187.5675
2026-05-11 22:00:00,139.82750000000001
2026-05-11 23:00:00,117.8725
2026-05-12 00:00:00,108.665
2026-05-12 01:00:00,105.2575
2026-05-12 02:00:00,99.555
2026-05-12 03:00:00,98.7225
2026-05-12 04:00:00,99.1725
2026-05-12 05:00:00,103.005
2026-05-12 06:00:00,112.6725
2026-05-12 07:00:00,122.7375
2026-05-12 08:00:00,112.145
2026-05-12 09:00:00,94.075
2026-05-12 10:00:00,43.43
2026-05-12 11:00:00,18.8
2026-05-12 12:00:00,15.5275
2026-05-12 13:00:00,2.9225
2026-05-12 14:00:00,1.0125
2026-05-12 15:00:00,0.26
2026-05-12 16:00:00,0.29500000000000004
2026-05-12 17:00:00,2.605
2026-05-12 18:00:00,11.6375
2026-05-12 19:00:00,49.71
2026-05-12 20:00:00,107.11
2026-05-12 21:00:00,123.47
2026-05-12 22:00:00,121.6575
2026-05-12 23:00:00,107.155
2026-05-13 00:00:00,85.6775
2026-05-13 01:00:00,82.94
2026-05-13 02:00:00,80.25
2026-05-13 03:00:00,79.425
2026-05-13 04:00:00,80.8925
2026-05-13 05:00:00,82.76
2026-05-13 06:00:00,82.33500000000001
2026-05-13 07:00:00,87.1825
2026-05-13 08:00:00,67.595
2026-05-13 09:00:00,14.64
2026-05-13 10:00:00,0.1275
2026-05-13 11:00:00,-0.0025
2026-05-13 12:00:00,0.0
2026-05-13 13:00:00,0.0
2026-05-13 14:00:00,-0.005
2026-05-13 15:00:00,-0.01
2026-05-13 16:00:00,-0.0075
2026-05-13 17:00:00,0.0
2026-05-13 18:00:00,1.715
2026-05-13 19:00:00,35.0925
2026-05-13 20:00:00,84.595
2026-05-13 21:00:00,106.8875
2026-05-13 22:00:00,99.3675
2026-05-13 23:00:00,86.82
2026-05-14 00:00:00,105.22
2026-05-14 01:00:00,101.31
2026-05-14 02:00:00,97.305
2026-05-14 03:00:00,95.36500000000001
2026-05-14 04:00:00,92.8275
2026-05-14 05:00:00,92.1
2026-05-14 06:00:00,99.925
2026-05-14 07:00:00,98.7425
2026-05-14 08:00:00,79.3
2026-05-14 09:00:00,14.127500000000001
2026-05-14 10:00:00,2.075
2026-05-14 11:00:00,0.1325
2026-05-14 12:00:00,0.0
2026-05-14 13:00:00,0.0
2026-05-14 14:00:00,0.0
2026-05-14 15:00:00,0.0
2026-05-14 16:00:00,-0.0075
2026-05-14 17:00:00,-0.0025
2026-05-14 18:00:00,0.8375
2026-05-14 19:00:00,29.8575
2026-05-14 20:00:00,82.3325
2026-05-14 21:00:00,98.0525
2026-05-14 22:00:00,98.67
2026-05-14 23:00:00,91.97749999999999
2026-05-15 00:00:00,80.78999999999999
2026-05-15 01:00:00,70.30250000000001
2026-05-15 02:00:00,62.155
2026-05-15 03:00:00,49.29
2026-05-15 04:00:00,41.2
2026-05-15 05:00:00,47.5
2026-05-15 06:00:00,67.4225
2026-05-15 07:00:00,73.3
2026-05-15 08:00:00,53.65
2026-05-15 09:00:00,14.89
2026-05-15 10:00:00,0.9025
2026-05-15 11:00:00,0.005
2026-05-15 12:00:00,0.0
2026-05-15 13:00:00,0.0
2026-05-15 14:00:00,0.0
2026-05-15 15:00:00,-0.01
2026-05-15 16:00:00,-0.0075
2026-05-15 17:00:00,0.0
2026-05-15 18:00:00,1.2325
2026-05-15 19:00:00,14.6975
2026-05-15 20:00:00,63.45
2026-05-15 21:00:00,87.82
2026-05-15 22:00:00,92.84
2026-05-15 23:00:00,84.055
2026-05-16 00:00:00,77.88
2026-05-16 01:00:00,70.805
2026-05-16 02:00:00,70.92
2026-05-16 03:00:00,69.995
2026-05-16 04:00:00,64.975
2026-05-16 05:00:00,65.23
2026-05-16 06:00:00,68.5625
2026-05-16 07:00:00,67.4175
2026-05-16 08:00:00,32.775
2026-05-16 09:00:00,0.25
2026-05-16 10:00:00,-0.005
2026-05-16 11:00:00,-0.31
2026-05-16 12:00:00,-0.7025
2026-05-16 13:00:00,-0.4175
2026-05-16 14:00:00,-0.545
2026-05-16 15:00:00,-0.84
2026-05-16 16:00:00,-0.9099999999999999
2026-05-16 17:00:00,-0.2925
2026-05-16 18:00:00,0.21
2026-05-16 19:00:00,28.315
2026-05-16 20:00:00,76.095
2026-05-16 21:00:00,101.1525
2026-05-16 22:00:00,111.44
2026-05-16 23:00:00,100.66
2026-05-17 00:00:00,94.0
2026-05-17 01:00:00,87.2175
2026-05-17 02:00:00,76.1575
2026-05-17 03:00:00,66.035
2026-05-17 04:00:00,70.0
2026-05-17 05:00:00,70.4825
2026-05-17 06:00:00,68.33
2026-05-17 07:00:00,58.9725
2026-05-17 08:00:00,33.095
2026-05-17 09:00:00,8.0075
2026-05-17 10:00:00,0.8375
2026-05-17 11:00:00,0.0
2026-05-17 12:00:00,0.0
2026-05-17 13:00:00,0.0
2026-05-17 14:00:00,0.0
2026-05-17 15:00:00,-0.005
2026-05-17 16:00:00,0.0
2026-05-17 17:00:00,0.0025
2026-05-17 18:00:00,2.0875
2026-05-17 19:00:00,33.4425
2026-05-17 20:00:00,89.4125
2026-05-17 21:00:00,114.9675
2026-05-17 22:00:00,119.005
2026-05-17 23:00:00,107.50999999999999
2026-05-18 00:00:00,93.0125
2026-05-18 01:00:00,87.225
2026-05-18 02:00:00,83.26
2026-05-18 03:00:00,79.37
2026-05-18 04:00:00,81.165
2026-05-18 05:00:00,87.03999999999999
2026-05-18 06:00:00,100.78999999999999
2026-05-18 07:00:00,111.885
2026-05-18 08:00:00,101.0375
2026-05-18 09:00:00,65.1925
2026-05-18 10:00:00,17.6375
2026-05-18 11:00:00,0.9575
2026-05-18 12:00:00,0.26
2026-05-18 13:00:00,0.01
2026-05-18 14:00:00,0.0
2026-05-18 15:00:00,0.0
2026-05-18 16:00:00,0.0025
2026-05-18 17:00:00,0.66
2026-05-18 18:00:00,14.947500000000002
2026-05-18 19:00:00,66.13
2026-05-18 20:00:00,105.63
2026-05-18 21:00:00,129.08499999999998
2026-05-18 22:00:00,125.6975
2026-05-18 23:00:00,106.175
2026-05-19 00:00:00,95.3475
2026-05-19 01:00:00,74.865
2026-05-19 02:00:00,65.9625
2026-05-19 03:00:00,61.4675
2026-05-19 04:00:00,50.2975
2026-05-19 05:00:00,59.955
2026-05-19 06:00:00,61.89
2026-05-19 07:00:00,77.27000000000001
2026-05-19 08:00:00,71.27
2026-05-19 09:00:00,25.31
2026-05-19 10:00:00,1.345
2026-05-19 11:00:00,0.20249999999999999
2026-05-19 12:00:00,0.01
2026-05-19 13:00:00,0.0
2026-05-19 14:00:00,0.0
2026-05-19 15:00:00,0.0
2026-05-19 16:00:00,0.0
2026-05-19 17:00:00,0.025
2026-05-19 18:00:00,8.3
2026-05-19 19:00:00,47.71
2026-05-19 20:00:00,76.315
2026-05-19 21:00:00,116.67750000000001
2026-05-19 22:00:00,112.14
2026-05-19 23:00:00,94.13
2026-05-20 00:00:00,95.4875
2026-05-20 01:00:00,88.7875
2026-05-20 02:00:00,82.1425
2026-05-20 03:00:00,77.38
2026-05-20 04:00:00,76.34
2026-05-20 05:00:00,78.945
2026-05-20 06:00:00,102.9125
2026-05-20 07:00:00,108.3825
2026-05-20 08:00:00,79.0
2026-05-20 09:00:00,28.6425
2026-05-20 10:00:00,0.33999999999999997
2026-05-20 11:00:00,-0.0025
2026-05-20 12:00:00,-0.01
2026-05-20 13:00:00,-0.14
2026-05-20 14:00:00,-0.54
2026-05-20 15:00:00,-0.7725000000000001
2026-05-20 16:00:00,-0.4875
2026-05-20 17:00:00,-0.0025
2026-05-20 18:00:00,3.2
2026-05-20 19:00:00,44.535
2026-05-20 20:00:00,102.02250000000001
2026-05-20 21:00:00,129.17
2026-05-20 22:00:00,132.065
2026-05-20 23:00:00,117.36
2026-05-21 00:00:00,112.1875
2026-05-21 01:00:00,99.3125
2026-05-21 02:00:00,96.02
2026-05-21 03:00:00,87.24
2026-05-21 04:00:00,83.03999999999999
2026-05-21 05:00:00,92.52
2026-05-21 06:00:00,97.385
2026-05-21 07:00:00,106.2525
2026-05-21 08:00:00,78.3575
2026-05-21 09:00:00,15.127500000000001
2026-05-21 10:00:00,0.0
2026-05-21 11:00:00,-0.015
2026-05-21 12:00:00,-0.195
2026-05-21 13:00:00,-0.31
2026-05-21 14:00:00,-0.5
2026-05-21 15:00:00,-0.5
2026-05-21 16:00:00,-0.265
2026-05-21 17:00:00,0.02
2026-05-21 18:00:00,8.235
2026-05-21 19:00:00,62.519999999999996
2026-05-21 20:00:00,103.2025
2026-05-21 21:00:00,123.1975
2026-05-21 22:00:00,119.545
2026-05-21 23:00:00,103.72999999999999
2026-05-22 00:00:00,110.36
2026-05-22 01:00:00,97.845
2026-05-22 02:00:00,84.4275
2026-05-22 03:00:00,82.12
2026-05-22 04:00:00,81.775
2026-05-22 05:00:00,88.22
2026-05-22 06:00:00,102.06
2026-05-22 07:00:00,104.37
2026-05-22 08:00:00,75.36749999999999
2026-05-22 09:00:00,23.17
2026-05-22 10:00:00,0.7625000000000001
2026-05-22 11:00:00,0.0
2026-05-22 12:00:00,-0.0025
2026-05-22 13:00:00,-0.01
2026-05-22 14:00:00,-0.01
2026-05-22 15:00:00,-0.01
2026-05-22 16:00:00,-0.0075
2026-05-22 17:00:00,0.1275
2026-05-22 18:00:00,9.55
2026-05-22 19:00:00,48.985
2026-05-22 20:00:00,91.005
2026-05-22 21:00:00,116.42
2026-05-22 22:00:00,120.005
2026-05-22 23:00:00,110.7125
2026-05-23 00:00:00,103.48
2026-05-23 01:00:00,80.44
2026-05-23 02:00:00,61.057500000000005
2026-05-23 03:00:00,46.875
2026-05-23 04:00:00,50.0
2026-05-23 05:00:00,45.67
2026-05-23 06:00:00,46.295
2026-05-23 07:00:00,50.525
2026-05-23 08:00:00,21.169999999999998
2026-05-23 09:00:00,1.6
2026-05-23 10:00:00,-0.3325
2026-05-23 11:00:00,-2.0725
2026-05-23 12:00:00,-2.1
2026-05-23 13:00:00,-2.1
2026-05-23 14:00:00,-2.1
2026-05-23 15:00:00,-2.525
2026-05-23 16:00:00,-1.0175
2026-05-23 17:00:00,-0.37
2026-05-23 18:00:00,3.7399999999999998
2026-05-23 19:00:00,38.4525
2026-05-23 20:00:00,62.46
2026-05-23 21:00:00,94.89500000000001
2026-05-23 22:00:00,103.5325
2026-05-23 23:00:00,78.945
2026-05-24 00:00:00,64.0675
2026-05-24 01:00:00,43.63
2026-05-24 02:00:00,35.02
2026-05-24 03:00:00,35.0125
2026-05-24 04:00:00,35.01
2026-05-24 05:00:00,35.02
2026-05-24 06:00:00,35.02
2026-05-24 07:00:00,33.0275
2026-05-24 08:00:00,8.6925
2026-05-24 09:00:00,-0.0275
2026-05-24 10:00:00,-0.815
2026-05-24 11:00:00,-2.025
2026-05-24 12:00:00,-2.1
2026-05-24 13:00:00,-2.1
2026-05-24 14:00:00,-2.1
2026-05-24 15:00:00,-2.1
2026-05-24 16:00:00,-1.2325
2026-05-24 17:00:00,-0.0075
2026-05-24 18:00:00,5.035
2026-05-24 19:00:00,16.4
2026-05-24 20:00:00,54.227500000000006
2026-05-24 21:00:00,84.85499999999999
2026-05-24 22:00:00,89.7975
2026-05-24 23:00:00,69.2825
2026-05-25 00:00:00,37.9775
2026-05-25 01:00:00,34.5675
2026-05-25 02:00:00,24.37
2026-05-25 03:00:00,24.3425
2026-05-25 04:00:00,24.572499999999998
2026-05-25 05:00:00,31.95
2026-05-25 06:00:00,54.335
2026-05-25 07:00:00,66.4325
2026-05-25 08:00:00,28.7275
2026-05-25 09:00:00,5.0
2026-05-25 10:00:00,-0.13999999999999999
2026-05-25 11:00:00,-1.0825
2026-05-25 12:00:00,-2.0025
2026-05-25 13:00:00,-2.1
2026-05-25 14:00:00,-2.1
2026-05-25 15:00:00,-1.915
2026-05-25 16:00:00,-0.725
2026-05-25 17:00:00,-0.0075
2026-05-25 18:00:00,4.54
2026-05-25 19:00:00,39.625
2026-05-25 20:00:00,88.11
2026-05-25 21:00:00,108.095
2026-05-25 22:00:00,108.6525
2026-05-25 23:00:00,89.96000000000001
2026-05-26 00:00:00,93.0075
2026-05-26 01:00:00,87.265
2026-05-26 02:00:00,82.42
2026-05-26 03:00:00,81.88
2026-05-26 04:00:00,81.82
2026-05-26 05:00:00,83.525
2026-05-26 06:00:00,104.235
2026-05-26 07:00:00,105.58500000000001
2026-05-26 08:00:00,77.8525
2026-05-26 09:00:00,19.975
2026-05-26 10:00:00,0.9700000000000001
2026-05-26 11:00:00,-0.005
2026-05-26 12:00:00,-0.01
2026-05-26 13:00:00,-0.105
2026-05-26 14:00:00,-0.17
2026-05-26 15:00:00,-0.015
2026-05-26 16:00:00,0.0
2026-05-26 17:00:00,0.84
2026-05-26 18:00:00,16.295
2026-05-26 19:00:00,64.515
2026-05-26 20:00:00,118.23249999999999
2026-05-26 21:00:00,151.20749999999998
2026-05-26 22:00:00,149.99
2026-05-26 23:00:00,129.4925
2026-05-27 00:00:00,134.02
2026-05-27 01:00:00,124.4375
2026-05-27 02:00:00,114.0325
2026-05-27 03:00:00,110.10499999999999
2026-05-27 04:00:00,109.4075
2026-05-27 05:00:00,111.97749999999999
2026-05-27 06:00:00,122.3725
2026-05-27 07:00:00,124.29
2026-05-27 08:00:00,103.005
2026-05-27 09:00:00,40.2975
2026-05-27 10:00:00,3.96
2026-05-27 11:00:00,0.28
2026-05-27 12:00:00,0.0
2026-05-27 13:00:00,-0.005
2026-05-27 14:00:00,-0.0075
2026-05-27 15:00:00,0.0025
2026-05-27 16:00:00,0.33999999999999997
2026-05-27 17:00:00,2.715
2026-05-27 18:00:00,25.825
2026-05-27 19:00:00,69.39
2026-05-27 20:00:00,119.155
2026-05-27 21:00:00,142.60250000000002
2026-05-27 22:00:00,136.275
2026-05-27 23:00:00,120.13
2026-05-28 00:00:00,109.97
2026-05-28 01:00:00,107.45
2026-05-28 02:00:00,104.3825
2026-05-28 03:00:00,104.3575
2026-05-28 04:00:00,106.0
2026-05-28 05:00:00,113.7525
2026-05-28 06:00:00,126.895
2026-05-28 07:00:00,122.6325
2026-05-28 08:00:00,104.15
2026-05-28 09:00:00,52.7175
2026-05-28 10:00:00,14.1925
2026-05-28 11:00:00,0.5675
2026-05-28 12:00:00,0.01
2026-05-28 13:00:00,0.005
2026-05-28 14:00:00,0.0075
2026-05-28 15:00:00,0.425
2026-05-28 16:00:00,2.1875
2026-05-28 17:00:00,14.605
2026-05-28 18:00:00,47.055
2026-05-28 19:00:00,89.115
2026-05-28 20:00:00,129.3325
2026-05-28 21:00:00,159.6
2026-05-28 22:00:00,155.215
2026-05-28 23:00:00,134.9825
2026-05-29 00:00:00,132.61
2026-05-29 01:00:00,125.735
2026-05-29 02:00:00,120.6725
2026-05-29 03:00:00,114.84
2026-05-29 04:00:00,111.1925
2026-05-29 05:00:00,117.845
2026-05-29 06:00:00,126.36
2026-05-29 07:00:00,125.995
2026-05-29 08:00:00,108.58
2026-05-29 09:00:00,61.7
2026-05-29 10:00:00,15.915
2026-05-29 11:00:00,2.2475
2026-05-29 12:00:00,0.545
2026-05-29 13:00:00,0.1975
2026-05-29 14:00:00,0.84
2026-05-29 15:00:00,1.455
2026-05-29 16:00:00,7.7075
2026-05-29 17:00:00,26.9525
2026-05-29 18:00:00,62.8275
2026-05-29 19:00:00,93.9325
2026-05-29 20:00:00,121.82
2026-05-29 21:00:00,150.195
2026-05-29 22:00:00,152.4475
2026-05-29 23:00:00,127.6125
2026-05-30 00:00:00,123.305
2026-05-30 01:00:00,111.8625
2026-05-30 02:00:00,107.1225
2026-05-30 03:00:00,104.86
2026-05-30 04:00:00,114.69999999999999
2026-05-30 05:00:00,115.3375
2026-05-30 06:00:00,111.2
2026-05-30 07:00:00,102.97749999999999
2026-05-30 08:00:00,61.682500000000005
2026-05-30 09:00:00,20.3025
2026-05-30 10:00:00,2.4625
2026-05-30 11:00:00,-0.005
2026-05-30 12:00:00,-0.01
2026-05-30 13:00:00,-0.08
2026-05-30 14:00:00,-0.10500000000000001
2026-05-30 15:00:00,-0.01
2026-05-30 16:00:00,0.3375
2026-05-30 17:00:00,2.4299999999999997
2026-05-30 18:00:00,23.405
2026-05-30 19:00:00,65.6175
2026-05-30 20:00:00,96.775
2026-05-30 21:00:00,109.0425
2026-05-30 22:00:00,114.49000000000001
2026-05-30 23:00:00,107.9
2026-05-31 00:00:00,100.4725
2026-05-31 01:00:00,93.405
2026-05-31 02:00:00,80.18
2026-05-31 03:00:00,83.0
2026-05-31 04:00:00,72.995
2026-05-31 05:00:00,72.89
2026-05-31 06:00:00,80.5775
2026-05-31 07:00:00,68.53
2026-05-31 08:00:00,20.5825
2026-05-31 09:00:00,2.2525
2026-05-31 10:00:00,0.0
2026-05-31 11:00:00,-0.0025
2026-05-31 12:00:00,-0.01
2026-05-31 13:00:00,-0.01
2026-05-31 14:00:00,-0.02
2026-05-31 15:00:00,-0.3475
2026-05-31 16:00:00,-0.02
2026-05-31 17:00:00,-0.005
2026-05-31 18:00:00,3.875
2026-05-31 19:00:00,31.9075
2026-05-31 20:00:00,65.495
2026-05-31 21:00:00,98.86500000000001
2026-05-31 22:00:00,101.6525
2026-05-31 23:00:00,91.5025
2026-06-01 00:00:00,100.0025
2026-06-01 01:00:00,93.495
2026-06-01 02:00:00,92.14
2026-06-01 03:00:00,93.72
2026-06-01 04:00:00,96.0575
2026-06-01 05:00:00,102.0
2026-06-01 06:00:00,113.8
2026-06-01 07:00:00,122.58
2026-06-01 08:00:00,100.1325
2026-06-01 09:00:00,44.14
2026-06-01 10:00:00,18.77
2026-06-01 11:00:00,11.0275
2026-06-01 12:00:00,9.129999999999999
2026-06-01 13:00:00,2.045
2026-06-01 14:00:00,1.9375
2026-06-01 15:00:00,1.2725
2026-06-01 16:00:00,2.085
2026-06-01 17:00:00,13.8675
2026-06-01 18:00:00,39.93
2026-06-01 19:00:00,84.3875
2026-06-01 20:00:00,118.505
2026-06-01 21:00:00,138.3475
2026-06-01 22:00:00,145.28
2026-06-01 23:00:00,127.785
2026-06-02 00:00:00,116.1375
2026-06-02 01:00:00,100.05
2026-06-02 02:00:00,101.64
2026-06-02 03:00:00,94.645
2026-06-02 04:00:00,93.12
2026-06-02 05:00:00,93.71000000000001
2026-06-02 06:00:00,98.72749999999999
2026-06-02 07:00:00,93.72999999999999
2026-06-02 08:00:00,69.62
2026-06-02 09:00:00,29.1575
2026-06-02 10:00:00,2.595
2026-06-02 11:00:00,0.13
2026-06-02 12:00:00,0.0
2026-06-02 13:00:00,-0.01
2026-06-02 14:00:00,-0.01
2026-06-02 15:00:00,-0.02
2026-06-02 16:00:00,-0.0825
2026-06-02 17:00:00,-0.01
2026-06-02 18:00:00,0.5025
2026-06-02 19:00:00,7.8325000000000005
2026-06-02 20:00:00,54.364999999999995
2026-06-02 21:00:00,91.9875
2026-06-02 22:00:00,93.09
2026-06-02 23:00:00,85.02250000000001
2026-06-03 00:00:00,96.055
2026-06-03 01:00:00,91.705
2026-06-03 02:00:00,90.51
2026-06-03 03:00:00,89.94
2026-06-03 04:00:00,90.24000000000001
2026-06-03 05:00:00,91.525
2026-06-03 06:00:00,100.5975
2026-06-03 07:00:00,106.3925
2026-06-03 08:00:00,44.120000000000005
2026-06-03 09:00:00,0.5249999999999999
2026-06-03 10:00:00,-0.005
2026-06-03 11:00:00,-0.01
2026-06-03 12:00:00,-0.01
2026-06-03 13:00:00,-0.030000000000000002
2026-06-03 14:00:00,-0.01
2026-06-03 15:00:00,-0.1
2026-06-03 16:00:00,-0.1
2026-06-03 17:00:00,-0.005
2026-06-03 18:00:00,1.15
2026-06-03 19:00:00,34.05
2026-06-03 20:00:00,110.37
2026-06-03 21:00:00,135.2175
2026-06-03 22:00:00,134.5025
2026-06-03 23:00:00,125.8075
2026-06-04 00:00:00,129.835
2026-06-04 01:00:00,122.0375
2026-06-04 02:00:00,113.66
2026-06-04 03:00:00,106.4375
2026-06-04 04:00:00,99.6625
2026-06-04 05:00:00,103.14
2026-06-04 06:00:00,119.95
2026-06-04 07:00:00,120.02000000000001
2026-06-04 08:00:00,73.77250000000001
2026-06-04 09:00:00,13.8425
2026-06-04 10:00:00,0.1275
2026-06-04 11:00:00,-0.0025
2026-06-04 12:00:00,-0.0025
2026-06-04 13:00:00,-0.01
2026-06-04 14:00:00,-0.0225
2026-06-04 15:00:00,-0.47250000000000003
2026-06-04 16:00:00,-0.2175
2026-06-04 17:00:00,-0.01
2026-06-04 18:00:00,0.125
2026-06-04 19:00:00,1.99
2026-06-04 20:00:00,55.385
2026-06-04 21:00:00,94.665
2026-06-04 22:00:00,94.5675
2026-06-04 23:00:00,86.4225
2026-06-05 00:00:00,88.2525
2026-06-05 01:00:00,88.38
2026-06-05 02:00:00,88.38
2026-06-05 03:00:00,88.48
2026-06-05 04:00:00,88.62
2026-06-05 05:00:00,90.1075
2026-06-05 06:00:00,95.3625
2026-06-05 07:00:00,98.6425
2026-06-05 08:00:00,58.99
2026-06-05 09:00:00,19.5425
2026-06-05 10:00:00,3.2925
2026-06-05 11:00:00,0.6174999999999999
2026-06-05 12:00:00,2.0825
2026-06-05 13:00:00,1.1975
2026-06-05 14:00:00,0.9974999999999999
2026-06-05 15:00:00,0.6174999999999999
2026-06-05 16:00:00,0.715
2026-06-05 17:00:00,8.5075
2026-06-05 18:00:00,21.6475
2026-06-05 19:00:00,67.50999999999999
2026-06-05 20:00:00,102.995
2026-06-05 21:00:00,119.54
2026-06-05 22:00:00,128.3425
2026-06-05 23:00:00,123.11500000000001
2026-06-06 00:00:00,119.675
2026-06-06 01:00:00,103.38
2026-06-06 02:00:00,99.7525
2026-06-06 03:00:00,99.4
2026-06-06 04:00:00,99.67
2026-06-06 05:00:00,100.0
2026-06-06 06:00:00,104.93
2026-06-06 07:00:00,98.21000000000001
2026-06-06 08:00:00,79.61
2026-06-06 09:00:00,22.45
2026-06-06 10:00:00,1.0499999999999998
2026-06-06 11:00:00,-0.0025
2026-06-06 12:00:00,-0.05
2026-06-06 13:00:00,-0.05
2026-06-06 14:00:00,-0.1
2026-06-06 15:00:00,-0.11
2026-06-06 16:00:00,-0.1075
2026-06-06 17:00:00,-0.005
2026-06-06 18:00:00,0.8125
2026-06-06 19:00:00,15.975000000000001
2026-06-06 20:00:00,80.9
2026-06-06 21:00:00,106.62
2026-06-06 22:00:00,101.7075
2026-06-06 23:00:00,97.7325
2026-06-07 00:00:00,98.21000000000001
2026-06-07 01:00:00,94.1825
2026-06-07 02:00:00,94.72999999999999
2026-06-07 03:00:00,95.1125
2026-06-07 04:00:00,96.3775
2026-06-07 05:00:00,97.33500000000001
2026-06-07 06:00:00,99.48
2026-06-07 07:00:00,86.08500000000001
2026-06-07 08:00:00,24.8925
2026-06-07 09:00:00,-0.3275
2026-06-07 10:00:00,-1.0975000000000001
2026-06-07 11:00:00,-2.0775
2026-06-07 12:00:00,-2.1
2026-06-07 13:00:00,-2.1
2026-06-07 14:00:00,-2.1
2026-06-07 15:00:00,-2.1
2026-06-07 16:00:00,-2.1
2026-06-07 17:00:00,-0.6525
2026-06-07 18:00:00,0.575
2026-06-07 19:00:00,30.604999999999997
2026-06-07 20:00:00,87.495
2026-06-07 21:00:00,115.78999999999999
2026-06-07 22:00:00,123.795
2026-06-07 23:00:00,114.18
2026-06-08 00:00:00,106.9925
2026-06-08 01:00:00,97.4975
2026-06-08 02:00:00,93.6975
2026-06-08 03:00:00,93.805
2026-06-08 04:00:00,94.0025
2026-06-08 05:00:00,96.35
2026-06-08 06:00:00,108.88
2026-06-08 07:00:00,106.1225
2026-06-08 08:00:00,79.93
2026-06-08 09:00:00,49.28
2026-06-08 10:00:00,26.197499999999998
2026-06-08 11:00:00,14.9925
2026-06-08 12:00:00,9.105
2026-06-08 13:00:00,2.6175
2026-06-08 14:00:00,1.12
2026-06-08 15:00:00,0.13
2026-06-08 16:00:00,0.0025
2026-06-08 17:00:00,1.035
2026-06-08 18:00:00,7.5825
2026-06-08 19:00:00,32.457499999999996
2026-06-08 20:00:00,66.45750000000001
2026-06-08 21:00:00,112.14
2026-06-08 22:00:00,104.175
2026-06-08 23:00:00,89.41499999999999
2026-06-09 00:00:00,92.5375
2026-06-09 01:00:00,85.8775
2026-06-09 02:00:00,85.0
2026-06-09 03:00:00,85.0
2026-06-09 04:00:00,84.765
2026-06-09 05:00:00,85.34
2026-06-09 06:00:00,98.0375
2026-06-09 07:00:00,96.5075
2026-06-09 08:00:00,44.005
2026-06-09 09:00:00,3.2600000000000002
2026-06-09 10:00:00,-0.0025
2026-06-09 11:00:00,-0.025
2026-06-09 12:00:00,-0.01
2026-06-09 13:00:00,-0.01
2026-06-09 14:00:00,-0.01
2026-06-09 15:00:00,-0.01
2026-06-09 16:00:00,-0.0175
2026-06-09 17:00:00,-0.0025
2026-06-09 18:00:00,4.9325
2026-06-09 19:00:00,31.6125
2026-06-09 20:00:00,80.69749999999999
2026-06-09 21:00:00,125.51
2026-06-09 22:00:00,117.67750000000001
2026-06-09 23:00:00,98.8125
2026-06-10 00:00:00,80.525
2026-06-10 01:00:00,76.12
2026-06-10 02:00:00,65.78
2026-06-10 03:00:00,61.605000000000004
2026-06-10 04:00:00,59.415
2026-06-10 05:00:00,64.955
2026-06-10 06:00:00,80.52
2026-06-10 07:00:00,77.375
2026-06-10 08:00:00,45.47
2026-06-10 09:00:00,4.4975
2026-06-10 10:00:00,-0.0025
2026-06-10 11:00:00,-0.01
2026-06-10 12:00:00,-0.01
2026-06-10 13:00:00,-0.015
2026-06-10 14:00:00,-0.0875
2026-06-10 15:00:00,-0.5800000000000001
2026-06-10 16:00:00,-0.45
2026-06-10 17:00:00,-0.02
2026-06-10 18:00:00,0.21
2026-06-10 19:00:00,12.190000000000001
2026-06-10 20:00:00,54.760000000000005
2026-06-10 21:00:00,93.2325
2026-06-10 22:00:00,85.945
2026-06-10 23:00:00,73.525
2026-06-11 00:00:00,59.0225
2026-06-11 01:00:00,52.725
2026-06-11 02:00:00,40.84
2026-06-11 03:00:00,40.935
2026-06-11 04:00:00,42.625
2026-06-11 05:00:00,48.47
2026-06-11 06:00:00,62.0025
2026-06-11 07:00:00,63.7525
2026-06-11 08:00:00,23.66
2026-06-11 09:00:00,1.6125
2026-06-11 10:00:00,-0.0025
2026-06-11 11:00:00,-0.0075
2026-06-11 12:00:00,-0.01
2026-06-11 13:00:00,-0.01
2026-06-11 14:00:00,-0.01
2026-06-11 15:00:00,-0.01
2026-06-11 16:00:00,-0.01
2026-06-11 17:00:00,0.0025
2026-06-11 18:00:00,4.0975
2026-06-11 19:00:00,21.9675
2026-06-11 20:00:00,68.86
2026-06-11 21:00:00,116.715
2026-06-11 22:00:00,105.785
2026-06-11 23:00:00,83.6125
2026-06-12 00:00:00,35.54
2026-06-12 01:00:00,27.4225
2026-06-12 02:00:00,21.81
2026-06-12 03:00:00,21.875
2026-06-12 04:00:00,21.94
2026-06-12 05:00:00,24.255
2026-06-12 06:00:00,46.96
2026-06-12 07:00:00,51.865
2026-06-12 08:00:00,18.3875
2026-06-12 09:00:00,0.2075
2026-06-12 10:00:00,-0.005
2026-06-12 11:00:00,-0.01
2026-06-12 12:00:00,-0.01
2026-06-12 13:00:00,-0.01
2026-06-12 14:00:00,-0.01
2026-06-12 15:00:00,-0.02
2026-06-12 16:00:00,-0.05
2026-06-12 17:00:00,-0.005
2026-06-12 18:00:00,5.08
2026-06-12 19:00:00,29.7275
2026-06-12 20:00:00,79.93
2026-06-12 21:00:00,113.0875
2026-06-12 22:00:00,111.2075
2026-06-12 23:00:00,100.0075
2026-06-13 00:00:00,103.185
2026-06-13 01:00:00,92.035
2026-06-13 02:00:00,69.41
2026-06-13 03:00:00,53.885000000000005
2026-06-13 04:00:00,52.1725
2026-06-13 05:00:00,64.6525
2026-06-13 06:00:00,89.2975
2026-06-13 07:00:00,68.7175
2026-06-13 08:00:00,13.5475
2026-06-13 09:00:00,-0.13
2026-06-13 10:00:00,-0.9525
2026-06-13 11:00:00,-1.5325
2026-06-13 12:00:00,-2.0775
2026-06-13 13:00:00,-2.1
2026-06-13 14:00:00,-2.1
2026-06-13 15:00:00,-2.1
2026-06-13 16:00:00,-2.075
2026-06-13 17:00:00,-0.9175
2026-06-13 18:00:00,1.93
2026-06-13 19:00:00,33.84
2026-06-13 20:00:00,85.76
2026-06-13 21:00:00,123.86500000000001
2026-06-13 22:00:00,128.55
2026-06-13 23:00:00,117.7725
2026-06-14 00:00:00,119.4475
2026-06-14 01:00:00,111.905
2026-06-14 02:00:00,107.16
2026-06-14 03:00:00,103.05749999999999
2026-06-14 04:00:00,102.75
2026-06-14 05:00:00,103.0275
2026-06-14 06:00:00,109.755
2026-06-14 07:00:00,97.19
2026-06-14 08:00:00,25.330000000000002
2026-06-14 09:00:00,0.08499999999999999
2026-06-14 10:00:00,-0.96
2026-06-14 11:00:00,-2.025
2026-06-14 12:00:00,-2.1
2026-06-14 13:00:00,-2.0025
2026-06-14 14:00:00,-1.7025000000000001
2026-06-14 15:00:00,-2.0
2026-06-14 16:00:00,-1.23
2026-06-14 17:00:00,-0.34249999999999997
2026-06-14 18:00:00,6.300000000000001
2026-06-14 19:00:00,64.4225
2026-06-14 20:00:00,109.5175
2026-06-14 21:00:00,131.595
2026-06-14 22:00:00,137.43
2026-06-14 23:00:00,134.875
2026-06-15 00:00:00,127.92
2026-06-15 01:00:00,125.045
2026-06-15 02:00:00,120.2675
2026-06-15 03:00:00,119.83
2026-06-15 04:00:00,120.3925
2026-06-15 05:00:00,125.045
2026-06-15 06:00:00,135.33999999999997
2026-06-15 07:00:00,134.97
2026-06-15 08:00:00,115.105
2026-06-15 09:00:00,71.2775
2026-06-15 10:00:00,25.01
2026-06-15 11:00:00,3.4699999999999998
2026-06-15 12:00:00,1.0375
2026-06-15 13:00:00,0.84
2026-06-15 14:00:00,0.9575
2026-06-15 15:00:00,1.035
2026-06-15 16:00:00,9.0375
2026-06-15 17:00:00,40.195
2026-06-15 18:00:00,91.8575
2026-06-15 19:00:00,127.905
2026-06-15 20:00:00,149.5075
2026-06-15 21:00:00,158.595
2026-06-15 22:00:00,156.4775
2026-06-15 23:00:00,144.9775
2026-06-16 00:00:00,130.6575
2026-06-16 01:00:00,129.92000000000002
2026-06-16 02:00:00,122.38749999999999
2026-06-16 03:00:00,121.7975
2026-06-16 04:00:00,121.87
2026-06-16 05:00:00,121.64
2026-06-16 06:00:00,131.34
2026-06-16 07:00:00,131.695
2026-06-16 08:00:00,125.3025
2026-06-16 09:00:00,93.685
2026-06-16 10:00:00,65.88
2026-06-16 11:00:00,46.825
2026-06-16 12:00:00,36.9075
2026-06-16 13:00:00,22.7075
2026-06-16 14:00:00,23.75
2026-06-16 15:00:00,32.1125
2026-06-16 16:00:00,46.175
2026-06-16 17:00:00,64.4975
2026-06-16 18:00:00,98.8725
2026-06-16 19:00:00,115.265
2026-06-16 20:00:00,133.3725
2026-06-16 21:00:00,149.8975
2026-06-16 22:00:00,153.23000000000002
2026-06-16 23:00:00,139.495
2026-06-17 00:00:00,132.9025
2026-06-17 01:00:00,126.69
2026-06-17 02:00:00,124.5975
2026-06-17 03:00:00,122.8725
2026-06-17 04:00:00,121.005
2026-06-17 05:00:00,123.65
2026-06-17 06:00:00,125.8175
2026-06-17 07:00:00,122.165
2026-06-17 08:00:00,104.65
2026-06-17 09:00:00,79.215
2026-06-17 10:00:00,61.83
2026-06-17 11:00:00,48.02
2026-06-17 12:00:00,39.05
2026-06-17 13:00:00,8.85
2026-06-17 14:00:00,29.8625
2026-06-17 15:00:00,39.9775
2026-06-17 16:00:00,49.635
2026-06-17 17:00:00,66.69
2026-06-17 18:00:00,77.5475
2026-06-17 19:00:00,100.9425
2026-06-17 20:00:00,135.02
2026-06-17 21:00:00,150.9925
2026-06-17 22:00:00,151.49
2026-06-17 23:00:00,134.13
2026-06-18 00:00:00,125.2225
2026-06-18 01:00:00,118.4325
2026-06-18 02:00:00,120.35
2026-06-18 03:00:00,119.15
2026-06-18 04:00:00,122.8
2026-06-18 05:00:00,125.4225
2026-06-18 06:00:00,129.4225
2026-06-18 07:00:00,127.5525
2026-06-18 08:00:00,116.5375
2026-06-18 09:00:00,94.125
2026-06-18 10:00:00,61.1575
2026-06-18 11:00:00,27.317500000000003
2026-06-18 12:00:00,28.23
2026-06-18 13:00:00,17.68
2026-06-18 14:00:00,20.655
2026-06-18 15:00:00,25.567500000000003
2026-06-18 16:00:00,47.6575
2026-06-18 17:00:00,72.325
2026-06-18 18:00:00,81.0675
2026-06-18 19:00:00,114.89
2026-06-18 20:00:00,127.335
2026-06-18 21:00:00,133.2225
2026-06-18 22:00:00,138.9
2026-06-18 23:00:00,128.37
2026-06-19 00:00:00,123.9475
2026-06-19 01:00:00,119.64500000000001
2026-06-19 02:00:00,120.64
2026-06-19 03:00:00,119.98
2026-06-19 04:00:00,119.98
2026-06-19 05:00:00,120.52000000000001
2026-06-19 06:00:00,125.1525
2026-06-19 07:00:00,122.33
2026-06-19 08:00:00,104.1
2026-06-19 09:00:00,72.5475
2026-06-19 10:00:00,37.985
2026-06-19 11:00:00,25.905
2026-06-19 12:00:00,4.515
2026-06-19 13:00:00,1.3475
2026-06-19 14:00:00,1.4625
2026-06-19 15:00:00,2.3200000000000003
2026-06-19 16:00:00,23.23
2026-06-19 17:00:00,61.1375
2026-06-19 18:00:00,77.8875
2026-06-19 19:00:00,107.625
2026-06-19 20:00:00,128.6525
2026-06-19 21:00:00,142.215
2026-06-19 22:00:00,148.4675
2026-06-19 23:00:00,135.2125
2026-06-20 00:00:00,123.925
2026-06-20 01:00:00,120.9525
2026-06-20 02:00:00,118.6
2026-06-20 03:00:00,116.38250000000001
2026-06-20 04:00:00,114.775
2026-06-20 05:00:00,111.44
2026-06-20 06:00:00,113.9125
2026-06-20 07:00:00,108.935
2026-06-20 08:00:00,74.705
2026-06-20 09:00:00,25.235
2026-06-20 10:00:00,1.3074999999999999
2026-06-20 11:00:00,-0.0025
2026-06-20 12:00:00,-0.01
2026-06-20 13:00:00,-0.0175
2026-06-20 14:00:00,-0.01
2026-06-20 15:00:00,-0.01
2026-06-20 16:00:00,-0.005
2026-06-20 17:00:00,0.27249999999999996
2026-06-20 18:00:00,2.7375
2026-06-20 19:00:00,75.3075
2026-06-20 20:00:00,110.06
2026-06-20 21:00:00,123.08
2026-06-20 22:00:00,129.0775
2026-06-20 23:00:00,121.8475
2026-06-21 00:00:00,118.355
2026-06-21 01:00:00,114.2125
2026-06-21 02:00:00,107.3875
2026-06-21 03:00:00,103.12
2026-06-21 04:00:00,93.0275
2026-06-21 05:00:00,92.46
2026-06-21 06:00:00,91.4825
2026-06-21 07:00:00,66.63499999999999
2026-06-21 08:00:00,19.95
2026-06-21 09:00:00,0.2125
2026-06-21 10:00:00,-0.0025
2026-06-21 11:00:00,-0.0075
2026-06-21 12:00:00,-0.805
2026-06-21 13:00:00,-0.7975000000000001
2026-06-21 14:00:00,-0.7675000000000001
2026-06-21 15:00:00,-0.81
2026-06-21 16:00:00,-0.5650000000000001
2026-06-21 17:00:00,-0.0075
2026-06-21 18:00:00,1.1275
2026-06-21 19:00:00,53.25
2026-06-21 20:00:00,106.915
2026-06-21 21:00:00,131.355
2026-06-21 22:00:00,139.2875
2026-06-21 23:00:00,127.4375
2026-06-22 00:00:00,119.0025
2026-06-22 01:00:00,115.6
2026-06-22 02:00:00,103.9275
2026-06-22 03:00:00,93.11999999999999
2026-06-22 04:00:00,91.9075
2026-06-22 05:00:00,101.58
2026-06-22 06:00:00,117.535
2026-06-22 07:00:00,126.9325
2026-06-22 08:00:00,117.59
2026-06-22 09:00:00,96.7025
2026-06-22 10:00:00,78.02250000000001
2026-06-22 11:00:00,57.3025
2026-06-22 12:00:00,39.5175
2026-06-22 13:00:00,32.36
2026-06-22 14:00:00,45.059999999999995
2026-06-22 15:00:00,49.74
2026-06-22 16:00:00,67.25
2026-06-22 17:00:00,81.1175
2026-06-22 18:00:00,94.18
2026-06-22 19:00:00,122.70500000000001
2026-06-22 20:00:00,154.2975
2026-06-22 21:00:00,177.0
2026-06-22 22:00:00,171.2425
2026-06-22 23:00:00,143.5525
2026-06-23 00:00:00,140.0025
2026-06-23 01:00:00,128.975
2026-06-23 02:00:00,120.0025
2026-06-23 03:00:00,115.215
2026-06-23 04:00:00,115.0
2026-06-23 05:00:00,120.0
2026-06-23 06:00:00,131.4925
2026-06-23 07:00:00,134.0475
2026-06-23 08:00:00,120.975
2026-06-23 09:00:00,110.4675
2026-06-23 10:00:00,94.05
2026-06-23 11:00:00,78.935
2026-06-23 12:00:00,73.78
2026-06-23 13:00:00,72.07
2026-06-23 14:00:00,76.685
2026-06-23 15:00:00,76.315
2026-06-23 16:00:00,79.355
2026-06-23 17:00:00,85.5275
2026-06-23 18:00:00,89.3125
2026-06-23 19:00:00,105.4075
2026-06-23 20:00:00,135.2775
2026-06-23 21:00:00,175.0875
2026-06-23 22:00:00,174.765
2026-06-23 23:00:00,145.3725
2026-06-24 00:00:00,136.69
2026-06-24 01:00:00,128.6475
2026-06-24 02:00:00,127.70500000000001
2026-06-24 03:00:00,128.08
2026-06-24 04:00:00,123.42999999999999
2026-06-24 05:00:00,127.17500000000001
2026-06-24 06:00:00,128.31
2026-06-24 07:00:00,125.1225
2026-06-24 08:00:00,114.075
2026-06-24 09:00:00,85.6925
2026-06-24 10:00:00,71.14750000000001
2026-06-24 11:00:00,70.0275
2026-06-24 12:00:00,43.1075
2026-06-24 13:00:00,36.355000000000004
2026-06-24 14:00:00,32.5925
2026-06-24 15:00:00,31.354999999999997
2026-06-24 16:00:00,47.245000000000005
2026-06-24 17:00:00,56.537499999999994
2026-06-24 18:00:00,66.14
2026-06-24 19:00:00,91.515
2026-06-24 20:00:00,115.4825
2026-06-24 21:00:00,137.1925
2026-06-24 22:00:00,141.4175
2026-06-24 23:00:00,128.5325
2026-06-25 00:00:00,128.815
2026-06-25 01:00:00,127.07
2026-06-25 02:00:00,117.15
2026-06-25 03:00:00,115.96000000000001
2026-06-25 04:00:00,115.78
2026-06-25 05:00:00,115.4625
2026-06-25 06:00:00,118.52
2026-06-25 07:00:00,119.605
2026-06-25 08:00:00,106.495
2026-06-25 09:00:00,88.9475
2026-06-25 10:00:00,64.42
2026-06-25 11:00:00,27.197499999999998
2026-06-25 12:00:00,7.205
2026-06-25 13:00:00,2.13
2026-06-25 14:00:00,1.415
2026-06-25 15:00:00,1.1625
2026-06-25 16:00:00,3.0250000000000004
2026-06-25 17:00:00,14.280000000000001
2026-06-25 18:00:00,38.66
2026-06-25 19:00:00,68.48
2026-06-25 20:00:00,113.72
2026-06-25 21:00:00,135.1175
2026-06-25 22:00:00,147.8125
2026-06-25 23:00:00,131.085
2026-06-26 00:00:00,123.77250000000001
2026-06-26 01:00:00,121.275
2026-06-26 02:00:00,120.6575
2026-06-26 03:00:00,118.1925
2026-06-26 04:00:00,117.08
2026-06-26 05:00:00,119.3575
2026-06-26 06:00:00,125.47
2026-06-26 07:00:00,129.9975
2026-06-26 08:00:00,118.435
2026-06-26 09:00:00,94.1875
2026-06-26 10:00:00,72.5075
2026-06-26 11:00:00,55.1575
2026-06-26 12:00:00,30.66
2026-06-26 13:00:00,17.9475
2026-06-26 14:00:00,8.8525
2026-06-26 15:00:00,3.9325
2026-06-26 16:00:00,8.445
2026-06-26 17:00:00,28.384999999999998
2026-06-26 18:00:00,52.195
2026-06-26 19:00:00,85.3075
2026-06-26 20:00:00,116.095
2026-06-26 21:00:00,144.73250000000002
2026-06-26 22:00:00,148.4925
2026-06-26 23:00:00,138.8475
2026-06-27 00:00:00,131.5925
2026-06-27 01:00:00,124.7825
2026-06-27 02:00:00,119.1725
2026-06-27 03:00:00,118.2925
2026-06-27 04:00:00,119.295
2026-06-27 05:00:00,119.225
2026-06-27 06:00:00,119.03999999999999
2026-06-27 07:00:00,110.825
2026-06-27 08:00:00,95.3
2026-06-27 09:00:00,42.9975
2026-06-27 10:00:00,6.3875
2026-06-27 11:00:00,0.0025
2026-06-27 12:00:00,0.0
2026-06-27 13:00:00,0.0
2026-06-27 14:00:00,-0.0025
2026-06-27 15:00:00,-0.01
2026-06-27 16:00:00,-0.005
2026-06-27 17:00:00,0.1275
2026-06-27 18:00:00,3.415
2026-06-27 19:00:00,42.9725
2026-06-27 20:00:00,109.7075
2026-06-27 21:00:00,133.43
2026-06-27 22:00:00,152.2975
2026-06-27 23:00:00,135.79
2026-06-28 00:00:00,122.1575
2026-06-28 01:00:00,122.3275
2026-06-28 02:00:00,119.6825
2026-06-28 03:00:00,115.6875
2026-06-28 04:00:00,114.735
2026-06-28 05:00:00,115.1225
2026-06-28 06:00:00,115.035
2026-06-28 07:00:00,104.43
2026-06-28 08:00:00,76.685
2026-06-28 09:00:00,28.1375
2026-06-28 10:00:00,2.36
2026-06-28 11:00:00,0.1325
2026-06-28 12:00:00,0.0
2026-06-28 13:00:00,0.0
2026-06-28 14:00:00,0.0
2026-06-28 15:00:00,0.0
2026-06-28 16:00:00,0.0
2026-06-28 17:00:00,0.4525
2026-06-28 18:00:00,9.537500000000001
2026-06-28 19:00:00,54.5325
2026-06-28 20:00:00,108.14
2026-06-28 21:00:00,125.695
2026-06-28 22:00:00,134.0975
2026-06-28 23:00:00,126.10499999999999
2026-06-29 00:00:00,122.87
2026-06-29 01:00:00,113.66499999999999
2026-06-29 02:00:00,112.3675
2026-06-29 03:00:00,107.3325
2026-06-29 04:00:00,99.8675
2026-06-29 05:00:00,104.8675
2026-06-29 06:00:00,112.515
2026-06-29 07:00:00,113.9675
2026-06-29 08:00:00,84.72
2026-06-29 09:00:00,37.2875
2026-06-29 10:00:00,10.8875
2026-06-29 11:00:00,5.095000000000001
2026-06-29 12:00:00,10.3975
2026-06-29 13:00:00,37.6275
2026-06-29 14:00:00,47.385
2026-06-29 15:00:00,52.7
2026-06-29 16:00:00,62.370000000000005
2026-06-29 17:00:00,67.4625
2026-06-29 18:00:00,76.115
2026-06-29 19:00:00,94.07249999999999
2026-06-29 20:00:00,115.1725
2026-06-29 21:00:00,144.9625
2026-06-29 22:00:00,142.845
2026-06-29 23:00:00,127.7325
2026-06-30 00:00:00,120.8075
2026-06-30 01:00:00,118.8675
2026-06-30 02:00:00,116.59
2026-06-30 03:00:00,115.2625
2026-06-30 04:00:00,116.1125
2026-06-30 05:00:00,118.785
2026-06-30 06:00:00,125.655
2026-06-30 07:00:00,133.875
2026-06-30 08:00:00,123.745
2026-06-30 09:00:00,88.045
2026-06-30 10:00:00,67.58500000000001
2026-06-30 11:00:00,63.620000000000005
2026-06-30 12:00:00,60.2975
2026-06-30 13:00:00,60.23
2026-06-30 14:00:00,60.052499999999995
2026-06-30 15:00:00,55.0
2026-06-30 16:00:00,58.81
2026-06-30 17:00:00,62.69499999999999
2026-06-30 18:00:00,54.8825
2026-06-30 19:00:00,65.8
2026-06-30 20:00:00,112.77250000000001
2026-06-30 21:00:00,133.89
2026-06-30 22:00:00,131.3425
2026-06-30 23:00:00,123.795
2026-07-01 00:00:00,118.825
2026-07-01 01:00:00,120.8625
2026-07-01 02:00:00,111.24000000000001
2026-07-01 03:00:00,100.3975
2026-07-01 04:00:00,93.83
2026-07-01 05:00:00,98.57
2026-07-01 06:00:00,113.5275
2026-07-01 07:00:00,116.87
2026-07-01 08:00:00,66.4375
2026-07-01 09:00:00,9.0225
2026-07-01 10:00:00,1.1075
2026-07-01 11:00:00,0.052500000000000005
2026-07-01 12:00:00,0.0
2026-07-01 13:00:00,0.0
2026-07-01 14:00:00,0.0
2026-07-01 15:00:00,0.0
2026-07-01 16:00:00,0.075
2026-07-01 17:00:00,0.665
2026-07-01 18:00:00,1.4825000000000002
2026-07-01 19:00:00,21.6325
2026-07-01 20:00:00,75.935
2026-07-01 21:00:00,111.61
2026-07-01 22:00:00,110.9325
2026-07-01 23:00:00,89.4575
2026-07-02 00:00:00,98.6675
2026-07-02 01:00:00,87.7425
2026-07-02 02:00:00,83.75
2026-07-02 03:00:00,69.0975
2026-07-02 04:00:00,63.75
2026-07-02 05:00:00,67.535
2026-07-02 06:00:00,74.2175
2026-07-02 07:00:00,85.2125
2026-07-02 08:00:00,52.5
2026-07-02 09:00:00,7.505
2026-07-02 10:00:00,0.195
2026-07-02 11:00:00,-0.0075
2026-07-02 12:00:00,-0.01
2026-07-02 13:00:00,-0.01
2026-07-02 14:00:00,-0.01
2026-07-02 15:00:00,-0.01
2026-07-02 16:00:00,-0.01
2026-07-02 17:00:00,0.0
2026-07-02 18:00:00,0.585
2026-07-02 19:00:00,12.905
2026-07-02 20:00:00,77.58
2026-07-02 21:00:00,116.205
2026-07-02 22:00:00,118.265
2026-07-02 23:00:00,107.245
2026-07-03 00:00:00,89.2125
2026-07-03 01:00:00,76.83
2026-07-03 02:00:00,74.375
2026-07-03 03:00:00,73.76249999999999
2026-07-03 04:00:00,73.3
2026-07-03 05:00:00,74.845
2026-07-03 06:00:00,86.805
2026-07-03 07:00:00,78.385
2026-07-03 08:00:00,33.2075
2026-07-03 09:00:00,0.16
2026-07-03 10:00:00,0.0
2026-07-03 11:00:00,0.0
2026-07-03 12:00:00,-0.01
2026-07-03 13:00:00,-0.10500000000000001
2026-07-03 14:00:00,-0.1075
2026-07-03 15:00:00,-0.0625
2026-07-03 16:00:00,-0.02
2026-07-03 17:00:00,0.0
2026-07-03 18:00:00,0.515
2026-07-03 19:00:00,21.552500000000002
2026-07-03 20:00:00,90.56
2026-07-03 21:00:00,122.0625
2026-07-03 22:00:00,125.075
2026-07-03 23:00:00,115.12
2026-07-04 00:00:00,119.1
2026-07-04 01:00:00,105.3075
2026-07-04 02:00:00,83.105
2026-07-04 03:00:00,75.15
2026-07-04 04:00:00,74.505
2026-07-04 05:00:00,73.9275
2026-07-04 06:00:00,78.7875
2026-07-04 07:00:00,66.4
2026-07-04 08:00:00,20.0
2026-07-04 09:00:00,0.27
2026-07-04 10:00:00,-0.027500000000000004
2026-07-04 11:00:00,-0.4575
2026-07-04 12:00:00,-0.7925
2026-07-04 13:00:00,-0.5475
2026-07-04 14:00:00,-0.5
2026-07-04 15:00:00,-0.505
2026-07-04 16:00:00,-0.25
2026-07-04 17:00:00,-0.0475
2026-07-04 18:00:00,2.8725
2026-07-04 19:00:00,32.485
2026-07-04 20:00:00,89.725
2026-07-04 21:00:00,116.53999999999999
2026-07-04 22:00:00,125.8925
2026-07-04 23:00:00,111.53999999999999
2026-07-05 00:00:00,112.3875
2026-07-05 01:00:00,100.965
2026-07-05 02:00:00,103.0475
2026-07-05 03:00:00,104.495
2026-07-05 04:00:00,103.0675
2026-07-05 05:00:00,106.865
2026-07-05 06:00:00,105.875
2026-07-05 07:00:00,81.05
2026-07-05 08:00:00,28.03
2026-07-05 09:00:00,0.1725
2026-07-05 10:00:00,-0.0475
2026-07-05 11:00:00,-0.10250000000000001
2026-07-05 12:00:00,-0.10250000000000001
2026-07-05 13:00:00,-0.135
2026-07-05 14:00:00,-0.01
2026-07-05 15:00:00,-0.0075
2026-07-05 16:00:00,0.0
2026-07-05 17:00:00,0.5700000000000001
2026-07-05 18:00:00,16.4525
2026-07-05 19:00:00,78.86
2026-07-05 20:00:00,122.655
2026-07-05 21:00:00,151.615
2026-07-05 22:00:00,160.3175
2026-07-05 23:00:00,155.365
2026-07-06 00:00:00,131.54250000000002
2026-07-06 01:00:00,126.91499999999999
2026-07-06 02:00:00,127.3
2026-07-06 03:00:00,129.26749999999998
2026-07-06 04:00:00,130.66500000000002
2026-07-06 05:00:00,133.2975
2026-07-06 06:00:00,138.35750000000002
2026-07-06 07:00:00,137.35750000000002
2026-07-06 08:00:00,112.8775
2026-07-06 09:00:00,84.55
2026-07-06 10:00:00,54.4375
2026-07-06 11:00:00,34.3
2026-07-06 12:00:00,17.6825
2026-07-06 13:00:00,31.79
2026-07-06 14:00:00,38.962500000000006
2026-07-06 15:00:00,41.02
2026-07-06 16:00:00,56.445
2026-07-06 17:00:00,70.2625
2026-07-06 18:00:00,89.89
2026-07-06 19:00:00,122.1675
2026-07-06 20:00:00,141.235
2026-07-06 21:00:00,159.7625
2026-07-06 22:00:00,155.39249999999998
2026-07-06 23:00:00,147.8
2026-07-07 00:00:00,142.0525
2026-07-07 01:00:00,139.4975
2026-07-07 02:00:00,137.8225
2026-07-07 03:00:00,135.765
2026-07-07 04:00:00,135.42
2026-07-07 05:00:00,137.16
2026-07-07 06:00:00,140.46
2026-07-07 07:00:00,142.07750000000001
2026-07-07 08:00:00,128.535
2026-07-07 09:00:00,92.9325
2026-07-07 10:00:00,74.3375
2026-07-07 11:00:00,70.75
2026-07-07 12:00:00,70.0
2026-07-07 13:00:00,71.75
2026-07-07 14:00:00,73.7875
2026-07-07 15:00:00,74.6625
2026-07-07 16:00:00,77.17
2026-07-07 17:00:00,80.0575
2026-07-07 18:00:00,93.41749999999999
2026-07-07 19:00:00,114.98
2026-07-07 20:00:00,134.585
2026-07-07 21:00:00,154.93
2026-07-07 22:00:00,164.5575
2026-07-07 23:00:00,148.175
2026-07-08 00:00:00,143.995
2026-07-08 01:00:00,142.1975
2026-07-08 02:00:00,140.365
2026-07-08 03:00:00,140.5875
2026-07-08 04:00:00,141.3
2026-07-08 05:00:00,144.075
2026-07-08 06:00:00,145.8675
2026-07-08 07:00:00,147.625
2026-07-08 08:00:00,127.7575
2026-07-08 09:00:00,87.5575
2026-07-08 10:00:00,59.087500000000006
2026-07-08 11:00:00,51.4675
2026-07-08 12:00:00,41.0075
2026-07-08 13:00:00,40.0
2026-07-08 14:00:00,51.865
2026-07-08 15:00:00,43.345
2026-07-08 16:00:00,55.3325
2026-07-08 17:00:00,81.31
2026-07-08 18:00:00,101.215
2026-07-08 19:00:00,125.7625
2026-07-08 20:00:00,145.3725
2026-07-08 21:00:00,163.8
2026-07-08 22:00:00,165.70749999999998
2026-07-08 23:00:00,149.76749999999998
2026-07-09 00:00:00,153.0025
2026-07-09 01:00:00,151.705
2026-07-09 02:00:00,151.73250000000002
2026-07-09 03:00:00,152.1225
2026-07-09 04:00:00,150.955
2026-07-09 05:00:00,151.35250000000002
2026-07-09 06:00:00,146.96249999999998
2026-07-09 07:00:00,152.0025
2026-07-09 08:00:00,139.465
2026-07-09 09:00:00,103.38499999999999
2026-07-09 10:00:00,71.6425
2026-07-09 11:00:00,54.06
2026-07-09 12:00:00,36.9375
2026-07-09 13:00:00,23.76
2026-07-09 14:00:00,31.3275
2026-07-09 15:00:00,30.925
2026-07-09 16:00:00,55.317499999999995
2026-07-09 17:00:00,78.3775
2026-07-09 18:00:00,89.395
2026-07-09 19:00:00,123.9125
2026-07-09 20:00:00,154.70999999999998
2026-07-09 21:00:00,173.35
2026-07-09 22:00:00,173.55
2026-07-09 23:00:00,156.5325
2026-07-10 00:00:00,153.66
2026-07-10 01:00:00,146.77499999999998
2026-07-10 02:00:00,150.74
2026-07-10 03:00:00,155.09
2026-07-10 04:00:00,153.6825
2026-07-10 05:00:00,150.89499999999998
2026-07-10 06:00:00,147.32
2026-07-10 07:00:00,152.62
2026-07-10 08:00:00,136.7125
2026-07-10 09:00:00,120.3175
2026-07-10 10:00:00,93.4225
2026-07-10 11:00:00,78.19749999999999
2026-07-10 12:00:00,57.8
2026-07-10 13:00:00,37.36
2026-07-10 14:00:00,40.95
2026-07-10 15:00:00,59.1025
2026-07-10 16:00:00,68.55250000000001
2026-07-10 17:00:00,78.8175
2026-07-10 18:00:00,90.465
2026-07-10 19:00:00,111.17
2026-07-10 20:00:00,150.0925
2026-07-10 21:00:00,166.66
2026-07-10 22:00:00,168.0
2026-07-10 23:00:00,160.0525
2026-07-11 00:00:00,155.025
2026-07-11 01:00:00,148.3075
2026-07-11 02:00:00,141.785
2026-07-11 03:00:00,142.885
2026-07-11 04:00:00,149.99
2026-07-11 05:00:00,146.7525
2026-07-11 06:00:00,154.3375
2026-07-11 07:00:00,149.51999999999998
2026-07-11 08:00:00,114.115
2026-07-11 09:00:00,68.4475
2026-07-11 10:00:00,16.0875
2026-07-11 11:00:00,0.3275
2026-07-11 12:00:00,0.0
2026-07-11 13:00:00,-0.01
2026-07-11 14:00:00,-0.01
2026-07-11 15:00:00,0.0
2026-07-11 16:00:00,0.935
2026-07-11 17:00:00,5.5675
2026-07-11 18:00:00,39.715
2026-07-11 19:00:00,80.22749999999999
2026-07-11 20:00:00,125.7325
2026-07-11 21:00:00,155.3425
2026-07-11 22:00:00,154.8875
2026-07-11 23:00:00,145.5975
2026-07-12 00:00:00,137.4425
2026-07-12 01:00:00,131.885
2026-07-12 02:00:00,125.57
2026-07-12 03:00:00,136.11
2026-07-12 04:00:00,126.26
2026-07-12 05:00:00,124.955
2026-07-12 06:00:00,126.9
2026-07-12 07:00:00,115.7075
2026-07-12 08:00:00,69.7075
2026-07-12 09:00:00,8.305
2026-07-12 10:00:00,-0.0425
2026-07-12 11:00:00,-0.56
2026-07-12 12:00:00,-0.9075
2026-07-12 13:00:00,-1.1125
2026-07-12 14:00:00,-1.0775000000000001
2026-07-12 15:00:00,-1.0
2026-07-12 16:00:00,-0.4275
2026-07-12 17:00:00,0.0
2026-07-12 18:00:00,7.602500000000001
2026-07-12 19:00:00,63.295
2026-07-12 20:00:00,118.13
2026-07-12 21:00:00,144.4875
2026-07-12 22:00:00,150.96249999999998
2026-07-12 23:00:00,145.905
2026-07-13 00:00:00,142.36
2026-07-13 01:00:00,140.0
2026-07-13 02:00:00,149.0575
2026-07-13 03:00:00,149.75
2026-07-13 04:00:00,148.4875
2026-07-13 05:00:00,148.4925
2026-07-13 06:00:00,151.4925
2026-07-13 07:00:00,161.655
2026-07-13 08:00:00,150.405
2026-07-13 09:00:00,118.58
2026-07-13 10:00:00,93.6775
2026-07-13 11:00:00,74.69
2026-07-13 12:00:00,61.3725
2026-07-13 13:00:00,50.9775
2026-07-13 14:00:00,62.95
2026-07-13 15:00:00,69.5675
2026-07-13 16:00:00,75.175
2026-07-13 17:00:00,87.2575
2026-07-13 18:00:00,97.34
2026-07-13 19:00:00,129.575
2026-07-13 20:00:00,153.60500000000002
2026-07-13 21:00:00,195.565
2026-07-13 22:00:00,205.415
2026-07-13 23:00:00,181.5225
2026-07-14 00:00:00,159.3275
2026-07-14 01:00:00,157.31
2026-07-14 02:00:00,156.2175
2026-07-14 03:00:00,155.0725
2026-07-14 04:00:00,153.65
2026-07-14 05:00:00,155.1
2026-07-14 06:00:00,158.615
2026-07-14 07:00:00,159.3275
2026-07-14 08:00:00,138.24
2026-07-14 09:00:00,116.8675
2026-07-14 10:00:00,97.8775
2026-07-14 11:00:00,83.9625
2026-07-14 12:00:00,76.715
2026-07-14 13:00:00,66.2525
2026-07-14 14:00:00,66.1
2026-07-14 15:00:00,61.915
2026-07-14 16:00:00,71.3
2026-07-14 17:00:00,86.5825
2026-07-14 18:00:00,83.36749999999999
2026-07-14 19:00:00,113.95
2026-07-14 20:00:00,151.5925
2026-07-14 21:00:00,172.3025
2026-07-14 22:00:00,172.45
2026-07-14 23:00:00,163.7725
2026-07-15 00:00:00,163.245
2026-07-15 01:00:00,158.905
2026-07-15 02:00:00,155.96
2026-07-15 03:00:00,164.4675
2026-07-15 04:00:00,164.315
2026-07-15 05:00:00,165.145
2026-07-15 06:00:00,166.76
2026-07-15 07:00:00,166.70499999999998
2026-07-15 08:00:00,156.1725
2026-07-15 09:00:00,134.7875
2026-07-15 10:00:00,108.07
2026-07-15 11:00:00,97.23
2026-07-15 12:00:00,94.80499999999999
2026-07-15 13:00:00,90.9825
2026-07-15 14:00:00,91.37
2026-07-15 15:00:00,93.7825
2026-07-15 16:00:00,94.2825
2026-07-15 17:00:00,97.95
2026-07-15 18:00:00,103.245
2026-07-15 19:00:00,130.805
2026-07-15 20:00:00,163.5025
2026-07-15 21:00:00,191.9525
2026-07-15 22:00:00,188.38
2026-07-15 23:00:00,171.70499999999998
2026-07-16 00:00:00,169.60500000000002
2026-07-16 01:00:00,166.4725
2026-07-16 02:00:00,166.435
2026-07-16 03:00:00,165.76
2026-07-16 04:00:00,165.65
2026-07-16 05:00:00,166.435
2026-07-16 06:00:00,168.25
2026-07-16 07:00:00,170.54500000000002
2026-07-16 08:00:00,162.05
2026-07-16 09:00:00,136.39
2026-07-16 10:00:00,118.10249999999999
2026-07-16 11:00:00,99.715
2026-07-16 12:00:00,98.125
2026-07-16 13:00:00,94.54249999999999
2026-07-16 14:00:00,89.3125
2026-07-16 15:00:00,79.245
2026-07-16 16:00:00,75.79
2026-07-16 17:00:00,79.81
2026-07-16 18:00:00,83.5025
2026-07-16 19:00:00,102.305
2026-07-16 20:00:00,146.415
2026-07-16 21:00:00,179.6625
2026-07-16 22:00:00,185.845
2026-07-16 23:00:00,176.4325
2026-07-17 00:00:00,170.565
2026-07-17 01:00:00,164.9925
2026-07-17 02:00:00,163.52
2026-07-17 03:00:00,163.22
2026-07-17 04:00:00,162.88
2026-07-17 05:00:00,163.0625
2026-07-17 06:00:00,165.135
2026-07-17 07:00:00,166.6
2026-07-17 08:00:00,155.8525
2026-07-17 09:00:00,127.9575
2026-07-17 10:00:00,110.11
2026-07-17 11:00:00,104.2525
2026-07-17 12:00:00,99.025
2026-07-17 13:00:00,98.2
2026-07-17 14:00:00,98.08
2026-07-17 15:00:00,97.7775
2026-07-17 16:00:00,97.8425
2026-07-17 17:00:00,98.0875
2026-07-17 18:00:00,107.8275
2026-07-17 19:00:00,132.985
2026-07-17 20:00:00,160.33
2026-07-17 21:00:00,168.65
2026-07-17 22:00:00,165.22
2026-07-17 23:00:00,158.65
2026-07-18 00:00:00,160.2875
2026-07-18 01:00:00,156.69
2026-07-18 02:00:00,156.16
2026-07-18 03:00:00,154.985
2026-07-18 04:00:00,154.79
2026-07-18 05:00:00,154.83499999999998
2026-07-18 06:00:00,156.42000000000002
2026-07-18 07:00:00,154.16500000000002
2026-07-18 08:00:00,112.74
2026-07-18 09:00:00,48.3925
2026-07-18 10:00:00,10.504999999999999
2026-07-18 11:00:00,1.3525
2026-07-18 12:00:00,0.4475
2026-07-18 13:00:00,0.0
2026-07-18 14:00:00,0.0
2026-07-18 15:00:00,0.3425
2026-07-18 16:00:00,0.975
2026-07-18 17:00:00,3.0774999999999997
2026-07-18 18:00:00,57.1425
2026-07-18 19:00:00,102.92750000000001
2026-07-18 20:00:00,137.7975
2026-07-18 21:00:00,152.845
2026-07-18 22:00:00,154.2925
2026-07-18 23:00:00,146.67000000000002
2026-07-19 00:00:00,162.575
2026-07-19 01:00:00,160.745
2026-07-19 02:00:00,158.805
2026-07-19 03:00:00,155.375
2026-07-19 04:00:00,153.48
2026-07-19 05:00:00,157.5
2026-07-19 06:00:00,161.07999999999998
2026-07-19 07:00:00,153.31
2026-07-19 08:00:00,105.2125
2026-07-19 09:00:00,34.472500000000004
2026-07-19 10:00:00,0.3075
2026-07-19 11:00:00,-0.005
2026-07-19 12:00:00,-0.01
2026-07-19 13:00:00,0.0
2026-07-19 14:00:00,0.0
2026-07-19 15:00:00,-0.015
2026-07-19 16:00:00,-0.035
2026-07-19 17:00:00,0.0025
2026-07-19 18:00:00,18.627499999999998
2026-07-19 19:00:00,99.495
2026-07-19 20:00:00,142.39999999999998
2026-07-19 21:00:00,172.215
2026-07-19 22:00:00,175.7575
2026-07-19 23:00:00,172.25
2026-07-20 00:00:00,164.3125
2026-07-20 01:00:00,159.8225
2026-07-20 02:00:00,158.94
2026-07-20 03:00:00,158.64
2026-07-20 04:00:00,159.035
2026-07-20 05:00:00,161.6975
2026-07-20 06:00:00,172.0025
2026-07-20 07:00:00,176.2525
2026-07-20 08:00:00,160.8225
2026-07-20 09:00:00,121.4475
2026-07-20 10:00:00,97.625
2026-07-20 11:00:00,85.5625
2026-07-20 12:00:00,81.7375
2026-07-20 13:00:00,80.0025
2026-07-20 14:00:00,77.08500000000001
2026-07-20 15:00:00,64.3925
2026-07-20 16:00:00,63.1425
2026-07-20 17:00:00,78.1075
2026-07-20 18:00:00,103.85249999999999
2026-07-20 19:00:00,137.24
2026-07-20 20:00:00,167.0
2026-07-20 21:00:00,178.7625
2026-07-20 22:00:00,177.08249999999998
2026-07-20 23:00:00,168.175
2026-07-21 00:00:00,170.1175
2026-07-21 01:00:00,162.465
2026-07-21 02:00:00,161.755
2026-07-21 03:00:00,162.28
2026-07-21 04:00:00,161.41
2026-07-21 05:00:00,162.2625
2026-07-21 06:00:00,168.085
2026-07-21 07:00:00,169.155
2026-07-21 08:00:00,157.8125
2026-07-21 09:00:00,133.34
2026-07-21 10:00:00,104.4075
2026-07-21 11:00:00,87.35749999999999
2026-07-21 12:00:00,83.9425
2026-07-21 13:00:00,83.7125
2026-07-21 14:00:00,82.97
2026-07-21 15:00:00,82.715
2026-07-21 16:00:00,85.1625
2026-07-21 17:00:00,93.94999999999999
2026-07-21 18:00:00,119.0875
2026-07-21 19:00:00,152.4325
2026-07-21 20:00:00,167.775
2026-07-21 21:00:00,175.75
2026-07-21 22:00:00,174.67
2026-07-21 23:00:00,167.175
2026-07-22 00:00:00,172.5
2026-07-22 01:00:00,162.67000000000002
2026-07-22 02:00:00,162.94
2026-07-22 03:00:00,163.945
2026-07-22 04:00:00,167.185
2026-07-22 05:00:00,171.5
2026-07-22 06:00:00,175.9025
2026-07-22 07:00:00,180.23749999999998
2026-07-22 08:00:00,174.3725
2026-07-22 09:00:00,162.825
2026-07-22 10:00:00,126.38499999999999
2026-07-22 11:00:00,101.9575
2026-07-22 12:00:00,94.9075
2026-07-22 13:00:00,94.175
2026-07-22 14:00:00,93.00750000000001
2026-07-22 15:00:00,90.43
2026-07-22 16:00:00,91.8275
2026-07-22 17:00:00,98.2725
2026-07-22 18:00:00,119.48
2026-07-22 19:00:00,159.5875
2026-07-22 20:00:00,178.905
2026-07-22 21:00:00,244.1
2026-07-22 22:00:00,230.7875
2026-07-22 23:00:00,189.675
