,fr_load_fc,fr_wind_fc,fr_solar_fc
2025-05-29 00:00:00,41037.5,4609.43,0.0
2025-05-29 01:00:00,38425.0,4289.6900000000005,0.0
2025-05-29 02:00:00,36650.0,4000.69,0.0
2025-05-29 03:00:00,34275.0,3612.99,0.0
2025-05-29 04:00:00,32712.5,3281.21,0.0
2025-05-29 05:00:00,32075.0,3058.08,0.0
2025-05-29 06:00:00,31862.5,2835.68,4.45
2025-05-29 07:00:00,33050.0,2827.97,874.52
2025-05-29 08:00:00,35112.5,2621.49,3041.66
2025-05-29 09:00:00,37400.0,2262.25,6657.5
2025-05-29 10:00:00,38750.0,2413.1099999999997,10234.06
2025-05-29 11:00:00,39925.0,2828.95,12969.63
2025-05-29 12:00:00,41312.5,3347.21,14872.58
2025-05-29 13:00:00,41237.5,3946.51,15828.21
2025-05-29 14:00:00,38462.5,4298.43,16216.52
2025-05-29 15:00:00,37662.5,4447.11,15684.96
2025-05-29 16:00:00,36000.0,4305.969999999999,14564.17
2025-05-29 17:00:00,35612.5,4201.63,12573.58
2025-05-29 18:00:00,37650.0,3772.04,9584.23
2025-05-29 19:00:00,39775.0,3151.56,5717.88
2025-05-29 20:00:00,39137.5,2337.77,2440.14
2025-05-29 21:00:00,39037.5,2270.15,427.54
2025-05-29 22:00:00,40762.5,2297.37,0.0
2025-05-29 23:00:00,42325.0,2396.79,0.0
2025-05-30 00:00:00,40862.5,1656.07,0.0
2025-05-30 01:00:00,38525.0,1693.03,0.0
2025-05-30 02:00:00,36700.0,1580.76,0.0
2025-05-30 03:00:00,34162.5,1495.0,0.0
2025-05-30 04:00:00,33187.5,1397.48,0.0
2025-05-30 05:00:00,33662.5,1251.5,0.0
2025-05-30 06:00:00,34887.5,1119.23,6.69
2025-05-30 07:00:00,37400.0,1023.69,1099.94
2025-05-30 08:00:00,40350.0,873.84,3843.31
2025-05-30 09:00:00,42675.0,646.18,8173.78
2025-05-30 10:00:00,43675.0,504.2,12524.84
2025-05-30 11:00:00,44237.5,600.07,15864.25
2025-05-30 12:00:00,45600.0,770.22,17892.07
2025-05-30 13:00:00,45862.5,872.13,19000.28
2025-05-30 14:00:00,43987.5,886.14,19005.17
2025-05-30 15:00:00,42287.5,876.9,18391.72
2025-05-30 16:00:00,41050.0,923.3,16812.84
2025-05-30 17:00:00,41787.5,955.49,14202.32
2025-05-30 18:00:00,43725.0,792.73,10438.54
2025-05-30 19:00:00,45012.5,652.74,6108.24
2025-05-30 20:00:00,43150.0,722.21,2474.61
2025-05-30 21:00:00,42587.5,978.79,426.95
2025-05-30 22:00:00,43650.0,1152.12,0.0
2025-05-30 23:00:00,45225.0,1213.68,0.0
2025-05-31 00:00:00,41390.75,1347.72,0.0
2025-05-31 01:00:00,38835.625,1279.72,0.0
2025-05-31 02:00:00,36646.375,1142.06,0.0
2025-05-31 03:00:00,34027.625,1171.7,0.0
2025-05-31 04:00:00,32642.0,1190.77,0.0
2025-05-31 05:00:00,32372.375,1312.98,0.0
2025-05-31 06:00:00,32523.125,1399.84,6.77
2025-05-31 07:00:00,33238.75,1383.63,913.09
2025-05-31 08:00:00,35362.5,1129.81,3097.99
2025-05-31 09:00:00,38277.0,757.26,6658.58
2025-05-31 10:00:00,40194.5,470.47,10316.9
2025-05-31 11:00:00,41500.75,556.84,13178.67
2025-05-31 12:00:00,43353.25,789.8,14715.55
2025-05-31 13:00:00,43116.625,1014.3,15356.47
2025-05-31 14:00:00,41974.0,1269.54,15167.83
2025-05-31 15:00:00,40592.5,1679.7,14348.18
2025-05-31 16:00:00,39436.25,1842.0,12685.45
2025-05-31 17:00:00,39596.75,1730.3,10214.43
2025-05-31 18:00:00,41120.75,1814.15,7742.31
2025-05-31 19:00:00,42546.75,1766.47,4752.26
2025-05-31 20:00:00,41476.875,1867.34,1994.34
2025-05-31 21:00:00,40446.25,2049.8,379.61
2025-05-31 22:00:00,41797.25,2352.9,0.0
2025-05-31 23:00:00,43039.0,2838.48,0.0
2025-06-01 00:00:00,40082.0,3675.01,0.0
2025-06-01 01:00:00,37688.875,3813.24,0.0
2025-06-01 02:00:00,35741.5,3425.46,0.0
2025-06-01 03:00:00,33452.0,3239.47,0.0
2025-06-01 04:00:00,32032.75,3040.63,0.0
2025-06-01 05:00:00,31559.625,2738.36,0.0
2025-06-01 06:00:00,31251.75,2465.15,5.57
2025-06-01 07:00:00,31913.0,2364.54,863.77
2025-06-01 08:00:00,33930.5,1926.98,2656.9
2025-06-01 09:00:00,36872.875,1664.56,5427.88
2025-06-01 10:00:00,39477.375,1639.48,7943.08
2025-06-01 11:00:00,41595.5,1657.4,9996.69
2025-06-01 12:00:00,44053.625,1906.51,11002.72
2025-06-01 13:00:00,43178.625,2293.02,11583.17
2025-06-01 14:00:00,41503.625,2911.31,11744.46
2025-06-01 15:00:00,39849.875,3384.27,11135.22
2025-06-01 16:00:00,38504.75,3976.04,10123.09
2025-06-01 17:00:00,38907.0,4184.42,8135.43
2025-06-01 18:00:00,40604.75,4135.969999999999,6538.89
2025-06-01 19:00:00,42018.375,4128.88,4175.41
2025-06-01 20:00:00,40916.5,3940.83,1821.07
2025-06-01 21:00:00,40220.125,3820.8,387.06
2025-06-01 22:00:00,41409.125,4191.73,0.0
2025-06-01 23:00:00,42267.625,4368.4400000000005,0.0
2025-06-02 00:00:00,38254.625,3150.26,0.0
2025-06-02 01:00:00,35969.625,2898.74,0.0
2025-06-02 02:00:00,34581.75,2941.85,0.0
2025-06-02 03:00:00,32600.625,2981.1,0.0
2025-06-02 04:00:00,31800.5,2896.25,0.0
2025-06-02 05:00:00,33131.75,2836.01,0.0
2025-06-02 06:00:00,36152.625,2673.08,5.16
2025-06-02 07:00:00,40320.0,2411.58,744.37
2025-06-02 08:00:00,43244.75,1832.82,2378.54
2025-06-02 09:00:00,44954.875,1620.99,4939.33
2025-06-02 10:00:00,45646.375,1363.57,7292.56
2025-06-02 11:00:00,46401.375,1350.95,8785.1
2025-06-02 12:00:00,47266.375,1450.22,9815.95
2025-06-02 13:00:00,46696.25,1719.12,10442.97
2025-06-02 14:00:00,45459.875,1816.79,10644.97
2025-06-02 15:00:00,44157.625,1891.47,10492.99
2025-06-02 16:00:00,43116.5,1762.98,9894.06
2025-06-02 17:00:00,42453.375,1543.92,8656.2
2025-06-02 18:00:00,44275.875,1295.33,6795.65
2025-06-02 19:00:00,46003.0,1115.51,4385.92
2025-06-02 20:00:00,43685.375,1025.95,1947.56
2025-06-02 21:00:00,42029.375,1198.79,421.4
2025-06-02 22:00:00,42772.875,1437.34,0.0
2025-06-02 23:00:00,43219.375,1494.6,0.0
2025-06-03 00:00:00,40312.5,1142.77,0.0
2025-06-03 01:00:00,37787.5,1141.19,0.0
2025-06-03 02:00:00,36312.5,1369.02,0.0
2025-06-03 03:00:00,34462.5,1742.15,0.0
2025-06-03 04:00:00,33562.5,2237.81,0.0
2025-06-03 05:00:00,34850.0,2801.05,0.0
2025-06-03 06:00:00,38237.5,3443.23,10.34
2025-06-03 07:00:00,42462.5,3876.26,883.94
2025-06-03 08:00:00,45412.5,4791.73,2769.38
2025-06-03 09:00:00,46825.0,2996.26,5806.76
2025-06-03 10:00:00,47112.5,3307.24,8797.56
2025-06-03 11:00:00,47562.5,4849.98,10808.21
2025-06-03 12:00:00,48337.5,6531.1,12738.8
2025-06-03 13:00:00,48125.0,6668.27,13437.18
2025-06-03 14:00:00,46812.5,6653.81,13580.49
2025-06-03 15:00:00,45525.0,6684.04,13089.99
2025-06-03 16:00:00,44162.5,6605.11,11802.21
2025-06-03 17:00:00,43762.5,6225.47,9896.26
2025-06-03 18:00:00,45150.0,5737.62,7394.34
2025-06-03 19:00:00,46775.0,5025.04,4454.18
2025-06-03 20:00:00,44837.5,4313.02,1898.21
2025-06-03 21:00:00,43225.0,4022.85,391.27
2025-06-03 22:00:00,44450.0,4258.0,0.0
2025-06-03 23:00:00,44212.5,4259.9400000000005,0.0
2025-06-04 00:00:00,41500.0,3948.89,0.0
2025-06-04 01:00:00,38837.5,3686.6,0.0
2025-06-04 02:00:00,37137.5,3537.67,0.0
2025-06-04 03:00:00,35087.5,3446.86,0.0
2025-06-04 04:00:00,34187.5,3481.37,0.0
2025-06-04 05:00:00,35225.0,3556.06,0.0
2025-06-04 06:00:00,37912.5,3558.03,6.31
2025-06-04 07:00:00,41987.5,3142.41,582.89
2025-06-04 08:00:00,45175.0,2999.53,1713.83
2025-06-04 09:00:00,47112.5,2489.02,3458.27
2025-06-04 10:00:00,47912.5,2982.58,5062.41
2025-06-04 11:00:00,48787.5,3319.15,5945.98
2025-06-04 12:00:00,49637.5,3874.64,7164.79
2025-06-04 13:00:00,49212.5,4548.69,8229.74
2025-06-04 14:00:00,47675.0,5202.31,8101.05
2025-06-04 15:00:00,46187.5,5590.61,8700.57
2025-06-04 16:00:00,45175.0,5941.03,8617.45
2025-06-04 17:00:00,44512.5,6198.34,7747.37
2025-06-04 18:00:00,45737.5,6080.1,6465.01
2025-06-04 19:00:00,47100.0,5567.99,4119.43
2025-06-04 20:00:00,45200.0,4470.37,1888.22
2025-06-04 21:00:00,43650.0,3759.59,423.99
2025-06-04 22:00:00,44650.0,4003.62,0.0
2025-06-04 23:00:00,44950.0,4249.5,0.0
2025-06-05 00:00:00,40984.875,3873.72,0.0
2025-06-05 01:00:00,38742.375,4503.71,0.0
2025-06-05 02:00:00,36952.0,5091.46,0.0
2025-06-05 03:00:00,34852.75,5600.5,0.0
2025-06-05 04:00:00,33835.625,6084.56,0.0
2025-06-05 05:00:00,34637.125,6267.7,0.0
2025-06-05 06:00:00,37632.875,7027.11,9.88
2025-06-05 07:00:00,41918.125,7617.13,798.0
2025-06-05 08:00:00,44802.875,6900.41,2355.51
2025-06-05 09:00:00,46186.0,9354.61,4846.85
2025-06-05 10:00:00,46827.375,10073.19,6899.36
2025-06-05 11:00:00,47635.25,10808.42,8222.89
2025-06-05 12:00:00,48366.5,11379.74,9522.38
2025-06-05 13:00:00,48263.125,11937.29,9710.28
2025-06-05 14:00:00,46522.5,12682.73,9770.58
2025-06-05 15:00:00,45945.375,13301.31,9770.45
2025-06-05 16:00:00,43665.625,12948.02,9186.71
2025-06-05 17:00:00,43214.5,12938.75,7797.17
2025-06-05 18:00:00,44468.5,11922.97,6193.64
2025-06-05 19:00:00,46019.75,10832.37,3768.57
2025-06-05 20:00:00,44218.5,10776.83,1663.85
2025-06-05 21:00:00,42796.875,10675.49,342.34
2025-06-05 22:00:00,43682.875,10656.55,0.01
2025-06-05 23:00:00,44614.0,11122.59,0.0
2025-06-06 00:00:00,40966.0,11466.59,0.0
2025-06-06 01:00:00,38590.375,11248.86,0.0
2025-06-06 02:00:00,36847.625,11083.32,0.0
2025-06-06 03:00:00,34807.375,10401.38,0.0
2025-06-06 04:00:00,33821.625,9934.93,0.0
2025-06-06 05:00:00,34703.5,9677.23,0.0
2025-06-06 06:00:00,37514.75,9195.44,8.35
2025-06-06 07:00:00,41626.0,8451.14,759.35
2025-06-06 08:00:00,44533.5,7980.0,2315.82
2025-06-06 09:00:00,45915.125,7282.81,4961.35
2025-06-06 10:00:00,46414.75,6817.73,7459.37
2025-06-06 11:00:00,46990.875,7300.84,9362.73
2025-06-06 12:00:00,47784.0,8021.42,10687.65
2025-06-06 13:00:00,47306.625,9109.05,11524.54
2025-06-06 14:00:00,45841.125,10111.77,11695.87
2025-06-06 15:00:00,44718.125,10453.88,11542.07
2025-06-06 16:00:00,42637.125,10301.95,10655.34
2025-06-06 17:00:00,42479.125,9429.48,9103.76
2025-06-06 18:00:00,43468.625,8215.779999999999,7193.65
2025-06-06 19:00:00,44467.0,6439.47,4402.89
2025-06-06 20:00:00,43123.375,4431.5,1974.89
2025-06-06 21:00:00,42107.75,3369.65,433.53
2025-06-06 22:00:00,43124.125,3175.64,0.02
2025-06-06 23:00:00,44119.25,3523.45,0.0
2025-06-07 00:00:00,40912.5,3987.02,0.0
2025-06-07 01:00:00,38075.0,4393.55,0.0
2025-06-07 02:00:00,35975.0,5008.52,0.0
2025-06-07 03:00:00,33425.0,5908.96,0.0
2025-06-07 04:00:00,31875.0,6478.87,0.0
2025-06-07 05:00:00,31562.5,7403.49,0.0
2025-06-07 06:00:00,31887.5,8152.46,9.19
2025-06-07 07:00:00,33400.0,8596.43,685.25
2025-06-07 08:00:00,35875.0,8617.4,1954.66
2025-06-07 09:00:00,38662.5,9201.08,4082.99
2025-06-07 10:00:00,40350.0,9497.39,6664.19
2025-06-07 11:00:00,41150.0,10223.66,7962.33
2025-06-07 12:00:00,42750.0,10733.86,9298.83
2025-06-07 13:00:00,42125.0,11334.87,9800.76
2025-06-07 14:00:00,40037.5,11112.71,9464.02
2025-06-07 15:00:00,39075.0,11201.88,10072.89
2025-06-07 16:00:00,37850.0,12140.64,9576.6
2025-06-07 17:00:00,37862.5,11647.38,8320.75
2025-06-07 18:00:00,39062.5,11689.03,6716.75
2025-06-07 19:00:00,39837.5,10953.85,4495.54
2025-06-07 20:00:00,39062.5,9983.06,2094.08
2025-06-07 21:00:00,38512.5,9566.3,483.26
2025-06-07 22:00:00,40087.5,9756.2,0.03
2025-06-07 23:00:00,41712.5,10323.68,0.0
2025-06-08 00:00:00,38687.5,12069.28,0.0
2025-06-08 01:00:00,36100.0,12436.9,0.0
2025-06-08 02:00:00,34387.5,12370.37,0.0
2025-06-08 03:00:00,31675.0,12218.08,0.0
2025-06-08 04:00:00,30187.5,11917.91,0.0
2025-06-08 05:00:00,29712.5,11118.75,0.0
2025-06-08 06:00:00,29575.0,10154.74,15.01
2025-06-08 07:00:00,30462.5,9059.57,1159.19
2025-06-08 08:00:00,32112.5,7638.54,3653.56
2025-06-08 09:00:00,34687.5,7130.25,7627.24
2025-06-08 10:00:00,36775.0,7108.66,11768.85
2025-06-08 11:00:00,38375.0,7029.52,14803.14
2025-06-08 12:00:00,40075.0,7101.34,16803.62
2025-06-08 13:00:00,40000.0,7327.85,17634.69
2025-06-08 14:00:00,37800.0,7701.65,17607.21
2025-06-08 15:00:00,36750.0,8073.79,17062.92
2025-06-08 16:00:00,35125.0,8068.15,15974.68
2025-06-08 17:00:00,35362.5,7674.14,13653.14
2025-06-08 18:00:00,36937.5,6901.78,10191.64
2025-06-08 19:00:00,38900.0,5687.22,6125.63
2025-06-08 20:00:00,38400.0,4221.68,2680.34
2025-06-08 21:00:00,38062.5,3634.72,595.67
2025-06-08 22:00:00,39512.5,3582.18,0.05
2025-06-08 23:00:00,41012.5,3544.77,0.0
2025-06-09 00:00:00,38082.375,2235.09,0.0
2025-06-09 01:00:00,35722.875,2146.1,0.0
2025-06-09 02:00:00,33982.625,2076.27,0.0
2025-06-09 03:00:00,31836.625,2015.12,0.0
2025-06-09 04:00:00,30705.875,1896.16,0.0
2025-06-09 05:00:00,30602.375,1797.13,0.0
2025-06-09 06:00:00,30814.125,1697.91,22.48
2025-06-09 07:00:00,31723.0,1550.29,1295.63
2025-06-09 08:00:00,33571.625,1477.78,3932.2
2025-06-09 09:00:00,35837.75,885.72,8227.39
2025-06-09 10:00:00,38125.5,786.83,12599.75
2025-06-09 11:00:00,40048.25,837.9,15941.34
2025-06-09 12:00:00,42266.375,909.06,17951.5
2025-06-09 13:00:00,41566.125,950.54,18802.99
2025-06-09 14:00:00,38843.0,953.11,18858.9
2025-06-09 15:00:00,38246.25,931.2,18057.05
2025-06-09 16:00:00,36692.125,969.21,16206.89
2025-06-09 17:00:00,37092.875,940.16,13678.89
2025-06-09 18:00:00,39347.625,881.55,10279.89
2025-06-09 19:00:00,41371.75,845.0,6130.97
2025-06-09 20:00:00,40292.75,771.93,2615.49
2025-06-09 21:00:00,39670.125,813.23,579.59
2025-06-09 22:00:00,40827.625,924.64,0.06
2025-06-09 23:00:00,41636.125,986.34,0.0
2025-06-10 00:00:00,39300.0,1045.6100000000001,0.0
2025-06-10 01:00:00,36975.0,1287.63,0.0
2025-06-10 02:00:00,35575.0,1593.28,0.0
2025-06-10 03:00:00,33750.0,1881.44,0.0
2025-06-10 04:00:00,32912.5,2099.84,0.0
2025-06-10 05:00:00,34737.5,2217.05,0.0
2025-06-10 06:00:00,38225.0,2187.1800000000003,19.73
2025-06-10 07:00:00,42850.0,2232.46,1188.73
2025-06-10 08:00:00,46362.5,2206.05,3562.3
2025-06-10 09:00:00,47912.5,1796.25,7518.9
2025-06-10 10:00:00,48612.5,1735.63,11812.25
2025-06-10 11:00:00,49537.5,2113.0699999999997,15115.23
2025-06-10 12:00:00,51012.5,2510.76,17106.85
2025-06-10 13:00:00,50437.5,2956.67,17921.44
2025-06-10 14:00:00,48687.5,3166.64,17871.7
2025-06-10 15:00:00,47737.5,3413.33,17061.0
2025-06-10 16:00:00,45650.0,3664.32,15588.04
2025-06-10 17:00:00,45625.0,3608.29,13175.3
2025-06-10 18:00:00,46687.5,3360.65,9916.86
2025-06-10 19:00:00,47987.5,2832.74,5933.9
2025-06-10 20:00:00,45937.5,2289.46,2592.44
2025-06-10 21:00:00,44262.5,2242.76,572.28
2025-06-10 22:00:00,45025.0,2540.41,0.1
2025-06-10 23:00:00,45450.0,2763.03,0.0
2025-06-11 00:00:00,41266.875,2215.25,0.0
2025-06-11 01:00:00,38925.25,2174.99,0.0
2025-06-11 02:00:00,37006.125,2421.68,0.0
2025-06-11 03:00:00,35077.125,2634.83,0.0
2025-06-11 04:00:00,34255.375,2644.93,0.0
2025-06-11 05:00:00,35306.5,2770.6,0.0
2025-06-11 06:00:00,37902.5,2968.7,20.14
2025-06-11 07:00:00,41773.0,3065.65,1176.73
2025-06-11 08:00:00,45077.5,3068.0,3480.59
2025-06-11 09:00:00,46798.125,2296.99,7300.99
2025-06-11 10:00:00,47810.5,1739.06,11144.11
2025-06-11 11:00:00,48792.5,1931.39,14371.24
2025-06-11 12:00:00,49762.125,2412.0,16497.66
2025-06-11 13:00:00,49797.625,2872.83,17656.4
2025-06-11 14:00:00,48417.25,3072.56,17793.78
2025-06-11 15:00:00,47738.75,3182.98,17006.5
2025-06-11 16:00:00,46504.875,3296.76,15434.28
2025-06-11 17:00:00,46189.625,3502.44,12843.3
2025-06-11 18:00:00,47185.25,3698.06,9571.75
2025-06-11 19:00:00,48131.75,4035.52,5524.03
2025-06-11 20:00:00,45994.375,4404.59,2398.93
2025-06-11 21:00:00,44293.25,5307.48,509.38
2025-06-11 22:00:00,45200.625,7472.55,0.07
2025-06-11 23:00:00,45458.5,8754.279999999999,0.0
2025-06-12 00:00:00,42175.0,8580.380000000001,0.0
2025-06-12 01:00:00,39450.0,8489.8,0.0
2025-06-12 02:00:00,38075.0,8451.99,0.0
2025-06-12 03:00:00,36025.0,8886.57,0.0
2025-06-12 04:00:00,35175.0,8739.0,0.0
2025-06-12 05:00:00,36487.5,8151.6,0.0
2025-06-12 06:00:00,39212.5,7690.53,23.17
2025-06-12 07:00:00,43287.5,7185.71,1013.84
2025-06-12 08:00:00,46237.5,7463.9,2918.42
2025-06-12 09:00:00,48100.0,4737.0,6029.63
2025-06-12 10:00:00,49012.5,3992.88,9496.02
2025-06-12 11:00:00,49912.5,4189.55,12188.69
2025-06-12 12:00:00,50762.5,4115.280000000001,14277.46
2025-06-12 13:00:00,50550.0,3960.5,15884.82
2025-06-12 14:00:00,49662.5,3974.42,16411.45
2025-06-12 15:00:00,48737.5,4362.32,15846.69
2025-06-12 16:00:00,48037.5,4076.65,14561.78
2025-06-12 17:00:00,47300.0,3685.06,12170.47
2025-06-12 18:00:00,48262.5,3222.71,9152.34
2025-06-12 19:00:00,49000.0,2628.02,5532.06
2025-06-12 20:00:00,46737.5,2143.08,2408.64
2025-06-12 21:00:00,44587.5,1869.61,558.89
2025-06-12 22:00:00,45212.5,1954.67,0.16
2025-06-12 23:00:00,45962.5,2116.83,0.0
2025-06-13 00:00:00,42290.0,1922.15,0.0
2025-06-13 01:00:00,39388.375,1958.69,0.0
2025-06-13 02:00:00,37742.75,1946.46,0.0
2025-06-13 03:00:00,35708.375,1944.25,0.0
2025-06-13 04:00:00,34774.0,1983.73,0.0
2025-06-13 05:00:00,35982.125,2052.85,0.0
2025-06-13 06:00:00,38594.75,2134.81,21.2
2025-06-13 07:00:00,42669.375,2176.95,1124.15
2025-06-13 08:00:00,46012.75,2242.23,3354.11
2025-06-13 09:00:00,47958.25,1426.43,7027.41
2025-06-13 10:00:00,49192.125,1070.35,10989.68
2025-06-13 11:00:00,50202.125,1306.47,13999.67
2025-06-13 12:00:00,51416.375,1622.63,15800.18
2025-06-13 13:00:00,51545.625,1931.09,16732.62
2025-06-13 14:00:00,50328.625,2122.46,16658.21
2025-06-13 15:00:00,49341.75,2198.75,15890.43
2025-06-13 16:00:00,47360.75,2387.46,14144.61
2025-06-13 17:00:00,47685.125,2863.22,11820.0
2025-06-13 18:00:00,48097.75,2842.63,8754.68
2025-06-13 19:00:00,47954.625,3035.39,5183.68
2025-06-13 20:00:00,45756.875,3434.12,2263.82
2025-06-13 21:00:00,44376.125,3393.24,499.54
2025-06-13 22:00:00,45297.0,3781.55,0.14
2025-06-13 23:00:00,45533.0,4226.139999999999,0.0
2025-06-14 00:00:00,42575.0,4813.26,0.0
2025-06-14 01:00:00,39500.0,4832.07,0.0
2025-06-14 02:00:00,37825.0,4444.57,0.0
2025-06-14 03:00:00,35450.0,4417.37,0.0
2025-06-14 04:00:00,34150.0,4515.67,0.0
2025-06-14 05:00:00,33700.0,4842.53,0.0
2025-06-14 06:00:00,34162.5,4643.96,23.22
2025-06-14 07:00:00,35612.5,4222.43,977.06
2025-06-14 08:00:00,38175.0,3734.04,2816.63
2025-06-14 09:00:00,40962.5,2667.07,5745.6
2025-06-14 10:00:00,42587.5,2287.4700000000003,8987.48
2025-06-14 11:00:00,43900.0,2008.1,10858.09
2025-06-14 12:00:00,46037.5,2158.81,12440.33
2025-06-14 13:00:00,45912.5,2425.47,12949.35
2025-06-14 14:00:00,44237.5,2624.47,13265.59
2025-06-14 15:00:00,43237.5,2854.59,12678.49
2025-06-14 16:00:00,41962.5,2954.69,11638.82
2025-06-14 17:00:00,42150.0,2477.53,9544.95
2025-06-14 18:00:00,43050.0,2227.77,7224.88
2025-06-14 19:00:00,43262.5,2135.23,4325.15
2025-06-14 20:00:00,41637.5,2086.2,1884.65
2025-06-14 21:00:00,40562.5,2034.05,450.22
2025-06-14 22:00:00,41987.5,2207.2,0.28
2025-06-14 23:00:00,43225.0,2386.76,0.0
2025-06-15 00:00:00,40212.5,2213.8599999999997,0.0
2025-06-15 01:00:00,37087.5,2492.22,0.0
2025-06-15 02:00:00,34937.5,2259.74,0.0
2025-06-15 03:00:00,32500.0,2209.38,0.0
2025-06-15 04:00:00,31137.5,2100.04,0.0
2025-06-15 05:00:00,30550.0,1978.67,0.0
2025-06-15 06:00:00,30375.0,1951.37,17.06
2025-06-15 07:00:00,31175.0,1891.18,879.48
2025-06-15 08:00:00,33200.0,1583.13,2582.04
2025-06-15 09:00:00,35912.5,1656.51,5128.52
2025-06-15 10:00:00,38362.5,1894.53,7865.67
2025-06-15 11:00:00,40425.0,2084.5299999999997,9356.39
2025-06-15 12:00:00,42025.0,2653.47,11013.13
2025-06-15 13:00:00,41637.5,3301.21,11997.6
2025-06-15 14:00:00,39712.5,4019.24,12205.7
2025-06-15 15:00:00,39112.5,4344.57,12485.4
2025-06-15 16:00:00,37712.5,4789.21,11687.11
2025-06-15 17:00:00,37700.0,5280.38,10396.07
2025-06-15 18:00:00,39200.0,5636.52,8768.65
2025-06-15 19:00:00,40800.0,5619.77,5535.91
2025-06-15 20:00:00,40150.0,5066.79,2580.29
2025-06-15 21:00:00,39437.5,4708.38,616.63
2025-06-15 22:00:00,40637.5,4979.88,0.38
2025-06-15 23:00:00,42325.0,5251.81,0.0
2025-06-16 00:00:00,38650.0,4409.52,0.0
2025-06-16 01:00:00,35962.5,4152.719999999999,0.0
2025-06-16 02:00:00,34712.5,3876.77,0.0
2025-06-16 03:00:00,32750.0,3726.76,0.0
2025-06-16 04:00:00,32212.5,3575.47,0.0
2025-06-16 05:00:00,33725.0,3292.9,0.0
2025-06-16 06:00:00,36787.5,2973.6,25.94
2025-06-16 07:00:00,41187.5,2537.24,1328.33
2025-06-16 08:00:00,44775.0,2082.2799999999997,4066.08
2025-06-16 09:00:00,46400.0,1382.99,8353.42
2025-06-16 10:00:00,47462.5,1473.96,12765.89
2025-06-16 11:00:00,48437.5,1551.5,16083.05
2025-06-16 12:00:00,49612.5,1616.72,18316.76
2025-06-16 13:00:00,49137.5,1665.41,19332.46
2025-06-16 14:00:00,47525.0,1739.86,19474.62
2025-06-16 15:00:00,46875.0,1844.71,18914.68
2025-06-16 16:00:00,45525.0,1973.3,17379.78
2025-06-16 17:00:00,45225.0,2155.05,14774.06
2025-06-16 18:00:00,46300.0,2347.57,11139.36
2025-06-16 19:00:00,47450.0,2479.61,6726.57
2025-06-16 20:00:00,45287.5,2503.25,2960.58
2025-06-16 21:00:00,43387.5,2741.93,681.66
2025-06-16 22:00:00,43887.5,3384.63,0.41
2025-06-16 23:00:00,45150.0,3728.94,0.0
2025-06-17 00:00:00,41637.5,3764.07,0.0
2025-06-17 01:00:00,39175.0,3508.0,0.0
2025-06-17 02:00:00,37450.0,3198.25,0.0
2025-06-17 03:00:00,35500.0,2986.88,0.0
2025-06-17 04:00:00,34475.0,2803.67,0.0
2025-06-17 05:00:00,35362.5,2592.64,0.0
2025-06-17 06:00:00,38437.5,2477.97,30.31
2025-06-17 07:00:00,42812.5,2357.98,1382.18
2025-06-17 08:00:00,46312.5,2259.28,4133.37
2025-06-17 09:00:00,48275.0,1249.45,8431.91
2025-06-17 10:00:00,49362.5,1021.14,12825.84
2025-06-17 11:00:00,50500.0,1081.23,16213.55
2025-06-17 12:00:00,51325.0,1240.87,18389.19
2025-06-17 13:00:00,50962.5,1345.92,19406.55
2025-06-17 14:00:00,49462.5,1298.25,19643.27
2025-06-17 15:00:00,48600.0,1303.74,18951.77
2025-06-17 16:00:00,47162.5,1368.78,17432.17
2025-06-17 17:00:00,46837.5,1442.3,14865.41
2025-06-17 18:00:00,47750.0,1625.23,11114.19
2025-06-17 19:00:00,48850.0,2003.99,6747.45
2025-06-17 20:00:00,46612.5,2606.8,2971.03
2025-06-17 21:00:00,44487.5,3297.37,681.36
2025-06-17 22:00:00,45175.0,3905.38,0.43
2025-06-17 23:00:00,45912.5,4093.04,0.0
2025-06-18 00:00:00,42100.0,3758.84,0.0
2025-06-18 01:00:00,39237.5,3594.34,0.0
2025-06-18 02:00:00,37725.0,3317.17,0.0
2025-06-18 03:00:00,35887.5,3262.01,0.0
2025-06-18 04:00:00,35325.0,3009.15,0.0
2025-06-18 05:00:00,36337.5,2823.98,0.0
2025-06-18 06:00:00,38925.0,2573.95,28.11
2025-06-18 07:00:00,42912.5,2296.77,1372.04
2025-06-18 08:00:00,46600.0,2158.48,4146.34
2025-06-18 09:00:00,48887.5,1237.61,8511.33
2025-06-18 10:00:00,50075.0,979.8,12965.27
2025-06-18 11:00:00,51075.0,1035.27,16400.78
2025-06-18 12:00:00,52050.0,1214.99,18508.03
2025-06-18 13:00:00,52262.5,1367.42,19537.94
2025-06-18 14:00:00,51637.5,1431.58,19559.28
2025-06-18 15:00:00,50425.0,1513.39,18970.51
2025-06-18 16:00:00,49525.0,1613.74,17451.56
2025-06-18 17:00:00,48650.0,1770.68,14886.16
2025-06-18 18:00:00,49762.5,2013.26,11064.38
2025-06-18 19:00:00,50000.0,2356.72,6703.47
2025-06-18 20:00:00,47862.5,2779.82,2959.99
2025-06-18 21:00:00,45700.0,3691.0,684.64
2025-06-18 22:00:00,46150.0,4889.38,0.44
2025-06-18 23:00:00,46550.0,5417.35,0.0
2025-06-19 00:00:00,42762.5,4624.23,0.0
2025-06-19 01:00:00,40087.5,4799.94,0.0
2025-06-19 02:00:00,38675.0,4746.13,0.0
2025-06-19 03:00:00,36675.0,4810.86,0.0
2025-06-19 04:00:00,35650.0,4714.0,0.0
2025-06-19 05:00:00,36300.0,4612.71,0.0
2025-06-19 06:00:00,38825.0,4624.93,30.4
2025-06-19 07:00:00,43162.5,4407.4,1380.67
2025-06-19 08:00:00,46700.0,4532.55,4163.25
2025-06-19 09:00:00,49025.0,2341.63,8457.74
2025-06-19 10:00:00,50212.5,1889.68,12780.25
2025-06-19 11:00:00,51687.5,2021.87,15866.73
2025-06-19 12:00:00,52725.0,2368.38,18011.7
2025-06-19 13:00:00,52962.5,2699.24,18986.21
2025-06-19 14:00:00,52650.0,2890.92,19055.2
2025-06-19 15:00:00,52112.5,3097.77,18576.11
2025-06-19 16:00:00,50687.5,3314.38,17077.08
2025-06-19 17:00:00,49450.0,3552.54,14601.02
2025-06-19 18:00:00,50250.0,3937.76,10950.31
2025-06-19 19:00:00,50850.0,4408.85,6622.57
2025-06-19 20:00:00,48612.5,4658.969999999999,2922.36
2025-06-19 21:00:00,46762.5,5335.72,664.9
2025-06-19 22:00:00,47437.5,6404.34,0.34
2025-06-19 23:00:00,47412.5,7150.71,0.0
2025-06-20 00:00:00,43512.5,6739.96,0.0
2025-06-20 01:00:00,40600.0,6741.03,0.0
2025-06-20 02:00:00,39112.5,6618.5,0.0
2025-06-20 03:00:00,37300.0,6420.33,0.0
2025-06-20 04:00:00,36425.0,6255.53,0.0
2025-06-20 05:00:00,37412.5,6080.76,0.0
2025-06-20 06:00:00,39912.5,5499.28,29.83
2025-06-20 07:00:00,44237.5,4712.29,1312.75
2025-06-20 08:00:00,47962.5,4030.25,3960.8
2025-06-20 09:00:00,50412.5,1972.24,8090.31
2025-06-20 10:00:00,51550.0,1429.4,12244.57
2025-06-20 11:00:00,52800.0,1349.34,15429.21
2025-06-20 12:00:00,54250.0,1534.59,17536.97
2025-06-20 13:00:00,54562.5,1862.47,18593.59
2025-06-20 14:00:00,53662.5,1906.89,18643.65
2025-06-20 15:00:00,52212.5,1931.6,18119.88
2025-06-20 16:00:00,50837.5,1985.97,16754.54
2025-06-20 17:00:00,50187.5,2057.38,14268.41
2025-06-20 18:00:00,50500.0,2180.45,10790.5
2025-06-20 19:00:00,50137.5,2383.06,6499.93
2025-06-20 20:00:00,47862.5,2647.93,2870.98
2025-06-20 21:00:00,45900.0,3334.32,662.02
2025-06-20 22:00:00,46725.0,4219.87,0.37
2025-06-20 23:00:00,47225.0,4699.84,0.0
2025-06-21 00:00:00,43525.0,4565.0,0.0
2025-06-21 01:00:00,40300.0,4597.86,0.0
2025-06-21 02:00:00,38400.0,4503.33,0.0
2025-06-21 03:00:00,36150.0,4547.45,0.0
2025-06-21 04:00:00,34737.5,4525.1,0.0
2025-06-21 05:00:00,34200.0,4439.530000000001,0.0
2025-06-21 06:00:00,35025.0,4330.85,31.2
2025-06-21 07:00:00,36487.5,4012.5,1393.32
2025-06-21 08:00:00,39412.5,3648.33,4185.65
2025-06-21 09:00:00,42212.5,2688.03,8465.64
2025-06-21 10:00:00,44087.5,1574.45,12721.36
2025-06-21 11:00:00,45412.5,1509.1,15899.55
2025-06-21 12:00:00,47150.0,1493.32,17902.43
2025-06-21 13:00:00,47125.0,1654.55,18971.32
2025-06-21 14:00:00,45575.0,1737.43,19136.6
2025-06-21 15:00:00,44762.5,1653.07,18493.22
2025-06-21 16:00:00,44300.0,1592.8,16911.99
2025-06-21 17:00:00,44075.0,1444.26,14289.36
2025-06-21 18:00:00,44762.5,1462.87,10711.69
2025-06-21 19:00:00,44837.5,1713.31,6350.67
2025-06-21 20:00:00,43287.5,1938.81,2795.74
2025-06-21 21:00:00,42200.0,2474.76,633.28
2025-06-21 22:00:00,43712.5,3590.37,0.43
2025-06-21 23:00:00,44162.5,4656.139999999999,0.0
2025-06-22 00:00:00,40900.0,5350.25,0.0
2025-06-22 01:00:00,38600.0,5427.46,0.0
2025-06-22 02:00:00,36450.0,5270.52,0.0
2025-06-22 03:00:00,34075.0,5185.09,0.0
2025-06-22 04:00:00,32737.5,4785.17,0.0
2025-06-22 05:00:00,32300.0,4260.48,0.0
2025-06-22 06:00:00,32312.5,3704.02,28.93
2025-06-22 07:00:00,33375.0,3340.24,1260.08
2025-06-22 08:00:00,35762.5,2650.3,3698.96
2025-06-22 09:00:00,38662.5,2031.58,7523.8
2025-06-22 10:00:00,41137.5,1379.43,11300.75
2025-06-22 11:00:00,43425.0,1492.23,14126.86
2025-06-22 12:00:00,45887.5,1690.84,16362.4
2025-06-22 13:00:00,46025.0,1961.45,17519.72
2025-06-22 14:00:00,44725.0,2295.66,18026.92
2025-06-22 15:00:00,43575.0,2758.97,17331.85
2025-06-22 16:00:00,42100.0,3297.76,15873.75
2025-06-22 17:00:00,41462.5,3652.15,13545.46
2025-06-22 18:00:00,42637.5,3825.56,9952.64
2025-06-22 19:00:00,43812.5,3865.39,5930.24
2025-06-22 20:00:00,43162.5,3814.32,2578.15
2025-06-22 21:00:00,42087.5,3776.09,613.29
2025-06-22 22:00:00,43600.0,4102.54,0.48
2025-06-22 23:00:00,43900.0,4301.71,0.0
2025-06-23 00:00:00,40512.5,4259.030000000001,0.0
2025-06-23 01:00:00,38262.5,4442.26,0.0
2025-06-23 02:00:00,36800.0,4587.67,0.0
2025-06-23 03:00:00,34850.0,4793.41,0.0
2025-06-23 04:00:00,34387.5,5120.8,0.0
2025-06-23 05:00:00,36112.5,5777.96,0.0
2025-06-23 06:00:00,39225.0,6069.92,21.72
2025-06-23 07:00:00,43587.5,5873.69,1250.7
2025-06-23 08:00:00,47012.5,5871.51,3768.18
2025-06-23 09:00:00,49087.5,7165.99,7651.03
2025-06-23 10:00:00,50525.0,7628.13,11626.94
2025-06-23 11:00:00,51987.5,7786.08,14513.0
2025-06-23 12:00:00,53287.5,8487.58,16347.08
2025-06-23 13:00:00,53137.5,9382.24,17051.5
2025-06-23 14:00:00,52000.0,9670.03,17224.89
2025-06-23 15:00:00,51412.5,9459.77,16882.95
2025-06-23 16:00:00,50350.0,9249.08,15799.06
2025-06-23 17:00:00,49875.0,8856.53,13510.97
2025-06-23 18:00:00,50062.5,8262.82,10350.13
2025-06-23 19:00:00,50237.5,7396.88,6379.9
2025-06-23 20:00:00,47862.5,6080.21,2876.61
2025-06-23 21:00:00,45625.0,5096.87,682.89
2025-06-23 22:00:00,45887.5,4911.11,0.49
2025-06-23 23:00:00,46325.0,4602.3,0.0
2025-06-24 00:00:00,43287.5,3627.54,0.0
2025-06-24 01:00:00,40337.5,3332.13,0.0
2025-06-24 02:00:00,39012.5,3067.1,0.0
2025-06-24 03:00:00,37162.5,2688.53,0.0
2025-06-24 04:00:00,36362.5,2239.5699999999997,0.0
2025-06-24 05:00:00,37137.5,1930.85,0.0
2025-06-24 06:00:00,40150.0,1809.82,30.65
2025-06-24 07:00:00,44287.5,1862.46,1368.01
2025-06-24 08:00:00,47287.5,1504.96,4130.72
2025-06-24 09:00:00,49450.0,1609.03,8288.78
2025-06-24 10:00:00,50500.0,1951.99,12523.74
2025-06-24 11:00:00,51012.5,1902.71,15546.6
2025-06-24 12:00:00,52400.0,1881.74,17431.02
2025-06-24 13:00:00,52650.0,2107.99,18318.18
2025-06-24 14:00:00,52050.0,2506.08,18404.09
2025-06-24 15:00:00,51550.0,2777.44,17630.19
2025-06-24 16:00:00,50125.0,2920.16,16175.97
2025-06-24 17:00:00,49550.0,2780.03,13508.57
2025-06-24 18:00:00,50062.5,2535.13,10179.14
2025-06-24 19:00:00,50425.0,2111.3599999999997,6078.71
2025-06-24 20:00:00,48312.5,1596.8,2689.36
2025-06-24 21:00:00,46162.5,1380.55,619.21
2025-06-24 22:00:00,47037.5,1589.09,0.42
2025-06-24 23:00:00,47187.5,1643.68,0.0
2025-06-25 00:00:00,43150.0,1810.44,0.0
2025-06-25 01:00:00,40550.0,1667.09,0.0
2025-06-25 02:00:00,38950.0,1677.05,0.0
2025-06-25 03:00:00,37237.5,1655.51,0.0
2025-06-25 04:00:00,36625.0,1672.65,0.0
2025-06-25 05:00:00,37525.0,1664.67,0.0
2025-06-25 06:00:00,40087.5,1462.8,28.37
2025-06-25 07:00:00,44062.5,1345.74,1237.09
2025-06-25 08:00:00,47612.5,1185.84,3718.14
2025-06-25 09:00:00,49762.5,955.97,7555.06
2025-06-25 10:00:00,51212.5,786.46,11449.31
2025-06-25 11:00:00,52537.5,876.94,14256.51
2025-06-25 12:00:00,53475.0,990.42,16490.6
2025-06-25 13:00:00,53587.5,1136.96,17768.27
2025-06-25 14:00:00,53087.5,1447.38,17930.56
2025-06-25 15:00:00,52162.5,1724.44,17209.16
2025-06-25 16:00:00,51387.5,2114.51,15675.05
2025-06-25 17:00:00,50687.5,2621.42,13209.08
2025-06-25 18:00:00,51225.0,3075.74,9723.14
2025-06-25 19:00:00,51425.0,2860.63,5769.25
2025-06-25 20:00:00,48687.5,2784.7,2452.94
2025-06-25 21:00:00,46612.5,3244.99,551.74
2025-06-25 22:00:00,47262.5,4085.44,0.31
2025-06-25 23:00:00,48050.0,5560.89,0.0
2025-06-26 00:00:00,44687.5,3193.34,0.0
2025-06-26 01:00:00,41775.0,3615.05,0.0
2025-06-26 02:00:00,40212.5,4518.87,0.0
2025-06-26 03:00:00,38075.0,5716.75,0.0
2025-06-26 04:00:00,37050.0,6068.09,0.0
2025-06-26 05:00:00,38100.0,6522.71,0.0
2025-06-26 06:00:00,40712.5,7455.59,18.28
2025-06-26 07:00:00,44912.5,7501.08,1102.24
2025-06-26 08:00:00,47950.0,7810.01,3320.32
2025-06-26 09:00:00,49887.5,8123.19,6678.08
2025-06-26 10:00:00,51337.5,8392.619999999999,9768.56
2025-06-26 11:00:00,52412.5,9274.44,11925.69
2025-06-26 12:00:00,53525.0,10189.35,13691.71
2025-06-26 13:00:00,53875.0,10873.62,14534.9
2025-06-26 14:00:00,53162.5,11195.78,14876.23
2025-06-26 15:00:00,52000.0,11534.28,14743.16
2025-06-26 16:00:00,51012.5,11793.72,13993.64
2025-06-26 17:00:00,50275.0,11449.23,12461.32
2025-06-26 18:00:00,50687.5,10501.56,9682.37
2025-06-26 19:00:00,51125.0,9122.84,6008.72
2025-06-26 20:00:00,49112.5,7774.73,2765.59
2025-06-26 21:00:00,47150.0,6421.91,630.92
2025-06-26 22:00:00,47850.0,5883.85,0.29
2025-06-26 23:00:00,48262.5,5919.91,0.0
2025-06-27 00:00:00,43112.5,4672.41,0.0
2025-06-27 01:00:00,40187.5,4349.26,0.0
2025-06-27 02:00:00,38650.0,3991.29,0.0
2025-06-27 03:00:00,36762.5,3677.01,0.0
2025-06-27 04:00:00,35925.0,3425.48,0.0
2025-06-27 05:00:00,36625.0,3162.59,0.0
2025-06-27 06:00:00,39200.0,2901.2,12.78
2025-06-27 07:00:00,43225.0,2635.22,770.35
2025-06-27 08:00:00,46300.0,2311.13,2782.04
2025-06-27 09:00:00,48650.0,2071.1800000000003,6116.19
2025-06-27 10:00:00,49912.5,2061.44,9948.02
2025-06-27 11:00:00,50775.0,2211.74,13081.45
2025-06-27 12:00:00,51762.5,2544.65,15391.82
2025-06-27 13:00:00,51712.5,2843.29,16824.97
2025-06-27 14:00:00,51175.0,3064.37,17427.05
2025-06-27 15:00:00,50175.0,3252.89,17359.86
2025-06-27 16:00:00,49112.5,3331.23,16503.93
2025-06-27 17:00:00,48562.5,3260.2,14693.98
2025-06-27 18:00:00,49025.0,3116.55,11728.57
2025-06-27 19:00:00,48587.5,2879.05,7885.84
2025-06-27 20:00:00,46562.5,2458.99,4134.04
2025-06-27 21:00:00,44912.5,2110.33,1456.34
2025-06-27 22:00:00,45862.5,2136.55,243.37
2025-06-27 23:00:00,46537.5,2304.32,0.12
2025-06-28 00:00:00,43325.0,2444.76,0.0
2025-06-28 01:00:00,40012.5,2364.42,0.0
2025-06-28 02:00:00,38200.0,2311.97,0.0
2025-06-28 03:00:00,36037.5,2247.6099999999997,0.0
2025-06-28 04:00:00,34525.0,2112.52,0.0
2025-06-28 05:00:00,34250.0,1957.58,0.0
2025-06-28 06:00:00,34575.0,1793.18,25.53
2025-06-28 07:00:00,36000.0,1685.58,1348.01
2025-06-28 08:00:00,38275.0,1529.23,4135.22
2025-06-28 09:00:00,40950.0,1220.85,8428.96
2025-06-28 10:00:00,43637.5,1446.91,12675.66
2025-06-28 11:00:00,45275.0,1622.58,15899.9
2025-06-28 12:00:00,47050.0,1626.7,17813.62
2025-06-28 13:00:00,47162.5,1575.28,18912.61
2025-06-28 14:00:00,46212.5,1570.83,19088.87
2025-06-28 15:00:00,45537.5,1625.86,18517.76
2025-06-28 16:00:00,44637.5,1668.6,16996.2
2025-06-28 17:00:00,44500.0,1738.44,14404.23
2025-06-28 18:00:00,45100.0,1860.24,10763.39
2025-06-28 19:00:00,45400.0,2013.3,6505.25
2025-06-28 20:00:00,43775.0,2159.79,2852.71
2025-06-28 21:00:00,42712.5,2578.8,641.18
2025-06-28 22:00:00,43962.5,3549.1,0.29
2025-06-28 23:00:00,45087.5,3987.11,0.0
2025-06-29 00:00:00,42387.5,3799.2,0.0
2025-06-29 01:00:00,40287.5,3681.27,0.0
2025-06-29 02:00:00,38337.5,3463.75,0.0
2025-06-29 03:00:00,36012.5,3362.34,0.0
2025-06-29 04:00:00,34612.5,3042.42,0.0
2025-06-29 05:00:00,34037.5,2800.16,0.0
2025-06-29 06:00:00,33687.5,2596.45,24.97
2025-06-29 07:00:00,34700.0,2300.73,1328.06
2025-06-29 08:00:00,36975.0,1940.91,4074.25
2025-06-29 09:00:00,39487.5,1134.95,8328.35
2025-06-29 10:00:00,42575.0,959.04,12576.95
2025-06-29 11:00:00,44625.0,851.7,15702.18
2025-06-29 12:00:00,46937.5,786.3,17789.63
2025-06-29 13:00:00,47187.5,798.31,18869.43
2025-06-29 14:00:00,46150.0,826.92,19083.83
2025-06-29 15:00:00,45487.5,936.58,18452.64
2025-06-29 16:00:00,44662.5,1075.3,16924.33
2025-06-29 17:00:00,44175.0,1225.35,14476.27
2025-06-29 18:00:00,45212.5,1452.73,10936.83
2025-06-29 19:00:00,46712.5,1756.81,6550.89
2025-06-29 20:00:00,46000.0,1938.6,2867.45
2025-06-29 21:00:00,45300.0,2347.97,636.5
2025-06-29 22:00:00,46062.5,3240.3,0.24
2025-06-29 23:00:00,46537.5,3775.85,0.0
2025-06-30 00:00:00,42444.875,4759.61,0.0
2025-06-30 01:00:00,39704.5,4809.8,0.0
2025-06-30 02:00:00,38383.25,4603.09,0.0
2025-06-30 03:00:00,36399.125,4308.54,0.0
2025-06-30 04:00:00,35995.375,3988.18,0.0
2025-06-30 05:00:00,37648.125,3793.73,0.0
2025-06-30 06:00:00,40664.625,3608.76,23.88
2025-06-30 07:00:00,45002.75,3168.26,1324.45
2025-06-30 08:00:00,48497.25,2827.91,4101.25
2025-06-30 09:00:00,50662.0,1283.44,8346.86
2025-06-30 10:00:00,52142.625,861.68,12633.72
2025-06-30 11:00:00,53621.75,725.27,15777.77
2025-06-30 12:00:00,54971.625,654.02,17826.18
2025-06-30 13:00:00,55076.375,648.1,18769.63
2025-06-30 14:00:00,54394.0,706.25,18889.87
2025-06-30 15:00:00,53844.125,816.4,18244.32
2025-06-30 16:00:00,53506.5,901.16,16712.43
2025-06-30 17:00:00,53249.875,950.98,14237.78
2025-06-30 18:00:00,53899.75,945.6,10750.53
2025-06-30 19:00:00,54384.25,1008.22,6493.55
2025-06-30 20:00:00,51915.25,1104.9,2855.32
2025-06-30 21:00:00,49493.25,1301.41,629.82
2025-06-30 22:00:00,49597.25,1824.09,0.17
2025-06-30 23:00:00,49635.75,1981.71,0.0
2025-07-01 00:00:00,46312.5,1925.22,0.0
2025-07-01 01:00:00,43337.5,1814.62,0.0
2025-07-01 02:00:00,41925.0,1725.87,0.0
2025-07-01 03:00:00,39787.5,1775.93,0.0
2025-07-01 04:00:00,39062.5,1699.22,0.0
2025-07-01 05:00:00,40562.5,1557.2,0.0
2025-07-01 06:00:00,43350.0,1458.7,22.91
2025-07-01 07:00:00,47250.0,1445.36,1312.86
2025-07-01 08:00:00,50937.5,1315.12,4085.13
2025-07-01 09:00:00,53775.0,1092.9099999999999,8357.22
2025-07-01 10:00:00,55812.5,688.31,12650.73
2025-07-01 11:00:00,57462.5,746.77,15823.38
2025-07-01 12:00:00,58612.5,866.05,17840.69
2025-07-01 13:00:00,59100.0,992.14,18864.53
2025-07-01 14:00:00,58850.0,1184.16,19017.94
2025-07-01 15:00:00,57837.5,1313.94,18354.2
2025-07-01 16:00:00,56700.0,1417.05,16825.81
2025-07-01 17:00:00,56412.5,1577.92,14271.27
2025-07-01 18:00:00,56900.0,1706.14,10813.8
2025-07-01 19:00:00,56775.0,1921.22,6520.56
2025-07-01 20:00:00,54562.5,2063.55,2829.25
2025-07-01 21:00:00,51925.0,2166.3,623.8
2025-07-01 22:00:00,51950.0,2358.29,0.16
2025-07-01 23:00:00,51937.5,2443.51,0.0
2025-07-02 00:00:00,46756.25,2038.72,0.0
2025-07-02 01:00:00,43949.75,2347.88,0.0
2025-07-02 02:00:00,42290.625,2445.5299999999997,0.0
2025-07-02 03:00:00,40324.875,2524.11,0.0
2025-07-02 04:00:00,39499.375,2473.67,0.0
2025-07-02 05:00:00,40671.875,2402.44,0.0
2025-07-02 06:00:00,43228.125,2181.91,22.25
2025-07-02 07:00:00,46825.0,1985.96,1290.78
2025-07-02 08:00:00,50522.0,1624.26,3997.86
2025-07-02 09:00:00,52962.375,1210.05,8116.58
2025-07-02 10:00:00,54806.25,1099.6399999999999,12069.77
2025-07-02 11:00:00,56261.75,1315.55,14928.62
2025-07-02 12:00:00,57656.0,1662.47,16919.49
2025-07-02 13:00:00,58189.0,2506.76,17827.53
2025-07-02 14:00:00,58119.375,3679.69,17834.63
2025-07-02 15:00:00,57192.125,5039.55,17109.64
2025-07-02 16:00:00,56441.0,5832.25,15602.13
2025-07-02 17:00:00,55339.375,7372.49,13069.35
2025-07-02 18:00:00,55488.875,6711.36,9979.44
2025-07-02 19:00:00,54844.75,7755.67,6076.15
2025-07-02 20:00:00,52223.125,7589.7,2660.42
2025-07-02 21:00:00,49868.875,7217.24,599.86
2025-07-02 22:00:00,49745.75,7685.61,0.14
2025-07-02 23:00:00,49785.125,7582.82,0.0
2025-07-03 00:00:00,45939.0,7577.65,0.0
2025-07-03 01:00:00,43054.125,7214.78,0.0
2025-07-03 02:00:00,41428.375,6977.56,0.0
2025-07-03 03:00:00,39465.75,6606.38,0.0
2025-07-03 04:00:00,38339.25,6148.76,0.0
2025-07-03 05:00:00,39129.25,5719.61,0.0
2025-07-03 06:00:00,41651.25,5255.12,18.44
2025-07-03 07:00:00,45253.875,4661.87,1211.58
2025-07-03 08:00:00,48562.125,3970.86,3829.5
2025-07-03 09:00:00,50867.625,3260.48,7758.83
2025-07-03 10:00:00,52514.125,2690.3,11624.49
2025-07-03 11:00:00,54018.5,2289.53,14307.02
2025-07-03 12:00:00,54692.625,2107.9700000000003,16353.51
2025-07-03 13:00:00,55130.75,2023.99,17780.64
2025-07-03 14:00:00,54928.375,2004.96,17991.13
2025-07-03 15:00:00,53885.25,2173.71,17557.94
2025-07-03 16:00:00,52956.375,2499.16,16177.53
2025-07-03 17:00:00,52075.25,2922.08,13943.55
2025-07-03 18:00:00,52406.625,3309.51,10525.19
2025-07-03 19:00:00,52473.125,3673.27,6389.12
2025-07-03 20:00:00,50656.625,3852.1,2812.52
2025-07-03 21:00:00,48794.125,4110.17,611.29
2025-07-03 22:00:00,49227.375,5297.22,0.07
2025-07-03 23:00:00,49401.25,5910.63,0.0
2025-07-04 00:00:00,44809.875,5956.4,0.0
2025-07-04 01:00:00,42154.125,5917.76,0.0
2025-07-04 02:00:00,40575.0,5725.13,0.0
2025-07-04 03:00:00,38876.625,5519.69,0.0
2025-07-04 04:00:00,37735.625,5183.06,0.0
2025-07-04 05:00:00,38541.5,4656.41,0.0
2025-07-04 06:00:00,40851.125,4135.27,13.04
2025-07-04 07:00:00,44461.25,3623.99,795.1
2025-07-04 08:00:00,47894.0,3117.79,2970.97
2025-07-04 09:00:00,50333.75,2140.59,6698.35
2025-07-04 10:00:00,51789.375,1557.17,11004.24
2025-07-04 11:00:00,52917.25,1544.23,14649.49
2025-07-04 12:00:00,53768.0,1550.11,17161.21
2025-07-04 13:00:00,53730.75,1465.74,18548.37
2025-07-04 14:00:00,53258.25,1401.52,18970.73
2025-07-04 15:00:00,52182.75,1463.65,18494.54
2025-07-04 16:00:00,51185.125,1562.26,17196.05
2025-07-04 17:00:00,50318.25,1652.6,14869.76
2025-07-04 18:00:00,50383.25,1794.47,11685.98
2025-07-04 19:00:00,50056.625,2061.19,7786.99
2025-07-04 20:00:00,48604.125,2307.6400000000003,4016.83
2025-07-04 21:00:00,47247.375,2600.87,1376.82
2025-07-04 22:00:00,48045.125,3151.96,219.76
2025-07-04 23:00:00,48448.5,3513.54,0.02
2025-07-05 00:00:00,44037.5,3509.53,0.0
2025-07-05 01:00:00,41187.5,3460.0,0.0
2025-07-05 02:00:00,39400.0,3397.48,0.0
2025-07-05 03:00:00,36987.5,3356.31,0.0
2025-07-05 04:00:00,35725.0,3312.65,0.0
2025-07-05 05:00:00,35375.0,3267.64,0.0
2025-07-05 06:00:00,35712.5,3183.46,12.11
2025-07-05 07:00:00,36925.0,3023.69,780.2
2025-07-05 08:00:00,39525.0,2954.19,2891.07
2025-07-05 09:00:00,42337.5,2186.87,6408.64
2025-07-05 10:00:00,44125.0,1645.91,10460.32
2025-07-05 11:00:00,45637.5,1512.1,12418.84
2025-07-05 12:00:00,47187.5,1396.6399999999999,11903.25
2025-07-05 13:00:00,47287.5,1739.53,12814.61
2025-07-05 14:00:00,46525.0,2132.46,13082.91
2025-07-05 15:00:00,45587.5,2451.3,12834.25
2025-07-05 16:00:00,44450.0,2725.69,11924.04
2025-07-05 17:00:00,44112.5,4300.16,13424.33
2025-07-05 18:00:00,44625.0,4651.99,10820.4
2025-07-05 19:00:00,44937.5,4978.98,7234.31
2025-07-05 20:00:00,43912.5,4867.98,3719.17
2025-07-05 21:00:00,42962.5,4581.85,1251.83
2025-07-05 22:00:00,44237.5,4699.33,192.48
2025-07-05 23:00:00,45175.0,4938.97,0.01
2025-07-06 00:00:00,41897.625,4878.85,0.0
2025-07-06 01:00:00,39603.75,5008.55,0.0
2025-07-06 02:00:00,37893.0,4992.5,0.0
2025-07-06 03:00:00,35635.125,4875.98,0.0
2025-07-06 04:00:00,34296.625,4759.49,0.0
2025-07-06 05:00:00,33706.125,4699.57,0.0
2025-07-06 06:00:00,33274.0,4610.08,8.21
2025-07-06 07:00:00,33885.0,4833.59,628.42
2025-07-06 08:00:00,36065.875,5260.62,2329.5
2025-07-06 09:00:00,38828.75,5441.38,5055.35
2025-07-06 10:00:00,41339.625,5752.99,8051.5
2025-07-06 11:00:00,43808.875,6491.9,10265.65
2025-07-06 12:00:00,45859.25,7407.81,11658.68
2025-07-06 13:00:00,45548.75,8380.49,12545.92
2025-07-06 14:00:00,44276.875,9189.33,12700.51
2025-07-06 15:00:00,43433.375,9808.89,12371.24
2025-07-06 16:00:00,41459.375,10629.13,11622.76
2025-07-06 17:00:00,41161.25,11370.35,10350.19
2025-07-06 18:00:00,42513.75,11795.04,8460.06
2025-07-06 19:00:00,43870.625,11666.81,5956.53
2025-07-06 20:00:00,43770.25,10912.53,3259.09
2025-07-06 21:00:00,43247.125,9815.3,1162.89
2025-07-06 22:00:00,44205.5,8642.32,190.94
2025-07-06 23:00:00,44811.75,7870.99,0.01
2025-07-07 00:00:00,40087.5,7192.47,0.0
2025-07-07 01:00:00,37562.5,7068.5,0.0
2025-07-07 02:00:00,36575.0,7073.65,0.0
2025-07-07 03:00:00,34787.5,6939.52,0.0
2025-07-07 04:00:00,34425.0,6517.44,0.0
2025-07-07 05:00:00,36175.0,5971.3,0.0
2025-07-07 06:00:00,39175.0,5624.64,6.04
2025-07-07 07:00:00,43600.0,5571.9,624.38
2025-07-07 08:00:00,47312.5,5669.11,2455.34
2025-07-07 09:00:00,49425.0,6050.13,5382.1
2025-07-07 10:00:00,50412.5,6643.73,8499.97
2025-07-07 11:00:00,50675.0,7307.75,10817.23
2025-07-07 12:00:00,50787.5,8037.37,12657.52
2025-07-07 13:00:00,50500.0,8565.96,13902.97
2025-07-07 14:00:00,49812.5,9227.16,14437.59
2025-07-07 15:00:00,48450.0,10054.32,14512.14
2025-07-07 16:00:00,47387.5,10584.98,14206.93
2025-07-07 17:00:00,47112.5,10785.51,12863.5
2025-07-07 18:00:00,47550.0,10942.68,10583.64
2025-07-07 19:00:00,48200.0,10995.95,7336.0
2025-07-07 20:00:00,46300.0,9949.78,3877.35
2025-07-07 21:00:00,44262.5,8558.43,1334.72
2025-07-07 22:00:00,44887.5,7483.37,208.82
2025-07-07 23:00:00,46437.5,6611.94,0.0
2025-07-08 00:00:00,40850.0,5770.77,0.0
2025-07-08 01:00:00,38412.5,5485.53,0.0
2025-07-08 02:00:00,37400.0,5699.36,0.0
2025-07-08 03:00:00,35675.0,5879.54,0.0
2025-07-08 04:00:00,35350.0,5995.72,0.0
2025-07-08 05:00:00,36337.5,6150.66,0.0
2025-07-08 06:00:00,38412.5,6330.29,5.94
2025-07-08 07:00:00,41875.0,6314.23,710.26
2025-07-08 08:00:00,45087.5,5910.7,2831.33
2025-07-08 09:00:00,47300.0,5635.87,6477.64
2025-07-08 10:00:00,48462.5,5590.93,10689.75
2025-07-08 11:00:00,49462.5,5605.53,14353.73
2025-07-08 12:00:00,50125.0,5760.77,17048.15
2025-07-08 13:00:00,50112.5,5861.01,18414.91
2025-07-08 14:00:00,49700.0,5788.24,18906.97
2025-07-08 15:00:00,48750.0,5837.36,18858.18
2025-07-08 16:00:00,47812.5,5983.65,17772.5
2025-07-08 17:00:00,46887.5,6073.73,15669.5
2025-07-08 18:00:00,47175.0,6046.8,12523.12
2025-07-08 19:00:00,47487.5,5737.63,8363.46
2025-07-08 20:00:00,45987.5,4943.14,4302.48
2025-07-08 21:00:00,44525.0,4083.81,1444.44
2025-07-08 22:00:00,45375.0,3600.18,218.77
2025-07-08 23:00:00,45962.5,3522.14,0.0
2025-07-09 00:00:00,42037.5,2731.55,0.0
2025-07-09 01:00:00,39637.5,2527.35,0.0
2025-07-09 02:00:00,38037.5,2342.84,0.0
2025-07-09 03:00:00,36362.5,2267.0,0.0
2025-07-09 04:00:00,35625.0,2210.85,0.0
2025-07-09 05:00:00,36750.0,2141.33,0.0
2025-07-09 06:00:00,39000.0,2093.54,8.32
2025-07-09 07:00:00,42550.0,2016.95,778.95
2025-07-09 08:00:00,45812.5,1868.75,3037.83
2025-07-09 09:00:00,47837.5,1390.44,6890.55
2025-07-09 10:00:00,49037.5,1043.8200000000002,11379.85
2025-07-09 11:00:00,49650.0,1028.58,15194.1
2025-07-09 12:00:00,50575.0,1086.98,17806.13
2025-07-09 13:00:00,50062.5,1167.97,19250.02
2025-07-09 14:00:00,49237.5,1243.29,19745.7
2025-07-09 15:00:00,48112.5,1286.92,19388.4
2025-07-09 16:00:00,47275.0,1313.1,18212.49
2025-07-09 17:00:00,46600.0,1351.72,15993.78
2025-07-09 18:00:00,47062.5,1419.93,12617.97
2025-07-09 19:00:00,47700.0,1559.45,8366.5
2025-07-09 20:00:00,45900.0,1711.09,4279.03
2025-07-09 21:00:00,44400.0,1940.99,1414.2
2025-07-09 22:00:00,45387.5,2350.77,208.66
2025-07-09 23:00:00,45962.5,2700.87,0.0
2025-07-10 00:00:00,42237.5,2777.5,0.0
2025-07-10 01:00:00,39687.5,2661.96,0.0
2025-07-10 02:00:00,38637.5,2472.4,0.0
2025-07-10 03:00:00,37050.0,2320.37,0.0
2025-07-10 04:00:00,36525.0,2191.2799999999997,0.0
2025-07-10 05:00:00,37387.5,2073.9300000000003,0.0
2025-07-10 06:00:00,39475.0,1995.17,7.83
2025-07-10 07:00:00,43075.0,1957.87,766.25
2025-07-10 08:00:00,46125.0,1910.27,3009.52
2025-07-10 09:00:00,48325.0,1510.46,6849.89
2025-07-10 10:00:00,49412.5,1153.85,11287.96
2025-07-10 11:00:00,50487.5,1321.91,15113.15
2025-07-10 12:00:00,51362.5,1655.29,17805.46
2025-07-10 13:00:00,51250.0,1881.16,19249.59
2025-07-10 14:00:00,50475.0,2047.91,19696.06
2025-07-10 15:00:00,49375.0,2201.68,19302.87
2025-07-10 16:00:00,48300.0,2426.52,18053.33
2025-07-10 17:00:00,47650.0,2673.29,15787.12
2025-07-10 18:00:00,48837.5,2893.42,12484.89
2025-07-10 19:00:00,49000.0,3124.56,8296.41
2025-07-10 20:00:00,47100.0,3208.41,4226.45
2025-07-10 21:00:00,45650.0,3282.51,1378.33
2025-07-10 22:00:00,46287.5,3697.13,197.84
2025-07-10 23:00:00,47050.0,4147.93,0.0
2025-07-11 00:00:00,43287.5,4624.67,0.0
2025-07-11 01:00:00,40287.5,4632.36,0.0
2025-07-11 02:00:00,38987.5,4554.85,0.0
2025-07-11 03:00:00,37237.5,4388.73,0.0
2025-07-11 04:00:00,36600.0,4186.67,0.0
2025-07-11 05:00:00,37662.5,3967.95,0.0
2025-07-11 06:00:00,40087.5,3787.06,6.54
2025-07-11 07:00:00,43500.0,3637.94,747.8
2025-07-11 08:00:00,46637.5,3512.43,2968.69
2025-07-11 09:00:00,48537.5,2557.87,6773.93
2025-07-11 10:00:00,49775.0,1911.2,11166.67
2025-07-11 11:00:00,50475.0,2169.15,14942.76
2025-07-11 12:00:00,51337.5,2651.29,17552.41
2025-07-11 13:00:00,50962.5,2925.86,19038.97
2025-07-11 14:00:00,50475.0,3082.56,19520.69
2025-07-11 15:00:00,49300.0,3258.79,19088.3
2025-07-11 16:00:00,48100.0,3493.18,17765.59
2025-07-11 17:00:00,47462.5,3844.8,15468.76
2025-07-11 18:00:00,48087.5,4279.58,12153.16
2025-07-11 19:00:00,48475.0,4793.98,8004.35
2025-07-11 20:00:00,47075.0,5099.86,4048.11
2025-07-11 21:00:00,45637.5,5279.19,1309.63
2025-07-11 22:00:00,46150.0,5963.06,185.31
2025-07-11 23:00:00,47112.5,6549.19,0.0
2025-07-12 00:00:00,43300.0,6015.39,0.0
2025-07-12 01:00:00,40300.0,5416.51,0.0
2025-07-12 02:00:00,38612.5,4952.19,0.0
2025-07-12 03:00:00,36550.0,4712.77,0.0
2025-07-12 04:00:00,35175.0,4554.16,0.0
2025-07-12 05:00:00,34687.5,4371.93,0.0
2025-07-12 06:00:00,34875.0,4130.42,5.55
2025-07-12 07:00:00,36075.0,4000.16,669.27
2025-07-12 08:00:00,38100.0,3779.23,2655.91
2025-07-12 09:00:00,40025.0,2694.67,6003.45
2025-07-12 10:00:00,42000.0,2044.69,9736.23
2025-07-12 11:00:00,43862.5,2050.99,12664.57
2025-07-12 12:00:00,46225.0,2176.58,14870.37
2025-07-12 13:00:00,45925.0,2247.63,16297.64
2025-07-12 14:00:00,45025.0,2307.33,16719.75
2025-07-12 15:00:00,43875.0,2310.76,16346.72
2025-07-12 16:00:00,42512.5,2313.7799999999997,15232.19
2025-07-12 17:00:00,42262.5,2463.6400000000003,13172.04
2025-07-12 18:00:00,43137.5,2701.04,10472.33
2025-07-12 19:00:00,43887.5,2911.9700000000003,6976.68
2025-07-12 20:00:00,43175.0,3189.47,3533.66
2025-07-12 21:00:00,42587.5,3733.84,1161.72
2025-07-12 22:00:00,44362.5,4651.96,170.17
2025-07-12 23:00:00,44650.0,5324.91,0.0
2025-07-13 00:00:00,40137.5,4640.860000000001,0.0
2025-07-13 01:00:00,37675.0,4191.75,0.0
2025-07-13 02:00:00,36162.5,3623.82,0.0
2025-07-13 03:00:00,34150.0,3224.97,0.0
2025-07-13 04:00:00,32862.5,2822.99,0.0
2025-07-13 05:00:00,32150.0,2423.47,0.0
2025-07-13 06:00:00,31987.5,2172.27,4.88
2025-07-13 07:00:00,32600.0,2053.06,649.14
2025-07-13 08:00:00,34362.5,1863.78,2664.4
2025-07-13 09:00:00,36412.5,1333.16,6159.11
2025-07-13 10:00:00,38712.5,952.71,10203.55
2025-07-13 11:00:00,40625.0,847.72,13624.65
2025-07-13 12:00:00,42575.0,847.75,16038.62
2025-07-13 13:00:00,42350.0,1024.3899999999999,17508.77
2025-07-13 14:00:00,40700.0,1302.23,18146.71
2025-07-13 15:00:00,39962.5,1794.03,17844.31
2025-07-13 16:00:00,39162.5,2337.6099999999997,16602.62
2025-07-13 17:00:00,39100.0,2664.75,14509.8
2025-07-13 18:00:00,40475.0,2987.04,11377.0
2025-07-13 19:00:00,41675.0,2957.63,7423.07
2025-07-13 20:00:00,40950.0,2736.76,3697.24
2025-07-13 21:00:00,40562.5,2640.04,1166.93
2025-07-13 22:00:00,41500.0,2998.22,159.42
2025-07-13 23:00:00,42850.0,3265.27,0.0
2025-07-14 00:00:00,38950.0,3427.13,0.0
2025-07-14 01:00:00,36400.0,3900.68,0.0
2025-07-14 02:00:00,34900.0,4373.5599999999995,0.0
2025-07-14 03:00:00,32862.5,4955.88,0.0
2025-07-14 04:00:00,31837.5,5336.87,0.0
2025-07-14 05:00:00,32175.0,5399.34,0.0
2025-07-14 06:00:00,32837.5,5371.51,2.16
2025-07-14 07:00:00,34150.0,5404.6,588.43
2025-07-14 08:00:00,36275.0,5176.34,2459.82
2025-07-14 09:00:00,38300.0,5220.26,5645.27
2025-07-14 10:00:00,39950.0,5266.74,9179.66
2025-07-14 11:00:00,41287.5,5410.6,11784.19
2025-07-14 12:00:00,43512.5,5720.87,13832.44
2025-07-14 13:00:00,43087.5,6166.48,15133.82
2025-07-14 14:00:00,41925.0,6876.99,15517.75
2025-07-14 15:00:00,40887.5,7335.59,15348.25
2025-07-14 16:00:00,40062.5,7636.4,14532.17
2025-07-14 17:00:00,40162.5,7504.76,12740.03
2025-07-14 18:00:00,41462.5,7218.08,10211.51
2025-07-14 19:00:00,42650.0,6827.29,6973.97
2025-07-14 20:00:00,41587.5,5946.55,3613.92
2025-07-14 21:00:00,40787.5,4937.26,1158.66
2025-07-14 22:00:00,41987.5,4577.37,156.18
2025-07-14 23:00:00,43212.5,4715.68,0.0
2025-07-15 00:00:00,39600.0,3924.2,0.0
2025-07-15 01:00:00,37050.0,3783.14,0.0
2025-07-15 02:00:00,36312.5,3784.06,0.0
2025-07-15 03:00:00,34600.0,3687.64,0.0
2025-07-15 04:00:00,34612.5,3574.35,0.0
2025-07-15 05:00:00,35937.5,3459.66,0.0
2025-07-15 06:00:00,37862.5,3375.54,2.41
2025-07-15 07:00:00,41512.5,3335.01,599.56
2025-07-15 08:00:00,45012.5,3033.48,2547.58
2025-07-15 09:00:00,47425.0,2990.17,5958.72
2025-07-15 10:00:00,48437.5,3621.0,9815.38
2025-07-15 11:00:00,49237.5,4497.08,12882.15
2025-07-15 12:00:00,49775.0,5495.88,15123.12
2025-07-15 13:00:00,49487.5,6747.61,16539.32
2025-07-15 14:00:00,49325.0,7976.46,17140.83
2025-07-15 15:00:00,48262.5,9118.220000000001,17127.08
2025-07-15 16:00:00,47462.5,10071.95,16231.67
2025-07-15 17:00:00,46350.0,10773.53,14348.04
2025-07-15 18:00:00,46737.5,11115.63,11387.5
2025-07-15 19:00:00,47200.0,11170.88,7554.91
2025-07-15 20:00:00,45387.5,10058.63,3831.86
2025-07-15 21:00:00,43800.0,8248.95,1206.22
2025-07-15 22:00:00,44937.5,7199.13,156.93
2025-07-15 23:00:00,45787.5,6995.3,0.0
2025-07-16 00:00:00,42175.0,6408.88,0.0
2025-07-16 01:00:00,39950.0,7032.03,0.0
2025-07-16 02:00:00,38587.5,7666.54,0.0
2025-07-16 03:00:00,36612.5,8012.76,0.0
2025-07-16 04:00:00,35925.0,8297.8,0.0
2025-07-16 05:00:00,37250.0,8560.02,0.0
2025-07-16 06:00:00,39600.0,8368.71,1.51
2025-07-16 07:00:00,42825.0,7830.4,576.92
2025-07-16 08:00:00,46237.5,6970.2,2514.56
2025-07-16 09:00:00,48587.5,6892.35,5899.37
2025-07-16 10:00:00,50187.5,7443.23,9759.33
2025-07-16 11:00:00,51375.0,8046.6,12899.13
2025-07-16 12:00:00,52137.5,8444.42,15104.92
2025-07-16 13:00:00,51800.0,8596.71,16360.65
2025-07-16 14:00:00,50925.0,8847.77,16714.29
2025-07-16 15:00:00,49900.0,9042.46,16503.01
2025-07-16 16:00:00,48900.0,9108.37,15639.64
2025-07-16 17:00:00,48387.5,8811.060000000001,13803.5
2025-07-16 18:00:00,49037.5,8028.14,11108.88
2025-07-16 19:00:00,49287.5,6960.58,7437.02
2025-07-16 20:00:00,47100.0,5766.81,3764.56
2025-07-16 21:00:00,45187.5,4767.3,1176.65
2025-07-16 22:00:00,45987.5,4289.3,147.46
2025-07-16 23:00:00,46262.5,4121.35,0.0
2025-07-17 00:00:00,42112.5,3654.53,0.0
2025-07-17 01:00:00,39475.0,3388.1,0.0
2025-07-17 02:00:00,38287.5,3001.43,0.0
2025-07-17 03:00:00,36562.5,2568.9,0.0
2025-07-17 04:00:00,36125.0,2141.1800000000003,0.0
2025-07-17 05:00:00,37187.5,1791.45,0.0
2025-07-17 06:00:00,39112.5,1555.96,1.59
2025-07-17 07:00:00,42337.5,1378.59,587.05
2025-07-17 08:00:00,45687.5,1170.85,2599.44
2025-07-17 09:00:00,48287.5,906.71,6131.67
2025-07-17 10:00:00,49950.0,815.58,10201.01
2025-07-17 11:00:00,51550.0,851.61,13546.5
2025-07-17 12:00:00,52687.5,903.72,16039.16
2025-07-17 13:00:00,52675.0,964.27,17657.58
2025-07-17 14:00:00,52237.5,1014.91,18266.72
2025-07-17 15:00:00,51162.5,1086.5900000000001,18111.85
2025-07-17 16:00:00,50125.0,1157.85,17052.95
2025-07-17 17:00:00,49037.5,1212.38,14976.54
2025-07-17 18:00:00,49650.0,1309.25,11870.41
2025-07-17 19:00:00,49900.0,1403.35,7859.44
2025-07-17 20:00:00,47937.5,1496.8,3945.07
2025-07-17 21:00:00,46350.0,1721.6,1200.79
2025-07-17 22:00:00,46862.5,2088.74,142.79
2025-07-17 23:00:00,47362.5,2273.3199999999997,0.0
2025-07-18 00:00:00,43716.375,2404.62,0.0
2025-07-18 01:00:00,41128.375,2278.04,0.0
2025-07-18 02:00:00,39622.875,1994.47,0.0
2025-07-18 03:00:00,37663.375,1723.19,0.0
2025-07-18 04:00:00,36978.625,1570.55,0.0
2025-07-18 05:00:00,38410.0,1438.3,0.0
2025-07-18 06:00:00,40650.875,1291.19,1.15
2025-07-18 07:00:00,43889.875,1187.44,564.46
2025-07-18 08:00:00,47108.875,1069.08,2527.1
2025-07-18 09:00:00,49218.375,796.89,6021.1
2025-07-18 10:00:00,50513.875,538.05,10011.48
2025-07-18 11:00:00,51066.0,474.62,13249.96
2025-07-18 12:00:00,51780.5,523.87,15649.39
2025-07-18 13:00:00,51526.375,610.72,17120.33
2025-07-18 14:00:00,51050.0,695.61,17655.31
2025-07-18 15:00:00,49840.625,791.03,17245.35
2025-07-18 16:00:00,48837.125,938.57,15928.88
2025-07-18 17:00:00,48267.875,1100.3,13738.81
2025-07-18 18:00:00,48858.375,1335.44,10757.75
2025-07-18 19:00:00,48751.0,1556.6,7038.5
2025-07-18 20:00:00,47133.125,1862.12,3477.2
2025-07-18 21:00:00,45796.875,2411.29,1040.24
2025-07-18 22:00:00,46565.375,3208.19,120.17
2025-07-18 23:00:00,46740.25,3861.81,0.0
2025-07-19 00:00:00,43100.0,3376.88,0.0
2025-07-19 01:00:00,40675.0,3597.05,0.0
2025-07-19 02:00:00,38875.0,3717.32,0.0
2025-07-19 03:00:00,36562.5,3879.22,0.0
2025-07-19 04:00:00,35312.5,4102.2,0.0
2025-07-19 05:00:00,35250.0,4319.5,0.0
2025-07-19 06:00:00,35475.0,4349.33,0.66
2025-07-19 07:00:00,36537.5,4401.82,418.19
2025-07-19 08:00:00,38800.0,4953.39,1845.84
2025-07-19 09:00:00,41075.0,4633.94,4095.07
2025-07-19 10:00:00,42925.0,4271.47,6441.94
2025-07-19 11:00:00,44162.5,4097.92,7925.02
2025-07-19 12:00:00,45600.0,4294.78,9211.26
2025-07-19 13:00:00,45462.5,4999.69,10406.37
2025-07-19 14:00:00,44225.0,6067.23,11225.17
2025-07-19 15:00:00,42925.0,6705.49,11561.08
2025-07-19 16:00:00,41937.5,6752.03,11023.98
2025-07-19 17:00:00,41700.0,6630.38,9664.35
2025-07-19 18:00:00,42550.0,6318.12,7963.34
2025-07-19 19:00:00,43012.5,5803.84,5492.38
2025-07-19 20:00:00,41862.5,4857.07,2819.51
2025-07-19 21:00:00,41012.5,3979.03,865.18
2025-07-19 22:00:00,42612.5,3881.58,98.65
2025-07-19 23:00:00,43337.5,4099.25,0.0
2025-07-20 00:00:00,39275.0,4636.79,0.0
2025-07-20 01:00:00,37025.0,4734.4,0.0
2025-07-20 02:00:00,35600.0,4820.969999999999,0.0
2025-07-20 03:00:00,33362.5,5005.6900000000005,0.0
2025-07-20 04:00:00,32237.5,5164.68,0.0
2025-07-20 05:00:00,32062.5,5359.46,0.0
2025-07-20 06:00:00,31650.0,5421.08,0.31
2025-07-20 07:00:00,32262.5,5354.06,418.13
2025-07-20 08:00:00,34350.0,5523.18,1911.03
2025-07-20 09:00:00,36837.5,5383.01,4439.33
2025-07-20 10:00:00,39237.5,5603.03,7217.56
2025-07-20 11:00:00,40950.0,6508.21,9299.92
2025-07-20 12:00:00,42775.0,7312.48,10972.39
2025-07-20 13:00:00,42175.0,6750.44,10930.67
2025-07-20 14:00:00,40312.5,5399.77,9469.88
2025-07-20 15:00:00,39300.0,5568.22,9353.81
2025-07-20 16:00:00,38550.0,8330.310000000001,11418.22
2025-07-20 17:00:00,38437.5,8743.68,9946.44
2025-07-20 18:00:00,39737.5,8728.68,8030.99
2025-07-20 19:00:00,41175.0,8394.380000000001,5596.24
2025-07-20 20:00:00,40837.5,7541.02,2874.3
2025-07-20 21:00:00,40425.0,6526.73,871.17
2025-07-20 22:00:00,41437.5,5877.43,99.25
2025-07-20 23:00:00,42687.5,6088.84,0.0
2025-07-21 00:00:00,39425.0,7404.25,0.0
2025-07-21 01:00:00,37387.5,8441.58,0.0
2025-07-21 02:00:00,36087.5,9391.58,0.0
2025-07-21 03:00:00,34425.0,9899.06,0.0
2025-07-21 04:00:00,34012.5,10094.1,0.0
2025-07-21 05:00:00,35225.0,10026.46,0.0
2025-07-21 06:00:00,37437.5,9885.75,0.14
2025-07-21 07:00:00,40462.5,9892.73,406.77
2025-07-21 08:00:00,43562.5,10060.32,1955.56
2025-07-21 09:00:00,45775.0,10631.88,4727.88
2025-07-21 10:00:00,47312.5,11326.65,7886.21
2025-07-21 11:00:00,48137.5,11933.57,10332.36
2025-07-21 12:00:00,49500.0,12089.74,12303.68
2025-07-21 13:00:00,48675.0,12009.17,13520.71
2025-07-21 14:00:00,47237.5,12001.04,13905.53
2025-07-21 15:00:00,46100.0,11784.27,14073.4
2025-07-21 16:00:00,45262.5,12091.47,13377.83
2025-07-21 17:00:00,44637.5,12197.37,11872.65
2025-07-21 18:00:00,45812.5,12231.39,9614.45
2025-07-21 19:00:00,47025.0,12171.71,6489.13
2025-07-21 20:00:00,45400.0,11263.56,3272.48
2025-07-21 21:00:00,43900.0,9856.49,967.76
2025-07-21 22:00:00,44875.0,8812.14,104.67
2025-07-21 23:00:00,44950.0,8345.76,0.0
2025-07-22 00:00:00,41387.5,7638.4,0.0
2025-07-22 01:00:00,38925.0,7628.04,0.0
2025-07-22 02:00:00,37562.5,7730.35,0.0
2025-07-22 03:00:00,35700.0,7764.31,0.0
2025-07-22 04:00:00,34987.5,7740.55,0.0
2025-07-22 05:00:00,36350.0,7844.91,0.0
2025-07-22 06:00:00,38362.5,7920.32,0.09
2025-07-22 07:00:00,41462.5,7784.52,482.66
2025-07-22 08:00:00,44625.0,7601.06,2347.83
2025-07-22 09:00:00,46675.0,8041.36,5767.55
2025-07-22 10:00:00,47700.0,8117.66,9837.39
2025-07-22 11:00:00,48312.5,7720.46,13259.68
2025-07-22 12:00:00,48925.0,7676.73,15478.96
2025-07-22 13:00:00,48650.0,7928.13,16590.16
2025-07-22 14:00:00,47850.0,8055.87,16762.76
2025-07-22 15:00:00,47037.5,8044.33,16476.8
2025-07-22 16:00:00,45912.5,7840.88,15532.3
2025-07-22 17:00:00,45450.0,7355.0,13568.0
2025-07-22 18:00:00,46750.0,6694.21,10666.02
2025-07-22 19:00:00,47512.5,5797.3,6947.42
2025-07-22 20:00:00,45887.5,4700.11,3362.25
2025-07-22 21:00:00,44412.5,3802.44,943.68
2025-07-22 22:00:00,45025.0,3298.29,90.39
2025-07-22 23:00:00,45462.5,3014.56,0.0
2025-07-23 00:00:00,41000.0,2626.44,0.0
2025-07-23 01:00:00,38975.0,2375.2,0.0
2025-07-23 02:00:00,37487.5,2083.17,0.0
2025-07-23 03:00:00,35262.5,1878.35,0.0
2025-07-23 04:00:00,34600.0,1770.99,0.0
2025-07-23 05:00:00,35712.5,1693.88,0.0
2025-07-23 06:00:00,37875.0,1652.94,0.05
2025-07-23 07:00:00,41112.5,1514.7,395.58
2025-07-23 08:00:00,44087.5,1335.0,1835.62
2025-07-23 09:00:00,46012.5,1002.51,4331.41
2025-07-23 10:00:00,47312.5,835.38,6995.54
2025-07-23 11:00:00,48012.5,973.25,8899.47
2025-07-23 12:00:00,49187.5,1148.29,10244.21
2025-07-23 13:00:00,49625.0,1274.98,10926.55
2025-07-23 14:00:00,48937.5,1420.15,11106.98
2025-07-23 15:00:00,47587.5,1528.84,10893.58
2025-07-23 16:00:00,46337.5,1587.84,10287.82
2025-07-23 17:00:00,45262.5,1764.37,9039.07
2025-07-23 18:00:00,46075.0,2008.21,7178.26
2025-07-23 19:00:00,46587.5,2203.4,4815.63
2025-07-23 20:00:00,45275.0,2463.15,2456.72
2025-07-23 21:00:00,44025.0,2646.93,737.43
2025-07-23 22:00:00,44375.0,2794.65,78.83
2025-07-23 23:00:00,44612.5,2979.12,0.0
2025-07-24 00:00:00,41425.0,3458.1,0.0
2025-07-24 01:00:00,39025.0,3549.49,0.0
2025-07-24 02:00:00,37300.0,3615.9,0.0
2025-07-24 03:00:00,35412.5,3610.6,0.0
2025-07-24 04:00:00,34725.0,3585.33,0.0
2025-07-24 05:00:00,35650.0,3441.17,0.0
2025-07-24 06:00:00,38000.0,3376.3,0.01
2025-07-24 07:00:00,41037.5,3360.06,323.03
2025-07-24 08:00:00,43950.0,3001.23,1624.98
2025-07-24 09:00:00,45887.5,2763.81,4222.45
2025-07-24 10:00:00,47212.5,2746.75,7395.2
2025-07-24 11:00:00,48125.0,2649.8,10030.59
2025-07-24 12:00:00,48775.0,2545.43,12220.75
2025-07-24 13:00:00,48637.5,2513.81,13629.27
2025-07-24 14:00:00,47612.5,2542.35,14287.39
2025-07-24 15:00:00,46287.5,2726.47,14215.17
2025-07-24 16:00:00,45312.5,3087.91,13578.27
2025-07-24 17:00:00,44812.5,3571.85,12046.78
2025-07-24 18:00:00,45625.0,3822.17,9537.1
2025-07-24 19:00:00,46512.5,4018.47,6266.63
2025-07-24 20:00:00,44812.5,3980.62,3053.29
2025-07-24 21:00:00,43487.5,3562.0,862.11
2025-07-24 22:00:00,44400.0,3352.52,85.02
2025-07-24 23:00:00,44987.5,3523.08,0.0
2025-07-25 00:00:00,41436.125,3278.55,0.0
2025-07-25 01:00:00,39327.375,3156.48,0.0
2025-07-25 02:00:00,37650.75,2958.71,0.0
2025-07-25 03:00:00,35643.75,2881.44,0.0
2025-07-25 04:00:00,34891.25,2919.72,0.0
2025-07-25 05:00:00,35657.625,2959.36,0.0
2025-07-25 06:00:00,37813.0,2900.31,0.0
2025-07-25 07:00:00,40609.75,2749.76,351.23
2025-07-25 08:00:00,43772.625,2443.92,1801.67
2025-07-25 09:00:00,45793.375,2126.5299999999997,4611.73
2025-07-25 10:00:00,46827.625,2063.52,7765.17
2025-07-25 11:00:00,47026.375,2170.39,10457.32
2025-07-25 12:00:00,47620.0,2290.2,12625.73
2025-07-25 13:00:00,46995.0,2344.77,14302.62
2025-07-25 14:00:00,45616.25,2402.68,14960.68
2025-07-25 15:00:00,45120.375,2607.41,14767.83
2025-07-25 16:00:00,44212.375,2885.66,14014.74
2025-07-25 17:00:00,43477.25,3196.97,12273.09
2025-07-25 18:00:00,44271.25,3561.52,9817.54
2025-07-25 19:00:00,44833.875,3766.32,6511.68
2025-07-25 20:00:00,43179.75,3634.2,3175.24
2025-07-25 21:00:00,42391.0,3452.11,893.8
2025-07-25 22:00:00,42865.375,3518.84,83.58
2025-07-25 23:00:00,43253.25,3670.22,0.0
2025-07-26 00:00:00,40426.25,3421.95,0.0
2025-07-26 01:00:00,37785.375,3360.11,0.0
2025-07-26 02:00:00,36203.5,3308.92,0.0
2025-07-26 03:00:00,34359.875,3322.77,0.0
2025-07-26 04:00:00,33136.75,3328.99,0.0
2025-07-26 05:00:00,32745.625,3247.57,0.0
2025-07-26 06:00:00,32862.625,3122.74,0.0
2025-07-26 07:00:00,33696.75,3051.56,402.0
2025-07-26 08:00:00,36011.125,2835.51,2100.52
2025-07-26 09:00:00,38408.5,2389.41,5375.0
2025-07-26 10:00:00,40471.5,2247.66,9235.46
2025-07-26 11:00:00,41546.0,2425.65,12526.19
2025-07-26 12:00:00,43579.875,2742.45,14834.37
2025-07-26 13:00:00,43117.0,3220.87,16027.53
2025-07-26 14:00:00,40740.5,3767.75,16128.89
2025-07-26 15:00:00,40061.875,4308.59,15751.36
2025-07-26 16:00:00,38780.25,4865.06,14792.87
2025-07-26 17:00:00,38737.25,5511.07,12838.96
2025-07-26 18:00:00,39906.75,5972.16,9974.96
2025-07-26 19:00:00,40895.625,6202.11,6505.98
2025-07-26 20:00:00,39718.25,5758.05,3132.99
2025-07-26 21:00:00,39351.875,4957.43,838.59
2025-07-26 22:00:00,40631.75,4663.35,68.75
2025-07-26 23:00:00,41262.125,4734.55,0.0
2025-07-27 00:00:00,38472.625,4415.65,0.0
2025-07-27 01:00:00,36204.0,3928.19,0.0
2025-07-27 02:00:00,34796.25,3525.75,0.0
2025-07-27 03:00:00,32521.0,3432.03,0.0
2025-07-27 04:00:00,31197.5,3378.43,0.0
2025-07-27 05:00:00,31029.125,3223.7,0.0
2025-07-27 06:00:00,30977.375,3170.02,0.0
2025-07-27 07:00:00,31529.875,3136.9,285.5
2025-07-27 08:00:00,33654.0,3036.0,1504.43
2025-07-27 09:00:00,36229.0,2901.82,3740.13
2025-07-27 10:00:00,38252.125,2914.62,6115.98
2025-07-27 11:00:00,39239.75,3067.64,7934.78
2025-07-27 12:00:00,41346.75,3203.44,9479.75
2025-07-27 13:00:00,41537.75,3548.55,10510.67
2025-07-27 14:00:00,38966.75,4097.63,11018.48
2025-07-27 15:00:00,37663.875,4703.07,10901.83
2025-07-27 16:00:00,37199.75,5281.23,10549.0
2025-07-27 17:00:00,37137.75,5858.81,9478.14
2025-07-27 18:00:00,38701.625,6332.06,7645.76
2025-07-27 19:00:00,39916.875,6677.06,5155.31
2025-07-27 20:00:00,39348.0,6497.06,2577.29
2025-07-27 21:00:00,39140.5,5980.4,730.67
2025-07-27 22:00:00,40325.0,5862.78,66.11
2025-07-27 23:00:00,40699.25,5621.12,0.0
2025-07-28 00:00:00,37383.75,5511.27,0.0
2025-07-28 01:00:00,35360.0,5340.64,0.0
2025-07-28 02:00:00,33944.25,5297.99,0.0
2025-07-28 03:00:00,32231.625,5340.54,0.0
2025-07-28 04:00:00,31700.875,5224.86,0.0
2025-07-28 05:00:00,33008.25,5110.54,0.0
2025-07-28 06:00:00,35226.75,5113.3,0.0
2025-07-28 07:00:00,37734.5,5042.05,341.54
2025-07-28 08:00:00,40648.75,4832.22,1876.68
2025-07-28 09:00:00,42860.125,4041.4,4903.89
2025-07-28 10:00:00,44235.75,3705.38,8588.78
2025-07-28 11:00:00,45196.125,3866.25,11993.42
2025-07-28 12:00:00,46939.125,4221.92,14470.15
2025-07-28 13:00:00,46699.75,4602.73,15895.58
2025-07-28 14:00:00,45400.875,4863.02,16308.0
2025-07-28 15:00:00,44058.375,5138.45,16233.05
2025-07-28 16:00:00,43366.75,5472.64,15434.68
2025-07-28 17:00:00,42488.5,5677.49,13590.19
2025-07-28 18:00:00,43390.125,5752.07,10707.84
2025-07-28 19:00:00,44537.5,5702.76,6940.06
2025-07-28 20:00:00,42846.625,5241.42,3276.62
2025-07-28 21:00:00,41762.375,4633.360000000001,855.39
2025-07-28 22:00:00,42319.375,4465.37,64.74
2025-07-28 23:00:00,42205.875,4622.1900000000005,0.0
2025-07-29 00:00:00,39623.75,4139.71,0.0
2025-07-29 01:00:00,37100.375,3990.28,0.0
2025-07-29 02:00:00,35937.125,3739.07,0.0
2025-07-29 03:00:00,34288.375,3539.9,0.0
2025-07-29 04:00:00,33251.75,3430.5,0.0
2025-07-29 05:00:00,34399.625,3334.26,0.0
2025-07-29 06:00:00,36480.625,3204.39,0.0
2025-07-29 07:00:00,39156.0,3087.08,368.87
2025-07-29 08:00:00,42037.625,2817.94,2085.4
2025-07-29 09:00:00,44138.75,2356.61,5456.84
2025-07-29 10:00:00,45240.25,2187.46,9519.56
2025-07-29 11:00:00,45947.75,2382.08,12905.56
2025-07-29 12:00:00,47050.375,2741.26,15329.94
2025-07-29 13:00:00,46577.625,3067.49,16632.88
2025-07-29 14:00:00,45823.75,3383.38,16834.66
2025-07-29 15:00:00,44657.625,3708.06,16369.23
2025-07-29 16:00:00,43793.25,4028.55,15175.13
2025-07-29 17:00:00,43263.5,4231.139999999999,13013.24
2025-07-29 18:00:00,44288.125,4415.23,10010.17
2025-07-29 19:00:00,45321.875,4587.32,6331.81
2025-07-29 20:00:00,43829.375,4322.37,2930.25
2025-07-29 21:00:00,42648.25,3711.88,750.34
2025-07-29 22:00:00,43323.125,3335.69,51.74
2025-07-29 23:00:00,43483.875,3161.42,0.0
2025-07-30 00:00:00,40275.0,2974.01,0.0
2025-07-30 01:00:00,37985.875,2757.08,0.0
2025-07-30 02:00:00,36422.125,2540.45,0.0
2025-07-30 03:00:00,34563.625,2402.04,0.0
2025-07-30 04:00:00,33670.5,2310.23,0.0
2025-07-30 05:00:00,34802.875,2229.99,0.0
2025-07-30 06:00:00,36665.0,2153.17,0.0
2025-07-30 07:00:00,39298.5,2088.37,298.86
2025-07-30 08:00:00,42258.25,1965.04,1769.63
2025-07-30 09:00:00,44695.0,1693.01,4666.15
2025-07-30 10:00:00,46088.625,1645.61,8205.53
2025-07-30 11:00:00,47018.375,1841.74,11228.03
2025-07-30 12:00:00,48340.375,2030.37,13364.16
2025-07-30 13:00:00,47954.0,2191.61,14549.32
2025-07-30 14:00:00,47343.875,2388.09,14876.74
2025-07-30 15:00:00,46078.125,2619.1,14706.92
2025-07-30 16:00:00,45444.75,2951.75,13828.27
2025-07-30 17:00:00,44299.0,3267.62,12190.49
2025-07-30 18:00:00,45225.25,3546.04,9644.15
2025-07-30 19:00:00,45799.0,3688.98,6175.55
2025-07-30 20:00:00,44036.75,3555.3,2881.36
2025-07-30 21:00:00,42952.375,3286.16,741.43
2025-07-30 22:00:00,43277.5,3254.1,49.73
2025-07-30 23:00:00,43866.75,3263.59,0.0
2025-07-31 00:00:00,40601.125,3119.55,0.0
2025-07-31 01:00:00,38219.5,3064.36,0.0
2025-07-31 02:00:00,36507.75,2967.91,0.0
2025-07-31 03:00:00,34493.375,2924.02,0.0
2025-07-31 04:00:00,33789.375,2864.74,0.0
2025-07-31 05:00:00,34920.375,2737.67,0.0
2025-07-31 06:00:00,36887.875,2656.22,0.0
2025-07-31 07:00:00,39538.25,2627.0,296.82
2025-07-31 08:00:00,42961.875,2447.63,1858.37
2025-07-31 09:00:00,45087.5,2090.94,5032.37
2025-07-31 10:00:00,45875.625,2136.06,8887.94
2025-07-31 11:00:00,47064.875,2659.95,12191.49
2025-07-31 12:00:00,48118.0,3185.96,14281.92
2025-07-31 13:00:00,47688.875,3592.5,15374.34
2025-07-31 14:00:00,46352.0,3891.35,15378.48
2025-07-31 15:00:00,44941.625,4219.280000000001,14980.31
2025-07-31 16:00:00,43941.875,4692.04,13906.18
2025-07-31 17:00:00,43236.25,5197.88,11944.38
2025-07-31 18:00:00,44452.875,5514.41,9331.14
2025-07-31 19:00:00,45403.125,5561.55,5985.62
2025-07-31 20:00:00,43742.875,5301.96,2737.69
2025-07-31 21:00:00,42767.25,5054.16,669.6
2025-07-31 22:00:00,43355.875,4908.64,39.53
2025-07-31 23:00:00,43956.25,4651.66,0.0
2025-08-01 00:00:00,40632.0,4186.73,0.0
2025-08-01 01:00:00,38588.625,3788.86,0.0
2025-08-01 02:00:00,37050.75,3419.47,0.0
2025-08-01 03:00:00,35256.625,3207.65,0.0
2025-08-01 04:00:00,34415.75,3111.91,0.0
2025-08-01 05:00:00,35574.5,3057.51,0.0
2025-08-01 06:00:00,37747.25,2989.16,0.0
2025-08-01 07:00:00,40172.25,2885.85,252.63
2025-08-01 08:00:00,43323.625,2674.2,1663.19
2025-08-01 09:00:00,45384.875,2317.14,4520.8
2025-08-01 10:00:00,45946.125,2200.38,7955.7
2025-08-01 11:00:00,46493.5,2322.27,10977.18
2025-08-01 12:00:00,47419.0,2553.32,12936.88
2025-08-01 13:00:00,46978.75,2911.53,14001.93
2025-08-01 14:00:00,45581.5,3406.69,14169.98
2025-08-01 15:00:00,44831.375,3862.89,14315.08
2025-08-01 16:00:00,43358.875,4372.08,13637.01
2025-08-01 17:00:00,42994.375,4947.45,12016.97
2025-08-01 18:00:00,43561.375,5317.16,9580.56
2025-08-01 19:00:00,44167.875,5448.7,6213.54
2025-08-01 20:00:00,42669.75,5129.84,2894.29
2025-08-01 21:00:00,41750.625,4629.55,719.57
2025-08-01 22:00:00,42578.125,4506.969999999999,41.31
2025-08-01 23:00:00,43122.5,4506.96,0.0
2025-08-02 00:00:00,38925.0,4545.33,0.0
2025-08-02 01:00:00,36337.5,4318.12,0.0
2025-08-02 02:00:00,34500.0,4178.33,0.0
2025-08-02 03:00:00,32100.0,4177.43,0.0
2025-08-02 04:00:00,30687.5,4017.92,0.0
2025-08-02 05:00:00,30862.5,3957.68,0.0
2025-08-02 06:00:00,31150.0,4031.96,0.0
2025-08-02 07:00:00,32150.0,4153.08,251.53
2025-08-02 08:00:00,34550.0,4116.59,1808.12
2025-08-02 09:00:00,37112.5,3608.7,5123.1
2025-08-02 10:00:00,38662.5,3555.63,9227.97
2025-08-02 11:00:00,39825.0,3953.56,12926.97
2025-08-02 12:00:00,41375.0,4119.18,15342.09
2025-08-02 13:00:00,41162.5,3995.99,16453.03
2025-08-02 14:00:00,39387.5,3932.41,16567.15
2025-08-02 15:00:00,37962.5,4025.77,16005.14
2025-08-02 16:00:00,37000.0,4150.639999999999,14810.75
2025-08-02 17:00:00,37075.0,4415.6,12770.97
2025-08-02 18:00:00,38137.5,4479.09,9937.06
2025-08-02 19:00:00,39087.5,4490.11,6348.2
2025-08-02 20:00:00,37962.5,4155.3099999999995,2919.32
2025-08-02 21:00:00,37787.5,3818.97,711.14
2025-08-02 22:00:00,39262.5,3768.5,36.18
2025-08-02 23:00:00,40087.5,3682.82,0.0
2025-08-03 00:00:00,37212.5,3043.18,0.0
2025-08-03 01:00:00,35137.5,2818.05,0.0
2025-08-03 02:00:00,34037.5,2760.95,0.0
2025-08-03 03:00:00,31887.5,2719.33,0.0
2025-08-03 04:00:00,30762.5,2602.82,0.0
2025-08-03 05:00:00,30400.0,2500.64,0.0
2025-08-03 06:00:00,30687.5,2415.66,0.0
2025-08-03 07:00:00,31162.5,2364.36,258.53
2025-08-03 08:00:00,32850.0,2348.74,1883.73
2025-08-03 09:00:00,34725.0,1958.6,5288.23
2025-08-03 10:00:00,36287.5,1518.44,9435.58
2025-08-03 11:00:00,37350.0,1364.32,11625.19
2025-08-03 12:00:00,38800.0,1736.55,11398.01
2025-08-03 13:00:00,38262.5,2060.6800000000003,12260.92
2025-08-03 14:00:00,35975.0,2279.76,12524.05
2025-08-03 15:00:00,34775.0,2459.83,12079.58
2025-08-03 16:00:00,34275.0,2564.5,10999.78
2025-08-03 17:00:00,35312.5,2779.11,9324.49
2025-08-03 18:00:00,37412.5,3074.01,7044.86
2025-08-03 19:00:00,39350.0,4887.66,5695.34
2025-08-03 20:00:00,39075.0,4906.21,2622.41
2025-08-03 21:00:00,39037.5,4562.07,609.86
2025-08-03 22:00:00,39950.0,4485.5,24.93
2025-08-03 23:00:00,40175.0,4525.889999999999,0.0
2025-08-04 00:00:00,37425.0,4843.55,0.0
2025-08-04 01:00:00,35225.0,4596.81,0.0
2025-08-04 02:00:00,33725.0,4426.35,0.0
2025-08-04 03:00:00,31775.0,4130.82,0.0
2025-08-04 04:00:00,31437.5,3639.34,0.0
2025-08-04 05:00:00,32575.0,3168.79,0.0
2025-08-04 06:00:00,34712.5,2891.39,0.0
2025-08-04 07:00:00,37587.5,2780.71,180.88
2025-08-04 08:00:00,40687.5,2646.65,1407.37
2025-08-04 09:00:00,42762.5,2642.08,4005.54
2025-08-04 10:00:00,43800.0,2725.18,7158.66
2025-08-04 11:00:00,44850.0,3020.3,9891.4
2025-08-04 12:00:00,46612.5,3563.61,12176.77
2025-08-04 13:00:00,45675.0,4046.39,13816.82
2025-08-04 14:00:00,43662.5,4441.0599999999995,14565.46
2025-08-04 15:00:00,42487.5,5015.13,14569.76
2025-08-04 16:00:00,41975.0,5594.52,13948.72
2025-08-04 17:00:00,41800.0,6073.69,12278.78
2025-08-04 18:00:00,43350.0,6233.57,9696.37
2025-08-04 19:00:00,44937.5,5876.24,6221.45
2025-08-04 20:00:00,43287.5,5002.1,2835.51
2025-08-04 21:00:00,42162.5,4524.3099999999995,668.77
2025-08-04 22:00:00,42725.0,4372.280000000001,25.01
2025-08-04 23:00:00,42837.5,4298.48,0.0
2025-08-05 00:00:00,38375.0,5023.37,0.0
2025-08-05 01:00:00,35625.0,4211.9,0.0
2025-08-05 02:00:00,34187.5,2970.79,0.0
2025-08-05 03:00:00,32312.5,2731.1800000000003,0.0
2025-08-05 04:00:00,31325.0,2592.8199999999997,0.0
2025-08-05 05:00:00,32012.5,2595.1099999999997,0.0
2025-08-05 06:00:00,33537.5,2752.29,0.0
2025-08-05 07:00:00,35625.0,4152.889999999999,221.96
2025-08-05 08:00:00,38387.5,4431.1900000000005,1806.65
2025-08-05 09:00:00,40712.5,3788.35,5183.54
2025-08-05 10:00:00,42300.0,2865.57,9338.31
2025-08-05 11:00:00,43212.5,3001.57,11613.57
2025-08-05 12:00:00,44425.0,3191.7,11307.82
2025-08-05 13:00:00,44075.0,3467.08,12006.67
2025-08-05 14:00:00,42762.5,3751.74,12012.67
2025-08-05 15:00:00,41512.5,4169.98,11759.57
2025-08-05 16:00:00,40812.5,4647.33,11145.0
2025-08-05 17:00:00,41250.0,5008.38,9827.12
2025-08-05 18:00:00,42737.5,5084.6,7752.04
2025-08-05 19:00:00,44175.0,7195.29,6455.33
2025-08-05 20:00:00,42525.0,6409.28,2991.05
2025-08-05 21:00:00,41600.0,5469.66,684.44
2025-08-05 22:00:00,42312.5,5311.93,23.57
2025-08-05 23:00:00,42550.0,5599.13,0.0
2025-08-06 00:00:00,39525.0,4856.99,0.0
2025-08-06 01:00:00,38012.5,4429.889999999999,0.0
2025-08-06 02:00:00,36062.5,3969.37,0.0
2025-08-06 03:00:00,33662.5,3527.17,0.0
2025-08-06 04:00:00,32662.5,3100.2,0.0
2025-08-06 05:00:00,33475.0,2717.14,0.0
2025-08-06 06:00:00,35462.5,2403.68,0.0
2025-08-06 07:00:00,37525.0,2147.08,188.83
2025-08-06 08:00:00,40075.0,1874.55,1531.32
2025-08-06 09:00:00,41762.5,1369.8,4480.58
2025-08-06 10:00:00,43050.0,877.69,8313.09
2025-08-06 11:00:00,43750.0,598.14,10568.41
2025-08-06 12:00:00,45125.0,600.4,10603.83
2025-08-06 13:00:00,45212.5,601.94,11677.0
2025-08-06 14:00:00,44187.5,578.03,12272.78
2025-08-06 15:00:00,42987.5,562.58,12244.03
2025-08-06 16:00:00,42062.5,541.71,11656.95
2025-08-06 17:00:00,41525.0,818.85,13391.95
2025-08-06 18:00:00,42887.5,889.8,10632.54
2025-08-06 19:00:00,44737.5,1012.81,6642.44
2025-08-06 20:00:00,43712.5,1168.1599999999999,2908.07
2025-08-06 21:00:00,42787.5,1512.77,643.16
2025-08-06 22:00:00,43587.5,1994.06,17.68
2025-08-06 23:00:00,43225.0,2263.7,0.0
2025-08-07 00:00:00,39200.0,2093.2,0.0
2025-08-07 01:00:00,36812.5,1916.83,0.0
2025-08-07 02:00:00,35212.5,1672.4,0.0
2025-08-07 03:00:00,33462.5,1445.73,0.0
2025-08-07 04:00:00,32612.5,1297.94,0.0
2025-08-07 05:00:00,33150.0,1272.96,0.0
2025-08-07 06:00:00,35075.0,1304.77,0.0
2025-08-07 07:00:00,37525.0,1305.27,199.8
2025-08-07 08:00:00,40387.5,1262.04,1771.33
2025-08-07 09:00:00,42737.5,1231.38,5247.25
2025-08-07 10:00:00,43925.0,861.01,9669.63
2025-08-07 11:00:00,44800.0,690.13,13624.62
2025-08-07 12:00:00,46000.0,692.0,14780.69
2025-08-07 13:00:00,45987.5,614.44,13386.52
2025-08-07 14:00:00,44612.5,719.99,13923.9
2025-08-07 15:00:00,43400.0,809.77,13670.47
2025-08-07 16:00:00,42662.5,876.75,12705.3
2025-08-07 17:00:00,42425.0,1347.92,14413.41
2025-08-07 18:00:00,43812.5,1399.28,11267.16
2025-08-07 19:00:00,45062.5,1341.35,6916.3
2025-08-07 20:00:00,43437.5,1271.1599999999999,2983.09
2025-08-07 21:00:00,42700.0,1414.57,642.28
2025-08-07 22:00:00,43025.0,1656.66,13.83
2025-08-07 23:00:00,42475.0,1907.99,0.0
2025-08-08 00:00:00,39462.5,2283.56,0.0
2025-08-08 01:00:00,37362.5,2281.73,0.0
2025-08-08 02:00:00,35800.0,2211.09,0.0
2025-08-08 03:00:00,34012.5,2163.52,0.0
2025-08-08 04:00:00,33225.0,2245.9,0.0
2025-08-08 05:00:00,33750.0,2309.67,0.0
2025-08-08 06:00:00,35675.0,2234.06,0.0
2025-08-08 07:00:00,37912.5,2059.96,177.18
2025-08-08 08:00:00,40937.5,1701.12,1704.38
2025-08-08 09:00:00,42962.5,1321.58,5063.06
2025-08-08 10:00:00,43850.0,1012.07,9242.56
2025-08-08 11:00:00,44662.5,881.57,12969.45
2025-08-08 12:00:00,45475.0,876.63,15441.71
2025-08-08 13:00:00,45675.0,778.52,15157.1
2025-08-08 14:00:00,44537.5,618.25,12706.8
2025-08-08 15:00:00,43687.5,699.78,12346.64
2025-08-08 16:00:00,42750.0,757.49,11413.28
2025-08-08 17:00:00,42737.5,1164.4,12879.51
2025-08-08 18:00:00,43762.5,1173.39,10104.7
2025-08-08 19:00:00,44400.0,1188.44,6225.69
2025-08-08 20:00:00,43050.0,1332.6,2654.69
2025-08-08 21:00:00,42237.5,1625.42,556.94
2025-08-08 22:00:00,42650.0,2001.15,8.92
2025-08-08 23:00:00,42675.0,2376.5,0.0
2025-08-09 00:00:00,39845.125,2217.57,0.0
2025-08-09 01:00:00,37681.5,2161.91,0.0
2025-08-09 02:00:00,35549.5,1871.79,0.0
2025-08-09 03:00:00,33490.625,1623.74,0.0
2025-08-09 04:00:00,32233.375,1449.41,0.0
2025-08-09 05:00:00,32021.25,1312.96,0.0
2025-08-09 06:00:00,32477.875,1243.99,0.0
2025-08-09 07:00:00,33206.625,1216.84,149.23
2025-08-09 08:00:00,35261.875,1191.83,1633.31
2025-08-09 09:00:00,37685.875,1025.8400000000001,5054.31
2025-08-09 10:00:00,39458.25,699.44,8383.75
2025-08-09 11:00:00,40666.625,487.73,9858.84
2025-08-09 12:00:00,42447.5,521.22,11858.53
2025-08-09 13:00:00,41770.5,642.54,12968.4
2025-08-09 14:00:00,40533.125,893.73,13353.8
2025-08-09 15:00:00,40091.25,1192.55,13192.0
2025-08-09 16:00:00,38857.75,1364.3,12346.62
2025-08-09 17:00:00,39247.125,1516.92,10673.16
2025-08-09 18:00:00,40432.625,2515.06,10717.46
2025-08-09 19:00:00,41768.125,2995.75,6792.07
2025-08-09 20:00:00,40964.5,3430.66,2893.31
2025-08-09 21:00:00,40886.25,4139.71,604.19
2025-08-09 22:00:00,41858.5,4883.68,9.49
2025-08-09 23:00:00,41429.125,5437.24,0.0
2025-08-10 00:00:00,38970.5,5465.47,0.0
2025-08-10 01:00:00,36715.875,5376.68,0.0
2025-08-10 02:00:00,34795.0,5021.29,0.0
2025-08-10 03:00:00,33178.625,4569.75,0.0
2025-08-10 04:00:00,31695.25,4150.75,0.0
2025-08-10 05:00:00,31184.75,3793.88,0.0
2025-08-10 06:00:00,31317.0,3520.04,0.0
2025-08-10 07:00:00,31403.75,3275.29,149.17
2025-08-10 08:00:00,32808.125,3066.74,1720.86
2025-08-10 09:00:00,35218.25,2068.4,4699.87
2025-08-10 10:00:00,37354.125,1131.81,7393.14
2025-08-10 11:00:00,39131.75,1014.5,10465.26
2025-08-10 12:00:00,40079.25,991.95,12572.77
2025-08-10 13:00:00,40044.0,987.28,13654.61
2025-08-10 14:00:00,38468.625,1005.08,13992.12
2025-08-10 15:00:00,37641.375,1063.2,13733.05
2025-08-10 16:00:00,37000.875,1149.32,12834.0
2025-08-10 17:00:00,37914.0,1269.59,11089.27
2025-08-10 18:00:00,39907.875,2130.4300000000003,11025.58
2025-08-10 19:00:00,41123.0,2610.65,6907.1
2025-08-10 20:00:00,41053.125,3159.32,2901.69
2025-08-10 21:00:00,41165.875,4223.66,592.18
2025-08-10 22:00:00,41390.625,5610.84,7.43
2025-08-10 23:00:00,41241.375,6438.59,0.0
2025-08-11 00:00:00,37962.5,6472.93,0.0
2025-08-11 01:00:00,35787.5,6439.72,0.0
2025-08-11 02:00:00,34725.0,6353.78,0.0
2025-08-11 03:00:00,32612.5,6105.43,0.0
2025-08-11 04:00:00,32050.0,5797.03,0.0
2025-08-11 05:00:00,33075.0,5497.67,0.0
2025-08-11 06:00:00,35025.0,5195.57,0.0
2025-08-11 07:00:00,36975.0,5027.36,138.7
2025-08-11 08:00:00,39912.5,4702.72,1711.3
2025-08-11 09:00:00,42912.5,4290.2,5372.28
2025-08-11 10:00:00,45075.0,3087.9,10017.12
2025-08-11 11:00:00,46937.5,2443.46,14090.84
2025-08-11 12:00:00,48987.5,2596.12,16903.27
2025-08-11 13:00:00,48987.5,2703.19,18414.94
2025-08-11 14:00:00,48650.0,2617.38,18896.14
2025-08-11 15:00:00,47850.0,2470.29,18487.62
2025-08-11 16:00:00,46775.0,2438.58,17171.59
2025-08-11 17:00:00,46612.5,2556.88,14759.16
2025-08-11 18:00:00,47062.5,2692.23,11199.68
2025-08-11 19:00:00,47325.0,2867.6099999999997,6785.76
2025-08-11 20:00:00,45725.0,3213.95,2805.36
2025-08-11 21:00:00,44812.5,4108.82,559.34
2025-08-11 22:00:00,44637.5,5375.08,5.02
2025-08-11 23:00:00,44100.0,6056.34,0.0
2025-08-12 00:00:00,41004.25,5512.73,0.0
2025-08-12 01:00:00,38379.75,5335.31,0.0
2025-08-12 02:00:00,36990.125,5161.51,0.0
2025-08-12 03:00:00,35032.5,5026.79,0.0
2025-08-12 04:00:00,34261.5,4725.89,0.0
2025-08-12 05:00:00,34700.0,4359.8099999999995,0.0
2025-08-12 06:00:00,36240.75,4081.6,0.0
2025-08-12 07:00:00,37786.25,4101.389999999999,120.2
2025-08-12 08:00:00,40358.5,3912.66,1642.78
2025-08-12 09:00:00,42876.0,4012.73,5245.73
2025-08-12 10:00:00,44911.125,2791.08,9863.62
2025-08-12 11:00:00,46596.25,1654.0,13943.46
2025-08-12 12:00:00,47972.125,1445.07,16783.1
2025-08-12 13:00:00,47578.5,1552.91,18361.62
2025-08-12 14:00:00,47348.375,1762.58,18892.4
2025-08-12 15:00:00,46584.75,2030.55,18476.91
2025-08-12 16:00:00,45289.625,2293.95,17061.68
2025-08-12 17:00:00,44962.625,2499.01,14612.56
2025-08-12 18:00:00,46203.375,2551.46,11002.2
2025-08-12 19:00:00,47386.625,2300.85,6594.16
2025-08-12 20:00:00,45655.625,1840.32,2685.07
2025-08-12 21:00:00,44704.125,1639.63,522.98
2025-08-12 22:00:00,44853.5,1707.23,4.07
2025-08-12 23:00:00,44433.0,1731.54,0.0
2025-08-13 00:00:00,40975.0,1866.94,0.0
2025-08-13 01:00:00,38412.5,1672.09,0.0
2025-08-13 02:00:00,36950.0,1455.95,0.0
2025-08-13 03:00:00,34887.5,1278.16,0.0
2025-08-13 04:00:00,33950.0,1144.44,0.0
2025-08-13 05:00:00,34737.5,1077.53,0.0
2025-08-13 06:00:00,36712.5,1080.2,0.0
2025-08-13 07:00:00,38875.0,1117.0,103.95
2025-08-13 08:00:00,41937.5,1195.88,1464.19
2025-08-13 09:00:00,44687.5,1303.72,4647.45
2025-08-13 10:00:00,46712.5,1113.16,8657.03
2025-08-13 11:00:00,48237.5,890.79,12044.37
2025-08-13 12:00:00,49700.0,1011.99,14368.53
2025-08-13 13:00:00,49775.0,1036.94,15730.99
2025-08-13 14:00:00,49212.5,1171.59,16214.6
2025-08-13 15:00:00,48875.0,1342.8,15580.29
2025-08-13 16:00:00,47912.5,1399.4,14224.85
2025-08-13 17:00:00,47537.5,1446.02,12013.26
2025-08-13 18:00:00,48187.5,1733.77,9030.09
2025-08-13 19:00:00,48387.5,2229.29,5432.83
2025-08-13 20:00:00,46462.5,2419.09,2185.14
2025-08-13 21:00:00,45437.5,2254.32,417.77
2025-08-13 22:00:00,45787.5,2065.9,2.96
2025-08-13 23:00:00,45387.5,1805.86,0.0
2025-08-14 00:00:00,41762.5,2567.3,0.0
2025-08-14 01:00:00,39225.0,2773.61,0.0
2025-08-14 02:00:00,37450.0,3158.43,0.0
2025-08-14 03:00:00,35537.5,3120.91,0.0
2025-08-14 04:00:00,34550.0,2858.71,0.0
2025-08-14 05:00:00,35325.0,2735.41,0.0
2025-08-14 06:00:00,37100.0,2647.57,0.0
2025-08-14 07:00:00,39050.0,2413.32,80.6
2025-08-14 08:00:00,41687.5,1995.22,1391.64
2025-08-14 09:00:00,44037.5,1480.92,4662.7
2025-08-14 10:00:00,46137.5,958.06,8960.18
2025-08-14 11:00:00,48075.0,740.36,12787.11
2025-08-14 12:00:00,50287.5,689.41,15521.36
2025-08-14 13:00:00,50500.0,698.94,16975.45
2025-08-14 14:00:00,50112.5,813.03,17490.62
2025-08-14 15:00:00,49162.5,990.85,17103.07
2025-08-14 16:00:00,48287.5,1203.37,15853.94
2025-08-14 17:00:00,48075.0,1413.79,13567.65
2025-08-14 18:00:00,48912.5,1559.62,10247.15
2025-08-14 19:00:00,49037.5,1743.71,6175.34
2025-08-14 20:00:00,47375.0,1944.58,2489.55
2025-08-14 21:00:00,46475.0,2454.45,472.04
2025-08-14 22:00:00,46250.0,3124.01,2.31
2025-08-14 23:00:00,45762.5,3619.53,0.0
2025-08-15 00:00:00,40666.75,4761.01,0.0
2025-08-15 01:00:00,38325.875,5005.81,0.0
2025-08-15 02:00:00,36579.5,4859.07,0.0
2025-08-15 03:00:00,34639.0,4582.49,0.0
2025-08-15 04:00:00,33428.625,4318.01,0.0
2025-08-15 05:00:00,33140.125,4005.08,0.0
2025-08-15 06:00:00,33459.25,3699.25,0.0
2025-08-15 07:00:00,33590.625,3466.09,79.28
2025-08-15 08:00:00,35294.125,3273.01,1485.05
2025-08-15 09:00:00,38074.875,2641.55,4978.69
2025-08-15 10:00:00,40189.375,1863.38,9534.33
2025-08-15 11:00:00,41899.625,1547.37,13594.12
2025-08-15 12:00:00,43695.625,1572.45,16412.8
2025-08-15 13:00:00,44074.25,1734.07,17942.04
2025-08-15 14:00:00,42926.5,1920.61,18428.29
2025-08-15 15:00:00,42368.625,2108.01,18072.7
2025-08-15 16:00:00,41939.25,2295.95,16809.39
2025-08-15 17:00:00,42440.125,2507.3,14420.49
2025-08-15 18:00:00,42951.5,2826.63,10804.63
2025-08-15 19:00:00,43540.25,3263.56,6389.42
2025-08-15 20:00:00,43226.5,3840.62,2516.32
2025-08-15 21:00:00,43168.5,4999.3,464.28
2025-08-15 22:00:00,43352.625,6369.09,1.52
2025-08-15 23:00:00,43195.125,6926.59,0.0
2025-08-16 00:00:00,40281.25,7241.74,0.0
2025-08-16 01:00:00,37714.5,6962.71,0.0
2025-08-16 02:00:00,35812.75,6576.54,0.0
2025-08-16 03:00:00,33797.625,6211.7,0.0
2025-08-16 04:00:00,32972.25,6114.37,0.0
2025-08-16 05:00:00,33632.875,6231.4,0.0
2025-08-16 06:00:00,34524.625,6278.94,0.0
2025-08-16 07:00:00,35559.375,6250.27,67.13
2025-08-16 08:00:00,37981.625,6075.59,1428.08
2025-08-16 09:00:00,41107.25,5333.43,4896.47
2025-08-16 10:00:00,43645.125,4405.030000000001,9494.67
2025-08-16 11:00:00,45517.875,4035.22,13622.34
2025-08-16 12:00:00,47333.625,4240.99,16505.2
2025-08-16 13:00:00,47373.75,4031.33,16379.17
2025-08-16 14:00:00,46467.125,3286.5,13926.38
2025-08-16 15:00:00,46107.375,3408.17,13675.47
2025-08-16 16:00:00,45183.625,3615.55,12731.91
2025-08-16 17:00:00,45786.25,5568.16,14356.0
2025-08-16 18:00:00,45636.375,6366.43,11037.26
2025-08-16 19:00:00,45423.875,7062.34,6515.27
2025-08-16 20:00:00,43777.875,7400.95,2541.39
2025-08-16 21:00:00,43387.125,7840.03,459.22
2025-08-16 22:00:00,43448.625,8390.61,1.17
2025-08-16 23:00:00,43543.875,8496.01,0.0
2025-08-17 00:00:00,38854.5,8131.3,0.0
2025-08-17 01:00:00,36521.75,7653.59,0.0
2025-08-17 02:00:00,34498.125,7188.75,0.0
2025-08-17 03:00:00,33190.125,6962.94,0.0
2025-08-17 04:00:00,31908.75,6874.73,0.0
2025-08-17 05:00:00,31611.25,6814.64,0.0
2025-08-17 06:00:00,31805.5,6736.46,0.0
2025-08-17 07:00:00,31815.5,6561.52,58.41
2025-08-17 08:00:00,33713.375,6246.64,1415.23
2025-08-17 09:00:00,36565.75,4863.43,4949.72
2025-08-17 10:00:00,38846.125,3669.24,9662.07
2025-08-17 11:00:00,40489.0,3256.78,13925.65
2025-08-17 12:00:00,42168.375,3116.79,16893.19
2025-08-17 13:00:00,43007.125,3151.25,18487.64
2025-08-17 14:00:00,41919.625,3282.23,18983.06
2025-08-17 15:00:00,41369.0,3511.8,18595.21
2025-08-17 16:00:00,40988.25,3784.27,17205.69
2025-08-17 17:00:00,41262.875,4051.41,14652.91
2025-08-17 18:00:00,42083.75,4431.54,10935.65
2025-08-17 19:00:00,42961.25,4896.5599999999995,6406.89
2025-08-17 20:00:00,42465.75,5242.06,2446.2
2025-08-17 21:00:00,42090.75,5845.65,428.97
2025-08-17 22:00:00,42023.375,6760.38,0.78
2025-08-17 23:00:00,41500.625,7283.2,0.0
2025-08-18 00:00:00,37787.5,6894.93,0.0
2025-08-18 01:00:00,35587.5,6562.37,0.0
2025-08-18 02:00:00,34175.0,6159.3,0.0
2025-08-18 03:00:00,32312.5,5729.99,0.0
2025-08-18 04:00:00,31650.0,5343.82,0.0
2025-08-18 05:00:00,32687.5,4961.74,0.0
2025-08-18 06:00:00,34687.5,4679.5599999999995,0.0
2025-08-18 07:00:00,36487.5,4463.04,49.01
2025-08-18 08:00:00,39512.5,4314.9,1306.1
2025-08-18 09:00:00,42250.0,3253.41,4565.84
2025-08-18 10:00:00,44037.5,2435.96,8826.73
2025-08-18 11:00:00,45512.5,2244.49,12479.73
2025-08-18 12:00:00,47025.0,2133.2799999999997,15066.5
2025-08-18 13:00:00,47075.0,2081.0699999999997,16666.07
2025-08-18 14:00:00,46600.0,1989.31,17176.85
2025-08-18 15:00:00,45600.0,1872.58,16661.18
2025-08-18 16:00:00,44637.5,1874.09,15283.87
2025-08-18 17:00:00,44612.5,2027.04,12797.33
2025-08-18 18:00:00,45587.5,2334.94,9387.42
2025-08-18 19:00:00,46350.0,2710.21,5373.32
2025-08-18 20:00:00,44837.5,3102.74,1962.27
2025-08-18 21:00:00,44112.5,3770.43,325.02
2025-08-18 22:00:00,44037.5,4603.1900000000005,0.44
2025-08-18 23:00:00,43312.5,5073.17,0.0
2025-08-19 00:00:00,40525.0,4604.88,0.0
2025-08-19 01:00:00,38162.5,4277.58,0.0
2025-08-19 02:00:00,36962.5,3896.17,0.0
2025-08-19 03:00:00,35237.5,3496.72,0.0
2025-08-19 04:00:00,34625.0,3168.58,0.0
2025-08-19 05:00:00,35587.5,2894.01,0.0
2025-08-19 06:00:00,37625.0,2706.92,0.0
2025-08-19 07:00:00,39450.0,2683.27,35.59
2025-08-19 08:00:00,42175.0,2462.6400000000003,999.56
2025-08-19 09:00:00,44837.5,2093.88,3359.19
2025-08-19 10:00:00,46450.0,1663.71,6330.79
2025-08-19 11:00:00,47987.5,1326.73,8670.66
2025-08-19 12:00:00,49387.5,1184.3400000000001,10291.89
2025-08-19 13:00:00,49550.0,1334.01,11260.03
2025-08-19 14:00:00,48550.0,1538.87,11485.51
2025-08-19 15:00:00,47687.5,1632.73,11032.34
2025-08-19 16:00:00,46825.0,1875.56,10188.55
2025-08-19 17:00:00,46475.0,2264.15,8554.29
2025-08-19 18:00:00,47212.5,2719.67,6405.32
2025-08-19 19:00:00,47625.0,3105.59,3745.25
2025-08-19 20:00:00,45800.0,3305.38,1391.79
2025-08-19 21:00:00,44912.5,3780.31,240.27
2025-08-19 22:00:00,44575.0,4482.219999999999,0.25
2025-08-19 23:00:00,44225.0,4744.92,0.0
2025-08-20 00:00:00,40062.5,4146.12,0.0
2025-08-20 01:00:00,37975.0,3960.17,0.0
2025-08-20 02:00:00,36700.0,3889.01,0.0
2025-08-20 03:00:00,35062.5,3960.48,0.0
2025-08-20 04:00:00,34187.5,3997.15,0.0
2025-08-20 05:00:00,35187.5,3942.88,0.0
2025-08-20 06:00:00,37462.5,3961.68,0.0
2025-08-20 07:00:00,40037.5,4075.78,20.06
2025-08-20 08:00:00,42962.5,3869.4,861.18
2025-08-20 09:00:00,45487.5,3664.72,3055.74
2025-08-20 10:00:00,47262.5,3550.72,5743.37
2025-08-20 11:00:00,48212.5,3515.77,7834.79
2025-08-20 12:00:00,49125.0,3669.95,9590.75
2025-08-20 13:00:00,49362.5,3951.13,10872.49
2025-08-20 14:00:00,48450.0,4226.73,11667.86
2025-08-20 15:00:00,48000.0,4561.780000000001,11655.92
2025-08-20 16:00:00,46987.5,4931.05,10856.09
2025-08-20 17:00:00,45512.5,5302.43,9438.25
2025-08-20 18:00:00,46212.5,5687.47,7218.05
2025-08-20 19:00:00,46875.0,5765.13,4199.1
2025-08-20 20:00:00,45400.0,5609.06,1530.76
2025-08-20 21:00:00,44587.5,5408.25,251.96
2025-08-20 22:00:00,44012.5,5334.15,0.21
2025-08-20 23:00:00,43600.0,5460.34,0.0
2025-08-21 00:00:00,40087.5,5242.0,0.0
2025-08-21 01:00:00,37687.5,5217.01,0.0
2025-08-21 02:00:00,36425.0,5180.14,0.0
2025-08-21 03:00:00,34462.5,5211.97,0.0
2025-08-21 04:00:00,33650.0,5202.87,0.0
2025-08-21 05:00:00,34525.0,5229.32,0.0
2025-08-21 06:00:00,36825.0,5361.77,0.0
2025-08-21 07:00:00,38837.5,5610.82,15.54
2025-08-21 08:00:00,41625.0,5657.22,885.07
2025-08-21 09:00:00,43787.5,5027.32,3226.97
2025-08-21 10:00:00,44800.0,4580.1,6351.14
2025-08-21 11:00:00,45437.5,4645.18,8708.14
2025-08-21 12:00:00,46537.5,4784.02,10664.75
2025-08-21 13:00:00,46987.5,4975.15,12283.95
2025-08-21 14:00:00,46162.5,5208.56,13201.55
2025-08-21 15:00:00,44862.5,5585.79,13142.77
2025-08-21 16:00:00,43812.5,6024.62,12074.34
2025-08-21 17:00:00,43387.5,6546.26,10197.23
2025-08-21 18:00:00,44225.0,7163.35,7777.73
2025-08-21 19:00:00,44762.5,7488.22,4662.85
2025-08-21 20:00:00,43350.0,7576.61,1753.36
2025-08-21 21:00:00,42650.0,7738.43,292.99
2025-08-21 22:00:00,42275.0,7800.57,0.14
2025-08-21 23:00:00,43175.0,7641.29,0.0
2025-08-22 00:00:00,38750.0,7040.35,0.0
2025-08-22 01:00:00,36575.0,6599.27,0.0
2025-08-22 02:00:00,35437.5,6130.11,0.0
2025-08-22 03:00:00,33512.5,5594.58,0.0
2025-08-22 04:00:00,32712.5,4963.36,0.0
2025-08-22 05:00:00,33562.5,4342.99,0.0
2025-08-22 06:00:00,35550.0,3870.73,0.0
2025-08-22 07:00:00,37600.0,3534.76,17.28
2025-08-22 08:00:00,40362.5,3273.12,1093.13
2025-08-22 09:00:00,42775.0,2545.37,4147.44
2025-08-22 10:00:00,43812.5,2084.76,8252.43
2025-08-22 11:00:00,44650.0,2112.5,11889.97
2025-08-22 12:00:00,45937.5,2199.5,14579.98
2025-08-22 13:00:00,45700.0,2218.65,16176.29
2025-08-22 14:00:00,44437.5,2158.87,16824.45
2025-08-22 15:00:00,43137.5,2149.65,16563.6
2025-08-22 16:00:00,41987.5,2268.23,15240.58
2025-08-22 17:00:00,41662.5,2477.33,12876.46
2025-08-22 18:00:00,42812.5,2743.06,9679.82
2025-08-22 19:00:00,43262.5,3028.43,5637.08
2025-08-22 20:00:00,41975.0,3224.31,2046.79
2025-08-22 21:00:00,41537.5,3641.19,329.78
2025-08-22 22:00:00,40962.5,3948.79,0.03
2025-08-22 23:00:00,41625.0,3706.23,0.0
2025-08-23 00:00:00,38337.5,3014.66,0.0
2025-08-23 01:00:00,36050.0,2647.06,0.0
2025-08-23 02:00:00,34562.5,2412.38,0.0
2025-08-23 03:00:00,32187.5,2300.19,0.0
2025-08-23 04:00:00,31125.0,2246.31,0.0
2025-08-23 05:00:00,31012.5,2175.79,0.0
2025-08-23 06:00:00,31287.5,2142.39,0.0
2025-08-23 07:00:00,31800.0,2178.34,12.39
2025-08-23 08:00:00,33800.0,2112.82,1125.49
2025-08-23 09:00:00,36700.0,1959.17,4405.0
2025-08-23 10:00:00,38600.0,1501.24,8986.4
2025-08-23 11:00:00,39875.0,1364.54,13126.48
2025-08-23 12:00:00,41875.0,1502.3,16005.68
2025-08-23 13:00:00,41862.5,1569.18,17560.76
2025-08-23 14:00:00,40200.0,1564.88,18010.8
2025-08-23 15:00:00,38700.0,1552.71,17604.11
2025-08-23 16:00:00,37600.0,1575.74,16142.67
2025-08-23 17:00:00,37262.5,1659.47,13599.22
2025-08-23 18:00:00,38150.0,1817.72,10090.62
2025-08-23 19:00:00,39062.5,2016.06,5775.56
2025-08-23 20:00:00,38387.5,2296.25,2040.26
2025-08-23 21:00:00,38600.0,2797.35,311.63
2025-08-23 22:00:00,38725.0,3317.4,0.01
2025-08-23 23:00:00,39925.0,3613.94,0.0
2025-08-24 00:00:00,36775.0,3666.91,0.0
2025-08-24 01:00:00,34587.5,3610.42,0.0
2025-08-24 02:00:00,33362.5,3514.75,0.0
2025-08-24 03:00:00,31312.5,3315.13,0.0
2025-08-24 04:00:00,30237.5,3031.15,0.0
2025-08-24 05:00:00,30162.5,2757.97,0.0
2025-08-24 06:00:00,30337.5,2556.11,0.0
2025-08-24 07:00:00,30262.5,2488.95,10.13
2025-08-24 08:00:00,31912.5,2462.7,1115.77
2025-08-24 09:00:00,34362.5,2484.61,4492.66
2025-08-24 10:00:00,36262.5,1631.52,8233.34
2025-08-24 11:00:00,37887.5,1002.32,10102.51
2025-08-24 12:00:00,39925.0,1090.56,12407.1
2025-08-24 13:00:00,39825.0,1121.54,13704.7
2025-08-24 14:00:00,38425.0,1075.5900000000001,14136.33
2025-08-24 15:00:00,37125.0,1042.33,13807.18
2025-08-24 16:00:00,36050.0,1046.03,12702.11
2025-08-24 17:00:00,36212.5,1498.18,14073.45
2025-08-24 18:00:00,37825.0,1582.64,10557.5
2025-08-24 19:00:00,39250.0,1689.67,5927.91
2025-08-24 20:00:00,39137.5,1943.82,2047.43
2025-08-24 21:00:00,39237.5,2583.27,299.33
2025-08-24 22:00:00,39225.0,3404.11,0.0
2025-08-24 23:00:00,40212.5,4019.61,0.0
2025-08-25 00:00:00,36987.5,4259.99,0.0
2025-08-25 01:00:00,34775.0,4183.25,0.0
2025-08-25 02:00:00,33537.5,3976.38,0.0
2025-08-25 03:00:00,31812.5,3709.34,0.0
2025-08-25 04:00:00,31300.0,3486.19,0.0
2025-08-25 05:00:00,32662.5,3314.22,0.0
2025-08-25 06:00:00,35225.0,3184.83,0.0
2025-08-25 07:00:00,37812.5,3038.01,7.11
2025-08-25 08:00:00,40925.0,2779.0,993.55
2025-08-25 09:00:00,43737.5,2628.7,4047.61
2025-08-25 10:00:00,45500.0,1829.28,8356.83
2025-08-25 11:00:00,46737.5,1138.3899999999999,12198.36
2025-08-25 12:00:00,48475.0,1006.1,14990.05
2025-08-25 13:00:00,48300.0,983.83,16737.4
2025-08-25 14:00:00,47200.0,891.6,17290.72
2025-08-25 15:00:00,46612.5,799.67,16920.68
2025-08-25 16:00:00,45537.5,736.51,15534.58
2025-08-25 17:00:00,45262.5,705.6,13027.84
2025-08-25 18:00:00,45837.5,699.09,9641.23
2025-08-25 19:00:00,46325.0,723.56,5480.9
2025-08-25 20:00:00,45000.0,841.81,1882.87
2025-08-25 21:00:00,44062.5,1146.5700000000002,272.22
2025-08-25 22:00:00,43775.0,1613.92,0.0
2025-08-25 23:00:00,43425.0,2108.59,0.0
2025-08-26 00:00:00,40487.5,2912.25,0.0
2025-08-26 01:00:00,37975.0,3261.62,0.0
2025-08-26 02:00:00,36750.0,3495.32,0.0
2025-08-26 03:00:00,35025.0,3691.14,0.0
2025-08-26 04:00:00,34312.5,3910.74,0.0
2025-08-26 05:00:00,35587.5,4132.07,0.0
2025-08-26 06:00:00,38012.5,4305.71,0.0
2025-08-26 07:00:00,40662.5,4369.110000000001,5.33
2025-08-26 08:00:00,43600.0,4230.610000000001,902.06
2025-08-26 09:00:00,45987.5,4509.39,3665.2
2025-08-26 10:00:00,47662.5,3401.74,7418.91
2025-08-26 11:00:00,48862.5,2338.16,10536.15
2025-08-26 12:00:00,50000.0,2348.8199999999997,12649.23
2025-08-26 13:00:00,50175.0,2718.18,14081.11
2025-08-26 14:00:00,49025.0,3036.88,14558.14
2025-08-26 15:00:00,48037.5,3425.91,14268.68
2025-08-26 16:00:00,46912.5,3897.37,12988.95
2025-08-26 17:00:00,46687.5,4321.27,10802.63
2025-08-26 18:00:00,47637.5,4428.5599999999995,7955.46
2025-08-26 19:00:00,47875.0,4197.67,4447.56
2025-08-26 20:00:00,46175.0,3805.03,1480.7
2025-08-26 21:00:00,45300.0,3665.67,204.86
2025-08-26 22:00:00,44712.5,3628.9,0.0
2025-08-26 23:00:00,44300.0,3436.28,0.0
2025-08-27 00:00:00,40787.5,3365.33,0.0
2025-08-27 01:00:00,38525.0,3106.4,0.0
2025-08-27 02:00:00,37137.5,2876.03,0.0
2025-08-27 03:00:00,35400.0,2723.75,0.0
2025-08-27 04:00:00,34712.5,2614.31,0.0
2025-08-27 05:00:00,36162.5,2578.47,0.0
2025-08-27 06:00:00,38837.5,2691.02,0.0
2025-08-27 07:00:00,41362.5,2777.74,2.26
2025-08-27 08:00:00,44462.5,2892.49,683.03
2025-08-27 09:00:00,46925.0,2886.61,2722.91
2025-08-27 10:00:00,48175.0,2925.85,5340.29
2025-08-27 11:00:00,49012.5,3500.2,7283.08
2025-08-27 12:00:00,50037.5,4320.0599999999995,8586.54
2025-08-27 13:00:00,49762.5,5251.61,9752.91
2025-08-27 14:00:00,49050.0,6021.87,10032.66
2025-08-27 15:00:00,47925.0,6523.97,9665.63
2025-08-27 16:00:00,47150.0,6601.08,8897.56
2025-08-27 17:00:00,46300.0,6091.81,7350.95
2025-08-27 18:00:00,47350.0,5453.98,5460.51
2025-08-27 19:00:00,48125.0,4800.07,3204.49
2025-08-27 20:00:00,46312.5,3810.58,1104.72
2025-08-27 21:00:00,45262.5,2947.0,150.79
2025-08-27 22:00:00,44287.5,2628.43,0.0
2025-08-27 23:00:00,45025.0,2701.94,0.0
2025-08-28 00:00:00,41462.5,2484.31,0.0
2025-08-28 01:00:00,39200.0,2632.58,0.0
2025-08-28 02:00:00,37750.0,2633.51,0.0
2025-08-28 03:00:00,35787.5,2605.95,0.0
2025-08-28 04:00:00,34775.0,2514.84,0.0
2025-08-28 05:00:00,35825.0,2598.23,0.0
2025-08-28 06:00:00,38875.0,2960.18,0.0
2025-08-28 07:00:00,41487.5,3256.17,0.81
2025-08-28 08:00:00,44362.5,3322.93,576.85
2025-08-28 09:00:00,46700.0,3220.6,2536.49
2025-08-28 10:00:00,47862.5,2985.96,5225.43
2025-08-28 11:00:00,49012.5,3318.42,7645.54
2025-08-28 12:00:00,50012.5,4093.38,9662.76
2025-08-28 13:00:00,49425.0,5300.88,11139.21
2025-08-28 14:00:00,48537.5,6415.63,11809.81
2025-08-28 15:00:00,47012.5,7309.8,12011.2
2025-08-28 16:00:00,46350.0,8149.37,11553.25
2025-08-28 17:00:00,45912.5,8845.630000000001,9886.7
2025-08-28 18:00:00,47100.0,9383.45,7453.56
2025-08-28 19:00:00,47900.0,9196.8,4303.55
2025-08-28 20:00:00,46387.5,7954.21,1444.2
2025-08-28 21:00:00,45087.5,7083.74,192.72
2025-08-28 22:00:00,44250.0,6772.63,0.0
2025-08-28 23:00:00,44675.0,6697.62,0.0
2025-08-29 00:00:00,41037.5,5993.95,0.0
2025-08-29 01:00:00,38437.5,6507.44,0.0
2025-08-29 02:00:00,37062.5,7067.53,0.0
2025-08-29 03:00:00,35337.5,7657.93,0.0
2025-08-29 04:00:00,34900.0,8319.96,0.0
2025-08-29 05:00:00,36325.0,9140.060000000001,0.0
2025-08-29 06:00:00,38475.0,9497.82,0.0
2025-08-29 07:00:00,40900.0,9541.88,0.88
2025-08-29 08:00:00,43675.0,9662.58,673.1
2025-08-29 09:00:00,46350.0,9434.25,2855.41
2025-08-29 10:00:00,47262.5,10264.61,5939.8
2025-08-29 11:00:00,47937.5,11766.38,8264.78
2025-08-29 12:00:00,49250.0,12643.79,9704.88
2025-08-29 13:00:00,48762.5,12769.55,10199.05
2025-08-29 14:00:00,47325.0,12497.88,10048.08
2025-08-29 15:00:00,46025.0,12225.65,10103.31
2025-08-29 16:00:00,45162.5,12113.69,9755.75
2025-08-29 17:00:00,45162.5,11959.38,8501.22
2025-08-29 18:00:00,45850.0,11399.9,6527.26
2025-08-29 19:00:00,46100.0,10442.48,3892.21
2025-08-29 20:00:00,44862.5,9600.27,1353.02
2025-08-29 21:00:00,44212.5,8784.130000000001,180.0
2025-08-29 22:00:00,43525.0,8426.36,0.0
2025-08-29 23:00:00,43462.5,8269.54,0.0
2025-08-30 00:00:00,39187.5,7760.34,0.0
2025-08-30 01:00:00,36525.0,7490.47,0.0
2025-08-30 02:00:00,35175.0,6952.49,0.0
2025-08-30 03:00:00,33125.0,6379.47,0.0
2025-08-30 04:00:00,32000.0,5824.23,0.0
2025-08-30 05:00:00,32037.5,5378.21,0.0
2025-08-30 06:00:00,33137.5,5057.88,0.0
2025-08-30 07:00:00,34037.5,4836.95,0.24
2025-08-30 08:00:00,36287.5,4590.3,710.79
2025-08-30 09:00:00,39337.5,4546.82,3254.65
2025-08-30 10:00:00,40775.0,4620.35,6972.84
2025-08-30 11:00:00,41775.0,4659.04,10076.57
2025-08-30 12:00:00,43450.0,4942.29,12356.37
2025-08-30 13:00:00,42787.5,4933.25,12466.65
2025-08-30 14:00:00,41512.5,4332.34,10432.68
2025-08-30 15:00:00,40800.0,4872.96,10218.37
2025-08-30 16:00:00,40287.5,7766.28,12393.21
2025-08-30 17:00:00,40287.5,8377.67,10656.55
2025-08-30 18:00:00,41450.0,8391.8,7817.17
2025-08-30 19:00:00,41762.5,7844.52,4269.97
2025-08-30 20:00:00,40812.5,7068.25,1307.54
2025-08-30 21:00:00,40537.5,7033.06,144.54
2025-08-30 22:00:00,40500.0,7725.05,0.0
2025-08-30 23:00:00,40550.0,8532.15,0.0
2025-08-31 00:00:00,37487.5,9499.98,0.0
2025-08-31 01:00:00,35550.0,9410.54,0.0
2025-08-31 02:00:00,33887.5,9191.07,0.0
2025-08-31 03:00:00,32012.5,8890.76,0.0
2025-08-31 04:00:00,30950.0,8336.57,0.0
2025-08-31 05:00:00,30600.0,7425.48,0.0
2025-08-31 06:00:00,30725.0,6514.5,0.0
2025-08-31 07:00:00,30987.5,5803.18,0.06
2025-08-31 08:00:00,32800.0,5057.96,629.12
2025-08-31 09:00:00,35750.0,4226.62,2981.19
2025-08-31 10:00:00,38675.0,3565.56,6466.34
2025-08-31 11:00:00,39637.5,3012.26,8343.49
2025-08-31 12:00:00,40762.5,2491.0,8496.51
2025-08-31 13:00:00,41362.5,2795.13,9280.46
2025-08-31 14:00:00,39462.5,3023.03,9276.35
2025-08-31 15:00:00,37925.0,3065.42,8812.33
2025-08-31 16:00:00,37150.0,2939.78,7913.05
2025-08-31 17:00:00,37337.5,4570.55,8201.55
2025-08-31 18:00:00,39062.5,4630.24,6066.08
2025-08-31 19:00:00,40825.0,4101.610000000001,3377.21
2025-08-31 20:00:00,40562.5,3582.19,1054.98
2025-08-31 21:00:00,40087.5,3402.95,120.47
2025-08-31 22:00:00,39975.0,3656.35,0.0
2025-08-31 23:00:00,40037.5,4169.18,0.0
2025-09-01 00:00:00,37162.5,4676.75,0.0
2025-09-01 01:00:00,35212.5,5192.64,0.0
2025-09-01 02:00:00,34137.5,5464.69,0.0
2025-09-01 03:00:00,32625.0,5387.56,0.0
2025-09-01 04:00:00,32287.5,5220.37,0.0
2025-09-01 05:00:00,34287.5,5177.6,0.0
2025-09-01 06:00:00,37925.0,5148.64,0.0
2025-09-01 07:00:00,41637.5,5230.31,0.0
2025-09-01 08:00:00,44150.0,5290.81,494.51
2025-09-01 09:00:00,46425.0,5256.2,2498.84
2025-09-01 10:00:00,47987.5,5722.63,5545.19
2025-09-01 11:00:00,49512.5,6171.13,8270.92
2025-09-01 12:00:00,50512.5,6496.32,10271.07
2025-09-01 13:00:00,50100.0,7168.19,11552.47
2025-09-01 14:00:00,49137.5,7751.62,12085.68
2025-09-01 15:00:00,48037.5,7967.71,11898.81
2025-09-01 16:00:00,46525.0,7653.84,11308.52
2025-09-01 17:00:00,45775.0,7442.45,9536.2
2025-09-01 18:00:00,46650.0,7293.87,7194.15
2025-09-01 19:00:00,47375.0,6584.6,4153.58
2025-09-01 20:00:00,45487.5,5892.64,1305.19
2025-09-01 21:00:00,43750.0,5640.26,143.17
2025-09-01 22:00:00,42700.0,5634.13,0.0
2025-09-01 23:00:00,42637.5,5748.73,0.0
2025-09-02 00:00:00,39225.0,6139.74,0.0
2025-09-02 01:00:00,37087.5,6351.26,0.0
2025-09-02 02:00:00,36300.0,6441.04,0.0
2025-09-02 03:00:00,34700.0,6352.19,0.0
2025-09-02 04:00:00,34200.0,6281.08,0.0
2025-09-02 05:00:00,35525.0,6458.89,0.0
2025-09-02 06:00:00,38750.0,6757.46,0.0
2025-09-02 07:00:00,42387.5,7127.4,0.0
2025-09-02 08:00:00,44575.0,7504.44,569.15
2025-09-02 09:00:00,46350.0,7961.15,2741.46
2025-09-02 10:00:00,47175.0,8603.14,5995.87
2025-09-02 11:00:00,48212.5,9479.74,8626.83
2025-09-02 12:00:00,48937.5,10220.23,10590.11
2025-09-02 13:00:00,48537.5,11305.35,11683.47
2025-09-02 14:00:00,46862.5,12141.52,11846.29
2025-09-02 15:00:00,46512.5,12768.16,11169.2
2025-09-02 16:00:00,45475.0,13400.25,9819.5
2025-09-02 17:00:00,45312.5,13036.97,7756.3
2025-09-02 18:00:00,45812.5,12366.64,5524.13
2025-09-02 19:00:00,46562.5,12109.13,3086.87
2025-09-02 20:00:00,45012.5,11994.71,936.18
2025-09-02 21:00:00,43400.0,11566.09,87.36
2025-09-02 22:00:00,42537.5,10931.36,0.0
2025-09-02 23:00:00,42812.5,10795.89,0.0
2025-09-03 00:00:00,39550.0,10769.5,0.0
2025-09-03 01:00:00,37625.0,10881.01,0.0
2025-09-03 02:00:00,36325.0,10728.91,0.0
2025-09-03 03:00:00,34412.5,10980.32,0.0
2025-09-03 04:00:00,33750.0,11357.28,0.0
2025-09-03 05:00:00,35100.0,11618.22,0.0
2025-09-03 06:00:00,38462.5,12024.69,0.0
2025-09-03 07:00:00,41962.5,12629.14,0.0
2025-09-03 08:00:00,44512.5,13180.82,538.84
2025-09-03 09:00:00,46612.5,13141.94,2892.07
2025-09-03 10:00:00,47462.5,14208.63,6515.65
2025-09-03 11:00:00,48150.0,13701.89,8705.43
2025-09-03 12:00:00,48962.5,10666.83,8962.6
2025-09-03 13:00:00,48112.5,10872.13,9943.84
2025-09-03 14:00:00,47212.5,11092.3,10233.42
2025-09-03 15:00:00,46125.0,11124.77,10091.06
2025-09-03 16:00:00,45325.0,11010.02,9412.3
2025-09-03 17:00:00,44912.5,10871.66,7809.72
2025-09-03 18:00:00,46175.0,15091.81,7304.31
2025-09-03 19:00:00,47425.0,13766.71,4046.42
2025-09-03 20:00:00,46112.5,12185.23,1167.54
2025-09-03 21:00:00,44437.5,10453.29,105.54
2025-09-03 22:00:00,43037.5,8858.36,0.0
2025-09-03 23:00:00,43387.5,7817.49,0.0
2025-09-04 00:00:00,40425.0,9568.1,0.0
2025-09-04 01:00:00,38100.0,9176.52,0.0
2025-09-04 02:00:00,36750.0,8640.5,0.0
2025-09-04 03:00:00,34725.0,8000.83,0.0
2025-09-04 04:00:00,33987.5,7515.72,0.0
2025-09-04 05:00:00,35525.0,7241.09,0.0
2025-09-04 06:00:00,39125.0,7072.06,0.0
2025-09-04 07:00:00,42950.0,7129.73,0.0
2025-09-04 08:00:00,45512.5,7067.42,407.62
2025-09-04 09:00:00,47300.0,6708.24,2128.82
2025-09-04 10:00:00,47937.5,7321.31,4596.65
2025-09-04 11:00:00,48512.5,8142.25,6563.01
2025-09-04 12:00:00,49012.5,8365.39,7922.76
2025-09-04 13:00:00,48237.5,8427.45,8564.7
2025-09-04 14:00:00,47212.5,8419.529999999999,8830.77
2025-09-04 15:00:00,46025.0,8375.86,8909.08
2025-09-04 16:00:00,45062.5,8310.380000000001,8400.99
2025-09-04 17:00:00,44787.5,8130.71,7259.23
2025-09-04 18:00:00,46150.0,7570.27,5712.81
2025-09-04 19:00:00,47662.5,6799.73,3374.24
2025-09-04 20:00:00,46675.0,6239.05,1056.35
2025-09-04 21:00:00,45125.0,5737.73,105.94
2025-09-04 22:00:00,44125.0,5389.48,0.0
2025-09-04 23:00:00,44150.0,5303.3,0.0
2025-09-05 00:00:00,40300.0,5271.18,0.0
2025-09-05 01:00:00,38050.0,5230.98,0.0
2025-09-05 02:00:00,36800.0,4986.69,0.0
2025-09-05 03:00:00,34750.0,4708.51,0.0
2025-09-05 04:00:00,34125.0,4382.6,0.0
2025-09-05 05:00:00,35425.0,3987.04,0.0
2025-09-05 06:00:00,38700.0,3653.71,0.0
2025-09-05 07:00:00,42475.0,3371.49,0.0
2025-09-05 08:00:00,45162.5,3093.14,540.93
2025-09-05 09:00:00,46962.5,2633.52,3125.58
2025-09-05 10:00:00,47825.0,2165.38,7363.05
2025-09-05 11:00:00,48150.0,1972.38,11372.29
2025-09-05 12:00:00,48787.5,1937.81,14460.74
2025-09-05 13:00:00,48025.0,1912.89,16485.77
2025-09-05 14:00:00,46737.5,1840.23,17415.57
2025-09-05 15:00:00,45550.0,1760.3,17299.01
2025-09-05 16:00:00,44387.5,1716.86,15923.0
2025-09-05 17:00:00,44400.0,1627.75,13242.52
2025-09-05 18:00:00,45262.5,1438.63,9423.14
2025-09-05 19:00:00,45850.0,1207.07,4885.59
2025-09-05 20:00:00,45237.5,1132.8,1338.12
2025-09-05 21:00:00,43912.5,1267.82,102.51
2025-09-05 22:00:00,43237.5,1494.55,0.0
2025-09-05 23:00:00,43237.5,1722.39,0.0
2025-09-06 00:00:00,39987.5,2035.65,0.0
2025-09-06 01:00:00,37262.5,2222.4300000000003,0.0
2025-09-06 02:00:00,35600.0,2535.52,0.0
2025-09-06 03:00:00,33387.5,2938.95,0.0
2025-09-06 04:00:00,32350.0,3334.55,0.0
2025-09-06 05:00:00,32687.5,3736.14,0.0
2025-09-06 06:00:00,33687.5,4107.96,0.0
2025-09-06 07:00:00,34425.0,4575.26,0.0
2025-09-06 08:00:00,36525.0,5132.1,547.53
2025-09-06 09:00:00,39512.5,5961.67,3252.58
2025-09-06 10:00:00,41087.5,5084.63,7861.3
2025-09-06 11:00:00,41562.5,3810.86,12281.54
2025-09-06 12:00:00,43050.0,3409.3,13869.44
2025-09-06 13:00:00,42662.5,3058.88,12674.54
2025-09-06 14:00:00,40762.5,3410.02,13033.36
2025-09-06 15:00:00,39600.0,3655.32,12644.05
2025-09-06 16:00:00,38475.0,3915.94,11461.72
2025-09-06 17:00:00,39175.0,4271.8,9390.94
2025-09-06 18:00:00,40737.5,6930.1,8691.82
2025-09-06 19:00:00,41625.0,7984.98,4601.08
2025-09-06 20:00:00,42050.0,9165.92,1228.47
2025-09-06 21:00:00,41225.0,10314.21,85.53
2025-09-06 22:00:00,40700.0,11115.58,0.0
2025-09-06 23:00:00,41012.5,11529.84,0.0
2025-09-07 00:00:00,37712.5,10861.84,0.0
2025-09-07 01:00:00,35337.5,9543.04,0.0
2025-09-07 02:00:00,33587.5,7154.17,0.0
2025-09-07 03:00:00,31262.5,7045.89,0.0
2025-09-07 04:00:00,30012.5,6939.37,0.0
2025-09-07 05:00:00,29787.5,6865.53,0.0
2025-09-07 06:00:00,30337.5,6818.81,0.0
2025-09-07 07:00:00,30675.0,9840.63,0.0
2025-09-07 08:00:00,31925.0,10222.01,497.04
2025-09-07 09:00:00,34625.0,9605.73,2653.03
2025-09-07 10:00:00,36787.5,6226.59,5351.04
2025-09-07 11:00:00,38587.5,4699.41,8182.02
2025-09-07 12:00:00,40662.5,4107.04,10088.77
2025-09-07 13:00:00,40000.0,3972.56,10922.41
2025-09-07 14:00:00,38112.5,3791.71,10895.82
2025-09-07 15:00:00,37475.0,3462.81,10190.97
2025-09-07 16:00:00,37000.0,3087.63,8860.07
2025-09-07 17:00:00,38025.0,2691.36,6885.4
2025-09-07 18:00:00,40137.5,3530.04,6186.75
2025-09-07 19:00:00,42587.5,3297.88,3239.69
2025-09-07 20:00:00,42512.5,3155.05,841.17
2025-09-07 21:00:00,41075.0,3082.43,53.65
2025-09-07 22:00:00,39987.5,3078.84,0.0
2025-09-07 23:00:00,40350.0,3372.57,0.0
2025-09-08 00:00:00,38112.5,4477.469999999999,0.0
2025-09-08 01:00:00,36075.0,4227.780000000001,0.0
2025-09-08 02:00:00,35087.5,3684.2,0.0
2025-09-08 03:00:00,33112.5,3305.33,0.0
2025-09-08 04:00:00,32612.5,3038.51,0.0
2025-09-08 05:00:00,34187.5,2796.04,0.0
2025-09-08 06:00:00,37450.0,2697.37,0.0
2025-09-08 07:00:00,41187.5,2687.81,0.0
2025-09-08 08:00:00,43700.0,2681.08,325.33
2025-09-08 09:00:00,46025.0,2413.72,2172.8
2025-09-08 10:00:00,46837.5,1990.87,5219.95
2025-09-08 11:00:00,47500.0,1692.05,7868.58
2025-09-08 12:00:00,48800.0,1569.25,9576.59
2025-09-08 13:00:00,48175.0,1571.94,10325.22
2025-09-08 14:00:00,47687.5,1618.58,10385.15
2025-09-08 15:00:00,46900.0,1689.28,9970.36
2025-09-08 16:00:00,46012.5,1709.93,8981.68
2025-09-08 17:00:00,45750.0,1713.4,7278.03
2025-09-08 18:00:00,46962.5,1704.56,5249.87
2025-09-08 19:00:00,47975.0,1792.82,2759.8
2025-09-08 20:00:00,46012.5,2055.81,723.28
2025-09-08 21:00:00,44350.0,2379.23,45.28
2025-09-08 22:00:00,43387.5,2627.56,0.0
2025-09-08 23:00:00,43412.5,2781.4,0.0
2025-09-09 00:00:00,40237.5,3145.64,0.0
2025-09-09 01:00:00,38287.5,3167.78,0.0
2025-09-09 02:00:00,37100.0,3118.69,0.0
2025-09-09 03:00:00,35450.0,2988.0,0.0
2025-09-09 04:00:00,34637.5,2929.28,0.0
2025-09-09 05:00:00,36050.0,2886.89,0.0
2025-09-09 06:00:00,39887.5,2836.69,0.0
2025-09-09 07:00:00,44100.0,2688.32,0.0
2025-09-09 08:00:00,46350.0,2410.77,304.52
2025-09-09 09:00:00,48025.0,2173.45,2209.57
2025-09-09 10:00:00,48725.0,1833.03,5566.37
2025-09-09 11:00:00,49262.5,1657.22,8772.72
2025-09-09 12:00:00,49750.0,1751.57,11389.1
2025-09-09 13:00:00,48675.0,1906.05,13250.75
2025-09-09 14:00:00,47500.0,2000.72,14002.43
2025-09-09 15:00:00,46287.5,2109.81,13533.66
2025-09-09 16:00:00,45200.0,2209.71,12149.83
2025-09-09 17:00:00,45100.0,2295.1400000000003,9813.25
2025-09-09 18:00:00,46187.5,2452.15,6851.64
2025-09-09 19:00:00,47675.0,2532.21,3436.39
2025-09-09 20:00:00,46712.5,2639.83,850.26
2025-09-09 21:00:00,44437.5,2760.21,41.49
2025-09-09 22:00:00,43650.0,2849.33,0.0
2025-09-09 23:00:00,43712.5,3128.77,0.0
2025-09-10 00:00:00,40224.0,4100.68,0.0
2025-09-10 01:00:00,38350.875,4148.5,0.0
2025-09-10 02:00:00,36999.875,4153.16,0.0
2025-09-10 03:00:00,35236.5,4120.16,0.0
2025-09-10 04:00:00,34463.5,4131.139999999999,0.0
2025-09-10 05:00:00,35918.625,4257.8,0.0
2025-09-10 06:00:00,39568.375,4372.58,0.0
2025-09-10 07:00:00,43180.125,4535.02,0.0
2025-09-10 08:00:00,45872.625,4593.92,307.59
2025-09-10 09:00:00,47700.75,4942.66,2208.1
2025-09-10 10:00:00,48383.25,4217.6,5434.44
2025-09-10 11:00:00,48790.75,3916.6,8259.51
2025-09-10 12:00:00,49041.625,4902.04,10288.92
2025-09-10 13:00:00,48370.25,4737.33,10004.63
2025-09-10 14:00:00,47349.0,4106.27,8736.6
2025-09-10 15:00:00,46363.125,4597.17,8269.31
2025-09-10 16:00:00,45514.125,4889.08,7244.18
2025-09-10 17:00:00,44991.5,4980.139999999999,5715.62
2025-09-10 18:00:00,46492.25,7272.87,5064.52
2025-09-10 19:00:00,47818.375,7258.27,2938.93
2025-09-10 20:00:00,46438.375,6994.23,757.27
2025-09-10 21:00:00,44674.875,7255.75,38.32
2025-09-10 22:00:00,43753.0,7690.35,0.0
2025-09-10 23:00:00,43821.625,8390.130000000001,0.0
2025-09-11 00:00:00,40262.0,10541.89,0.0
2025-09-11 01:00:00,37795.25,10695.97,0.0
2025-09-11 02:00:00,36571.875,10439.9,0.0
2025-09-11 03:00:00,35100.625,9988.66,0.0
2025-09-11 04:00:00,34304.75,9780.73,0.0
2025-09-11 05:00:00,35414.5,9829.86,0.0
2025-09-11 06:00:00,39038.625,9966.75,0.0
2025-09-11 07:00:00,43097.625,9941.77,0.0
2025-09-11 08:00:00,45451.0,9772.72,342.09
2025-09-11 09:00:00,47276.875,9413.9,2608.24
2025-09-11 10:00:00,47852.625,10134.37,6618.57
2025-09-11 11:00:00,48679.375,8205.32,9068.25
2025-09-11 12:00:00,48797.125,6096.31,10182.58
2025-09-11 13:00:00,47997.625,6826.22,11102.43
2025-09-11 14:00:00,46450.75,7331.05,11127.62
2025-09-11 15:00:00,45602.625,7760.2,10786.03
2025-09-11 16:00:00,44681.25,7915.44,9797.03
2025-09-11 17:00:00,44038.125,7555.11,7968.36
2025-09-11 18:00:00,45386.125,11252.33,6640.52
2025-09-11 19:00:00,47330.25,11408.26,3570.9
2025-09-11 20:00:00,46355.75,10451.34,877.0
2025-09-11 21:00:00,44690.5,9830.96,37.38
2025-09-11 22:00:00,44110.75,9297.73,0.0
2025-09-11 23:00:00,44431.75,8897.55,0.0
2025-09-12 00:00:00,40549.75,9254.689999999999,0.0
2025-09-12 01:00:00,38208.375,9444.11,0.0
2025-09-12 02:00:00,36856.5,9591.14,0.0
2025-09-12 03:00:00,35179.375,9588.22,0.0
2025-09-12 04:00:00,34364.625,9573.5,0.0
2025-09-12 05:00:00,35756.25,9478.92,0.0
2025-09-12 06:00:00,39298.625,9353.07,0.0
2025-09-12 07:00:00,43358.25,8946.6,0.0
2025-09-12 08:00:00,45808.5,8530.2,315.26
2025-09-12 09:00:00,47393.625,7800.96,2574.39
2025-09-12 10:00:00,48042.25,8041.65,6672.4
2025-09-12 11:00:00,48192.625,8837.99,10535.23
2025-09-12 12:00:00,48633.25,8772.619999999999,13207.54
2025-09-12 13:00:00,47852.125,8512.98,14119.81
2025-09-12 14:00:00,46206.0,8584.689999999999,13950.89
2025-09-12 15:00:00,44993.125,8613.49,12959.42
2025-09-12 16:00:00,43686.5,8426.55,11332.82
2025-09-12 17:00:00,43694.5,7774.68,8915.25
2025-09-12 18:00:00,44867.625,6746.88,6087.49
2025-09-12 19:00:00,46035.125,5698.3,2965.33
2025-09-12 20:00:00,45607.75,4891.3,689.74
2025-09-12 21:00:00,43921.0,4726.21,24.2
2025-09-12 22:00:00,43284.375,4850.8,0.0
2025-09-12 23:00:00,43709.625,5134.83,0.0
2025-09-13 00:00:00,40150.0,6314.13,0.0
2025-09-13 01:00:00,37512.5,6790.38,0.0
2025-09-13 02:00:00,36150.0,6959.75,0.0
2025-09-13 03:00:00,33700.0,7034.42,0.0
2025-09-13 04:00:00,32300.0,7205.68,0.0
2025-09-13 05:00:00,32425.0,7246.39,0.0
2025-09-13 06:00:00,33437.5,7383.25,0.0
2025-09-13 07:00:00,34650.0,7481.56,0.0
2025-09-13 08:00:00,36087.5,7304.68,196.81
2025-09-13 09:00:00,38525.0,7436.73,1692.72
2025-09-13 10:00:00,40075.0,8129.33,4292.09
2025-09-13 11:00:00,40737.5,8761.08,6333.09
2025-09-13 12:00:00,42325.0,8817.77,7780.9
2025-09-13 13:00:00,41850.0,8939.720000000001,8612.5
2025-09-13 14:00:00,39975.0,9190.04,8742.62
2025-09-13 15:00:00,38800.0,9290.58,8152.78
2025-09-13 16:00:00,37900.0,9327.16,7317.64
2025-09-13 17:00:00,38312.5,8995.32,5947.29
2025-09-13 18:00:00,39500.0,8202.029999999999,4501.27
2025-09-13 19:00:00,41175.0,7455.03,2461.08
2025-09-13 20:00:00,41212.5,6933.99,604.76
2025-09-13 21:00:00,39862.5,6668.48,19.36
2025-09-13 22:00:00,39487.5,6293.3,0.0
2025-09-13 23:00:00,40900.0,5975.83,0.0
2025-09-14 00:00:00,38625.0,5875.21,0.0
2025-09-14 01:00:00,36112.5,5607.67,0.0
2025-09-14 02:00:00,34337.5,5350.03,0.0
2025-09-14 03:00:00,32187.5,5045.68,0.0
2025-09-14 04:00:00,30750.0,4680.7,0.0
2025-09-14 05:00:00,30500.0,4271.34,0.0
2025-09-14 06:00:00,31025.0,3862.18,0.0
2025-09-14 07:00:00,31425.0,3689.46,0.0
2025-09-14 08:00:00,32600.0,3766.57,196.76
2025-09-14 09:00:00,35237.5,3912.0,1741.61
2025-09-14 10:00:00,37362.5,3928.28,4632.65
2025-09-14 11:00:00,39062.5,4255.469999999999,6954.51
2025-09-14 12:00:00,40812.5,5065.9,8357.3
2025-09-14 13:00:00,40112.5,6153.36,9175.17
2025-09-14 14:00:00,37837.5,7551.13,9509.75
2025-09-14 15:00:00,36825.0,8804.79,9502.98
2025-09-14 16:00:00,36075.0,9874.7,8967.69
2025-09-14 17:00:00,36650.0,10681.4,7425.58
2025-09-14 18:00:00,39150.0,11387.93,5471.85
2025-09-14 19:00:00,41962.5,12357.2,2815.69
2025-09-14 20:00:00,42037.5,13513.48,646.39
2025-09-14 21:00:00,40675.0,14264.28,15.26
2025-09-14 22:00:00,40162.5,14854.42,0.0
2025-09-14 23:00:00,41000.0,15486.31,0.0
2025-09-15 00:00:00,37237.5,16423.059999999998,0.0
2025-09-15 01:00:00,35300.0,16775.27,0.0
2025-09-15 02:00:00,34062.5,16841.59,0.0
2025-09-15 03:00:00,32325.0,16844.73,0.0
2025-09-15 04:00:00,31787.5,16711.1,0.0
2025-09-15 05:00:00,33525.0,16227.19,0.0
2025-09-15 06:00:00,37787.5,15655.97,0.0
2025-09-15 07:00:00,42450.0,15227.56,0.0
2025-09-15 08:00:00,44900.0,14694.74,201.66
2025-09-15 09:00:00,46637.5,13845.04,2076.92
2025-09-15 10:00:00,47537.5,13312.81,5593.29
2025-09-15 11:00:00,48225.0,14094.34,8750.04
2025-09-15 12:00:00,49200.0,14899.82,10898.12
2025-09-15 13:00:00,48812.5,15630.01,12263.39
2025-09-15 14:00:00,47650.0,16455.79,12453.48
2025-09-15 15:00:00,46662.5,17026.129999999997,12035.11
2025-09-15 16:00:00,45550.0,17404.059999999998,10970.61
2025-09-15 17:00:00,45162.5,17378.75,9116.5
2025-09-15 18:00:00,46462.5,16678.739999999998,6485.75
2025-09-15 19:00:00,48262.5,15649.34,3154.83
2025-09-15 20:00:00,47000.0,14913.77,704.46
2025-09-15 21:00:00,44200.0,14387.13,13.52
2025-09-15 22:00:00,42950.0,14039.49,0.0
2025-09-15 23:00:00,43425.0,13866.25,0.0
2025-09-16 00:00:00,40987.5,13273.92,0.0
2025-09-16 01:00:00,38512.5,12883.98,0.0
2025-09-16 02:00:00,36937.5,12583.01,0.0
2025-09-16 03:00:00,34962.5,12166.88,0.0
2025-09-16 04:00:00,34062.5,11621.35,0.0
2025-09-16 05:00:00,35650.0,11055.62,0.0
2025-09-16 06:00:00,39712.5,10598.55,0.0
2025-09-16 07:00:00,44287.5,10289.59,0.0
2025-09-16 08:00:00,46650.0,9844.15,194.85
2025-09-16 09:00:00,48237.5,8993.62,2067.2
2025-09-16 10:00:00,48700.0,9635.5,5547.41
2025-09-16 11:00:00,48850.0,10423.78,8586.64
2025-09-16 12:00:00,49212.5,10384.57,10757.01
2025-09-16 13:00:00,48725.0,9088.22,11144.8
2025-09-16 14:00:00,47412.5,5508.24,9349.72
2025-09-16 15:00:00,46250.0,5439.83,8879.28
2025-09-16 16:00:00,45200.0,9733.27,9934.99
2025-09-16 17:00:00,44850.0,9180.49,8028.14
2025-09-16 18:00:00,46587.5,8184.33,5569.75
2025-09-16 19:00:00,48550.0,6683.03,2695.64
2025-09-16 20:00:00,47462.5,5402.05,596.22
2025-09-16 21:00:00,44662.5,4533.88,6.82
2025-09-16 22:00:00,43737.5,4080.68,0.0
2025-09-16 23:00:00,43987.5,3833.28,0.0
2025-09-17 00:00:00,40287.5,3324.48,0.0
2025-09-17 01:00:00,38150.0,3243.82,0.0
2025-09-17 02:00:00,37075.0,3100.6,0.0
2025-09-17 03:00:00,35437.5,2787.25,0.0
2025-09-17 04:00:00,34787.5,2619.28,0.0
2025-09-17 05:00:00,35925.0,2718.01,0.0
2025-09-17 06:00:00,39587.5,2903.99,0.0
2025-09-17 07:00:00,43550.0,3085.45,0.0
2025-09-17 08:00:00,45800.0,3210.57,148.31
2025-09-17 09:00:00,47437.5,3454.62,1846.45
2025-09-17 10:00:00,47975.0,3052.38,5466.86
2025-09-17 11:00:00,48050.0,2667.89,9097.16
2025-09-17 12:00:00,48387.5,3202.62,12200.49
2025-09-17 13:00:00,48550.0,4304.719999999999,14489.01
2025-09-17 14:00:00,47637.5,4908.31,15638.33
2025-09-17 15:00:00,46450.0,5042.06,15701.93
2025-09-17 16:00:00,45637.5,5042.4,14583.64
2025-09-17 17:00:00,45150.0,4688.78,12042.92
2025-09-17 18:00:00,46850.0,3926.04,8234.11
2025-09-17 19:00:00,48762.5,3163.28,3756.8
2025-09-17 20:00:00,47550.0,2814.12,768.84
2025-09-17 21:00:00,44550.0,2758.77,6.47
2025-09-17 22:00:00,43450.0,2835.44,0.0
2025-09-17 23:00:00,44250.0,2854.45,0.0
2025-09-18 00:00:00,40950.0,3509.96,0.0
2025-09-18 01:00:00,38337.5,3416.85,0.0
2025-09-18 02:00:00,37250.0,3349.02,0.0
2025-09-18 03:00:00,35575.0,3272.47,0.0
2025-09-18 04:00:00,35025.0,3130.14,0.0
2025-09-18 05:00:00,36412.5,2918.67,0.0
2025-09-18 06:00:00,40400.0,2709.51,0.0
2025-09-18 07:00:00,44725.0,2545.11,0.0
2025-09-18 08:00:00,46425.0,2322.46,167.46
2025-09-18 09:00:00,47300.0,2219.74,2302.19
2025-09-18 10:00:00,47762.5,1820.8,6804.38
2025-09-18 11:00:00,48500.0,1628.03,11540.02
2025-09-18 12:00:00,49100.0,1907.47,15120.94
2025-09-18 13:00:00,48537.5,2185.23,17231.37
2025-09-18 14:00:00,47525.0,2149.45,18003.27
2025-09-18 15:00:00,46637.5,1984.41,17528.64
2025-09-18 16:00:00,45675.0,1875.12,15749.64
2025-09-18 17:00:00,45312.5,1737.44,12733.83
2025-09-18 18:00:00,46925.0,1518.3,8481.1
2025-09-18 19:00:00,48925.0,1372.93,3732.86
2025-09-18 20:00:00,48200.0,1514.25,735.97
2025-09-18 21:00:00,45375.0,1692.42,3.3
2025-09-18 22:00:00,44400.0,1936.24,0.0
2025-09-18 23:00:00,44562.5,2261.87,0.0
2025-09-19 00:00:00,40925.0,1714.89,0.0
2025-09-19 01:00:00,38712.5,1902.36,0.0
2025-09-19 02:00:00,37550.0,2156.9,0.0
2025-09-19 03:00:00,35750.0,2450.02,0.0
2025-09-19 04:00:00,34900.0,2802.06,0.0
2025-09-19 05:00:00,36025.0,3128.52,0.0
2025-09-19 06:00:00,39762.5,3426.69,0.0
2025-09-19 07:00:00,43625.0,3929.77,0.0
2025-09-19 08:00:00,45500.0,4502.43,138.58
2025-09-19 09:00:00,46787.5,4851.21,2139.75
2025-09-19 10:00:00,47362.5,5513.73,6499.19
2025-09-19 11:00:00,48162.5,4690.25,11030.26
2025-09-19 12:00:00,49125.0,3245.17,14429.27
2025-09-19 13:00:00,48750.0,2831.13,16400.4
2025-09-19 14:00:00,47512.5,2861.28,17027.2
2025-09-19 15:00:00,46637.5,2876.71,16430.59
2025-09-19 16:00:00,45450.0,2894.59,14544.35
2025-09-19 17:00:00,45387.5,2892.75,11564.33
2025-09-19 18:00:00,46812.5,2925.89,7622.01
2025-09-19 19:00:00,48137.5,3479.27,3307.54
2025-09-19 20:00:00,47675.0,4626.21,635.99
2025-09-19 21:00:00,45312.5,5908.24,1.89
2025-09-19 22:00:00,44525.0,6985.97,0.0
2025-09-19 23:00:00,44450.0,7477.4,0.0
2025-09-20 00:00:00,40962.5,7474.01,0.0
2025-09-20 01:00:00,38575.0,7391.92,0.0
2025-09-20 02:00:00,36850.0,7402.35,0.0
2025-09-20 03:00:00,34500.0,7161.52,0.0
2025-09-20 04:00:00,33162.5,6879.11,0.0
2025-09-20 05:00:00,33300.0,7011.57,0.0
2025-09-20 06:00:00,34562.5,7036.34,0.0
2025-09-20 07:00:00,35850.0,6857.72,0.0
2025-09-20 08:00:00,37337.5,7474.42,108.42
2025-09-20 09:00:00,39637.5,8672.96,1724.07
2025-09-20 10:00:00,41262.5,9062.58,5097.46
2025-09-20 11:00:00,42512.5,7599.26,8359.52
2025-09-20 12:00:00,44825.0,6723.93,10662.56
2025-09-20 13:00:00,44262.5,7264.88,11992.62
2025-09-20 14:00:00,43087.5,8356.21,12118.13
2025-09-20 15:00:00,41787.5,9253.66,11419.8
2025-09-20 16:00:00,40825.0,9476.09,9934.11
2025-09-20 17:00:00,41012.5,9790.06,7753.13
2025-09-20 18:00:00,42500.0,9823.78,5116.78
2025-09-20 19:00:00,44137.5,9313.73,2246.92
2025-09-20 20:00:00,44050.0,9276.76,434.13
2025-09-20 21:00:00,41900.0,9275.32,1.27
2025-09-20 22:00:00,41412.5,9053.4,0.0
2025-09-20 23:00:00,42112.5,8972.55,0.0
2025-09-21 00:00:00,39225.0,7588.5,0.0
2025-09-21 01:00:00,36775.0,7198.58,0.0
2025-09-21 02:00:00,35275.0,6900.16,0.0
2025-09-21 03:00:00,33000.0,6401.81,0.0
2025-09-21 04:00:00,31687.5,5465.03,0.0
2025-09-21 05:00:00,31337.5,4502.17,0.0
2025-09-21 06:00:00,32112.5,3813.48,0.0
2025-09-21 07:00:00,32600.0,3002.92,0.0
2025-09-21 08:00:00,33800.0,2278.18,69.94
2025-09-21 09:00:00,36750.0,1865.98,1262.74
2025-09-21 10:00:00,38825.0,1614.99,3778.89
2025-09-21 11:00:00,40412.5,1450.48,6207.62
2025-09-21 12:00:00,42450.0,1358.9,7724.11
2025-09-21 13:00:00,41975.0,1325.91,8490.76
2025-09-21 14:00:00,39862.5,1436.28,8614.29
2025-09-21 15:00:00,38725.0,1495.81,8418.73
2025-09-21 16:00:00,38075.0,1602.73,7571.45
2025-09-21 17:00:00,38787.5,1874.88,5978.86
2025-09-21 18:00:00,40475.0,2312.92,4349.82
2025-09-21 19:00:00,43037.5,2921.87,2100.77
2025-09-21 20:00:00,42887.5,3753.43,410.49
2025-09-21 21:00:00,40812.5,4528.55,0.58
2025-09-21 22:00:00,40300.0,4829.5599999999995,0.0
2025-09-21 23:00:00,41212.5,5082.37,0.0
2025-09-22 00:00:00,38987.5,5547.75,0.0
2025-09-22 01:00:00,36687.5,5878.7,0.0
2025-09-22 02:00:00,35325.0,6286.97,0.0
2025-09-22 03:00:00,33462.5,6556.06,0.0
2025-09-22 04:00:00,32762.5,6705.28,0.0
2025-09-22 05:00:00,34362.5,7184.39,0.0
2025-09-22 06:00:00,38600.0,7698.24,0.0
2025-09-22 07:00:00,43150.0,8096.62,0.0
2025-09-22 08:00:00,45462.5,8724.3,57.83
2025-09-22 09:00:00,46950.0,9505.0,1425.94
2025-09-22 10:00:00,48112.5,8779.43,4599.31
2025-09-22 11:00:00,49412.5,8824.779999999999,8078.46
2025-09-22 12:00:00,50362.5,10043.01,10692.11
2025-09-22 13:00:00,49575.0,9693.13,11446.94
2025-09-22 14:00:00,48125.0,6558.57,9685.06
2025-09-22 15:00:00,46450.0,6866.97,9251.88
2025-09-22 16:00:00,45025.0,6946.07,8415.69
2025-09-22 17:00:00,44675.0,6806.11,6743.61
2025-09-22 18:00:00,46487.5,6551.5,4512.17
2025-09-22 19:00:00,48437.5,11347.18,2426.47
2025-09-22 20:00:00,47125.0,11436.63,437.2
2025-09-22 21:00:00,44212.5,11525.23,0.57
2025-09-22 22:00:00,43762.5,11357.07,0.0
2025-09-22 23:00:00,44062.5,11041.61,0.0
2025-09-23 00:00:00,41075.0,8357.189999999999,0.0
2025-09-23 01:00:00,39087.5,8063.87,0.0
2025-09-23 02:00:00,38050.0,7775.61,0.0
2025-09-23 03:00:00,36037.5,6718.02,0.0
2025-09-23 04:00:00,35212.5,4045.8,0.0
2025-09-23 05:00:00,36837.5,4050.26,0.0
2025-09-23 06:00:00,40962.5,4196.2,0.0
2025-09-23 07:00:00,45800.0,7925.68,0.0
2025-09-23 08:00:00,47875.0,8040.2,56.19
2025-09-23 09:00:00,49162.5,7910.89,1359.44
2025-09-23 10:00:00,49675.0,7201.32,4307.05
2025-09-23 11:00:00,50325.0,6785.62,7325.24
2025-09-23 12:00:00,50975.0,6904.22,9615.62
2025-09-23 13:00:00,50575.0,7412.09,10626.3
2025-09-23 14:00:00,48937.5,8275.8,11071.47
2025-09-23 15:00:00,47225.0,8848.43,10784.73
2025-09-23 16:00:00,45587.5,8911.01,9495.96
2025-09-23 17:00:00,44787.5,8844.57,7354.6
2025-09-23 18:00:00,46500.0,8383.45,4907.61
2025-09-23 19:00:00,48900.0,7892.82,2134.87
2025-09-23 20:00:00,48700.0,7719.35,383.22
2025-09-23 21:00:00,45762.5,7410.93,0.3
2025-09-23 22:00:00,44587.5,7183.13,0.0
2025-09-23 23:00:00,45250.0,7324.93,0.0
2025-09-24 00:00:00,42412.5,8210.76,0.0
2025-09-24 01:00:00,40350.0,8417.2,0.0
2025-09-24 02:00:00,39075.0,8308.45,0.0
2025-09-24 03:00:00,37212.5,8134.43,0.0
2025-09-24 04:00:00,36462.5,7888.51,0.0
2025-09-24 05:00:00,38087.5,7502.21,0.0
2025-09-24 06:00:00,42237.5,7262.02,0.0
2025-09-24 07:00:00,47012.5,7175.08,0.0
2025-09-24 08:00:00,49375.0,7024.62,41.38
2025-09-24 09:00:00,50725.0,6830.2,1252.05
2025-09-24 10:00:00,51212.5,6609.15,4117.43
2025-09-24 11:00:00,51900.0,6560.77,6964.18
2025-09-24 12:00:00,52925.0,6594.04,8891.46
2025-09-24 13:00:00,51837.5,6733.49,9931.14
2025-09-24 14:00:00,50450.0,6589.84,10284.89
2025-09-24 15:00:00,48900.0,6427.44,9992.07
2025-09-24 16:00:00,47487.5,6338.31,9036.17
2025-09-24 17:00:00,46887.5,6044.98,7413.37
2025-09-24 18:00:00,48900.0,5802.22,5042.16
2025-09-24 19:00:00,51575.0,5492.64,2189.32
2025-09-24 20:00:00,50825.0,5115.76,404.43
2025-09-24 21:00:00,47562.5,4784.59,0.17
2025-09-24 22:00:00,46587.5,4601.360000000001,0.0
2025-09-24 23:00:00,47312.5,4591.17,0.0
2025-09-25 00:00:00,43537.5,4081.23,0.0
2025-09-25 01:00:00,41500.0,3958.18,0.0
2025-09-25 02:00:00,39562.5,3847.23,0.0
2025-09-25 03:00:00,37700.0,3792.09,0.0
2025-09-25 04:00:00,37075.0,3863.75,0.0
2025-09-25 05:00:00,38762.5,3923.84,0.0
2025-09-25 06:00:00,43012.5,3759.64,0.0
2025-09-25 07:00:00,47900.0,3580.04,0.0
2025-09-25 08:00:00,50150.0,3509.02,36.09
2025-09-25 09:00:00,51525.0,3417.59,1331.25
2025-09-25 10:00:00,51975.0,3125.15,4554.63
2025-09-25 11:00:00,52662.5,3092.19,7939.38
2025-09-25 12:00:00,52962.5,3234.03,10479.51
2025-09-25 13:00:00,51750.0,3299.39,11767.06
2025-09-25 14:00:00,49900.0,3368.94,12037.59
2025-09-25 15:00:00,48650.0,3506.12,11560.84
2025-09-25 16:00:00,47625.0,3607.72,10230.1
2025-09-25 17:00:00,47600.0,3642.89,8216.89
2025-09-25 18:00:00,49550.0,3627.4,5434.13
2025-09-25 19:00:00,51750.0,3407.85,2258.96
2025-09-25 20:00:00,51025.0,3107.42,396.13
2025-09-25 21:00:00,48237.5,2793.88,0.04
2025-09-25 22:00:00,47162.5,2519.6400000000003,0.0
2025-09-25 23:00:00,47425.0,2394.0,0.0
2025-09-26 00:00:00,44000.0,2195.3599999999997,0.0
2025-09-26 01:00:00,41712.5,1986.85,0.0
2025-09-26 02:00:00,40650.0,1785.15,0.0
2025-09-26 03:00:00,38562.5,1658.84,0.0
2025-09-26 04:00:00,37662.5,1607.64,0.0
2025-09-26 05:00:00,39362.5,1624.86,0.0
2025-09-26 06:00:00,43900.0,1607.18,0.0
2025-09-26 07:00:00,48887.5,1557.8,0.0
2025-09-26 08:00:00,51500.0,1464.46,26.66
2025-09-26 09:00:00,52862.5,1331.18,1160.86
2025-09-26 10:00:00,53125.0,1093.48,4084.02
2025-09-26 11:00:00,53237.5,921.45,6978.32
2025-09-26 12:00:00,53625.0,917.84,9092.55
2025-09-26 13:00:00,52875.0,952.48,10396.11
2025-09-26 14:00:00,50837.5,930.01,10642.26
2025-09-26 15:00:00,49312.5,878.02,10185.24
2025-09-26 16:00:00,47787.5,821.25,9423.12
2025-09-26 17:00:00,47325.0,774.19,7761.65
2025-09-26 18:00:00,48687.5,721.65,5172.43
2025-09-26 19:00:00,50450.0,647.02,2167.07
2025-09-26 20:00:00,50212.5,647.37,377.02
2025-09-26 21:00:00,47587.5,703.57,0.0
2025-09-26 22:00:00,46425.0,792.77,0.0
2025-09-26 23:00:00,47612.5,885.59,0.0
2025-09-27 00:00:00,44287.5,902.64,0.0
2025-09-27 01:00:00,41575.0,971.95,0.0
2025-09-27 02:00:00,40012.5,934.46,0.0
2025-09-27 03:00:00,37837.5,862.65,0.0
2025-09-27 04:00:00,36762.5,812.59,0.0
2025-09-27 05:00:00,36850.0,794.64,0.0
2025-09-27 06:00:00,38487.5,810.95,0.0
2025-09-27 07:00:00,40287.5,804.17,0.0
2025-09-27 08:00:00,41937.5,824.63,22.85
2025-09-27 09:00:00,44300.0,854.2,1311.02
2025-09-27 10:00:00,45900.0,961.69,4668.81
2025-09-27 11:00:00,46275.0,928.19,8397.05
2025-09-27 12:00:00,47375.0,952.64,11343.47
2025-09-27 13:00:00,46625.0,1111.0,12941.06
2025-09-27 14:00:00,44000.0,1202.3,13706.29
2025-09-27 15:00:00,42387.5,1161.33,13267.58
2025-09-27 16:00:00,41187.5,1083.1599999999999,11616.28
2025-09-27 17:00:00,40887.5,981.37,8871.01
2025-09-27 18:00:00,42312.5,880.82,5592.38
2025-09-27 19:00:00,44275.0,943.33,2226.46
2025-09-27 20:00:00,44662.5,1226.11,358.33
2025-09-27 21:00:00,42412.5,1553.61,0.0
2025-09-27 22:00:00,42137.5,1939.98,0.0
2025-09-27 23:00:00,43637.5,2347.79,0.0
2025-09-28 00:00:00,41000.0,3091.7,0.0
2025-09-28 01:00:00,38612.5,2927.17,0.0
2025-09-28 02:00:00,37037.5,2738.13,0.0
2025-09-28 03:00:00,34975.0,2616.02,0.0
2025-09-28 04:00:00,33837.5,2490.68,0.0
2025-09-28 05:00:00,33875.0,2407.16,0.0
2025-09-28 06:00:00,35137.5,2353.67,0.0
2025-09-28 07:00:00,36325.0,2330.81,0.0
2025-09-28 08:00:00,37487.5,2280.18,16.41
2025-09-28 09:00:00,39687.5,2184.93,1127.35
2025-09-28 10:00:00,41787.5,2024.56,4178.98
2025-09-28 11:00:00,42575.0,1342.32,7646.51
2025-09-28 12:00:00,43850.0,913.2,10395.14
2025-09-28 13:00:00,43000.0,934.5,11992.3
2025-09-28 14:00:00,40025.0,975.62,12443.62
2025-09-28 15:00:00,38600.0,984.32,11675.43
2025-09-28 16:00:00,37625.0,1033.08,10311.29
2025-09-28 17:00:00,37812.5,1066.4299999999998,7931.23
2025-09-28 18:00:00,39975.0,1159.3200000000002,4865.57
2025-09-28 19:00:00,43237.5,1577.06,1866.16
2025-09-28 20:00:00,43987.5,2301.06,289.16
2025-09-28 21:00:00,41800.0,2997.29,0.0
2025-09-28 22:00:00,41137.5,3484.34,0.0
2025-09-28 23:00:00,42087.5,3617.83,0.0
2025-09-29 00:00:00,40100.0,2732.92,0.0
2025-09-29 01:00:00,37887.5,2563.14,0.0
2025-09-29 02:00:00,36637.5,2410.67,0.0
2025-09-29 03:00:00,34962.5,2285.67,0.0
2025-09-29 04:00:00,34412.5,2158.2200000000003,0.0
2025-09-29 05:00:00,36337.5,2123.17,0.0
2025-09-29 06:00:00,40800.0,2186.8900000000003,0.0
2025-09-29 07:00:00,45675.0,2205.9,0.0
2025-09-29 08:00:00,47787.5,2148.94,10.05
2025-09-29 09:00:00,48875.0,2030.37,1235.39
2025-09-29 10:00:00,49425.0,1804.91,4736.84
2025-09-29 11:00:00,49750.0,1301.09,9024.54
2025-09-29 12:00:00,50137.5,1101.76,12520.3
2025-09-29 13:00:00,49487.5,1183.17,14710.94
2025-09-29 14:00:00,48437.5,1230.31,15590.27
2025-09-29 15:00:00,47087.5,1256.27,15232.53
2025-09-29 16:00:00,45737.5,1338.68,13654.68
2025-09-29 17:00:00,45200.0,1467.88,10688.09
2025-09-29 18:00:00,46812.5,1696.26,6535.59
2025-09-29 19:00:00,49437.5,2167.56,2384.61
2025-09-29 20:00:00,48575.0,2950.15,342.32
2025-09-29 21:00:00,44912.5,3535.22,0.0
2025-09-29 22:00:00,43750.0,3797.64,0.0
2025-09-29 23:00:00,44737.5,3802.99,0.0
2025-09-30 00:00:00,41962.5,3333.89,0.0
2025-09-30 01:00:00,40050.0,2996.56,0.0
2025-09-30 02:00:00,38975.0,2630.8,0.0
2025-09-30 03:00:00,37287.5,2385.93,0.0
2025-09-30 04:00:00,36762.5,2182.65,0.0
2025-09-30 05:00:00,38175.0,2010.97,0.0
2025-09-30 06:00:00,42387.5,1975.71,0.0
2025-09-30 07:00:00,47512.5,2023.67,0.0
2025-09-30 08:00:00,49287.5,2062.02,5.73
2025-09-30 09:00:00,50037.5,2070.65,1085.33
2025-09-30 10:00:00,50275.0,1734.71,4191.6
2025-09-30 11:00:00,50275.0,1353.3,7905.86
2025-09-30 12:00:00,50325.0,1437.94,10851.33
2025-09-30 13:00:00,49712.5,1724.68,12860.56
2025-09-30 14:00:00,48500.0,1916.23,13681.07
2025-09-30 15:00:00,47175.0,2013.35,13271.03
2025-09-30 16:00:00,45937.5,2117.52,11634.73
2025-09-30 17:00:00,45300.0,2258.4,9009.91
2025-09-30 18:00:00,46875.0,2324.73,5686.87
2025-09-30 19:00:00,49675.0,2478.44,2158.72
2025-09-30 20:00:00,49087.5,2986.94,315.89
2025-09-30 21:00:00,45725.0,3553.72,0.0
2025-09-30 22:00:00,44612.5,3964.36,0.0
2025-09-30 23:00:00,45300.0,4060.73,0.0
2025-10-01 00:00:00,42637.5,3587.43,0.0
2025-10-01 01:00:00,40687.5,3252.97,0.0
2025-10-01 02:00:00,39512.5,2962.84,0.0
2025-10-01 03:00:00,37737.5,2677.0,0.0
2025-10-01 04:00:00,37087.5,2391.11,0.0
2025-10-01 05:00:00,38812.5,2205.16,0.0
2025-10-01 06:00:00,43012.5,2109.4,0.0
2025-10-01 07:00:00,47637.5,2092.66,0.0
2025-10-01 08:00:00,50300.0,2105.03,3.11
2025-10-01 09:00:00,50662.5,2083.63,1205.06
2025-10-01 10:00:00,50400.0,1924.0,4936.07
2025-10-01 11:00:00,50525.0,1580.77,9537.53
2025-10-01 12:00:00,50887.5,1428.19,13074.88
2025-10-01 13:00:00,50725.0,1528.28,15203.75
2025-10-01 14:00:00,49075.0,1615.06,15953.53
2025-10-01 15:00:00,47875.0,1638.19,15131.99
2025-10-01 16:00:00,46325.0,1651.03,12968.63
2025-10-01 17:00:00,45937.5,1710.96,9652.12
2025-10-01 18:00:00,48012.5,1797.28,5763.62
2025-10-01 19:00:00,50612.5,2021.63,2081.45
2025-10-01 20:00:00,50425.0,2367.1,287.06
2025-10-01 21:00:00,46937.5,2629.27,0.0
2025-10-01 22:00:00,45212.5,2743.3,0.0
2025-10-01 23:00:00,45962.5,2774.82,0.0
2025-10-02 00:00:00,43348.375,2693.78,0.0
2025-10-02 01:00:00,41217.25,2539.22,0.0
2025-10-02 02:00:00,39998.5,2483.36,0.0
2025-10-02 03:00:00,38316.75,2539.18,0.0
2025-10-02 04:00:00,37549.375,2593.62,0.0
2025-10-02 05:00:00,38911.75,2655.28,0.0
2025-10-02 06:00:00,43444.875,2749.6,0.0
2025-10-02 07:00:00,48636.25,2746.1,0.0
2025-10-02 08:00:00,50727.0,2660.04,1.56
2025-10-02 09:00:00,51265.75,2630.58,1189.74
2025-10-02 10:00:00,51489.125,2610.0,5015.67
2025-10-02 11:00:00,51493.625,2030.26,9829.33
2025-10-02 12:00:00,51682.375,1713.77,13479.85
2025-10-02 13:00:00,51009.25,1961.13,15527.25
2025-10-02 14:00:00,49628.125,2211.52,16111.81
2025-10-02 15:00:00,48357.375,2327.01,15205.3
2025-10-02 16:00:00,47103.125,2323.98,12943.04
2025-10-02 17:00:00,46241.25,2252.7799999999997,9645.16
2025-10-02 18:00:00,48176.0,2324.99,5752.51
2025-10-02 19:00:00,51214.875,2845.12,2026.47
2025-10-02 20:00:00,50552.625,3750.19,262.86
2025-10-02 21:00:00,47219.125,4696.4,0.0
2025-10-02 22:00:00,46309.875,5543.3,0.0
2025-10-02 23:00:00,46721.875,6011.55,0.0
2025-10-03 00:00:00,42812.5,5669.07,0.0
2025-10-03 01:00:00,40850.0,5467.34,0.0
2025-10-03 02:00:00,39562.5,5212.56,0.0
2025-10-03 03:00:00,37787.5,5003.62,0.0
2025-10-03 04:00:00,36987.5,4793.87,0.0
2025-10-03 05:00:00,38500.0,4623.15,0.0
2025-10-03 06:00:00,42600.0,4538.18,0.0
2025-10-03 07:00:00,47750.0,4648.889999999999,0.0
2025-10-03 08:00:00,49725.0,5085.63,0.31
2025-10-03 09:00:00,50362.5,5523.17,738.88
2025-10-03 10:00:00,50587.5,6532.94,2988.3
2025-10-03 11:00:00,50625.0,6755.21,5690.36
2025-10-03 12:00:00,50987.5,6243.27,7603.11
2025-10-03 13:00:00,50275.0,6346.44,8542.63
2025-10-03 14:00:00,48212.5,6877.09,8797.32
2025-10-03 15:00:00,46612.5,8009.68,8357.0
2025-10-03 16:00:00,45350.0,8898.85,7213.87
2025-10-03 17:00:00,45162.5,9474.33,5250.65
2025-10-03 18:00:00,46500.0,10140.05,3130.98
2025-10-03 19:00:00,48875.0,11019.44,1148.08
2025-10-03 20:00:00,48487.5,11812.07,153.71
2025-10-03 21:00:00,45325.0,12799.38,0.0
2025-10-03 22:00:00,44537.5,13975.39,0.0
2025-10-03 23:00:00,44962.5,14966.1,0.0
2025-10-04 00:00:00,42015.25,15939.12,0.0
2025-10-04 01:00:00,39674.125,16472.3,0.0
2025-10-04 02:00:00,37745.75,16990.04,0.0
2025-10-04 03:00:00,35400.625,17468.4,0.0
2025-10-04 04:00:00,33993.5,17980.07,0.0
2025-10-04 05:00:00,34076.375,18433.19,0.0
2025-10-04 06:00:00,35563.0,18808.64,0.0
2025-10-04 07:00:00,37131.375,19017.37,0.0
2025-10-04 08:00:00,38293.375,19014.88,0.04
2025-10-04 09:00:00,39909.5,18878.9,635.14
2025-10-04 10:00:00,41758.0,18412.27,2826.67
2025-10-04 11:00:00,42822.125,18178.13,5573.61
2025-10-04 12:00:00,44970.5,16093.84,7222.63
2025-10-04 13:00:00,44300.875,9994.55,7107.42
2025-10-04 14:00:00,42693.375,10061.77,7437.15
2025-10-04 15:00:00,41466.125,10492.23,7630.1
2025-10-04 16:00:00,40064.125,10833.65,7175.4
2025-10-04 17:00:00,40119.375,10696.36,5772.6
2025-10-04 18:00:00,42032.0,18328.58,4529.53
2025-10-04 19:00:00,44706.75,17909.0,1609.0
2025-10-04 20:00:00,44787.625,17379.54,204.43
2025-10-04 21:00:00,42072.5,16615.33,0.0
2025-10-04 22:00:00,41787.75,15863.67,0.0
2025-10-04 23:00:00,42899.5,15317.06,0.0
2025-10-05 00:00:00,41687.5,13830.86,0.0
2025-10-05 01:00:00,39812.5,13486.59,0.0
2025-10-05 02:00:00,37750.0,13146.41,0.0
2025-10-05 03:00:00,35137.5,11218.48,0.0
2025-10-05 04:00:00,33787.5,6594.69,0.0
2025-10-05 05:00:00,33575.0,6415.03,0.0
2025-10-05 06:00:00,34737.5,6174.05,0.0
2025-10-05 07:00:00,36100.0,11412.41,0.0
2025-10-05 08:00:00,37412.5,11219.89,0.0
2025-10-05 09:00:00,40150.0,10712.2,886.98
2025-10-05 10:00:00,42237.5,8590.58,3831.74
2025-10-05 11:00:00,43337.5,5697.1,6590.38
2025-10-05 12:00:00,44812.5,6443.41,9290.54
2025-10-05 13:00:00,44250.0,6388.17,10843.03
2025-10-05 14:00:00,41475.0,6169.53,11464.43
2025-10-05 15:00:00,39887.5,6119.77,11145.82
2025-10-05 16:00:00,38700.0,6130.13,9894.71
2025-10-05 17:00:00,39375.0,6067.04,9532.11
2025-10-05 18:00:00,42125.0,10354.4,5554.55
2025-10-05 19:00:00,45737.5,8934.91,1814.25
2025-10-05 20:00:00,46300.0,7725.53,201.72
2025-10-05 21:00:00,43925.0,6892.98,0.0
2025-10-05 22:00:00,43125.0,6314.52,0.0
2025-10-05 23:00:00,44375.0,5923.58,0.0
2025-10-06 00:00:00,42112.5,5352.15,0.0
2025-10-06 01:00:00,40175.0,4927.52,0.0
2025-10-06 02:00:00,39050.0,4476.22,0.0
2025-10-06 03:00:00,36837.5,4135.12,0.0
2025-10-06 04:00:00,36000.0,3942.21,0.0
2025-10-06 05:00:00,38012.5,3698.96,0.0
2025-10-06 06:00:00,42825.0,3368.77,0.0
2025-10-06 07:00:00,48287.5,3003.83,0.0
2025-10-06 08:00:00,50500.0,2613.35,0.0
2025-10-06 09:00:00,51337.5,2262.45,811.58
2025-10-06 10:00:00,51775.0,1912.62,3865.91
2025-10-06 11:00:00,51825.0,1651.34,7903.89
2025-10-06 12:00:00,52625.0,1915.35,11261.68
2025-10-06 13:00:00,51575.0,2407.13,13473.68
2025-10-06 14:00:00,50337.5,2604.38,14408.77
2025-10-06 15:00:00,48812.5,2599.79,14160.54
2025-10-06 16:00:00,47262.5,2562.6,12673.03
2025-10-06 17:00:00,46600.0,2513.75,9857.94
2025-10-06 18:00:00,48587.5,2305.63,5819.21
2025-10-06 19:00:00,52037.5,2182.84,1897.84
2025-10-06 20:00:00,51175.0,2251.24,206.79
2025-10-06 21:00:00,47900.0,2319.56,0.0
2025-10-06 22:00:00,46887.5,2370.61,0.0
2025-10-06 23:00:00,47062.5,2430.24,0.0
2025-10-07 00:00:00,44050.0,2173.13,0.0
2025-10-07 01:00:00,41825.0,2080.7799999999997,0.0
2025-10-07 02:00:00,40512.5,2043.29,0.0
2025-10-07 03:00:00,38587.5,2089.04,0.0
2025-10-07 04:00:00,37812.5,2125.66,0.0
2025-10-07 05:00:00,39437.5,2045.51,0.0
2025-10-07 06:00:00,44112.5,1955.17,0.0
2025-10-07 07:00:00,49462.5,1897.25,0.0
2025-10-07 08:00:00,51337.5,1756.97,0.0
2025-10-07 09:00:00,51925.0,1605.94,755.1
2025-10-07 10:00:00,51537.5,1507.51,3640.55
2025-10-07 11:00:00,51750.0,1084.56,7434.08
2025-10-07 12:00:00,52062.5,871.07,10603.32
2025-10-07 13:00:00,51287.5,921.48,12395.73
2025-10-07 14:00:00,50087.5,950.51,13181.68
2025-10-07 15:00:00,48612.5,966.9,12847.75
2025-10-07 16:00:00,47000.0,971.33,11265.12
2025-10-07 17:00:00,46325.0,965.74,8592.98
2025-10-07 18:00:00,48525.0,966.63,5056.86
2025-10-07 19:00:00,51612.5,1103.06,1644.98
2025-10-07 20:00:00,50837.5,1408.29,171.23
2025-10-07 21:00:00,47162.5,1658.94,0.0
2025-10-07 22:00:00,46075.0,1777.22,0.0
2025-10-07 23:00:00,46362.5,1779.38,0.0
2025-10-08 00:00:00,42937.5,1721.96,0.0
2025-10-08 01:00:00,40637.5,1610.46,0.0
2025-10-08 02:00:00,39337.5,1465.23,0.0
2025-10-08 03:00:00,37237.5,1341.98,0.0
2025-10-08 04:00:00,36637.5,1227.68,0.0
2025-10-08 05:00:00,38175.0,1193.56,0.0
2025-10-08 06:00:00,42212.5,1245.23,0.0
2025-10-08 07:00:00,47100.0,1281.01,0.0
2025-10-08 08:00:00,49400.0,1277.36,0.0
2025-10-08 09:00:00,50112.5,1243.14,650.97
2025-10-08 10:00:00,50062.5,1143.03,3192.57
2025-10-08 11:00:00,50275.0,870.31,6398.67
2025-10-08 12:00:00,50750.0,711.59,8897.86
2025-10-08 13:00:00,50162.5,826.28,10353.73
2025-10-08 14:00:00,48875.0,948.07,10954.39
2025-10-08 15:00:00,47525.0,1042.19,10671.35
2025-10-08 16:00:00,46400.0,1178.14,9306.18
2025-10-08 17:00:00,45875.0,1330.05,7031.66
2025-10-08 18:00:00,47850.0,1573.66,4168.19
2025-10-08 19:00:00,51387.5,2011.11,1368.14
2025-10-08 20:00:00,50225.0,2652.65,139.74
2025-10-08 21:00:00,46737.5,3199.88,0.0
2025-10-08 22:00:00,45612.5,3619.59,0.0
2025-10-08 23:00:00,46425.0,3864.63,0.0
2025-10-09 00:00:00,42987.5,3359.12,0.0
2025-10-09 01:00:00,40712.5,3251.21,0.0
2025-10-09 02:00:00,39412.5,3126.06,0.0
2025-10-09 03:00:00,37287.5,3048.49,0.0
2025-10-09 04:00:00,36575.0,2948.07,0.0
2025-10-09 05:00:00,38100.0,2850.97,0.0
2025-10-09 06:00:00,42637.5,2766.36,0.0
2025-10-09 07:00:00,48437.5,2660.51,0.0
2025-10-09 08:00:00,50137.5,2550.12,0.0
2025-10-09 09:00:00,50600.0,2492.8,540.19
2025-10-09 10:00:00,50862.5,2283.7,2770.79
2025-10-09 11:00:00,51137.5,1944.2,5812.18
2025-10-09 12:00:00,51450.0,2061.25,8399.78
2025-10-09 13:00:00,50750.0,2520.73,9989.13
2025-10-09 14:00:00,49212.5,2615.53,10718.86
2025-10-09 15:00:00,47612.5,2559.74,10839.84
2025-10-09 16:00:00,46500.0,2653.77,9982.41
2025-10-09 17:00:00,45925.0,2847.29,7873.37
2025-10-09 18:00:00,47825.0,2947.59,4670.63
2025-10-09 19:00:00,51187.5,3090.9,1475.65
2025-10-09 20:00:00,49762.5,3472.89,136.02
2025-10-09 21:00:00,46050.0,3855.81,0.0
2025-10-09 22:00:00,45162.5,4094.43,0.0
2025-10-09 23:00:00,45975.0,4118.67,0.0
2025-10-10 00:00:00,43012.5,3685.57,0.0
2025-10-10 01:00:00,40912.5,3494.57,0.0
2025-10-10 02:00:00,39687.5,3244.96,0.0
2025-10-10 03:00:00,37775.0,3082.39,0.0
2025-10-10 04:00:00,37300.0,2842.81,0.0
2025-10-10 05:00:00,39175.0,2628.59,0.0
2025-10-10 06:00:00,43962.5,2567.83,0.0
2025-10-10 07:00:00,49850.0,2590.01,0.0
2025-10-10 08:00:00,51987.5,2624.07,0.0
2025-10-10 09:00:00,52137.5,2634.75,671.9
2025-10-10 10:00:00,51650.0,2574.43,3731.7
2025-10-10 11:00:00,51037.5,1891.57,8166.02
2025-10-10 12:00:00,50875.0,1654.61,11891.18
2025-10-10 13:00:00,50237.5,2005.7,14224.77
2025-10-10 14:00:00,48450.0,2193.55,15101.24
2025-10-10 15:00:00,46800.0,2180.31,14691.16
2025-10-10 16:00:00,45487.5,2184.25,12999.47
2025-10-10 17:00:00,45387.5,2270.26,9839.76
2025-10-10 18:00:00,47062.5,2457.35,5500.27
2025-10-10 19:00:00,50012.5,2923.51,1622.78
2025-10-10 20:00:00,48925.0,3634.14,132.69
2025-10-10 21:00:00,45600.0,4056.01,0.0
2025-10-10 22:00:00,44725.0,4205.26,0.0
2025-10-10 23:00:00,45462.5,4225.09,0.0
2025-10-11 00:00:00,43253.75,3916.08,0.0
2025-10-11 01:00:00,41065.0,3761.78,0.0
2025-10-11 02:00:00,39263.875,3692.52,0.0
2025-10-11 03:00:00,36807.625,3699.29,0.0
2025-10-11 04:00:00,35559.5,3699.63,0.0
2025-10-11 05:00:00,36017.125,3720.99,0.0
2025-10-11 06:00:00,37679.125,3755.91,0.0
2025-10-11 07:00:00,40007.25,3779.21,0.0
2025-10-11 08:00:00,41799.0,3716.41,0.0
2025-10-11 09:00:00,43403.75,3582.95,667.49
2025-10-11 10:00:00,44562.25,3564.44,3856.97
2025-10-11 11:00:00,44618.25,2572.61,8510.65
2025-10-11 12:00:00,45930.625,1913.97,12432.49
2025-10-11 13:00:00,45086.75,1932.65,14801.1
2025-10-11 14:00:00,43391.375,1989.53,15571.5
2025-10-11 15:00:00,41516.25,2131.2200000000003,14995.9
2025-10-11 16:00:00,40367.375,2433.64,13129.9
2025-10-11 17:00:00,40528.0,2866.9,9800.77
2025-10-11 18:00:00,42322.5,3415.46,5368.78
2025-10-11 19:00:00,45350.5,4381.23,1535.92
2025-10-11 20:00:00,44825.5,5534.92,114.08
2025-10-11 21:00:00,42341.25,6088.97,0.0
2025-10-11 22:00:00,42142.5,6146.13,0.0
2025-10-11 23:00:00,43379.75,5975.22,0.0
2025-10-12 00:00:00,41362.5,5652.68,0.0
2025-10-12 01:00:00,39412.5,5318.39,0.0
2025-10-12 02:00:00,37625.0,5008.38,0.0
2025-10-12 03:00:00,35162.5,4761.14,0.0
2025-10-12 04:00:00,33887.5,4588.1900000000005,0.0
2025-10-12 05:00:00,33712.5,4533.18,0.0
2025-10-12 06:00:00,34962.5,4542.4,0.0
2025-10-12 07:00:00,36362.5,4525.360000000001,0.0
2025-10-12 08:00:00,37437.5,4451.719999999999,0.0
2025-10-12 09:00:00,39262.5,4356.43,616.54
2025-10-12 10:00:00,41112.5,4211.51,3698.37
2025-10-12 11:00:00,42800.0,3338.88,8325.39
2025-10-12 12:00:00,44987.5,3043.27,12355.85
2025-10-12 13:00:00,44075.0,3329.54,14842.39
2025-10-12 14:00:00,41012.5,3470.45,15771.31
2025-10-12 15:00:00,39400.0,3583.16,15285.92
2025-10-12 16:00:00,38375.0,3750.71,13310.65
2025-10-12 17:00:00,38250.0,3945.54,9879.0
2025-10-12 18:00:00,40750.0,4262.15,5356.57
2025-10-12 19:00:00,44912.5,5071.139999999999,1496.86
2025-10-12 20:00:00,45050.0,6220.62,103.1
2025-10-12 21:00:00,42725.0,6988.31,0.0
2025-10-12 22:00:00,42000.0,7393.35,0.0
2025-10-12 23:00:00,43287.5,7532.23,0.0
2025-10-13 00:00:00,40562.5,7044.3,0.0
2025-10-13 01:00:00,38750.0,6685.48,0.0
2025-10-13 02:00:00,37412.5,6298.84,0.0
2025-10-13 03:00:00,35750.0,5953.73,0.0
2025-10-13 04:00:00,35225.0,5763.97,0.0
2025-10-13 05:00:00,37387.5,5811.72,0.0
2025-10-13 06:00:00,42250.0,6012.23,0.0
2025-10-13 07:00:00,47612.5,6139.97,0.0
2025-10-13 08:00:00,49750.0,6102.38,0.0
2025-10-13 09:00:00,50375.0,6044.68,510.26
2025-10-13 10:00:00,50687.5,5829.3,3209.32
2025-10-13 11:00:00,51125.0,5234.83,7142.78
2025-10-13 12:00:00,51687.5,5201.98,10685.08
2025-10-13 13:00:00,50987.5,5639.66,12995.17
2025-10-13 14:00:00,49262.5,5857.9,14044.42
2025-10-13 15:00:00,48175.0,5911.04,13670.3
2025-10-13 16:00:00,47137.5,6011.13,11893.93
2025-10-13 17:00:00,46625.0,6087.75,8843.21
2025-10-13 18:00:00,48487.5,6126.1,4780.59
2025-10-13 19:00:00,52100.0,6664.15,1317.46
2025-10-13 20:00:00,49800.0,7533.69,84.63
2025-10-13 21:00:00,45950.0,8019.05,0.0
2025-10-13 22:00:00,45200.0,8019.09,0.0
2025-10-13 23:00:00,45750.0,7758.48,0.0
2025-10-14 00:00:00,43112.5,6959.89,0.0
2025-10-14 01:00:00,40975.0,6629.95,0.0
2025-10-14 02:00:00,39625.0,6434.59,0.0
2025-10-14 03:00:00,37712.5,6313.03,0.0
2025-10-14 04:00:00,37012.5,6208.94,0.0
2025-10-14 05:00:00,38525.0,6137.75,0.0
2025-10-14 06:00:00,42662.5,6037.9,0.0
2025-10-14 07:00:00,48012.5,5966.47,0.0
2025-10-14 08:00:00,49850.0,5920.21,0.0
2025-10-14 09:00:00,50325.0,5831.44,471.39
2025-10-14 10:00:00,50700.0,5301.94,3069.47
2025-10-14 11:00:00,51225.0,5113.43,7024.18
2025-10-14 12:00:00,51625.0,5168.6,10643.9
2025-10-14 13:00:00,50837.5,5334.19,13173.94
2025-10-14 14:00:00,49825.0,5405.06,14314.19
2025-10-14 15:00:00,48250.0,5224.59,14122.74
2025-10-14 16:00:00,47037.5,5132.4,12486.39
2025-10-14 17:00:00,46587.5,5183.9,9328.82
2025-10-14 18:00:00,48550.0,5185.12,4973.75
2025-10-14 19:00:00,52375.0,5586.71,1327.25
2025-10-14 20:00:00,50737.5,6306.64,76.88
2025-10-14 21:00:00,46962.5,6665.92,0.0
2025-10-14 22:00:00,45962.5,6699.84,0.0
2025-10-14 23:00:00,46400.0,6567.91,0.0
2025-10-15 00:00:00,43487.5,6365.55,0.0
2025-10-15 01:00:00,41237.5,6009.83,0.0
2025-10-15 02:00:00,39812.5,5682.37,0.0
2025-10-15 03:00:00,37837.5,5416.09,0.0
2025-10-15 04:00:00,37050.0,5257.11,0.0
2025-10-15 05:00:00,39162.5,5148.22,0.0
2025-10-15 06:00:00,43200.0,5062.86,0.0
2025-10-15 07:00:00,48587.5,5011.1,0.0
2025-10-15 08:00:00,51200.0,4929.52,0.0
2025-10-15 09:00:00,51687.5,4825.54,458.53
2025-10-15 10:00:00,51687.5,4294.12,3162.28
2025-10-15 11:00:00,52150.0,3597.24,7418.59
2025-10-15 12:00:00,53075.0,3516.21,11245.19
2025-10-15 13:00:00,52362.5,3942.37,13763.58
2025-10-15 14:00:00,51037.5,4292.71,14767.56
2025-10-15 15:00:00,49050.0,4460.85,14463.43
2025-10-15 16:00:00,47362.5,4583.24,12710.94
2025-10-15 17:00:00,46800.0,4708.82,9375.34
2025-10-15 18:00:00,49337.5,4701.79,4933.53
2025-10-15 19:00:00,52950.0,5035.46,1296.82
2025-10-15 20:00:00,51450.0,5781.81,69.16
2025-10-15 21:00:00,47762.5,6176.79,0.0
2025-10-15 22:00:00,46362.5,6194.82,0.0
2025-10-15 23:00:00,46825.0,6075.14,0.0
2025-10-16 00:00:00,44387.5,5847.46,0.0
2025-10-16 01:00:00,42487.5,5529.4,0.0
2025-10-16 02:00:00,41050.0,5236.77,0.0
2025-10-16 03:00:00,39037.5,5039.2,0.0
2025-10-16 04:00:00,38500.0,4900.28,0.0
2025-10-16 05:00:00,40262.5,4836.43,0.0
2025-10-16 06:00:00,44750.0,4870.72,0.0
2025-10-16 07:00:00,50112.5,4862.26,0.0
2025-10-16 08:00:00,52175.0,4714.4400000000005,0.0
2025-10-16 09:00:00,52475.0,4545.59,442.71
2025-10-16 10:00:00,52900.0,4219.6900000000005,3262.12
2025-10-16 11:00:00,52837.5,3416.64,7796.05
2025-10-16 12:00:00,53125.0,3044.69,11790.94
2025-10-16 13:00:00,52675.0,3431.86,14222.49
2025-10-16 14:00:00,51162.5,4097.63,15149.15
2025-10-16 15:00:00,49250.0,4388.05,14655.2
2025-10-16 16:00:00,47550.0,4383.48,12760.82
2025-10-16 17:00:00,46925.0,4274.34,9415.53
2025-10-16 18:00:00,49425.0,4051.86,4904.75
2025-10-16 19:00:00,52800.0,4261.96,1254.58
2025-10-16 20:00:00,51037.5,4896.02,60.32
2025-10-16 21:00:00,47412.5,5295.69,0.0
2025-10-16 22:00:00,46200.0,5583.26,0.0
2025-10-16 23:00:00,46950.0,5819.69,0.0
2025-10-17 00:00:00,44875.0,5445.4,0.0
2025-10-17 01:00:00,42937.5,5350.25,0.0
2025-10-17 02:00:00,41787.5,5218.84,0.0
2025-10-17 03:00:00,40037.5,5049.73,0.0
2025-10-17 04:00:00,39200.0,4843.54,0.0
2025-10-17 05:00:00,40712.5,4605.08,0.0
2025-10-17 06:00:00,45087.5,4510.49,0.0
2025-10-17 07:00:00,50537.5,4554.9,0.0
2025-10-17 08:00:00,52887.5,4504.33,0.0
2025-10-17 09:00:00,53150.0,4337.280000000001,399.95
2025-10-17 10:00:00,53150.0,4015.36,3093.94
2025-10-17 11:00:00,52775.0,3100.13,7585.72
2025-10-17 12:00:00,53150.0,2648.85,11603.58
2025-10-17 13:00:00,52087.5,2909.76,14132.55
2025-10-17 14:00:00,50200.0,3277.78,14972.05
2025-10-17 15:00:00,48287.5,3317.18,14583.1
2025-10-17 16:00:00,46162.5,3135.44,12799.15
2025-10-17 17:00:00,45812.5,2945.03,9355.96
2025-10-17 18:00:00,48187.5,2877.56,4798.18
2025-10-17 19:00:00,51400.0,3459.41,1200.63
2025-10-17 20:00:00,50150.0,4495.29,50.51
2025-10-17 21:00:00,47437.5,5220.99,0.0
2025-10-17 22:00:00,47362.5,5527.59,0.0
2025-10-17 23:00:00,47825.0,5530.02,0.0
2025-10-18 00:00:00,44050.0,5471.7,0.0
2025-10-18 01:00:00,41937.5,5320.23,0.0
2025-10-18 02:00:00,40200.0,5172.87,0.0
2025-10-18 03:00:00,38337.5,4962.6,0.0
2025-10-18 04:00:00,37212.5,4662.25,0.0
2025-10-18 05:00:00,37512.5,4373.92,0.0
2025-10-18 06:00:00,39137.5,4312.83,0.0
2025-10-18 07:00:00,41275.0,4476.33,0.0
2025-10-18 08:00:00,43212.5,4567.82,0.0
2025-10-18 09:00:00,45275.0,4552.95,379.85
2025-10-18 10:00:00,46912.5,4741.5599999999995,3033.28
2025-10-18 11:00:00,47400.0,3533.3,7498.81
2025-10-18 12:00:00,48012.5,2587.26,11483.86
2025-10-18 13:00:00,46487.5,2746.29,13901.41
2025-10-18 14:00:00,44000.0,3080.47,14729.62
2025-10-18 15:00:00,42587.5,3123.67,14186.06
2025-10-18 16:00:00,41462.5,3041.41,12188.97
2025-10-18 17:00:00,41800.0,2885.38,8722.48
2025-10-18 18:00:00,44062.5,2849.86,4360.84
2025-10-18 19:00:00,47687.5,3643.77,1055.81
2025-10-18 20:00:00,47200.0,4872.89,38.7
2025-10-18 21:00:00,45062.5,5740.76,0.0
2025-10-18 22:00:00,44887.5,6187.04,0.0
2025-10-18 23:00:00,46162.5,6410.69,0.0
2025-10-19 00:00:00,42512.5,6519.78,0.0
2025-10-19 01:00:00,40550.0,6478.1,0.0
2025-10-19 02:00:00,38762.5,6466.88,0.0
2025-10-19 03:00:00,36425.0,6535.33,0.0
2025-10-19 04:00:00,34975.0,6609.92,0.0
2025-10-19 05:00:00,34312.5,6711.78,0.0
2025-10-19 06:00:00,34900.0,6959.42,0.0
2025-10-19 07:00:00,36400.0,7326.56,0.0
2025-10-19 08:00:00,37825.0,7745.98,0.0
2025-10-19 09:00:00,40175.0,8401.77,247.41
2025-10-19 10:00:00,42562.5,9750.48,1958.6
2025-10-19 11:00:00,43712.5,10170.25,4625.82
2025-10-19 12:00:00,45375.0,9511.38,7006.42
2025-10-19 13:00:00,44462.5,9653.56,8523.29
2025-10-19 14:00:00,41512.5,10279.75,8838.73
2025-10-19 15:00:00,39962.5,11164.21,8443.06
2025-10-19 16:00:00,39275.0,11745.67,7214.62
2025-10-19 17:00:00,39175.0,12392.5,5046.28
2025-10-19 18:00:00,41462.5,12811.39,2601.46
2025-10-19 19:00:00,45637.5,13332.12,675.7
2025-10-19 20:00:00,44512.5,13850.82,24.62
2025-10-19 21:00:00,42187.5,14390.52,0.0
2025-10-19 22:00:00,41712.5,14878.27,0.0
2025-10-19 23:00:00,42950.0,15067.59,0.0
2025-10-20 00:00:00,40187.5,14497.57,0.0
2025-10-20 01:00:00,37875.0,14206.85,0.0
2025-10-20 02:00:00,36687.5,13799.16,0.0
2025-10-20 03:00:00,34825.0,13118.02,0.0
2025-10-20 04:00:00,34225.0,12460.13,0.0
2025-10-20 05:00:00,36287.5,11921.87,0.0
2025-10-20 06:00:00,40475.0,11661.06,0.0
2025-10-20 07:00:00,45162.5,11591.92,0.0
2025-10-20 08:00:00,48600.0,11824.41,0.0
2025-10-20 09:00:00,49950.0,12279.52,134.11
2025-10-20 10:00:00,50837.5,12704.98,1317.03
2025-10-20 11:00:00,51875.0,13959.68,3411.84
2025-10-20 12:00:00,53025.0,15355.41,5303.59
2025-10-20 13:00:00,52525.0,16000.98,6533.56
2025-10-20 14:00:00,51187.5,16461.059999999998,7154.17
2025-10-20 15:00:00,49875.0,16913.66,7327.42
2025-10-20 16:00:00,48375.0,16885.29,6742.19
2025-10-20 17:00:00,47875.0,17144.89,5086.19
2025-10-20 18:00:00,50162.5,17881.21,2704.29
2025-10-20 19:00:00,53925.0,18197.53,691.0
2025-10-20 20:00:00,51362.5,18134.46,22.61
2025-10-20 21:00:00,47375.0,18019.43,0.0
2025-10-20 22:00:00,46287.5,17809.77,0.0
2025-10-20 23:00:00,46550.0,17485.2,0.0
2025-10-21 00:00:00,43675.0,16862.89,0.0
2025-10-21 01:00:00,41237.5,16270.58,0.0
2025-10-21 02:00:00,39925.0,15547.13,0.0
2025-10-21 03:00:00,37800.0,14758.88,0.0
2025-10-21 04:00:00,37087.5,13927.96,0.0
2025-10-21 05:00:00,38612.5,13159.36,0.0
2025-10-21 06:00:00,42750.0,12222.92,0.0
2025-10-21 07:00:00,47712.5,11284.41,0.0
2025-10-21 08:00:00,50837.5,10401.1,0.0
2025-10-21 09:00:00,51850.0,9487.34,126.3
2025-10-21 10:00:00,52450.0,8319.49,1200.69
2025-10-21 11:00:00,52625.0,8743.27,2821.54
2025-10-21 12:00:00,53275.0,8958.6,4276.75
2025-10-21 13:00:00,52887.5,8496.5,5215.17
2025-10-21 14:00:00,51287.5,8667.49,5561.3
2025-10-21 15:00:00,49850.0,9126.09,5399.17
2025-10-21 16:00:00,49037.5,9280.76,4702.48
2025-10-21 17:00:00,48600.0,8601.35,3540.08
2025-10-21 18:00:00,50925.0,7921.94,1905.25
2025-10-21 19:00:00,54337.5,7386.42,479.75
2025-10-21 20:00:00,51537.5,6807.58,13.34
2025-10-21 21:00:00,48075.0,6455.8,0.0
2025-10-21 22:00:00,47212.5,6325.25,0.0
2025-10-21 23:00:00,47562.5,6324.84,0.0
2025-10-22 00:00:00,44075.0,6354.15,0.0
2025-10-22 01:00:00,41437.5,5770.1,0.0
2025-10-22 02:00:00,40225.0,5211.36,0.0
2025-10-22 03:00:00,37837.5,4700.47,0.0
2025-10-22 04:00:00,37125.0,4238.34,0.0
2025-10-22 05:00:00,38775.0,3934.6,0.0
2025-10-22 06:00:00,42987.5,3545.85,0.0
2025-10-22 07:00:00,47525.0,3136.16,0.0
2025-10-22 08:00:00,50187.5,2903.73,0.0
2025-10-22 09:00:00,51225.0,2709.87,94.84
2025-10-22 10:00:00,51787.5,2394.42,1021.71
2025-10-22 11:00:00,52287.5,2235.92,2419.56
2025-10-22 12:00:00,52762.5,2398.28,3843.62
2025-10-22 13:00:00,52250.0,2774.61,4907.53
2025-10-22 14:00:00,50662.5,3335.48,5492.81
2025-10-22 15:00:00,49300.0,3922.86,5211.9
2025-10-22 16:00:00,48050.0,4503.139999999999,4365.96
2025-10-22 17:00:00,47800.0,4922.32,3140.14
2025-10-22 18:00:00,51212.5,5431.06,1683.99
2025-10-22 19:00:00,53987.5,6459.42,437.22
2025-10-22 20:00:00,50625.0,7915.91,8.91
2025-10-22 21:00:00,46700.0,9604.41,0.0
2025-10-22 22:00:00,45712.5,11593.94,0.0
2025-10-22 23:00:00,46912.5,13800.97,0.0
2025-10-23 00:00:00,43662.5,18612.05,0.0
2025-10-23 01:00:00,41387.5,19760.62,0.0
2025-10-23 02:00:00,40062.5,20260.39,0.0
2025-10-23 03:00:00,37900.0,18113.18,0.0
2025-10-23 04:00:00,37175.0,11477.35,0.0
2025-10-23 05:00:00,38712.5,11556.98,0.0
2025-10-23 06:00:00,42675.0,20332.84,0.0
2025-10-23 07:00:00,47087.5,20355.81,0.0
2025-10-23 08:00:00,49687.5,21232.79,0.0
2025-10-23 09:00:00,51087.5,22019.88,90.38
2025-10-23 10:00:00,51825.0,22149.03,1127.64
2025-10-23 11:00:00,52725.0,22291.92,3155.31
2025-10-23 12:00:00,53800.0,22718.21,5385.6
2025-10-23 13:00:00,53137.5,22902.76,6995.49
2025-10-23 14:00:00,51587.5,20428.55,7746.85
2025-10-23 15:00:00,50125.0,13179.88,6903.4
2025-10-23 16:00:00,48875.0,13207.49,6295.25
2025-10-23 17:00:00,48787.5,13036.76,4745.07
2025-10-23 18:00:00,52437.5,22027.34,2989.32
2025-10-23 19:00:00,55300.0,21213.7,683.23
2025-10-23 20:00:00,52250.0,20353.41,10.35
2025-10-23 21:00:00,48862.5,19654.47,0.0
2025-10-23 22:00:00,48075.0,19079.8,0.0
2025-10-23 23:00:00,48575.0,18582.2,0.0
2025-10-24 00:00:00,46150.0,17653.886720000002,0.0
2025-10-24 01:00:00,43787.5,16674.27148,0.0
2025-10-24 02:00:00,42437.5,15428.58887,0.0
2025-10-24 03:00:00,40337.5,14318.92383,0.0
2025-10-24 04:00:00,39650.0,13500.67578,0.0
2025-10-24 05:00:00,41612.5,12765.78125,0.0
2025-10-24 06:00:00,45687.5,12063.58105,0.0
2025-10-24 07:00:00,50812.5,11818.28906,0.0
2025-10-24 08:00:00,54262.5,11828.00879,0.0
2025-10-24 09:00:00,55275.0,11742.31543,152.46249
2025-10-24 10:00:00,55587.5,11243.99707,1827.74634
2025-10-24 11:00:00,55737.5,11407.37402,4931.38623
2025-10-24 12:00:00,56300.0,12835.83984,7483.2002
2025-10-24 13:00:00,55787.5,13649.97852,8984.47363
2025-10-24 14:00:00,54587.5,13693.32129,9108.8418
2025-10-24 15:00:00,52312.5,13907.75,8236.93848
2025-10-24 16:00:00,50287.5,14147.63184,6794.68604
2025-10-24 17:00:00,50200.0,13619.06641,4625.07373
2025-10-24 18:00:00,51900.0,13137.22363,2238.99878
2025-10-24 19:00:00,55187.5,13057.48242,521.53625
2025-10-24 20:00:00,52862.5,13254.46094,5.84625
2025-10-24 21:00:00,49912.5,13707.41016,0.0
2025-10-24 22:00:00,49175.0,14226.93066,0.0
2025-10-24 23:00:00,50100.0,14708.54883,0.0
2025-10-25 00:00:00,46112.5,13402.60254,0.0
2025-10-25 01:00:00,44175.0,13496.92676,0.0
2025-10-25 02:00:00,42287.5,13844.33105,0.0
2025-10-25 03:00:00,40037.5,14184.07324,0.0
2025-10-25 04:00:00,38575.0,14507.49316,0.0
2025-10-25 05:00:00,38975.0,14549.64941,0.0
2025-10-25 06:00:00,40462.5,14040.77246,0.0
2025-10-25 07:00:00,42575.0,13426.53516,0.0
2025-10-25 08:00:00,44275.0,12567.3125,0.0
2025-10-25 09:00:00,45625.0,11826.53027,87.0
2025-10-25 10:00:00,47187.5,11237.33398,1219.7063
2025-10-25 11:00:00,48062.5,10990.84082,3426.04761
2025-10-25 12:00:00,49600.0,10787.39258,5603.65088
2025-10-25 13:00:00,48250.0,10069.76367,6837.39502
2025-10-25 14:00:00,46537.5,9523.99023,7389.15283
2025-10-25 15:00:00,44787.5,9398.68652,7362.75635
2025-10-25 16:00:00,43862.5,9164.82227,6399.96631
2025-10-25 17:00:00,43800.0,8873.752929999999,4488.69531
2025-10-25 18:00:00,45900.0,8786.11719,2219.76758
2025-10-25 19:00:00,49225.0,8909.02148,517.02252
2025-10-25 20:00:00,47950.0,9066.27051,3.75
2025-10-25 21:00:00,45775.0,9083.60352,0.0
2025-10-25 22:00:00,46025.0,9148.85742,0.0
2025-10-25 23:00:00,47137.5,9248.46387,0.0
2025-10-26 00:00:00,45233.75,10103.61523,0.0
2025-10-26 01:00:00,42924.0,9771.18457,0.0
2025-10-26 02:00:00,42205.5,9475.57227,0.0
2025-10-26 03:00:00,38090.75,9133.94824,0.0
2025-10-26 04:00:00,37805.125,9149.83887,0.0
2025-10-26 05:00:00,38502.875,9295.81152,0.0
2025-10-26 06:00:00,40289.5,9470.922849999999,0.0
2025-10-26 07:00:00,41820.625,9479.92285,0.0
2025-10-26 08:00:00,43823.5,9354.0,99.35625
2025-10-26 09:00:00,46228.0,9043.56934,1586.64502
2025-10-26 10:00:00,47357.0,8852.22266,4592.9375
2025-10-26 11:00:00,48687.375,9378.83496,7578.21875
2025-10-26 12:00:00,50441.5,9902.0791,9525.5
2025-10-26 13:00:00,48756.125,10349.625,10195.21875
2025-10-26 14:00:00,46346.0,11424.20605,10022.52539
2025-10-26 15:00:00,45478.5,12451.97266,8854.47168
2025-10-26 16:00:00,44743.25,12048.25977,6379.53418
2025-10-26 17:00:00,46500.0,10833.58105,2994.59619
2025-10-26 18:00:00,50812.5,10322.74121,616.82379
2025-10-26 19:00:00,52049.625,10697.65723,2.58375
2025-10-26 20:00:00,50063.5,11401.62598,0.0
2025-10-26 21:00:00,48270.875,12113.38379,0.0
2025-10-26 22:00:00,48212.875,13461.83984,0.0
2025-10-26 23:00:00,49265.875,1398.0,0.0
2025-10-27 00:00:00,44287.5,15508.21875,0.0
2025-10-27 01:00:00,42275.0,16392.70898,0.0
2025-10-27 02:00:00,40712.5,17001.84375,0.0
2025-10-27 03:00:00,38900.0,17397.75,0.0
2025-10-27 04:00:00,38662.5,17747.79297,0.0
2025-10-27 05:00:00,40637.5,17981.45898,0.0
2025-10-27 06:00:00,44662.5,17944.42383,0.0
2025-10-27 07:00:00,48475.0,17890.50781,0.0
2025-10-27 08:00:00,50937.5,18029.69727,86.2
2025-10-27 09:00:00,52600.0,18007.94531,1269.96375
2025-10-27 10:00:00,52675.0,17985.21484,3473.90894
2025-10-27 11:00:00,53250.0,18750.93555,5443.40283
2025-10-27 12:00:00,53762.5,19546.97461,6659.17529
2025-10-27 13:00:00,53200.0,19742.08203,6831.15381
2025-10-27 14:00:00,51887.5,19691.77734,6713.63232
2025-10-27 15:00:00,50875.0,19043.64648,5956.28027
2025-10-27 16:00:00,50037.5,17489.1582,4162.92627
2025-10-27 17:00:00,50425.0,15371.2334,1997.35742
2025-10-27 18:00:00,54625.0,13407.78516,444.6712
2025-10-27 19:00:00,55550.0,11655.00977,0.97875
2025-10-27 20:00:00,51937.5,10069.74023,0.0
2025-10-27 21:00:00,48700.0,9044.33301,0.0
2025-10-27 22:00:00,48212.5,8474.61719,0.0
2025-10-27 23:00:00,49200.0,8227.65723,0.0
2025-10-28 00:00:00,47283.25,8170.19336,0.0
2025-10-28 01:00:00,44929.25,8550.43262,0.0
2025-10-28 02:00:00,43182.125,9203.76172,0.0
2025-10-28 03:00:00,41273.625,9971.07324,0.0
2025-10-28 04:00:00,40677.875,10563.5,0.0
2025-10-28 05:00:00,42511.375,10689.63867,0.0
2025-10-28 06:00:00,46675.625,10445.7666,0.0
2025-10-28 07:00:00,50700.625,10216.25684,0.0
2025-10-28 08:00:00,52746.25,10306.73438,93.6375
2025-10-28 09:00:00,53563.0,10517.12402,1568.45117
2025-10-28 10:00:00,53600.625,10464.16895,4492.00488
2025-10-28 11:00:00,54136.625,11033.83398,7278.94873
2025-10-28 12:00:00,54639.625,11467.32227,9069.21582
2025-10-28 13:00:00,53669.75,11699.26367,9765.40332
2025-10-28 14:00:00,51587.125,11668.72754,9422.70117
2025-10-28 15:00:00,51031.875,10883.95898,8057.729
2025-10-28 16:00:00,50248.875,9557.52246,5622.625
2025-10-28 17:00:00,51031.125,8245.54492,2556.38745
2025-10-28 18:00:00,54888.25,7573.83838,509.49255
2025-10-28 19:00:00,56056.75,7130.02783,0.4425
2025-10-28 20:00:00,52544.0,6592.64893,0.0
2025-10-28 21:00:00,49324.125,6224.72363,0.0
2025-10-28 22:00:00,48682.375,5933.95508,0.0
2025-10-28 23:00:00,49137.75,5697.51123,0.0
2025-10-29 00:00:00,46625.0,5097.88379,0.0
2025-10-29 01:00:00,44600.0,5156.23291,0.0
2025-10-29 02:00:00,43250.0,5336.83887,0.0
2025-10-29 03:00:00,40950.0,5316.44092,0.0
2025-10-29 04:00:00,40450.0,5208.23779,0.0
2025-10-29 05:00:00,42037.5,5200.71094,0.0
2025-10-29 06:00:00,46037.5,5292.47754,0.0
2025-10-29 07:00:00,50437.5,5477.40625,0.0
2025-10-29 08:00:00,53012.5,5824.33643,58.76875
2025-10-29 09:00:00,53875.0,6115.14404,1013.53625
2025-10-29 10:00:00,53962.5,5847.27002,2863.18994
2025-10-29 11:00:00,54162.5,5123.11621,4611.20996
2025-10-29 12:00:00,54475.0,4874.62988,5567.82861
2025-10-29 13:00:00,53975.0,5266.54102,5741.10742
2025-10-29 14:00:00,52300.0,5650.229,5360.1875
2025-10-29 15:00:00,51325.0,6107.03369,4219.62012
2025-10-29 16:00:00,50575.0,6797.74219,2670.14868
2025-10-29 17:00:00,51650.0,7210.33105,1240.57495
2025-10-29 18:00:00,54112.5,7283.875,277.55124
2025-10-29 19:00:00,56625.0,7168.43896,0.11625
2025-10-29 20:00:00,53262.5,7073.00098,0.0
2025-10-29 21:00:00,49237.5,7298.63623,0.0
2025-10-29 22:00:00,47900.0,7794.33984,0.0
2025-10-29 23:00:00,48837.5,8178.39844,0.0
2025-10-30 00:00:00,46237.5,10894.35254,0.0
2025-10-30 01:00:00,44062.5,10398.07617,0.0
2025-10-30 02:00:00,42737.5,9724.20117,0.0
2025-10-30 03:00:00,40350.0,8770.98926,0.0
2025-10-30 04:00:00,39887.5,7658.99756,0.0
2025-10-30 05:00:00,41800.0,6520.88623,0.0
2025-10-30 06:00:00,46050.0,5556.83594,0.0
2025-10-30 07:00:00,51025.0,5069.4165,0.0
2025-10-30 08:00:00,53350.0,4869.86475,58.90625
2025-10-30 09:00:00,53862.5,4731.37109,1371.79382
2025-10-30 10:00:00,53837.5,4421.53027,4006.11377
2025-10-30 11:00:00,53912.5,3968.1875,6977.68994
2025-10-30 12:00:00,54250.0,3929.90503,8998.39941
2025-10-30 13:00:00,53787.5,4167.47119,9888.88086
2025-10-30 14:00:00,51675.0,4338.38721,9846.50977
2025-10-30 15:00:00,50212.5,4523.65283,8715.72852
2025-10-30 16:00:00,49575.0,4808.50098,6137.33105
2025-10-30 17:00:00,50525.0,5176.24658,2705.97119
2025-10-30 18:00:00,54025.0,6031.32373,511.31873
2025-10-30 19:00:00,57087.5,7058.85986,0.02625
2025-10-30 20:00:00,53925.0,7923.40967,0.0
2025-10-30 21:00:00,50050.0,8583.73242,0.0
2025-10-30 22:00:00,48850.0,9164.33398,0.0
2025-10-30 23:00:00,49850.0,9644.42773,0.0
2025-10-31 00:00:00,47086.875,9433.20215,0.0
2025-10-31 01:00:00,44927.75,9660.28809,0.0
2025-10-31 02:00:00,43276.625,9702.93066,0.0
2025-10-31 03:00:00,42044.25,9567.28711,0.0
2025-10-31 04:00:00,41424.625,9302.1582,0.0
2025-10-31 05:00:00,43535.5,9033.2002,0.0
2025-10-31 06:00:00,47476.625,8988.66602,0.0
2025-10-31 07:00:00,50796.125,9243.47949,0.0
2025-10-31 08:00:00,52415.5,9849.74609,51.56875
2025-10-31 09:00:00,53032.75,10270.84668,1129.76624
2025-10-31 10:00:00,52450.25,11126.55273,3200.16992
2025-10-31 11:00:00,52712.625,9817.80762,5259.30029
2025-10-31 12:00:00,53930.125,8730.45898,6605.42139
2025-10-31 13:00:00,53087.375,8761.4707,7009.29004
2025-10-31 14:00:00,50984.0,9473.57715,6730.24609
2025-10-31 15:00:00,49776.875,10429.45898,5670.6665
2025-10-31 16:00:00,48805.625,11161.05371,3775.34619
2025-10-31 17:00:00,50001.875,11693.5332,1715.49744
2025-10-31 18:00:00,52906.25,12360.5752,364.20749
2025-10-31 19:00:00,53006.25,12924.5166,0.0
2025-10-31 20:00:00,49424.625,13244.25098,0.0
2025-10-31 21:00:00,46342.625,13424.42188,0.0
2025-10-31 22:00:00,45923.25,13664.75977,0.0
2025-10-31 23:00:00,46580.125,13854.43652,0.0
2025-11-01 00:00:00,43550.0,14656.65625,0.0
2025-11-01 01:00:00,40650.0,14515.31152,0.0
2025-11-01 02:00:00,39150.0,14283.33301,0.0
2025-11-01 03:00:00,36337.5,14144.28516,0.0
2025-11-01 04:00:00,34850.0,14127.87891,0.0
2025-11-01 05:00:00,34500.0,13970.63184,0.0
2025-11-01 06:00:00,35662.5,13834.28027,0.0
2025-11-01 07:00:00,36812.5,13738.92383,0.0
2025-11-01 08:00:00,38087.5,13891.0957,30.1625
2025-11-01 09:00:00,39900.0,13785.70703,773.04755
2025-11-01 10:00:00,41137.5,13693.58887,2216.77637
2025-11-01 11:00:00,42225.0,13581.14258,3905.35864
2025-11-01 12:00:00,44375.0,13114.59766,5162.03857
2025-11-01 13:00:00,44237.5,12835.02344,5812.51367
2025-11-01 14:00:00,42037.5,12492.93555,5694.50488
2025-11-01 15:00:00,40600.0,11594.33496,4759.40527
2025-11-01 16:00:00,40025.0,10252.50684,3313.2627
2025-11-01 17:00:00,41225.0,9192.89258,1498.65015
2025-11-01 18:00:00,44675.0,8705.3252,287.28
2025-11-01 19:00:00,45287.5,8538.94727,0.0
2025-11-01 20:00:00,43312.5,8561.00488,0.0
2025-11-01 21:00:00,41412.5,8737.20508,0.0
2025-11-01 22:00:00,41450.0,8740.11523,0.0
2025-11-01 23:00:00,43700.0,8491.26562,0.0
2025-11-02 00:00:00,42798.125,9020.25879,0.0
2025-11-02 01:00:00,40971.375,8486.797849999999,0.0
2025-11-02 02:00:00,39428.625,7954.56641,0.0
2025-11-02 03:00:00,36999.375,7521.06885,0.0
2025-11-02 04:00:00,35809.875,7230.37744,0.0
2025-11-02 05:00:00,35603.25,7293.23389,0.0
2025-11-02 06:00:00,36795.75,7814.96387,0.0
2025-11-02 07:00:00,37643.375,8426.63867,0.0
2025-11-02 08:00:00,39610.125,9222.70312,18.83125
2025-11-02 09:00:00,42084.625,9769.34766,718.35504
2025-11-02 10:00:00,44320.75,10507.24512,2352.02124
2025-11-02 11:00:00,46376.25,11273.68555,4182.32275
2025-11-02 12:00:00,49237.25,11956.4375,5517.42725
2025-11-02 13:00:00,48592.25,12704.3877,6025.34717
2025-11-02 14:00:00,46129.625,12782.32422,6172.0625
2025-11-02 15:00:00,44927.0,12600.35645,5500.40283
2025-11-02 16:00:00,43681.625,11979.40625,3846.22754
2025-11-02 17:00:00,44623.125,11149.50879,1732.21118
2025-11-02 18:00:00,47949.625,10300.8623,338.68127
2025-11-02 19:00:00,50746.25,9316.56836,0.0
2025-11-02 20:00:00,48359.125,8422.64258,0.0
2025-11-02 21:00:00,46305.375,7969.1626,0.0
2025-11-02 22:00:00,46014.5,7926.04639,0.0
2025-11-02 23:00:00,47060.125,7808.60254,0.0
2025-11-03 00:00:00,45221.625,7122.25488,0.0
2025-11-03 01:00:00,43609.375,6984.86621,0.0
2025-11-03 02:00:00,42481.625,6803.89746,0.0
2025-11-03 03:00:00,40532.875,6832.00977,0.0
2025-11-03 04:00:00,39843.75,6761.94873,0.0
2025-11-03 05:00:00,41608.375,6679.0498,0.0
2025-11-03 06:00:00,45631.0,6598.30762,0.0
2025-11-03 07:00:00,49302.625,6646.52783,0.0
2025-11-03 08:00:00,52132.125,6895.25781,38.94375
2025-11-03 09:00:00,53955.125,6986.69238,1226.05371
2025-11-03 10:00:00,53832.5,7058.83252,3913.48755
2025-11-03 11:00:00,53821.0,7507.03662,6827.7627
2025-11-03 12:00:00,54230.625,8383.5752,8945.39551
2025-11-03 13:00:00,54005.375,9368.77246,9833.45605
2025-11-03 14:00:00,52682.0,9890.4873,9653.17969
2025-11-03 15:00:00,51134.75,9420.30371,8348.34766
2025-11-03 16:00:00,50065.375,8234.03125,5758.45459
2025-11-03 17:00:00,50636.5,7623.25342,2430.18506
2025-11-03 18:00:00,54675.75,7801.25488,422.07376
2025-11-03 19:00:00,56141.625,8309.89453,0.0
2025-11-03 20:00:00,52418.625,8735.78516,0.0
2025-11-03 21:00:00,49318.375,8914.056639999999,0.0
2025-11-03 22:00:00,48626.875,8834.48438,0.0
2025-11-03 23:00:00,49605.375,8648.49902,0.0
2025-11-04 00:00:00,47037.5,8472.5918,0.0
2025-11-04 01:00:00,44875.0,8116.4126,0.0
2025-11-04 02:00:00,43650.0,7951.79492,0.0
2025-11-04 03:00:00,41725.0,7783.44238,0.0
2025-11-04 04:00:00,41087.5,7598.33252,0.0
2025-11-04 05:00:00,42950.0,7674.62109,0.0
2025-11-04 06:00:00,47725.0,7881.84473,0.0
2025-11-04 07:00:00,52275.0,8111.95361,0.0
2025-11-04 08:00:00,53887.5,8530.25098,33.125
2025-11-04 09:00:00,54850.0,8880.994139999999,1328.4187
2025-11-04 10:00:00,54250.0,10428.74512,4540.43848
2025-11-04 11:00:00,54112.5,9095.41895,8073.4751
2025-11-04 12:00:00,54362.5,7413.32373,10569.32227
2025-11-04 13:00:00,53475.0,7221.64502,11620.99609
2025-11-04 14:00:00,52450.0,7258.5376,11106.17969
2025-11-04 15:00:00,51512.5,7453.61475,9056.16309
2025-11-04 16:00:00,50687.5,9227.23438,5797.21582
2025-11-04 17:00:00,51837.5,11239.22852,2284.43994
2025-11-04 18:00:00,55700.0,12786.8252,373.89374
2025-11-04 19:00:00,57037.5,13666.81641,0.0
2025-11-04 20:00:00,53287.5,13886.92188,0.0
2025-11-04 21:00:00,50100.0,13834.12598,0.0
2025-11-04 22:00:00,49250.0,13694.49316,0.0
2025-11-04 23:00:00,49362.5,13586.77734,0.0
2025-11-05 00:00:00,46237.25,13579.75,0.0
2025-11-05 01:00:00,44189.0,13730.75977,0.0
2025-11-05 02:00:00,42739.75,13760.54199,0.0
2025-11-05 03:00:00,40707.5,13651.75293,0.0
2025-11-05 04:00:00,39990.0,13663.48145,0.0
2025-11-05 05:00:00,41774.625,13531.08691,0.0
2025-11-05 06:00:00,45843.75,13425.13379,0.0
2025-11-05 07:00:00,49878.625,13426.88379,0.0
2025-11-05 08:00:00,51790.625,13589.44629,24.5125
2025-11-05 09:00:00,52368.25,13640.2832,1118.35754
2025-11-05 10:00:00,51928.125,14301.09668,3767.55249
2025-11-05 11:00:00,51863.0,12359.96973,6801.69873
2025-11-05 12:00:00,52583.0,10430.17773,8878.77051
2025-11-05 13:00:00,51820.25,9772.15137,9798.24609
2025-11-05 14:00:00,50228.375,9369.32715,9371.97754
2025-11-05 15:00:00,49064.125,9457.82812,7543.04248
2025-11-05 16:00:00,48183.625,10691.31738,4731.55029
2025-11-05 17:00:00,49594.5,12021.62402,1841.62622
2025-11-05 18:00:00,53452.625,13054.58691,302.21625
2025-11-05 19:00:00,54107.25,13566.5166,0.0
2025-11-05 20:00:00,50466.625,13226.24609,0.0
2025-11-05 21:00:00,47927.0,12677.96191,0.0
2025-11-05 22:00:00,47624.75,12175.43652,0.0
2025-11-05 23:00:00,48341.25,11550.14941,0.0
2025-11-06 00:00:00,46637.5,12441.43555,0.0
2025-11-06 01:00:00,44700.0,11497.98145,0.0
2025-11-06 02:00:00,43300.0,10644.41309,0.0
2025-11-06 03:00:00,41075.0,10028.12207,0.0
2025-11-06 04:00:00,40425.0,9415.47266,0.0
2025-11-06 05:00:00,42312.5,9009.5498,0.0
2025-11-06 06:00:00,46325.0,8676.70801,0.0
2025-11-06 07:00:00,50175.0,8199.1875,0.0
2025-11-06 08:00:00,52412.5,7704.49219,11.775
2025-11-06 09:00:00,53275.0,7127.06348,648.28998
2025-11-06 10:00:00,53312.5,6918.854,2119.64746
2025-11-06 11:00:00,53300.0,5869.53516,3605.94751
2025-11-06 12:00:00,54212.5,5044.19482,4644.7998
2025-11-06 13:00:00,53750.0,4734.35254,5105.39844
2025-11-06 14:00:00,52212.5,4352.3667000000005,5063.47607
2025-11-06 15:00:00,51387.5,3968.49634,4336.95117
2025-11-06 16:00:00,50587.5,3548.3501,2797.10498
2025-11-06 17:00:00,51612.5,3664.26245,1125.03125
2025-11-06 18:00:00,54987.5,4302.0459,200.70749
2025-11-06 19:00:00,55675.0,4981.5459,0.0
2025-11-06 20:00:00,52312.5,5353.66992,0.0
2025-11-06 21:00:00,49312.5,5526.9541,0.0
2025-11-06 22:00:00,49237.5,5513.93115,0.0
2025-11-06 23:00:00,49812.5,5488.84863,0.0
2025-11-07 00:00:00,47225.0,4228.51367,0.0
2025-11-07 01:00:00,45112.5,4090.11621,0.0
2025-11-07 02:00:00,43550.0,4010.28003,0.0
2025-11-07 03:00:00,41512.5,4094.11377,0.0
2025-11-07 04:00:00,41262.5,4235.882320000001,0.0
2025-11-07 05:00:00,43325.0,4532.49707,0.0
2025-11-07 06:00:00,47500.0,4648.85889,0.0
2025-11-07 07:00:00,51400.0,4527.61621,0.0
2025-11-07 08:00:00,53025.0,4247.447270000001,7.925
2025-11-07 09:00:00,53287.5,4310.28369,723.29248
2025-11-07 10:00:00,52912.5,4603.4248,2676.60376
2025-11-07 11:00:00,53312.5,4739.090819999999,4967.31982
2025-11-07 12:00:00,54375.0,5246.146,6260.32471
2025-11-07 13:00:00,54025.0,6044.31348,6685.32764
2025-11-07 14:00:00,52437.5,6388.74756,6401.13086
2025-11-07 15:00:00,51050.0,6232.15918,5299.13477
2025-11-07 16:00:00,50575.0,5234.21729,3356.56616
2025-11-07 17:00:00,51575.0,4448.32715,1272.53369
2025-11-07 18:00:00,54612.5,4306.79492,199.28999
2025-11-07 19:00:00,55162.5,4174.7172900000005,0.0
2025-11-07 20:00:00,52312.5,3991.53003,0.0
2025-11-07 21:00:00,49687.5,3890.97632,0.0
2025-11-07 22:00:00,49250.0,3657.36377,0.0
2025-11-07 23:00:00,49950.0,3269.53247,0.0
2025-11-08 00:00:00,47875.0,3165.25879,0.0
2025-11-08 01:00:00,45250.0,2702.29883,0.0
2025-11-08 02:00:00,43575.0,2331.48389,0.0
2025-11-08 03:00:00,41350.0,2030.125,0.0
2025-11-08 04:00:00,40050.0,1739.87122,0.0
2025-11-08 05:00:00,40575.0,1515.2749,0.0
2025-11-08 06:00:00,42100.0,1372.86377,0.0
2025-11-08 07:00:00,43587.5,1281.89624,0.0
2025-11-08 08:00:00,45362.5,1231.07251,8.91875
2025-11-08 09:00:00,47250.0,1172.995,627.23877
2025-11-08 10:00:00,48462.5,1068.74243,2082.78882
2025-11-08 11:00:00,49000.0,989.09003,3850.28125
2025-11-08 12:00:00,50637.5,1115.0813,5109.30518
2025-11-08 13:00:00,49512.5,1342.91248,5598.24268
2025-11-08 14:00:00,47762.5,1601.85254,5428.0166
2025-11-08 15:00:00,46600.0,1854.81494,4463.14893
2025-11-08 16:00:00,45775.0,2029.22876,2936.60864
2025-11-08 17:00:00,47350.0,2314.66992,1197.02124
2025-11-08 18:00:00,50675.0,2818.99878,197.61002
2025-11-08 19:00:00,51525.0,3213.66382,0.0
2025-11-08 20:00:00,49237.5,3393.18872,0.0
2025-11-08 21:00:00,47162.5,3487.21387,0.0
2025-11-08 22:00:00,47762.5,3458.64014,0.0
2025-11-08 23:00:00,49137.5,3331.51367,0.0
2025-11-09 00:00:00,46800.125,3590.40015,0.0
2025-11-09 01:00:00,44975.125,3521.61133,0.0
2025-11-09 02:00:00,43377.5,3449.82373,0.0
2025-11-09 03:00:00,40958.0,3385.09863,0.0
2025-11-09 04:00:00,39653.5,3289.88379,0.0
2025-11-09 05:00:00,39781.75,3199.92383,0.0
2025-11-09 06:00:00,41418.375,3132.34766,0.0
2025-11-09 07:00:00,43373.25,3068.60742,0.0
2025-11-09 08:00:00,44663.625,3092.2251,8.3875
2025-11-09 09:00:00,46195.625,3076.53003,888.52625
2025-11-09 10:00:00,47731.875,2930.93506,3244.85254
2025-11-09 11:00:00,49121.625,2883.65503,6000.31592
2025-11-09 12:00:00,51134.875,2893.49365,7854.09033
2025-11-09 13:00:00,49775.0,3140.76123,8384.87793
2025-11-09 14:00:00,47333.25,3453.41748,8196.14648
2025-11-09 15:00:00,46663.125,3520.34375,7017.50488
2025-11-09 16:00:00,45495.0,3405.65625,4544.26514
2025-11-09 17:00:00,47441.0,3500.62988,1716.9425
2025-11-09 18:00:00,51529.125,3907.53003,255.73126
2025-11-09 19:00:00,54196.125,4417.50488,0.0
2025-11-09 20:00:00,52149.375,4766.73096,0.0
2025-11-09 21:00:00,49772.875,5118.40771,0.0
2025-11-09 22:00:00,49327.875,5504.85254,0.0
2025-11-09 23:00:00,50381.875,5820.13281,0.0
2025-11-10 00:00:00,47237.5,6320.05029,0.0
2025-11-10 01:00:00,45725.0,6465.42041,0.0
2025-11-10 02:00:00,44412.5,6505.01514,0.0
2025-11-10 03:00:00,42612.5,6423.80908,0.0
2025-11-10 04:00:00,41987.5,6316.50977,0.0
2025-11-10 05:00:00,44162.5,6376.49902,0.0
2025-11-10 06:00:00,49037.5,6653.13281,0.0
2025-11-10 07:00:00,53712.5,6789.15479,0.0
2025-11-10 08:00:00,55262.5,6919.7251,4.94375
2025-11-10 09:00:00,55750.0,7061.71777,661.82251
2025-11-10 10:00:00,55750.0,7883.40039,2473.55762
2025-11-10 11:00:00,55750.0,7239.65137,4614.396
2025-11-10 12:00:00,56337.5,6363.57617,6277.50098
2025-11-10 13:00:00,55687.5,6321.22119,6994.7876
2025-11-10 14:00:00,54275.0,6720.23389,6794.79785
2025-11-10 15:00:00,53112.5,7258.09277,5668.45508
2025-11-10 16:00:00,51587.5,7919.01465,3655.16504
2025-11-10 17:00:00,52512.5,8655.60449,1391.21497
2025-11-10 18:00:00,56675.0,9238.73438,207.94876
2025-11-10 19:00:00,57975.0,9317.53906,0.0
2025-11-10 20:00:00,54662.5,9036.6543,0.0
2025-11-10 21:00:00,52212.5,8832.04199,0.0
2025-11-10 22:00:00,52112.5,8572.29492,0.0
2025-11-10 23:00:00,52562.5,8184.11475,0.0
2025-11-11 00:00:00,48187.5,8766.87012,0.0
2025-11-11 01:00:00,46025.0,8592.59277,0.0
2025-11-11 02:00:00,45175.0,8405.11816,0.0
2025-11-11 03:00:00,42212.5,8079.00635,0.0
2025-11-11 04:00:00,40837.5,7725.32666,0.0
2025-11-11 05:00:00,40900.0,7557.0376,0.0
2025-11-11 06:00:00,41862.5,7429.8374,0.0
2025-11-11 07:00:00,42812.5,7390.84375,0.0
2025-11-11 08:00:00,43512.5,7570.13135,4.55625
2025-11-11 09:00:00,45687.5,7786.17871,747.35876
2025-11-11 10:00:00,47312.5,8050.01904,2742.0376
2025-11-11 11:00:00,48525.0,7534.94385,5285.53906
2025-11-11 12:00:00,49575.0,7594.00879,7370.89111
2025-11-11 13:00:00,48787.5,8054.09912,8391.99902
2025-11-11 14:00:00,46275.0,8243.87988,8208.52637
2025-11-11 15:00:00,44287.5,8540.2002,6924.45117
2025-11-11 16:00:00,43137.5,8908.55762,4438.51465
2025-11-11 17:00:00,45387.5,9645.36133,1627.90613
2025-11-11 18:00:00,50587.5,11133.21777,228.81
2025-11-11 19:00:00,52237.5,12602.31836,0.0
2025-11-11 20:00:00,49725.0,13328.43262,0.0
2025-11-11 21:00:00,46925.0,13694.85449,0.0
2025-11-11 22:00:00,46187.5,13830.16602,0.0
2025-11-11 23:00:00,47825.0,13626.57227,0.0
2025-11-12 00:00:00,46312.5,13255.37012,0.0
2025-11-12 01:00:00,44550.0,13084.89062,0.0
2025-11-12 02:00:00,43512.5,12902.68652,0.0
2025-11-12 03:00:00,41650.0,12592.39941,0.0
2025-11-12 04:00:00,41037.5,12206.66113,0.0
2025-11-12 05:00:00,43262.5,12111.74316,0.0
2025-11-12 06:00:00,48262.5,12434.33105,0.0
2025-11-12 07:00:00,53437.5,12655.08691,0.0
2025-11-12 08:00:00,55525.0,12927.72852,2.6125
2025-11-12 09:00:00,56175.0,12920.55469,808.39874
2025-11-12 10:00:00,55887.5,13567.70312,3265.73633
2025-11-12 11:00:00,55700.0,11963.95117,6403.56396
2025-11-12 12:00:00,56112.5,9765.21191,8709.49902
2025-11-12 13:00:00,55337.5,9073.77148,9619.01855
2025-11-12 14:00:00,53687.5,8906.54688,9095.08008
2025-11-12 15:00:00,52500.0,9016.29395,7333.71973
2025-11-12 16:00:00,51712.5,11747.80859,4503.18994
2025-11-12 17:00:00,53100.0,13366.46875,1587.38513
2025-11-12 18:00:00,56800.0,13678.30664,210.80626
2025-11-12 19:00:00,57550.0,14289.35156,0.0
2025-11-12 20:00:00,53650.0,14888.38281,0.0
2025-11-12 21:00:00,50312.5,15105.5957,0.0
2025-11-12 22:00:00,49425.0,14878.5,0.0
2025-11-12 23:00:00,50237.5,14624.84473,0.0
2025-11-13 00:00:00,46697.25,13957.92773,0.0
2025-11-13 01:00:00,44557.0,13630.57129,0.0
2025-11-13 02:00:00,42986.375,13303.50781,0.0
2025-11-13 03:00:00,40937.375,12700.17188,0.0
2025-11-13 04:00:00,40396.875,12058.54199,0.0
2025-11-13 05:00:00,42330.25,11541.11133,0.0
2025-11-13 06:00:00,46897.0,11039.03223,0.0
2025-11-13 07:00:00,51879.25,10626.92773,0.0
2025-11-13 08:00:00,53660.625,10341.30566,1.475
2025-11-13 09:00:00,53631.5,9770.11621,751.185
2025-11-13 10:00:00,52983.25,9265.7373,3182.04883
2025-11-13 11:00:00,52846.25,8424.88477,6098.15869
2025-11-13 12:00:00,53383.625,7386.604,8141.08496
2025-11-13 13:00:00,53172.25,7197.47607,8922.04102
2025-11-13 14:00:00,51943.125,7015.24609,8485.09277
2025-11-13 15:00:00,51088.625,6858.90234,6828.64111
2025-11-13 16:00:00,50060.0,7364.07617,4154.8374
2025-11-13 17:00:00,51318.375,8028.82617,1445.59753
2025-11-13 18:00:00,54465.75,8701.55371,185.7075
2025-11-13 19:00:00,55049.875,9501.58008,0.0
2025-11-13 20:00:00,51370.375,9974.2793,0.0
2025-11-13 21:00:00,48298.125,10188.52441,0.0
2025-11-13 22:00:00,47670.75,10699.93262,0.0
2025-11-13 23:00:00,48195.125,11006.95801,0.0
2025-11-14 00:00:00,45125.0,11655.55664,0.0
2025-11-14 01:00:00,43037.5,11452.52441,0.0
2025-11-14 02:00:00,41550.0,11660.13086,0.0
2025-11-14 03:00:00,39687.5,12046.79004,0.0
2025-11-14 04:00:00,39187.5,12212.54297,0.0
2025-11-14 05:00:00,40925.0,12493.28809,0.0
2025-11-14 06:00:00,45012.5,13179.21387,0.0
2025-11-14 07:00:00,49262.5,13680.88574,0.0
2025-11-14 08:00:00,50725.0,14245.62793,0.74375
2025-11-14 09:00:00,50937.5,14185.16992,518.32751
2025-11-14 10:00:00,50625.0,13973.36719,2070.74756
2025-11-14 11:00:00,50862.5,14019.48438,3980.36768
2025-11-14 12:00:00,51737.5,14043.55566,5375.51367
2025-11-14 13:00:00,51287.5,14178.09863,6016.99023
2025-11-14 14:00:00,49862.5,14438.67773,5701.78271
2025-11-14 15:00:00,48637.5,14416.79297,4658.79248
2025-11-14 16:00:00,47962.5,13718.28125,2862.64136
2025-11-14 17:00:00,49487.5,12645.6875,1007.64502
2025-11-14 18:00:00,52175.0,11787.84375,140.32875
2025-11-14 19:00:00,52237.5,11036.71191,0.0
2025-11-14 20:00:00,49200.0,10523.68066,0.0
2025-11-14 21:00:00,46050.0,10078.91504,0.0
2025-11-14 22:00:00,45237.5,9372.29883,0.0
2025-11-14 23:00:00,46912.5,8426.81641,0.0
2025-11-15 00:00:00,45037.5,6649.9751,0.0
2025-11-15 01:00:00,42775.0,6072.729,0.0
2025-11-15 02:00:00,41300.0,5616.10107,0.0
2025-11-15 03:00:00,38875.0,4981.8374,0.0
2025-11-15 04:00:00,37312.5,4365.277340000001,0.0
2025-11-15 05:00:00,37412.5,3926.74512,0.0
2025-11-15 06:00:00,38725.0,3571.60254,0.0
2025-11-15 07:00:00,40387.5,3232.05249,0.0
2025-11-15 08:00:00,42175.0,2994.19385,0.28125
2025-11-15 09:00:00,44187.5,2848.48755,463.53125
2025-11-15 10:00:00,45500.0,2772.04492,2158.70508
2025-11-15 11:00:00,46812.5,2300.87134,4293.6748
2025-11-15 12:00:00,49200.0,1985.00244,5981.03223
2025-11-15 13:00:00,48325.0,2009.27881,6614.375
2025-11-15 14:00:00,45800.0,1932.7251,6286.9751
2025-11-15 15:00:00,44300.0,1897.41626,5064.35742
2025-11-15 16:00:00,43687.5,1768.07629,3089.56641
2025-11-15 17:00:00,45625.0,1781.3512,1066.27258
2025-11-15 18:00:00,49162.5,2097.0900899999997,130.51874
2025-11-15 19:00:00,50137.5,2383.91504,0.0
2025-11-15 20:00:00,47562.5,2514.43506,0.0
2025-11-15 21:00:00,45162.5,2677.38892,0.0
2025-11-15 22:00:00,45025.0,2794.01123,0.0
2025-11-15 23:00:00,46975.0,2819.38867,0.0
2025-11-16 00:00:00,44100.0,3167.6626,0.0
2025-11-16 01:00:00,42050.0,2902.20264,0.0
2025-11-16 02:00:00,40287.5,2595.61133,0.0
2025-11-16 03:00:00,37800.0,2447.05493,0.0
2025-11-16 04:00:00,36587.5,2239.63989,0.0
2025-11-16 05:00:00,36512.5,1915.84119,0.0
2025-11-16 06:00:00,37800.0,1692.72119,0.0
2025-11-16 07:00:00,38975.0,1756.59619,0.0
2025-11-16 08:00:00,40325.0,1975.68872,0.09375
2025-11-16 09:00:00,42850.0,2126.0549300000002,338.375
2025-11-16 10:00:00,45150.0,2062.51245,1483.47876
2025-11-16 11:00:00,46825.0,1915.72998,2954.95508
2025-11-16 12:00:00,48912.5,2015.02124,4101.10352
2025-11-16 13:00:00,48137.5,2234.5188,4612.47021
2025-11-16 14:00:00,46212.5,2404.12866,4366.6167
2025-11-16 15:00:00,44937.5,2521.96387,3460.41504
2025-11-16 16:00:00,44150.0,2792.37988,1932.51123
2025-11-16 17:00:00,46125.0,3403.7312,622.01373
2025-11-16 18:00:00,50087.5,4244.59863,87.5775
2025-11-16 19:00:00,51437.5,4867.81885,0.0
2025-11-16 20:00:00,49375.0,5113.1875,0.0
2025-11-16 21:00:00,47487.5,5286.02881,0.0
2025-11-16 22:00:00,47387.5,5476.56592,0.0
2025-11-16 23:00:00,48750.0,5690.24219,0.0
2025-11-17 00:00:00,46362.5,5119.19385,0.0
2025-11-17 01:00:00,44675.0,5253.66895,0.0
2025-11-17 02:00:00,43525.0,5233.43506,0.0
2025-11-17 03:00:00,41687.5,5304.125,0.0
2025-11-17 04:00:00,41437.5,5441.24365,0.0
2025-11-17 05:00:00,44450.0,6216.96387,0.0
2025-11-17 06:00:00,49812.5,7302.22119,0.0
2025-11-17 07:00:00,55575.0,7836.99512,0.0
2025-11-17 08:00:00,58237.5,8377.99023,0.08125
2025-11-17 09:00:00,58925.0,8551.8252,564.53625
2025-11-17 10:00:00,58437.5,8075.20752,2539.41113
2025-11-17 11:00:00,58400.0,8392.42383,5077.46875
2025-11-17 12:00:00,59150.0,9924.74219,6865.42871
2025-11-17 13:00:00,58812.5,10552.47266,7441.65527
2025-11-17 14:00:00,57050.0,10454.62402,7378.41504
2025-11-17 15:00:00,55700.0,9860.21973,6186.44238
2025-11-17 16:00:00,54512.5,8453.39746,3772.54614
2025-11-17 17:00:00,56162.5,7346.84717,1256.41235
2025-11-17 18:00:00,60912.5,6986.61719,139.2825
2025-11-17 19:00:00,62675.0,6747.37256,0.0
2025-11-17 20:00:00,59287.5,6213.30127,0.0
2025-11-17 21:00:00,56587.5,5657.75635,0.0
2025-11-17 22:00:00,56262.5,5307.43262,0.0
2025-11-17 23:00:00,56700.0,5034.00244,0.0
2025-11-18 00:00:00,54287.5,3406.28247,0.0
2025-11-18 01:00:00,52637.5,3060.27637,0.0
2025-11-18 02:00:00,51500.0,2838.76001,0.0
2025-11-18 03:00:00,49600.0,2692.77368,0.0
2025-11-18 04:00:00,49250.0,2536.60864,0.0
2025-11-18 05:00:00,51625.0,2422.54492,0.0
2025-11-18 06:00:00,56787.5,2365.54492,0.0
2025-11-18 07:00:00,62112.5,2338.6875,0.0
2025-11-18 08:00:00,63850.0,2365.40503,0.025
2025-11-18 09:00:00,64087.5,2405.80127,748.02124
2025-11-18 10:00:00,63487.5,2509.52002,3496.89136
2025-11-18 11:00:00,62975.0,2515.74878,7012.47754
2025-11-18 12:00:00,63387.5,2415.92114,9529.0625
2025-11-18 13:00:00,63037.5,2545.44751,10553.57031
2025-11-18 14:00:00,61337.5,2940.59619,10148.79883
2025-11-18 15:00:00,60187.5,3371.58252,8165.00488
2025-11-18 16:00:00,58850.0,3776.83862,4803.10596
2025-11-18 17:00:00,60875.0,4253.3999,1539.72375
2025-11-18 18:00:00,64712.5,4802.30029,164.23875
2025-11-18 19:00:00,65837.5,5488.72217,0.0
2025-11-18 20:00:00,62712.5,6324.14844,0.0
2025-11-18 21:00:00,59775.0,7318.04492,0.0
2025-11-18 22:00:00,59475.0,8144.78857,0.0
2025-11-18 23:00:00,59850.0,8438.60059,0.0
2025-11-19 00:00:00,58288.625,8949.40527,0.0
2025-11-19 01:00:00,56104.125,9132.15625,0.0
2025-11-19 02:00:00,54941.75,9545.00098,0.0
2025-11-19 03:00:00,53144.125,9938.91309,0.0
2025-11-19 04:00:00,52514.25,10159.95605,0.0
2025-11-19 05:00:00,54471.25,10348.61133,0.0
2025-11-19 06:00:00,58827.625,10694.74512,0.0
2025-11-19 07:00:00,63955.25,11030.10156,0.0
2025-11-19 08:00:00,66247.0,11253.23145,0.0
2025-11-19 09:00:00,66768.5,11187.86133,527.26874
2025-11-19 10:00:00,66904.625,11138.14258,2215.94263
2025-11-19 11:00:00,67146.0,10943.9502,4335.08008
2025-11-19 12:00:00,67378.25,10830.80371,5700.41113
2025-11-19 13:00:00,65919.375,10925.00879,6165.17139
2025-11-19 14:00:00,64664.375,11446.67676,5819.93359
2025-11-19 15:00:00,63825.625,12332.58008,4676.52246
2025-11-19 16:00:00,63140.75,12743.33984,2676.83496
2025-11-19 17:00:00,65024.75,13047.2373,848.11627
2025-11-19 18:00:00,68613.75,12975.09863,103.96875
2025-11-19 19:00:00,69658.125,12528.17871,0.0
2025-11-19 20:00:00,66565.25,11918.68359,0.0
2025-11-19 21:00:00,63453.625,11480.77734,0.0
2025-11-19 22:00:00,62805.625,11335.52441,0.0
2025-11-19 23:00:00,63070.75,11053.26074,0.0
2025-11-20 00:00:00,59687.5,10492.48926,0.0
2025-11-20 01:00:00,57575.0,9853.45996,0.0
2025-11-20 02:00:00,56375.0,9125.19629,0.0
2025-11-20 03:00:00,54837.5,8292.93848,0.0
2025-11-20 04:00:00,54200.0,7575.28613,0.0
2025-11-20 05:00:00,56437.5,7034.01025,0.0
2025-11-20 06:00:00,61237.5,6420.03516,0.0
2025-11-20 07:00:00,66675.0,5652.89502,0.0
2025-11-20 08:00:00,68612.5,4989.93652,0.0
2025-11-20 09:00:00,68962.5,4387.11621,503.63751
2025-11-20 10:00:00,68787.5,3861.84375,2273.35132
2025-11-20 11:00:00,68462.5,3483.23999,4586.63867
2025-11-20 12:00:00,68687.5,3356.53516,6301.50586
2025-11-20 13:00:00,68137.5,3393.96509,7005.97363
2025-11-20 14:00:00,67375.0,3446.74512,6796.59229
2025-11-20 15:00:00,66387.5,3430.57495,5552.57373
2025-11-20 16:00:00,65437.5,3347.6499,3281.70752
2025-11-20 17:00:00,66962.5,3270.70361,1032.10376
2025-11-20 18:00:00,70500.0,3609.19873,102.435
2025-11-20 19:00:00,71850.0,3953.14746,0.0
2025-11-20 20:00:00,68837.5,4054.40869,0.0
2025-11-20 21:00:00,66100.0,4082.19629,0.0
2025-11-20 22:00:00,65912.5,4190.28369,0.0
2025-11-20 23:00:00,65812.5,4241.41748,0.0
2025-11-21 00:00:00,62337.5,4250.423339999999,0.0
2025-11-21 01:00:00,60750.0,4346.61621,0.0
2025-11-21 02:00:00,60075.0,4357.79248,0.0
2025-11-21 03:00:00,58125.0,4326.8139599999995,0.0
2025-11-21 04:00:00,57825.0,4298.1889599999995,0.0
2025-11-21 05:00:00,60162.5,4317.52637,0.0
2025-11-21 06:00:00,65537.5,4315.45996,0.0
2025-11-21 07:00:00,71450.0,4334.62256,0.0
2025-11-21 08:00:00,74137.5,4498.4751,0.0
2025-11-21 09:00:00,74075.0,4555.36914,505.03748
2025-11-21 10:00:00,73337.5,4653.302250000001,2452.41626
2025-11-21 11:00:00,72787.5,4612.4770499999995,5040.82373
2025-11-21 12:00:00,72512.5,4666.066409999999,7116.89404
2025-11-21 13:00:00,71287.5,5156.15869,8084.25244
2025-11-21 14:00:00,69525.0,5621.06738,7853.23242
2025-11-21 15:00:00,68037.5,5852.75244,6414.03467
2025-11-21 16:00:00,67125.0,5782.57861,3778.36743
2025-11-21 17:00:00,69287.5,5629.98145,1201.41003
2025-11-21 18:00:00,71812.5,5701.80859,129.88126
2025-11-21 19:00:00,71787.5,5691.55615,0.0
2025-11-21 20:00:00,69100.0,5515.36035,0.0
2025-11-21 21:00:00,66200.0,5216.8501,0.0
2025-11-21 22:00:00,65962.5,4803.29346,0.0
2025-11-21 23:00:00,67100.0,4378.85596,0.0
2025-11-22 00:00:00,66562.5,3594.84131,0.0
2025-11-22 01:00:00,64037.5,3359.76001,0.0
2025-11-22 02:00:00,62687.5,3402.38257,0.0
2025-11-22 03:00:00,60875.0,3563.67114,0.0
2025-11-22 04:00:00,59787.5,3727.26636,0.0
2025-11-22 05:00:00,60450.0,4006.72021,0.0
2025-11-22 06:00:00,62387.5,4437.11719,0.0
2025-11-22 07:00:00,64525.0,4869.87988,0.0
2025-11-22 08:00:00,66350.0,5393.68994,0.0
2025-11-22 09:00:00,68437.5,5873.6084,637.27502
2025-11-22 10:00:00,69412.5,6419.31348,3140.02124
2025-11-22 11:00:00,69325.0,6857.2915,6563.82471
2025-11-22 12:00:00,70462.5,6833.37744,9077.55762
2025-11-22 13:00:00,69300.0,7106.96973,10101.45508
2025-11-22 14:00:00,66875.0,7671.40625,9528.57129
2025-11-22 15:00:00,65250.0,8278.11523,7416.354
2025-11-22 16:00:00,64300.0,9249.21777,4128.61914
2025-11-22 17:00:00,66512.5,10260.05273,1196.17627
2025-11-22 18:00:00,69900.0,11120.76074,97.82625
2025-11-22 19:00:00,70787.5,11646.08496,0.0
2025-11-22 20:00:00,68112.5,11642.61621,0.0
2025-11-22 21:00:00,65937.5,11689.76367,0.0
2025-11-22 22:00:00,65825.0,11906.94141,0.0
2025-11-22 23:00:00,67000.0,11724.75391,0.0
2025-11-23 00:00:00,65275.0,11068.4375,0.0
2025-11-23 01:00:00,63500.0,10944.03027,0.0
2025-11-23 02:00:00,61975.0,10753.11426,0.0
2025-11-23 03:00:00,59400.0,10371.93066,0.0
2025-11-23 04:00:00,57912.5,9851.18066,0.0
2025-11-23 05:00:00,57962.5,9714.87402,0.0
2025-11-23 06:00:00,58787.5,10010.79395,0.0
2025-11-23 07:00:00,59962.5,10675.23438,0.0
2025-11-23 08:00:00,61037.5,11502.28418,0.0
2025-11-23 09:00:00,63237.5,12190.62402,325.17502
2025-11-23 10:00:00,65212.5,12748.89941,1316.34875
2025-11-23 11:00:00,66112.5,13226.85645,2714.57739
2025-11-23 12:00:00,67375.0,13835.02344,3715.03613
2025-11-23 13:00:00,65600.0,14315.01953,4174.2251
2025-11-23 14:00:00,62775.0,14654.96387,3989.02612
2025-11-23 15:00:00,60912.5,14607.12109,3115.24634
2025-11-23 16:00:00,59825.0,14080.71777,1753.68506
2025-11-23 17:00:00,61900.0,13218.06152,514.45251
2025-11-23 18:00:00,65375.0,12186.11426,41.6775
2025-11-23 19:00:00,66612.5,11179.05273,0.0
2025-11-23 20:00:00,63700.0,10275.51855,0.0
2025-11-23 21:00:00,61000.0,9599.71484,0.0
2025-11-23 22:00:00,60037.5,9100.87012,0.0
2025-11-23 23:00:00,60600.0,8775.0,0.0
2025-11-24 00:00:00,59387.5,8351.39258,0.0
2025-11-24 01:00:00,57175.0,8287.54688,0.0
2025-11-24 02:00:00,56125.0,8068.95752,0.0
2025-11-24 03:00:00,53987.5,7697.18652,0.0
2025-11-24 04:00:00,52962.5,7647.83887,0.0
2025-11-24 05:00:00,55225.0,7969.36133,0.0
2025-11-24 06:00:00,60137.5,8381.02148,0.0
2025-11-24 07:00:00,65300.0,8852.40723,0.0
2025-11-24 08:00:00,67550.0,9509.13867,0.0
2025-11-24 09:00:00,68350.0,10067.44531,187.56874
2025-11-24 10:00:00,69075.0,10627.62891,1064.77246
2025-11-24 11:00:00,69337.5,11338.8291,2563.17627
2025-11-24 12:00:00,70112.5,12472.74023,3797.25879
2025-11-24 13:00:00,69475.0,13468.74023,4167.96875
2025-11-24 14:00:00,67987.5,13919.48438,3944.67383
2025-11-24 15:00:00,66787.5,13864.1377,3293.79492
2025-11-24 16:00:00,66125.0,13412.31836,1913.07996
2025-11-24 17:00:00,68437.5,12593.65527,585.74377
2025-11-24 18:00:00,71850.0,12174.95312,65.6625
2025-11-24 19:00:00,72887.5,12498.07617,0.0
2025-11-24 20:00:00,68637.5,12748.78809,0.0
2025-11-24 21:00:00,64587.5,12553.79004,0.0
2025-11-24 22:00:00,63237.5,12451.54395,0.0
2025-11-24 23:00:00,63725.0,12072.2959,0.0
2025-11-25 00:00:00,58137.5,10206.34766,0.0
2025-11-25 01:00:00,56137.5,10146.2959,0.0
2025-11-25 02:00:00,55212.5,10280.45312,0.0
2025-11-25 03:00:00,53350.0,10529.88574,0.0
2025-11-25 04:00:00,52762.5,10949.71191,0.0
2025-11-25 05:00:00,55012.5,11381.41016,0.0
2025-11-25 06:00:00,60225.0,11728.27734,0.0
2025-11-25 07:00:00,66412.5,11895.59473,0.0
2025-11-25 08:00:00,68300.0,11941.47852,0.0
2025-11-25 09:00:00,68375.0,11642.49512,392.81876
2025-11-25 10:00:00,68112.5,11244.15137,2001.34131
2025-11-25 11:00:00,68300.0,10826.16504,4204.47119
2025-11-25 12:00:00,68912.5,11025.22168,5750.01758
2025-11-25 13:00:00,68162.5,11004.08008,6471.81885
2025-11-25 14:00:00,66825.0,10992.15332,6215.56006
2025-11-25 15:00:00,65475.0,10986.63281,5015.78271
2025-11-25 16:00:00,65350.0,10385.625,2887.37134
2025-11-25 17:00:00,68000.0,9801.29102,857.5575
2025-11-25 18:00:00,71375.0,9741.33398,75.97125
2025-11-25 19:00:00,71900.0,9824.24219,0.0
2025-11-25 20:00:00,68175.0,9642.54688,0.0
2025-11-25 21:00:00,64387.5,9364.04492,0.0
2025-11-25 22:00:00,63225.0,8997.35352,0.0
2025-11-25 23:00:00,64525.0,8574.90234,0.0
2025-11-26 00:00:00,60587.5,8585.58691,0.0
2025-11-26 01:00:00,58362.5,8024.1499,0.0
2025-11-26 02:00:00,57212.5,7630.70996,0.0
2025-11-26 03:00:00,55150.0,7177.48877,0.0
2025-11-26 04:00:00,54625.0,6727.98535,0.0
2025-11-26 05:00:00,56600.0,6507.80029,0.0
2025-11-26 06:00:00,61462.5,6450.36621,0.0
2025-11-26 07:00:00,66862.5,6184.31982,0.0
2025-11-26 08:00:00,69412.5,5696.21631,0.0
2025-11-26 09:00:00,69812.5,5020.03857,448.26248
2025-11-26 10:00:00,69287.5,4282.6748,2410.63257
2025-11-26 11:00:00,69137.5,3670.28735,5219.32373
2025-11-26 12:00:00,69725.0,3390.52124,7361.5415
2025-11-26 13:00:00,68937.5,3445.27637,8220.07617
2025-11-26 14:00:00,67275.0,3519.6499,7946.52881
2025-11-26 15:00:00,66162.5,3466.04858,6464.21387
2025-11-26 16:00:00,66012.5,3329.05615,3716.74756
2025-11-26 17:00:00,68412.5,3307.69385,1097.43372
2025-11-26 18:00:00,71925.0,3503.03003,92.7
2025-11-26 19:00:00,72787.5,3699.24121,0.0
2025-11-26 20:00:00,69262.5,3771.65869,0.0
2025-11-26 21:00:00,65712.5,3916.85254,0.0
2025-11-26 22:00:00,64675.0,4209.83789,0.0
2025-11-26 23:00:00,65025.0,4683.28223,0.0
2025-11-27 00:00:00,62725.0,4154.12012,0.0
2025-11-27 01:00:00,60712.5,4632.3588899999995,0.0
2025-11-27 02:00:00,59887.5,5241.89648,0.0
2025-11-27 03:00:00,58075.0,5800.81543,0.0
2025-11-27 04:00:00,57387.5,6347.59229,0.0
2025-11-27 05:00:00,59650.0,6853.24609,0.0
2025-11-27 06:00:00,64900.0,7263.47119,0.0
2025-11-27 07:00:00,71012.5,7471.40479,0.0
2025-11-27 08:00:00,73337.5,7596.43262,0.0
2025-11-27 09:00:00,73262.5,7700.6875,471.63126
2025-11-27 10:00:00,72537.5,7777.56885,2416.83496
2025-11-27 11:00:00,71912.5,7945.73096,5164.45752
2025-11-27 12:00:00,71812.5,7894.07129,7263.12988
2025-11-27 13:00:00,70812.5,7570.96875,8112.57373
2025-11-27 14:00:00,69312.5,7394.3252,7652.28662
2025-11-27 15:00:00,67975.0,7345.63721,5913.58984
2025-11-27 16:00:00,67325.0,7538.4624,3255.23877
2025-11-27 17:00:00,69300.0,7949.07471,920.71747
2025-11-27 18:00:00,72562.5,8343.04688,66.84
2025-11-27 19:00:00,73387.5,8577.014650000001,0.0
2025-11-27 20:00:00,69425.0,8575.67676,0.0
2025-11-27 21:00:00,65850.0,8597.81934,0.0
2025-11-27 22:00:00,64837.5,8710.86426,0.0
2025-11-27 23:00:00,64887.5,8728.22363,0.0
2025-11-28 00:00:00,61887.5,9003.193360000001,0.0
2025-11-28 01:00:00,59775.0,8907.80762,0.0
2025-11-28 02:00:00,58500.0,8712.67383,0.0
2025-11-28 03:00:00,56500.0,8422.78613,0.0
2025-11-28 04:00:00,55800.0,8241.04297,0.0
2025-11-28 05:00:00,57812.5,8260.5752,0.0
2025-11-28 06:00:00,62862.5,8226.50098,0.0
2025-11-28 07:00:00,68875.0,7974.81396,0.0
2025-11-28 08:00:00,70675.0,7708.49023,0.0
2025-11-28 09:00:00,70887.5,7457.33154,389.33124
2025-11-28 10:00:00,70525.0,7395.00537,1829.42383
2025-11-28 11:00:00,69887.5,7376.57666,3826.46997
2025-11-28 12:00:00,69525.0,7499.89648,5316.85986
2025-11-28 13:00:00,68637.5,7447.97754,5812.41602
2025-11-28 14:00:00,66362.5,7415.14014,5593.5166
2025-11-28 15:00:00,64362.5,7426.87354,4470.63135
2025-11-28 16:00:00,63637.5,7540.60107,2450.26514
2025-11-28 17:00:00,66050.0,7617.50146,680.9762
2025-11-28 18:00:00,68800.0,7586.74023,51.45
2025-11-28 19:00:00,68725.0,7403.65967,0.0
2025-11-28 20:00:00,65287.5,7026.99121,0.0
2025-11-28 21:00:00,62137.5,6761.26123,0.0
2025-11-28 22:00:00,61550.0,6637.71875,0.0
2025-11-28 23:00:00,62375.0,6454.1875,0.0
2025-11-29 00:00:00,59262.5,5991.13379,0.0
2025-11-29 01:00:00,56937.5,6109.08105,0.0
2025-11-29 02:00:00,55237.5,6376.10498,0.0
2025-11-29 03:00:00,52812.5,6573.59619,0.0
2025-11-29 04:00:00,51612.5,6854.72363,0.0
2025-11-29 05:00:00,52612.5,7282.31006,0.0
2025-11-29 06:00:00,54362.5,7698.66406,0.0
2025-11-29 07:00:00,56400.0,8099.37891,0.0
2025-11-29 08:00:00,58362.5,8647.73242,0.0
2025-11-29 09:00:00,60262.5,9113.14551,390.59375
2025-11-29 10:00:00,60975.0,9778.07324,2132.875
2025-11-29 11:00:00,60950.0,10620.90723,4470.80469
2025-11-29 12:00:00,61900.0,11401.92969,6061.17285
2025-11-29 13:00:00,60862.5,11837.11328,6692.98779
2025-11-29 14:00:00,58437.5,11732.23633,6341.51025
2025-11-29 15:00:00,57025.0,11627.53223,4884.90625
2025-11-29 16:00:00,56887.5,11975.03809,2662.84863
2025-11-29 17:00:00,59162.5,12377.73242,742.33374
2025-11-29 18:00:00,61762.5,12255.3623,50.9775
2025-11-29 19:00:00,62600.0,11582.63867,0.0
2025-11-29 20:00:00,59762.5,10783.07031,0.0
2025-11-29 21:00:00,57112.5,9909.64648,0.0
2025-11-29 22:00:00,56912.5,8715.46484,0.0
2025-11-29 23:00:00,58437.5,7509.0,0.0
2025-11-30 00:00:00,55812.5,6039.51416,0.0
2025-11-30 01:00:00,53325.0,5962.33887,0.0
2025-11-30 02:00:00,51287.5,5580.83496,0.0
2025-11-30 03:00:00,49275.0,5264.91016,0.0
2025-11-30 04:00:00,47875.0,4968.08496,0.0
2025-11-30 05:00:00,48412.5,4569.27783,0.0
2025-11-30 06:00:00,49775.0,4251.94531,0.0
2025-11-30 07:00:00,51500.0,4096.5874,0.0
2025-11-30 08:00:00,53312.5,4108.31787,0.0
2025-11-30 09:00:00,55912.5,4060.39136,220.78125
2025-11-30 10:00:00,57737.5,3627.06128,1432.94373
2025-11-30 11:00:00,58700.0,3168.75244,3453.94751
2025-11-30 12:00:00,60037.5,3044.04248,5103.47217
2025-11-30 13:00:00,58725.0,3130.52759,5841.73975
2025-11-30 14:00:00,56625.0,3269.65869,6090.04883
2025-11-30 15:00:00,55662.5,3285.92896,5188.84619
2025-11-30 16:00:00,55125.0,3106.37012,2993.51245
2025-11-30 17:00:00,57325.0,3078.55737,872.86871
2025-11-30 18:00:00,61225.0,3322.80371,68.56875
2025-11-30 19:00:00,63112.5,3573.41626,0.0
2025-11-30 20:00:00,60700.0,3606.27368,0.0
2025-11-30 21:00:00,58437.5,3736.94751,0.0
2025-11-30 22:00:00,58075.0,4050.76489,0.0
2025-11-30 23:00:00,58712.5,4537.34033,0.0
2025-12-01 00:00:00,56837.5,5723.69287,0.0
2025-12-01 01:00:00,54962.5,6138.94092,0.0
2025-12-01 02:00:00,53962.5,6834.16016,0.0
2025-12-01 03:00:00,52012.5,7740.13379,0.0
2025-12-01 04:00:00,51050.0,8529.25488,0.0
2025-12-01 05:00:00,53237.5,9302.23047,0.0
2025-12-01 06:00:00,58362.5,10075.58594,0.0
2025-12-01 07:00:00,64087.5,10796.49023,0.0
2025-12-01 08:00:00,67000.0,11493.84961,0.0
2025-12-01 09:00:00,67650.0,11970.28516,417.11877
2025-12-01 10:00:00,67512.5,12490.25098,2372.02124
2025-12-01 11:00:00,67425.0,12305.16602,5371.89404
2025-12-01 12:00:00,67987.5,11569.58984,7721.03125
2025-12-01 13:00:00,66750.0,11482.7627,8621.68555
2025-12-01 14:00:00,64850.0,11825.19727,8211.20215
2025-12-01 15:00:00,63875.0,12099.24023,6428.59766
2025-12-01 16:00:00,63475.0,12736.91113,3483.34619
2025-12-01 17:00:00,64875.0,13616.47363,943.21381
2025-12-01 18:00:00,68012.5,14417.08789,61.26
2025-12-01 19:00:00,68975.0,15044.38477,0.0
2025-12-01 20:00:00,65437.5,15403.12598,0.0
2025-12-01 21:00:00,61712.5,15511.48145,0.0
2025-12-01 22:00:00,60737.5,15364.0,0.0
2025-12-01 23:00:00,61662.5,15048.54883,0.0
2025-12-02 00:00:00,60312.5,15654.22363,0.0
2025-12-02 01:00:00,58200.0,15371.08203,0.0
2025-12-02 02:00:00,56800.0,15129.9502,0.0
2025-12-02 03:00:00,54875.0,14593.10254,0.0
2025-12-02 04:00:00,54175.0,13727.78125,0.0
2025-12-02 05:00:00,56000.0,12746.39746,0.0
2025-12-02 06:00:00,60775.0,12020.18652,0.0
2025-12-02 07:00:00,66587.5,11537.96191,0.0
2025-12-02 08:00:00,68962.5,11226.13574,0.0
2025-12-02 09:00:00,69225.0,10739.8877,218.37498
2025-12-02 10:00:00,68612.5,9984.82129,1279.1438
2025-12-02 11:00:00,67987.5,9251.2627,2850.01514
2025-12-02 12:00:00,68787.5,8547.43652,4077.85522
2025-12-02 13:00:00,67762.5,8099.55713,4402.37012
2025-12-02 14:00:00,66562.5,7357.55371,4152.02637
2025-12-02 15:00:00,65475.0,6439.30615,3293.67627
2025-12-02 16:00:00,64487.5,5819.9375,1814.87378
2025-12-02 17:00:00,66275.0,5774.56348,511.01129
2025-12-02 18:00:00,69287.5,6150.66895,39.15375
2025-12-02 19:00:00,70412.5,6450.86523,0.0
2025-12-02 20:00:00,66975.0,6252.28369,0.0
2025-12-02 21:00:00,63100.0,5832.84277,0.0
2025-12-02 22:00:00,61987.5,5514.26904,0.0
2025-12-02 23:00:00,62650.0,5268.96387,0.0
2025-12-03 00:00:00,60150.0,4801.39258,0.0
2025-12-03 01:00:00,57425.0,4322.27539,0.0
2025-12-03 02:00:00,55400.0,3861.81494,0.0
2025-12-03 03:00:00,53275.0,3419.25757,0.0
2025-12-03 04:00:00,52287.5,3085.51611,0.0
2025-12-03 05:00:00,54512.5,2907.74243,0.0
2025-12-03 06:00:00,59350.0,2792.75366,0.0
2025-12-03 07:00:00,64637.5,2662.61377,0.0
2025-12-03 08:00:00,67537.5,2540.94873,0.0
2025-12-03 09:00:00,68200.0,2560.99878,207.48125
2025-12-03 10:00:00,68475.0,2595.3313,1379.27002
2025-12-03 11:00:00,68950.0,2616.16626,3134.2063
2025-12-03 12:00:00,70012.5,2598.42627,4567.53418
2025-12-03 13:00:00,69350.0,2587.35132,5184.82617
2025-12-03 14:00:00,67975.0,2658.1438,5073.90283
2025-12-03 15:00:00,66325.0,2633.98999,4086.12622
2025-12-03 16:00:00,65862.5,2478.4812,2280.88867
2025-12-03 17:00:00,67887.5,2559.27368,640.3175
2025-12-03 18:00:00,71237.5,3050.56738,44.8275
2025-12-03 19:00:00,72025.0,3542.78735,0.0
2025-12-03 20:00:00,68512.5,3959.72144,0.0
2025-12-03 21:00:00,64850.0,4498.295410000001,0.0
2025-12-03 22:00:00,63800.0,4972.67725,0.0
2025-12-03 23:00:00,63737.5,5510.70264,0.0
2025-12-04 00:00:00,59037.5,6993.34863,0.0
2025-12-04 01:00:00,57300.0,7981.29883,0.0
2025-12-04 02:00:00,55937.5,8689.44727,0.0
2025-12-04 03:00:00,53812.5,9257.94531,0.0
2025-12-04 04:00:00,53087.5,9720.13867,0.0
2025-12-04 05:00:00,55362.5,10131.91895,0.0
2025-12-04 06:00:00,60375.0,10427.28027,0.0
2025-12-04 07:00:00,66237.5,10453.67676,0.0
2025-12-04 08:00:00,68862.5,10478.65234,0.0
2025-12-04 09:00:00,68937.5,10318.3125,244.44374
2025-12-04 10:00:00,68600.0,9762.66992,1385.30994
2025-12-04 11:00:00,69162.5,9354.55859,2994.37988
2025-12-04 12:00:00,69662.5,9049.19629,4196.99707
2025-12-04 13:00:00,69037.5,9027.14844,4563.625
2025-12-04 14:00:00,67612.5,8780.68262,4281.45752
2025-12-04 15:00:00,65850.0,8016.8916,3507.58496
2025-12-04 16:00:00,65012.5,7184.85352,1933.26611
2025-12-04 17:00:00,67262.5,6537.88135,504.07373
2025-12-04 18:00:00,70062.5,6314.18506,31.30125
2025-12-04 19:00:00,70512.5,6062.7251,0.0
2025-12-04 20:00:00,66775.0,5704.31348,0.0
2025-12-04 21:00:00,63087.5,5309.65527,0.0
2025-12-04 22:00:00,62100.0,4916.81738,0.0
2025-12-04 23:00:00,62737.5,4576.8501,0.0
2025-12-05 00:00:00,60200.0,3956.93384,0.0
2025-12-05 01:00:00,58537.5,3626.95752,0.0
2025-12-05 02:00:00,57537.5,3409.92383,0.0
2025-12-05 03:00:00,55300.0,3301.12988,0.0
2025-12-05 04:00:00,54850.0,3290.18506,0.0
2025-12-05 05:00:00,57100.0,3291.79614,0.0
2025-12-05 06:00:00,61325.0,3167.01001,0.0
2025-12-05 07:00:00,66775.0,3091.9436,0.0
2025-12-05 08:00:00,69312.5,3147.55884,0.0
2025-12-05 09:00:00,69625.0,3390.19238,305.21249
2025-12-05 10:00:00,69287.5,3805.00879,1900.93372
2025-12-05 11:00:00,69025.0,4493.10596,4334.48975
2025-12-05 12:00:00,69525.0,5550.5835,6040.8335
2025-12-05 13:00:00,68437.5,6547.42871,6455.89893
2025-12-05 14:00:00,66375.0,7332.92334,6171.84229
2025-12-05 15:00:00,64400.0,8103.84375,4888.97217
2025-12-05 16:00:00,63275.0,9030.36621,2605.5376
2025-12-05 17:00:00,65225.0,10343.25098,668.86249
2025-12-05 18:00:00,67862.5,12006.08301,32.12625
2025-12-05 19:00:00,68087.5,13554.83105,0.0
2025-12-05 20:00:00,64725.0,14773.86523,0.0
2025-12-05 21:00:00,61450.0,15663.96094,0.0
2025-12-05 22:00:00,60862.5,16297.19141,0.0
2025-12-05 23:00:00,62037.5,16571.29688,0.0
2025-12-06 00:00:00,59737.5,17135.001949999998,0.0
2025-12-06 01:00:00,56625.0,17010.533199999998,0.0
2025-12-06 02:00:00,54575.0,16676.542970000002,0.0
2025-12-06 03:00:00,52150.0,16158.52344,0.0
2025-12-06 04:00:00,50912.5,15860.06543,0.0
2025-12-06 05:00:00,51325.0,15910.21484,0.0
2025-12-06 06:00:00,52862.5,16009.4873,0.0
2025-12-06 07:00:00,54825.0,16300.07422,0.0
2025-12-06 08:00:00,56662.5,16785.63477,0.0
2025-12-06 09:00:00,58037.5,16808.53516,247.43748
2025-12-06 10:00:00,59200.0,16592.14648,1383.9187
2025-12-06 11:00:00,59562.5,16577.95898,3126.64258
2025-12-06 12:00:00,60200.0,16285.43359,4340.79004
2025-12-06 13:00:00,59337.5,16674.32227,4686.08496
2025-12-06 14:00:00,56825.0,16993.03125,4470.71875
2025-12-06 15:00:00,55225.0,17056.957029999998,3513.66382
2025-12-06 16:00:00,54175.0,16537.02148,1882.16638
2025-12-06 17:00:00,55675.0,15531.67188,495.35626
2025-12-06 18:00:00,58350.0,14764.09277,27.82125
2025-12-06 19:00:00,58550.0,14139.71777,0.0
2025-12-06 20:00:00,56150.0,13504.50195,0.0
2025-12-06 21:00:00,53887.5,13109.48145,0.0
2025-12-06 22:00:00,53837.5,12779.48438,0.0
2025-12-06 23:00:00,55250.0,12158.18652,0.0
2025-12-07 00:00:00,53250.0,11995.93652,0.0
2025-12-07 01:00:00,50775.0,11836.11426,0.0
2025-12-07 02:00:00,48787.5,11689.22949,0.0
2025-12-07 03:00:00,46150.0,11703.42383,0.0
2025-12-07 04:00:00,44537.5,11749.46387,0.0
2025-12-07 05:00:00,44325.0,11869.78516,0.0
2025-12-07 06:00:00,45062.5,12063.95508,0.0
2025-12-07 07:00:00,46425.0,12268.27734,0.0
2025-12-07 08:00:00,47987.5,12712.06641,0.0
2025-12-07 09:00:00,50362.5,13205.29883,202.56252
2025-12-07 10:00:00,52600.0,13928.15039,1210.69385
2025-12-07 11:00:00,53487.5,14673.81055,2759.34375
2025-12-07 12:00:00,55262.5,15091.1748,3924.76001
2025-12-07 13:00:00,54425.0,15227.56641,4335.3125
2025-12-07 14:00:00,51712.5,15551.2373,4396.5625
2025-12-07 15:00:00,49925.0,16270.56934,3689.78003
2025-12-07 16:00:00,49200.0,16966.904300000002,2079.02881
2025-12-07 17:00:00,51112.5,17468.32422,571.11127
2025-12-07 18:00:00,54175.0,17791.58203,34.365
2025-12-07 19:00:00,55362.5,17950.11133,0.0
2025-12-07 20:00:00,53175.0,17904.53711,0.0
2025-12-07 21:00:00,50950.0,17383.92773,0.0
2025-12-07 22:00:00,50662.5,16627.560550000002,0.0
2025-12-07 23:00:00,51812.5,15853.21777,0.0
2025-12-08 00:00:00,49512.5,13401.82227,0.0
2025-12-08 01:00:00,47612.5,12939.54395,0.0
2025-12-08 02:00:00,46187.5,12464.46973,0.0
2025-12-08 03:00:00,44062.5,11972.5918,0.0
2025-12-08 04:00:00,43387.5,11382.23242,0.0
2025-12-08 05:00:00,45712.5,11062.25,0.0
2025-12-08 06:00:00,50850.0,11389.44824,0.0
2025-12-08 07:00:00,56550.0,11903.65723,0.0
2025-12-08 08:00:00,59125.0,11968.46484,0.0
2025-12-08 09:00:00,59700.0,11274.17578,297.0625
2025-12-08 10:00:00,60175.0,10691.06934,1845.11877
2025-12-08 11:00:00,60112.5,10891.03613,4260.85986
2025-12-08 12:00:00,60312.5,10660.44531,6059.66992
2025-12-08 13:00:00,59662.5,10305.55371,6705.13867
2025-12-08 14:00:00,58212.5,10070.52637,6445.42627
2025-12-08 15:00:00,56812.5,9934.63574,5165.90381
2025-12-08 16:00:00,56037.5,10300.20605,2830.60132
2025-12-08 17:00:00,57987.5,10418.16406,746.43506
2025-12-08 18:00:00,61050.0,10428.06641,39.30375
2025-12-08 19:00:00,62062.5,10644.01562,0.0
2025-12-08 20:00:00,58437.5,10689.36328,0.0
2025-12-08 21:00:00,54712.5,10272.64355,0.0
2025-12-08 22:00:00,53762.5,9990.83105,0.0
2025-12-08 23:00:00,55087.5,10081.61523,0.0
2025-12-09 00:00:00,52237.5,9902.16992,0.0
2025-12-09 01:00:00,50075.0,10168.63965,0.0
2025-12-09 02:00:00,48500.0,10564.85254,0.0
2025-12-09 03:00:00,46212.5,11022.14746,0.0
2025-12-09 04:00:00,45612.5,11570.79785,0.0
2025-12-09 05:00:00,47837.5,12130.43066,0.0
2025-12-09 06:00:00,52562.5,12623.18945,0.0
2025-12-09 07:00:00,58275.0,13266.43652,0.0
2025-12-09 08:00:00,60475.0,13984.37109,0.0
2025-12-09 09:00:00,60487.5,14380.8916,303.65625
2025-12-09 10:00:00,59787.5,14553.92188,2088.8811
2025-12-09 11:00:00,59275.0,15240.87988,5051.7998
2025-12-09 12:00:00,59337.5,13727.84863,7544.66016
2025-12-09 13:00:00,58562.5,12022.69043,8707.15527
2025-12-09 14:00:00,57037.5,11545.12793,8493.66602
2025-12-09 15:00:00,55212.5,13088.33984,6678.67139
2025-12-09 16:00:00,54375.0,15382.61426,3559.69751
2025-12-09 17:00:00,56725.0,16027.32129,914.71997
2025-12-09 18:00:00,59737.5,15650.94727,43.6125
2025-12-09 19:00:00,60950.0,14996.00684,0.0
2025-12-09 20:00:00,57837.5,14181.62402,0.0
2025-12-09 21:00:00,54562.5,13518.20508,0.0
2025-12-09 22:00:00,53737.5,12924.24121,0.0
2025-12-09 23:00:00,54512.5,12086.49121,0.0
2025-12-10 00:00:00,51125.0,10746.64844,0.0
2025-12-10 01:00:00,49162.5,9940.78809,0.0
2025-12-10 02:00:00,47475.0,9014.54102,0.0
2025-12-10 03:00:00,45400.0,7993.0415,0.0
2025-12-10 04:00:00,45050.0,7067.65137,0.0
2025-12-10 05:00:00,47012.5,6440.44873,0.0
2025-12-10 06:00:00,51712.5,5969.64648,0.0
2025-12-10 07:00:00,56925.0,5544.18896,0.0
2025-12-10 08:00:00,59412.5,5233.53613,0.0
2025-12-10 09:00:00,59975.0,5009.07227,222.64999
2025-12-10 10:00:00,60200.0,4856.46631,1276.82751
2025-12-10 11:00:00,60300.0,4860.83643,2964.24878
2025-12-10 12:00:00,60825.0,4745.04248,4352.771
2025-12-10 13:00:00,60462.5,4616.95752,4793.35352
2025-12-10 14:00:00,58837.5,4282.7973600000005,4717.20996
2025-12-10 15:00:00,57375.0,3647.37378,3825.28638
2025-12-10 16:00:00,56800.0,3177.04883,2064.70117
2025-12-10 17:00:00,58712.5,3002.79248,529.8288
2025-12-10 18:00:00,61625.0,2906.41748,22.9425
2025-12-10 19:00:00,62550.0,2682.15381,0.0
2025-12-10 20:00:00,58987.5,2353.29614,0.0
2025-12-10 21:00:00,55825.0,2094.5588399999997,0.0
2025-12-10 22:00:00,55262.5,1962.67249,0.0
2025-12-10 23:00:00,55712.5,1829.20251,0.0
2025-12-11 00:00:00,53717.875,1796.21631,0.0
2025-12-11 01:00:00,51708.25,1862.48633,0.0
2025-12-11 02:00:00,50360.625,1970.56372,0.0
2025-12-11 03:00:00,48085.0,1970.67505,0.0
2025-12-11 04:00:00,47437.75,2009.42993,0.0
2025-12-11 05:00:00,49567.5,2083.44238,0.0
2025-12-11 06:00:00,54203.5,2266.41626,0.0
2025-12-11 07:00:00,59616.0,2582.32617,0.0
2025-12-11 08:00:00,62140.25,2870.97363,0.0
2025-12-11 09:00:00,62449.5,3242.2063,202.05
2025-12-11 10:00:00,62408.625,3572.3562,1359.49878
2025-12-11 11:00:00,62437.75,3713.28247,3242.65503
2025-12-11 12:00:00,62855.875,3885.53125,4851.77881
2025-12-11 13:00:00,61911.5,3935.72119,5494.44629
2025-12-11 14:00:00,60609.0,3963.47998,5585.54248
2025-12-11 15:00:00,59216.125,4117.04395,4577.37988
2025-12-11 16:00:00,58572.875,4255.57617,2493.71875
2025-12-11 17:00:00,60801.75,4501.40381,653.8075
2025-12-11 18:00:00,63468.625,5057.3291,30.2325
2025-12-11 19:00:00,64112.25,5438.73633,0.0
2025-12-11 20:00:00,60880.5,5493.40527,0.0
2025-12-11 21:00:00,57554.5,5521.09668,0.0
2025-12-11 22:00:00,56996.5,5580.28271,0.0
2025-12-11 23:00:00,57021.25,5648.85742,0.0
2025-12-12 00:00:00,55061.875,5793.67627,0.0
2025-12-12 01:00:00,52852.75,5753.90967,0.0
2025-12-12 02:00:00,51340.75,5709.30908,0.0
2025-12-12 03:00:00,49109.125,5645.83984,0.0
2025-12-12 04:00:00,48421.5,5411.35986,0.0
2025-12-12 05:00:00,50453.0,5137.84473,0.0
2025-12-12 06:00:00,55108.75,5015.66748,0.0
2025-12-12 07:00:00,60404.25,4915.74902,0.0
2025-12-12 08:00:00,62951.875,4677.16016,0.0
2025-12-12 09:00:00,63190.375,4489.20996,254.11249
2025-12-12 10:00:00,62954.375,4224.25244,1751.16113
2025-12-12 11:00:00,62756.25,4045.13135,4190.9165
2025-12-12 12:00:00,63057.875,3466.71997,6194.20117
2025-12-12 13:00:00,61678.0,2836.22241,7073.54004
2025-12-12 14:00:00,59673.75,2572.55615,6930.00879
2025-12-12 15:00:00,58249.0,2415.37256,5502.19385
2025-12-12 16:00:00,56941.875,2361.20752,2928.57642
2025-12-12 17:00:00,58906.625,2518.73511,741.1275
2025-12-12 18:00:00,61522.625,2746.87622,32.2425
2025-12-12 19:00:00,61968.25,2762.06128,0.0
2025-12-12 20:00:00,59739.75,2554.50366,0.0
2025-12-12 21:00:00,57237.625,2353.07495,0.0
2025-12-12 22:00:00,57304.0,2237.78003,0.0
2025-12-12 23:00:00,57896.625,2163.26489,0.0
2025-12-13 00:00:00,54886.5,1800.55615,0.0
2025-12-13 01:00:00,52365.5,1628.57129,0.0
2025-12-13 02:00:00,50480.375,1453.10376,0.0
2025-12-13 03:00:00,48256.0,1303.02625,0.0
2025-12-13 04:00:00,47109.375,1160.56006,0.0
2025-12-13 05:00:00,47602.875,1026.03003,0.0
2025-12-13 06:00:00,49335.25,921.14874,0.0
2025-12-13 07:00:00,51568.125,825.79498,0.0
2025-12-13 08:00:00,54012.125,720.78375,0.0
2025-12-13 09:00:00,55895.25,646.65497,290.76877
2025-12-13 10:00:00,57123.25,573.65375,2081.34863
2025-12-13 11:00:00,57389.25,449.86874,4971.90723
2025-12-13 12:00:00,58513.25,327.48001,7299.24609
2025-12-13 13:00:00,57286.25,279.45374,8262.87402
2025-12-13 14:00:00,54628.875,280.39874,7988.10107
2025-12-13 15:00:00,53464.375,290.76501,6285.021
2025-12-13 16:00:00,52692.5,311.97375,3341.29248
2025-12-13 17:00:00,54509.0,391.0325,847.69879
2025-12-13 18:00:00,57083.125,486.05627,37.18125
2025-12-13 19:00:00,58143.875,608.38,0.0
2025-12-13 20:00:00,56485.5,726.73999,0.0
2025-12-13 21:00:00,54620.125,882.70123,0.0
2025-12-13 22:00:00,54951.375,1114.52368,0.0
2025-12-13 23:00:00,56421.5,1381.54749,0.0
2025-12-14 00:00:00,54633.125,1516.03882,0.0
2025-12-14 01:00:00,52688.875,1614.90869,0.0
2025-12-14 02:00:00,50754.375,1694.76379,0.0
2025-12-14 03:00:00,48450.25,1759.56128,0.0
2025-12-14 04:00:00,47314.125,1833.46753,0.0
2025-12-14 05:00:00,47339.625,1892.8075,0.0
2025-12-14 06:00:00,48349.625,1960.36255,0.0
2025-12-14 07:00:00,49955.75,1995.61133,0.0
2025-12-14 08:00:00,51784.625,2053.20239,0.0
2025-12-14 09:00:00,54004.25,2265.8125,289.05002
2025-12-14 10:00:00,56086.375,2513.03125,2044.78625
2025-12-14 11:00:00,57560.875,2759.69238,4980.05127
2025-12-14 12:00:00,59330.0,3009.86743,7322.57373
2025-12-14 13:00:00,58071.125,3251.43872,8326.29492
2025-12-14 14:00:00,54996.25,3378.68994,7999.60742
2025-12-14 15:00:00,53652.75,3551.49243,6284.56348
2025-12-14 16:00:00,52808.375,3572.56885,3335.02368
2025-12-14 17:00:00,54880.5,3836.14258,836.75128
2025-12-14 18:00:00,58129.375,4651.48535,35.9475
2025-12-14 19:00:00,60003.125,5579.16895,0.0
2025-12-14 20:00:00,58356.0,6333.38525,0.0
2025-12-14 21:00:00,56343.25,7037.77637,0.0
2025-12-14 22:00:00,55998.75,7710.82373,0.0
2025-12-14 23:00:00,56985.5,8195.83887,0.0
2025-12-15 00:00:00,55227.375,8738.25098,0.0
2025-12-15 01:00:00,53628.25,9131.25,0.0
2025-12-15 02:00:00,52419.75,9637.81738,0.0
2025-12-15 03:00:00,50320.875,10287.41602,0.0
2025-12-15 04:00:00,49771.5,10959.85352,0.0
2025-12-15 05:00:00,52095.25,11522.79102,0.0
2025-12-15 06:00:00,56889.75,12022.82227,0.0
2025-12-15 07:00:00,62334.0,12464.72266,0.0
2025-12-15 08:00:00,65050.625,12847.99316,0.0
2025-12-15 09:00:00,65377.5,12976.95898,173.54376
2025-12-15 10:00:00,64963.75,12866.77246,1360.245
2025-12-15 11:00:00,64757.875,13218.57715,3384.91504
2025-12-15 12:00:00,64998.75,11562.94434,4962.02148
2025-12-15 13:00:00,63947.75,9744.32812,5343.47754
2025-12-15 14:00:00,62189.5,9254.71387,5052.43262
2025-12-15 15:00:00,61190.75,9925.55566,3919.96362
2025-12-15 16:00:00,60205.0,11319.07617,2013.18372
2025-12-15 17:00:00,61617.625,11929.73633,492.29248
2025-12-15 18:00:00,64120.0,12024.01562,20.205
2025-12-15 19:00:00,64766.0,11976.82617,0.0
2025-12-15 20:00:00,61436.25,11859.33496,0.0
2025-12-15 21:00:00,57973.0,11744.25977,0.0
2025-12-15 22:00:00,57089.625,11556.92871,0.0
2025-12-15 23:00:00,57242.875,11224.64941,0.0
2025-12-16 00:00:00,54540.0,10843.65918,0.0
2025-12-16 01:00:00,52447.0,9888.55273,0.0
2025-12-16 02:00:00,51016.875,9210.01465,0.0
2025-12-16 03:00:00,48894.875,8540.18066,0.0
2025-12-16 04:00:00,48501.25,7863.19873,0.0
2025-12-16 05:00:00,50415.625,7320.15869,0.0
2025-12-16 06:00:00,55314.5,6687.47754,0.0
2025-12-16 07:00:00,60948.125,6149.76758,0.0
2025-12-16 08:00:00,63741.625,5762.19531,0.0
2025-12-16 09:00:00,63824.75,5493.66895,157.8
2025-12-16 10:00:00,63620.75,4986.13525,1091.99243
2025-12-16 11:00:00,64142.125,4777.02148,2685.80005
2025-12-16 12:00:00,64387.125,4139.92871,3948.17871
2025-12-16 13:00:00,63571.0,3287.55884,4478.05762
2025-12-16 14:00:00,61696.125,2699.94385,4601.24609
2025-12-16 15:00:00,60202.25,2380.57373,4015.1062
2025-12-16 16:00:00,59160.875,2345.38501,2233.13379
2025-12-16 17:00:00,60905.25,2460.75122,551.71246
2025-12-16 18:00:00,63646.625,2562.78369,20.4825
2025-12-16 19:00:00,64616.75,2437.375,0.0
2025-12-16 20:00:00,61430.875,2273.0861800000002,0.0
2025-12-16 21:00:00,58254.75,2261.12622,0.0
2025-12-16 22:00:00,57769.25,2244.96631,0.0
2025-12-16 23:00:00,57817.375,2151.1276900000003,0.0
2025-12-17 00:00:00,55111.25,2496.60742,0.0
2025-12-17 01:00:00,53130.5,2302.6499,0.0
2025-12-17 02:00:00,51909.5,2092.78369,0.0
2025-12-17 03:00:00,49733.0,1994.72632,0.0
2025-12-17 04:00:00,49170.375,1954.80371,0.0
2025-12-17 05:00:00,51382.25,1912.3988,0.0
2025-12-17 06:00:00,56047.125,1871.32251,0.0
2025-12-17 07:00:00,61270.625,1747.51123,0.0
2025-12-17 08:00:00,64298.5,1660.13879,0.0
2025-12-17 09:00:00,64794.5,1663.91382,254.59377
2025-12-17 10:00:00,64602.875,1737.74622,1817.61865
2025-12-17 11:00:00,65065.875,1790.88257,4325.44238
2025-12-17 12:00:00,65601.25,1939.80127,6253.40234
2025-12-17 13:00:00,64652.5,2253.4550799999997,6795.03613
2025-12-17 14:00:00,62501.25,2686.82739,6552.67627
2025-12-17 15:00:00,60853.125,3097.0249,5269.47852
2025-12-17 16:00:00,60064.5,3607.3501,2810.1062
2025-12-17 17:00:00,61938.625,4383.3916,701.17999
2025-12-17 18:00:00,65048.0,5483.75635,27.795
2025-12-17 19:00:00,65978.25,6588.7998,0.0
2025-12-17 20:00:00,62806.0,7499.82715,0.0
2025-12-17 21:00:00,59519.5,8430.5127,0.0
2025-12-17 22:00:00,58778.125,9295.43359,0.0
2025-12-17 23:00:00,58990.75,10006.7207,0.0
2025-12-18 00:00:00,56137.5,11089.66504,0.0
2025-12-18 01:00:00,54000.0,11689.06348,0.0
2025-12-18 02:00:00,52825.0,12017.22461,0.0
2025-12-18 03:00:00,50525.0,12341.84473,0.0
2025-12-18 04:00:00,49800.0,12768.14648,0.0
2025-12-18 05:00:00,51887.5,13147.43457,0.0
2025-12-18 06:00:00,56400.0,13405.84277,0.0
2025-12-18 07:00:00,61650.0,13491.30957,0.0
2025-12-18 08:00:00,63900.0,13797.76465,0.0
2025-12-18 09:00:00,63962.5,14119.75293,237.7375
2025-12-18 10:00:00,63475.0,14395.34277,1729.25513
2025-12-18 11:00:00,63125.0,14997.66113,4202.72998
2025-12-18 12:00:00,63225.0,15261.4668,6286.00732
2025-12-18 13:00:00,61912.5,14971.9248,7213.60498
2025-12-18 14:00:00,59950.0,14878.89062,7047.17773
2025-12-18 15:00:00,57987.5,17244.10352,5609.53125
2025-12-18 16:00:00,56812.5,19529.2832,2961.90479
2025-12-18 17:00:00,58912.5,20121.70508,730.51996
2025-12-18 18:00:00,61912.5,20012.26172,29.02125
2025-12-18 19:00:00,62962.5,19667.42578,0.0
2025-12-18 20:00:00,59525.0,18899.32227,0.0
2025-12-18 21:00:00,56200.0,17867.04297,0.0
2025-12-18 22:00:00,55612.5,16917.837890000003,0.0
2025-12-18 23:00:00,56137.5,15896.92676,0.0
2025-12-19 00:00:00,52823.125,15580.94238,0.0
2025-12-19 01:00:00,50991.625,14307.44727,0.0
2025-12-19 02:00:00,49791.25,13286.67285,0.0
2025-12-19 03:00:00,47560.75,12246.52246,0.0
2025-12-19 04:00:00,46920.75,11125.11719,0.0
2025-12-19 05:00:00,48971.375,9792.58496,0.0
2025-12-19 06:00:00,53257.25,8576.15918,0.0
2025-12-19 07:00:00,58503.25,7622.62402,0.0
2025-12-19 08:00:00,61438.125,6673.08105,0.0
2025-12-19 09:00:00,61770.125,5609.13623,171.46877
2025-12-19 10:00:00,61750.125,4678.0625,1156.5437
2025-12-19 11:00:00,62351.125,4036.85132,2749.06006
2025-12-19 12:00:00,62988.875,3558.53247,3970.87378
2025-12-19 13:00:00,62321.125,3071.35132,4190.95361
2025-12-19 14:00:00,60726.25,2629.35864,3854.78125
2025-12-19 15:00:00,59288.0,2368.81494,3078.23242
2025-12-19 16:00:00,58544.625,2157.30249,1658.44629
2025-12-19 17:00:00,60501.5,2022.1925,419.29376
2025-12-19 18:00:00,62498.5,1959.79883,19.73625
2025-12-19 19:00:00,62349.0,1862.68872,0.0
2025-12-19 20:00:00,59577.125,1723.24255,0.0
2025-12-19 21:00:00,56848.25,1642.495,0.0
2025-12-19 22:00:00,56648.5,1605.63623,0.0
2025-12-19 23:00:00,57210.5,1573.46497,0.0
2025-12-20 00:00:00,54212.5,1510.83252,0.0
2025-12-20 01:00:00,51625.0,1549.63867,0.0
2025-12-20 02:00:00,49825.0,1610.58496,0.0
2025-12-20 03:00:00,47187.5,1707.87622,0.0
2025-12-20 04:00:00,46162.5,1807.45239,0.0
2025-12-20 05:00:00,46800.0,1998.69751,0.0
2025-12-20 06:00:00,48637.5,2348.6062,0.0
2025-12-20 07:00:00,51050.0,2689.4812,0.0
2025-12-20 08:00:00,53512.5,2993.2876,0.0
2025-12-20 09:00:00,55150.0,3368.24634,126.88125
2025-12-20 10:00:00,55800.0,3778.2251,954.94122
2025-12-20 11:00:00,56575.0,4171.34131,2428.8999
2025-12-20 12:00:00,58187.5,4290.273929999999,3531.64258
2025-12-20 13:00:00,57275.0,4341.8452099999995,3853.83008
2025-12-20 14:00:00,55375.0,4513.55762,3633.94873
2025-12-20 15:00:00,53837.5,4604.19141,2838.25757
2025-12-20 16:00:00,53425.0,4724.76221,1518.49756
2025-12-20 17:00:00,55625.0,5135.30615,389.73251
2025-12-20 18:00:00,57537.5,5691.5874,17.41875
2025-12-20 19:00:00,57150.0,5947.6709,0.0
2025-12-20 20:00:00,54562.5,6025.45117,0.0
2025-12-20 21:00:00,52112.5,5956.22217,0.0
2025-12-20 22:00:00,52150.0,5922.66748,0.0
2025-12-20 23:00:00,54475.0,5728.2251,0.0
2025-12-21 00:00:00,51525.0,6308.07617,0.0
2025-12-21 01:00:00,49362.5,5764.12256,0.0
2025-12-21 02:00:00,48012.5,5197.9502,0.0
2025-12-21 03:00:00,45362.5,4720.57373,0.0
2025-12-21 04:00:00,43975.0,4352.83252,0.0
2025-12-21 05:00:00,43975.0,4207.71973,0.0
2025-12-21 06:00:00,45250.0,4360.1499,0.0
2025-12-21 07:00:00,46825.0,4676.3374,0.0
2025-12-21 08:00:00,48587.5,5184.3125,0.0
2025-12-21 09:00:00,50937.5,5692.74756,107.0375
2025-12-21 10:00:00,53275.0,6187.0625,849.10376
2025-12-21 11:00:00,55175.0,6608.50879,2131.64746
2025-12-21 12:00:00,57387.5,7064.3125,3164.7749
2025-12-21 13:00:00,56625.0,7061.77588,3527.9375
2025-12-21 14:00:00,53850.0,6996.1875,3404.93994
2025-12-21 15:00:00,52262.5,7048.38281,2622.7251
2025-12-21 16:00:00,51725.0,7297.94629,1394.88623
2025-12-21 17:00:00,53962.5,7936.65918,363.80127
2025-12-21 18:00:00,56637.5,8555.32812,14.51625
2025-12-21 19:00:00,57562.5,8447.89746,0.0
2025-12-21 20:00:00,55512.5,7607.67871,0.0
2025-12-21 21:00:00,53162.5,6892.43018,0.0
2025-12-21 22:00:00,52362.5,6295.98779,0.0
2025-12-21 23:00:00,53412.5,5956.51758,0.0
2025-12-22 00:00:00,50037.5,8514.108400000001,0.0
2025-12-22 01:00:00,48062.5,8453.65723,0.0
2025-12-22 02:00:00,47087.5,8323.37695,0.0
2025-12-22 03:00:00,44925.0,7985.83105,0.0
2025-12-22 04:00:00,44287.5,7571.33008,0.0
2025-12-22 05:00:00,46525.0,7030.81885,0.0
2025-12-22 06:00:00,50812.5,6533.94385,0.0
2025-12-22 07:00:00,55700.0,6153.4126,0.0
2025-12-22 08:00:00,59000.0,6019.52734,0.0
2025-12-22 09:00:00,60312.5,5944.61865,103.90625
2025-12-22 10:00:00,61087.5,5762.09766,872.90625
2025-12-22 11:00:00,62012.5,5725.48242,2233.19995
2025-12-22 12:00:00,62962.5,4838.729,3248.77368
2025-12-22 13:00:00,62250.0,3949.0376,3536.94385
2025-12-22 14:00:00,60362.5,3634.05249,3378.09253
2025-12-22 15:00:00,59025.0,3441.12744,2704.65991
2025-12-22 16:00:00,58487.5,3708.25488,1464.02625
2025-12-22 17:00:00,60737.5,4393.72363,376.49753
2025-12-22 18:00:00,63037.5,4913.99268,17.61375
2025-12-22 19:00:00,63612.5,4958.9126,0.0
2025-12-22 20:00:00,60087.5,4739.30371,0.0
2025-12-22 21:00:00,56475.0,4493.46484,0.0
2025-12-22 22:00:00,55600.0,4271.00244,0.0
2025-12-22 23:00:00,56800.0,3996.3313,0.0
2025-12-23 00:00:00,55337.5,4147.18994,0.0
2025-12-23 01:00:00,53525.0,3794.99634,0.0
2025-12-23 02:00:00,52462.5,3593.73608,0.0
2025-12-23 03:00:00,50262.5,3483.40137,0.0
2025-12-23 04:00:00,49750.0,3531.24634,0.0
2025-12-23 05:00:00,51687.5,3577.28882,0.0
2025-12-23 06:00:00,56400.0,3611.40991,0.0
2025-12-23 07:00:00,62125.0,3584.55615,0.0
2025-12-23 08:00:00,64625.0,3554.40381,0.0
2025-12-23 09:00:00,64887.5,3606.96875,113.94375
2025-12-23 10:00:00,65125.0,3643.44238,941.90381
2025-12-23 11:00:00,65637.5,3662.75879,2486.58496
2025-12-23 12:00:00,66537.5,3730.18872,3673.29004
2025-12-23 13:00:00,65775.0,3797.2251,4076.19995
2025-12-23 14:00:00,63762.5,4167.777340000001,4048.17114
2025-12-23 15:00:00,61862.5,4976.0249,3283.24756
2025-12-23 16:00:00,61025.0,6044.19385,1741.75256
2025-12-23 17:00:00,62787.5,7547.51221,430.99249
2025-12-23 18:00:00,65062.5,9165.58105,16.62375
2025-12-23 19:00:00,65650.0,10151.45605,0.0
2025-12-23 20:00:00,62487.5,10410.06738,0.0
2025-12-23 21:00:00,59225.0,10514.04492,0.0
2025-12-23 22:00:00,58850.0,10578.74512,0.0
2025-12-23 23:00:00,60312.5,10639.41309,0.0
2025-12-24 00:00:00,57475.0,10701.89746,0.0
2025-12-24 01:00:00,55675.0,10979.53027,0.0
2025-12-24 02:00:00,54625.0,11568.30371,0.0
2025-12-24 03:00:00,52150.0,12403.08398,0.0
2025-12-24 04:00:00,50950.0,13271.95898,0.0
2025-12-24 05:00:00,52537.5,14045.49902,0.0
2025-12-24 06:00:00,55962.5,14867.8418,0.0
2025-12-24 07:00:00,59587.5,15695.89648,0.0
2025-12-24 08:00:00,62762.5,16459.814449999998,0.0
2025-12-24 09:00:00,64237.5,16873.26367,162.40627
2025-12-24 10:00:00,65100.0,17189.220699999998,1249.99365
2025-12-24 11:00:00,65087.5,17326.27734,3213.81104
2025-12-24 12:00:00,65537.5,18210.67969,5032.73779
2025-12-24 13:00:00,64750.0,18484.58984,5963.85254
2025-12-24 14:00:00,62012.5,18370.58398,5879.13281
2025-12-24 15:00:00,60875.0,18523.67969,4574.55762
2025-12-24 16:00:00,60075.0,18704.55469,2406.49121
2025-12-24 17:00:00,61287.5,19076.30078,610.02246
2025-12-24 18:00:00,62800.0,19502.77539,25.395
2025-12-24 19:00:00,61775.0,19501.57812,0.0
2025-12-24 20:00:00,60187.5,19076.01562,0.0
2025-12-24 21:00:00,58625.0,18589.45703,0.0
2025-12-24 22:00:00,59625.0,18024.30273,0.0
2025-12-24 23:00:00,62612.5,17459.72461,0.0
2025-12-25 00:00:00,61762.5,17673.63086,0.0
2025-12-25 01:00:00,60562.5,17324.181640000003,0.0
2025-12-25 02:00:00,59475.0,16723.52148,0.0
2025-12-25 03:00:00,56750.0,16161.65234,0.0
2025-12-25 04:00:00,54862.5,15779.47461,0.0
2025-12-25 05:00:00,54512.5,15227.80176,0.0
2025-12-25 06:00:00,54600.0,14577.31445,0.0
2025-12-25 07:00:00,55600.0,13900.21094,0.0
2025-12-25 08:00:00,57462.5,13230.73145,0.0
2025-12-25 09:00:00,59975.0,12592.24805,230.27501
2025-12-25 10:00:00,63062.5,11858.12793,1839.11499
2025-12-25 11:00:00,64575.0,9863.68555,4492.09473
2025-12-25 12:00:00,65625.0,8668.244139999999,6704.90283
2025-12-25 13:00:00,64887.5,8091.45264,7403.83008
2025-12-25 14:00:00,61712.5,7424.40967,6954.02002
2025-12-25 15:00:00,59887.5,6819.34229,5345.05762
2025-12-25 16:00:00,59287.5,6925.33838,2691.49878
2025-12-25 17:00:00,61375.0,7671.11475,630.47247
2025-12-25 18:00:00,63962.5,8446.85547,22.71375
2025-12-25 19:00:00,65500.0,8784.252929999999,0.0
2025-12-25 20:00:00,64725.0,8566.76562,0.0
2025-12-25 21:00:00,63362.5,8247.82227,0.0
2025-12-25 22:00:00,63575.0,7996.46973,0.0
2025-12-25 23:00:00,64012.5,7747.88086,0.0
2025-12-26 00:00:00,63425.0,7649.23633,0.0
2025-12-26 01:00:00,61625.0,7634.55762,0.0
2025-12-26 02:00:00,60325.0,7686.39502,0.0
2025-12-26 03:00:00,58525.0,7904.85498,0.0
2025-12-26 04:00:00,57562.5,7927.82959,0.0
2025-12-26 05:00:00,58187.5,8001.19385,0.0
2025-12-26 06:00:00,60425.0,8291.26953,0.0
2025-12-26 07:00:00,62900.0,8501.403320000001,0.0
2025-12-26 08:00:00,64662.5,8543.20996,0.0
2025-12-26 09:00:00,65750.0,8433.55566,184.35001
2025-12-26 10:00:00,66500.0,8688.22266,1588.66626
2025-12-26 11:00:00,66312.5,7822.40479,4057.14624
2025-12-26 12:00:00,66762.5,5939.72754,6223.70654
2025-12-26 13:00:00,65525.0,4877.5415,7170.87988
2025-12-26 14:00:00,62212.5,4617.33008,6902.8125
2025-12-26 15:00:00,60187.5,4877.31494,5262.14404
2025-12-26 16:00:00,59325.0,6092.51367,2645.31494
2025-12-26 17:00:00,61587.5,7680.4873,622.995
2025-12-26 18:00:00,64475.0,8772.92188,19.485
2025-12-26 19:00:00,65112.5,9212.25781,0.0
2025-12-26 20:00:00,64387.5,9284.66504,0.0
2025-12-26 21:00:00,61762.5,9259.11914,0.0
2025-12-26 22:00:00,62412.5,9065.88281,0.0
2025-12-26 23:00:00,64300.0,8764.15723,0.0
2025-12-27 00:00:00,62050.0,7766.06104,0.0
2025-12-27 01:00:00,60025.0,7617.19287,0.0
2025-12-27 02:00:00,58650.0,7763.40137,0.0
2025-12-27 03:00:00,56187.5,7958.07275,0.0
2025-12-27 04:00:00,55275.0,7981.28857,0.0
2025-12-27 05:00:00,55775.0,7915.875,0.0
2025-12-27 06:00:00,57462.5,7935.10107,0.0
2025-12-27 07:00:00,59612.5,7918.0166,0.0
2025-12-27 08:00:00,61950.0,8052.69385,0.0
2025-12-27 09:00:00,64075.0,7963.2876,253.48749
2025-12-27 10:00:00,65862.5,7622.87109,1992.56738
2025-12-27 11:00:00,66437.5,7659.44482,5025.729
2025-12-27 12:00:00,67050.0,5855.07666,7513.17871
2025-12-27 13:00:00,65425.0,4115.58154,8658.50684
2025-12-27 14:00:00,62575.0,3666.35376,8207.92871
2025-12-27 15:00:00,60337.5,3862.82739,6180.02246
2025-12-27 16:00:00,59212.5,4691.5625,3133.86377
2025-12-27 17:00:00,61250.0,6018.43896,753.16504
2025-12-27 18:00:00,64137.5,7508.9165,27.37125
2025-12-27 19:00:00,65025.0,8611.71387,0.0
2025-12-27 20:00:00,62950.0,9143.55762,0.0
2025-12-27 21:00:00,60700.0,9209.81934,0.0
2025-12-27 22:00:00,60975.0,9140.64551,0.0
2025-12-27 23:00:00,62775.0,9085.90039,0.0
2025-12-28 00:00:00,61887.5,8415.27246,0.0
2025-12-28 01:00:00,60200.0,8167.5874,0.0
2025-12-28 02:00:00,59050.0,7934.19629,0.0
2025-12-28 03:00:00,56625.0,8108.98096,0.0
2025-12-28 04:00:00,55512.5,8393.77246,0.0
2025-12-28 05:00:00,55562.5,8648.47559,0.0
2025-12-28 06:00:00,56700.0,8807.33008,0.0
2025-12-28 07:00:00,58250.0,8635.00977,0.0
2025-12-28 08:00:00,59900.0,8246.2832,0.0
2025-12-28 09:00:00,62250.0,7811.23242,305.79999
2025-12-28 10:00:00,64762.5,7736.05762,2312.45508
2025-12-28 11:00:00,65475.0,7823.64404,5764.71045
2025-12-28 12:00:00,66037.5,6491.17236,8665.25098
2025-12-28 13:00:00,64650.0,4803.92529,9932.67676
2025-12-28 14:00:00,61362.5,4043.80884,9601.67773
2025-12-28 15:00:00,59250.0,4012.84375,7436.62402
2025-12-28 16:00:00,58537.5,4670.9751,3861.06494
2025-12-28 17:00:00,61150.0,6005.58496,958.73499
2025-12-28 18:00:00,65500.0,7215.8374,40.88625
2025-12-28 19:00:00,67450.0,7592.48096,0.0
2025-12-28 20:00:00,65500.0,7371.16211,0.0
2025-12-28 21:00:00,63125.0,6908.84229,0.0
2025-12-28 22:00:00,62487.5,6247.81738,0.0
2025-12-28 23:00:00,64500.0,5475.46484,0.0
2025-12-29 00:00:00,64487.5,5609.19873,0.0
2025-12-29 01:00:00,62775.0,4995.14014,0.0
2025-12-29 02:00:00,61812.5,4497.89111,0.0
2025-12-29 03:00:00,60050.0,4197.27344,0.0
2025-12-29 04:00:00,59512.5,4050.07617,0.0
2025-12-29 05:00:00,61087.5,3998.43628,0.0
2025-12-29 06:00:00,63800.0,4128.52002,0.0
2025-12-29 07:00:00,66925.0,4325.3911100000005,0.0
2025-12-29 08:00:00,69975.0,4487.64355,0.0
2025-12-29 09:00:00,72187.5,4562.875,328.81873
2025-12-29 10:00:00,72762.5,4607.97021,2393.24756
2025-12-29 11:00:00,72687.5,4026.82251,5771.24268
2025-12-29 12:00:00,73112.5,3120.13867,8517.88281
2025-12-29 13:00:00,71762.5,2727.92896,9696.27148
2025-12-29 14:00:00,68887.5,2830.28247,9196.08008
2025-12-29 15:00:00,66900.0,3088.14868,7047.49512
2025-12-29 16:00:00,66212.5,3634.0813,3657.05249
2025-12-29 17:00:00,68725.0,4876.75,903.25372
2025-12-29 18:00:00,72062.5,6195.59521,37.10625
2025-12-29 19:00:00,73575.0,6781.31348,0.0
2025-12-29 20:00:00,70162.5,6803.58984,0.0
2025-12-29 21:00:00,67050.0,6774.7085,0.0
2025-12-29 22:00:00,66387.5,6905.43506,0.0
2025-12-29 23:00:00,67150.0,6920.17627,0.0
2025-12-30 00:00:00,66712.5,6427.70264,0.0
2025-12-30 01:00:00,64712.5,6597.80518,0.0
2025-12-30 02:00:00,63700.0,7051.04004,0.0
2025-12-30 03:00:00,61662.5,7528.02002,0.0
2025-12-30 04:00:00,60837.5,8109.16016,0.0
2025-12-30 05:00:00,62212.5,8723.43848,0.0
2025-12-30 06:00:00,65012.5,9222.7793,0.0
2025-12-30 07:00:00,68587.5,9640.92969,0.0
2025-12-30 08:00:00,71425.0,9975.00684,0.0
2025-12-30 09:00:00,73262.5,10234.33789,309.51877
2025-12-30 10:00:00,74300.0,10316.04785,2248.22363
2025-12-30 11:00:00,74275.0,10154.47363,5481.37598
2025-12-30 12:00:00,74675.0,9809.13281,8103.62793
2025-12-30 13:00:00,73525.0,10182.76562,9191.72754
2025-12-30 14:00:00,70762.5,11080.07715,8920.10059
2025-12-30 15:00:00,68162.5,10943.46289,7005.26025
2025-12-30 16:00:00,67737.5,10289.20898,3714.78125
2025-12-30 17:00:00,71012.5,10375.90137,946.41748
2025-12-30 18:00:00,74312.5,10944.50977,43.0875
2025-12-30 19:00:00,73962.5,11139.39551,0.0
2025-12-30 20:00:00,70912.5,10794.97363,0.0
2025-12-30 21:00:00,68237.5,10264.94727,0.0
2025-12-30 22:00:00,68137.5,9601.21191,0.0
2025-12-30 23:00:00,69937.5,8792.6377,0.0
2025-12-31 00:00:00,67787.5,7658.84863,0.0
2025-12-31 01:00:00,66075.0,7029.24854,0.0
2025-12-31 02:00:00,65087.5,6628.41748,0.0
2025-12-31 03:00:00,62875.0,6299.42529,0.0
2025-12-31 04:00:00,61925.0,5852.28271,0.0
2025-12-31 05:00:00,62862.5,5458.82764,0.0
2025-12-31 06:00:00,65400.0,5150.12158,0.0
2025-12-31 07:00:00,68700.0,4822.94775,0.0
2025-12-31 08:00:00,71362.5,4607.96387,0.0
2025-12-31 09:00:00,73012.5,4472.697270000001,350.83127
2025-12-31 10:00:00,74275.0,4437.41895,2582.28003
2025-12-31 11:00:00,74387.5,3728.77002,6259.3623
2025-12-31 12:00:00,74825.0,2888.34741,9259.87598
2025-12-31 13:00:00,73725.0,2521.49878,10532.74121
2025-12-31 14:00:00,71050.0,2446.08374,10135.47266
2025-12-31 15:00:00,68562.5,2428.34497,7852.146
2025-12-31 16:00:00,67600.0,2432.16113,4123.86719
2025-12-31 17:00:00,70025.0,2792.82617,1051.09131
2025-12-31 18:00:00,72300.0,3345.06494,50.95125
2025-12-31 19:00:00,71375.0,3687.55127,0.0
2025-12-31 20:00:00,68400.0,3670.84375,0.0
2025-12-31 21:00:00,65975.0,3441.72266,0.0
2025-12-31 22:00:00,66350.0,3205.70264,0.0
2025-12-31 23:00:00,68637.5,3118.94507,0.0
2026-01-01 00:00:00,69612.5,3518.95508,0.0
2026-01-01 01:00:00,68412.5,3538.58008,0.0
2026-01-01 02:00:00,67500.0,3669.06738,0.0
2026-01-01 03:00:00,64937.5,3744.83374,0.0
2026-01-01 04:00:00,63275.0,3797.3313,0.0
2026-01-01 05:00:00,62925.0,3794.30762,0.0
2026-01-01 06:00:00,63262.5,3977.53882,0.0
2026-01-01 07:00:00,63937.5,4426.271479999999,0.0
2026-01-01 08:00:00,64212.5,4968.19971,0.0
2026-01-01 09:00:00,64700.0,5383.35742,337.70001
2026-01-01 10:00:00,66225.0,5406.42383,2279.95117
2026-01-01 11:00:00,67800.0,5281.43213,5334.99854
2026-01-01 12:00:00,69462.5,5330.80762,7629.8667
2026-01-01 13:00:00,68512.5,5356.3125,8482.94922
2026-01-01 14:00:00,65662.5,5638.67334,7974.16748
2026-01-01 15:00:00,63625.0,5903.88477,6097.27002
2026-01-01 16:00:00,63025.0,6741.40625,3226.99609
2026-01-01 17:00:00,65312.5,7572.6875,838.14502
2026-01-01 18:00:00,68337.5,8179.27344,42.83625
2026-01-01 19:00:00,69887.5,8640.00098,0.0
2026-01-01 20:00:00,69037.5,8935.52051,0.0
2026-01-01 21:00:00,67462.5,9190.23828,0.0
2026-01-01 22:00:00,67525.0,9330.59766,0.0
2026-01-01 23:00:00,68800.0,9346.39551,0.0
2026-01-02 00:00:00,66687.5,490.5,0.0
2026-01-02 01:00:00,64600.0,491.0,0.0
2026-01-02 02:00:00,63725.0,479.0,0.0
2026-01-02 03:00:00,61712.5,469.5,0.0
2026-01-02 04:00:00,61112.5,461.5,0.0
2026-01-02 05:00:00,62325.0,463.0,0.0
2026-01-02 06:00:00,65212.5,466.0,0.0
2026-01-02 07:00:00,68312.5,471.0,0.0
2026-01-02 08:00:00,70862.5,468.0,0.0
2026-01-02 09:00:00,72375.0,453.5,0.0
2026-01-02 10:00:00,73325.0,433.0,0.0
2026-01-02 11:00:00,73875.0,415.5,0.0
2026-01-02 12:00:00,74925.0,425.0,0.0
2026-01-02 13:00:00,74525.0,440.0,0.0
2026-01-02 14:00:00,72562.5,441.5,0.0
2026-01-02 15:00:00,70562.5,462.0,0.0
2026-01-02 16:00:00,70125.0,479.5,0.0
2026-01-02 17:00:00,72287.5,499.5,0.0
2026-01-02 18:00:00,75525.0,511.0,0.0
2026-01-02 19:00:00,76450.0,511.0,0.0
2026-01-02 20:00:00,73262.5,489.0,0.0
2026-01-02 21:00:00,70112.5,471.0,0.0
2026-01-02 22:00:00,69750.0,466.0,0.0
2026-01-02 23:00:00,71537.5,455.0,0.0
2026-01-03 00:00:00,68562.5,4408.26367,0.0
2026-01-03 01:00:00,66900.0,4218.49902,0.0
2026-01-03 02:00:00,65287.5,4243.02539,0.0
2026-01-03 03:00:00,63075.0,4381.9047900000005,0.0
2026-01-03 04:00:00,61787.5,4742.18994,0.0
2026-01-03 05:00:00,62050.0,5319.99414,0.0
2026-01-03 06:00:00,63700.0,6009.15869,0.0
2026-01-03 07:00:00,65787.5,6598.48291,0.0
2026-01-03 08:00:00,68150.0,6974.65039,0.0
2026-01-03 09:00:00,70450.0,7008.51367,300.13126
2026-01-03 10:00:00,72037.5,6632.41016,2053.16626
2026-01-03 11:00:00,72575.0,5913.43359,5050.42725
2026-01-03 12:00:00,73050.0,5816.62598,7569.16992
2026-01-03 13:00:00,71925.0,6292.8501,8660.04688
2026-01-03 14:00:00,69062.5,6613.54883,8471.73047
2026-01-03 15:00:00,67200.0,6444.83252,6740.26514
2026-01-03 16:00:00,67012.5,6096.97217,3634.60376
2026-01-03 17:00:00,69900.0,6031.00732,947.01746
2026-01-03 18:00:00,73487.5,6233.50781,47.89125
2026-01-03 19:00:00,74775.0,6311.97754,0.0
2026-01-03 20:00:00,72762.5,6059.65137,0.0
2026-01-03 21:00:00,70337.5,5708.78271,0.0
2026-01-03 22:00:00,70462.5,5465.64014,0.0
2026-01-03 23:00:00,71475.0,5230.39404,0.0
2026-01-04 00:00:00,70125.0,4470.64502,0.0
2026-01-04 01:00:00,68525.0,4194.5376,0.0
2026-01-04 02:00:00,66800.0,4035.73364,0.0
2026-01-04 03:00:00,64400.0,3928.56641,0.0
2026-01-04 04:00:00,63375.0,3855.52124,0.0
2026-01-04 05:00:00,63437.5,3767.23511,0.0
2026-01-04 06:00:00,64600.0,3604.16626,0.0
2026-01-04 07:00:00,66587.5,3425.44751,0.0
2026-01-04 08:00:00,68662.5,3313.45996,0.0
2026-01-04 09:00:00,70737.5,3201.74878,351.33752
2026-01-04 10:00:00,72225.0,3023.60864,2479.35254
2026-01-04 11:00:00,72375.0,2700.0874,5932.98633
2026-01-04 12:00:00,72750.0,2233.9812,8771.97559
2026-01-04 13:00:00,71037.5,2158.9025899999997,10026.44824
2026-01-04 14:00:00,68300.0,2388.94385,9691.56641
2026-01-04 15:00:00,65937.5,2513.13379,7591.37158
2026-01-04 16:00:00,65337.5,2468.66992,4040.7876
2026-01-04 17:00:00,68637.5,2600.13135,1046.85242
2026-01-04 18:00:00,73375.0,2968.05884,55.51125
2026-01-04 19:00:00,75450.0,3204.55762,0.0
2026-01-04 20:00:00,73150.0,3181.04248,0.0
2026-01-04 21:00:00,70987.5,3103.62622,0.0
2026-01-04 22:00:00,71262.5,3013.53247,0.0
2026-01-04 23:00:00,72437.5,2903.57373,0.0
2026-01-05 00:00:00,70817.875,2754.48511,0.0
2026-01-05 01:00:00,69366.75,3057.69116,0.0
2026-01-05 02:00:00,68875.75,3414.66748,0.0
2026-01-05 03:00:00,67224.875,3670.47876,0.0
2026-01-05 04:00:00,66713.5,3853.60254,0.0
2026-01-05 05:00:00,68975.125,3842.15137,0.0
2026-01-05 06:00:00,74454.0,3817.53125,0.0
2026-01-05 07:00:00,81553.625,3799.66382,0.0
2026-01-05 08:00:00,85657.75,3801.39258,0.0
2026-01-05 09:00:00,86661.125,3786.38501,343.83124
2026-01-05 10:00:00,85762.0,3714.82495,2307.94873
2026-01-05 11:00:00,84441.625,3655.03369,5496.396
2026-01-05 12:00:00,83275.25,3110.26489,8101.43701
2026-01-05 13:00:00,81030.75,2817.44385,9176.35938
2026-01-05 14:00:00,78932.875,2977.87256,8874.37109
2026-01-05 15:00:00,77351.875,3198.69873,7052.39746
2026-01-05 16:00:00,76874.5,3394.72632,3845.03247
2026-01-05 17:00:00,79748.75,3881.32373,1026.76257
2026-01-05 18:00:00,83587.375,4629.23242,59.1825
2026-01-05 19:00:00,85239.75,5185.104,0.0
2026-01-05 20:00:00,81579.25,5253.56885,0.0
2026-01-05 21:00:00,78248.75,5179.37744,0.0
2026-01-05 22:00:00,77288.25,5123.69238,0.0
2026-01-05 23:00:00,77379.375,5058.84619,0.0
2026-01-06 00:00:00,76066.5,5527.28857,0.0
2026-01-06 01:00:00,74551.125,5672.24854,0.0
2026-01-06 02:00:00,73559.875,5750.99268,0.0
2026-01-06 03:00:00,71553.0,5548.92529,0.0
2026-01-06 04:00:00,70870.5,5145.58643,0.0
2026-01-06 05:00:00,73359.0,4851.6499,0.0
2026-01-06 06:00:00,78678.625,4615.20215,0.0
2026-01-06 07:00:00,85222.875,4321.94141,0.0
2026-01-06 08:00:00,88703.75,3976.0437,0.0
2026-01-06 09:00:00,89563.75,3524.625,471.21274
2026-01-06 10:00:00,89141.75,3076.51611,2555.43335
2026-01-06 11:00:00,88328.75,2684.06885,5760.75537
2026-01-06 12:00:00,87147.875,2468.91992,7970.93652
2026-01-06 13:00:00,84910.625,2605.44873,8986.69824
2026-01-06 14:00:00,82468.0,2966.49756,8702.50781
2026-01-06 15:00:00,80790.0,3221.99243,6901.39844
2026-01-06 16:00:00,80389.375,3524.3374,4098.68262
2026-01-06 17:00:00,82766.0,4131.2651399999995,1576.6615
2026-01-06 18:00:00,86353.75,5115.15283,74.72253
2026-01-06 19:00:00,87622.625,6004.55615,0.0
2026-01-06 20:00:00,84123.25,6551.96729,0.0
2026-01-06 21:00:00,80178.625,6969.67871,0.0
2026-01-06 22:00:00,78828.0,7568.84863,0.0
2026-01-06 23:00:00,79518.375,8276.94141,0.0
2026-01-07 00:00:00,77900.0,7863.52002,0.0
2026-01-07 01:00:00,76537.5,8801.6123,0.0
2026-01-07 02:00:00,75487.5,9710.17383,0.0
2026-01-07 03:00:00,73075.0,10512.01465,0.0
2026-01-07 04:00:00,72150.0,11320.97363,0.0
2026-01-07 05:00:00,74137.5,12232.31836,0.0
2026-01-07 06:00:00,78325.0,13009.95508,0.0
2026-01-07 07:00:00,83725.0,13625.69238,0.0
2026-01-07 08:00:00,86975.0,14144.15625,0.0
2026-01-07 09:00:00,88212.5,14086.33691,461.08292
2026-01-07 10:00:00,88662.5,13710.08008,2302.11694
2026-01-07 11:00:00,88287.5,12833.16992,4984.13916
2026-01-07 12:00:00,87912.5,11545.04492,6445.91504
2026-01-07 13:00:00,86012.5,10449.94434,6975.74609
2026-01-07 14:00:00,83262.5,9652.39453,6408.79102
2026-01-07 15:00:00,81537.5,8838.14355,4760.16064
2026-01-07 16:00:00,80350.0,8252.21387,2641.10278
2026-01-07 17:00:00,82387.5,8442.08691,970.6095
2026-01-07 18:00:00,86412.5,8828.21191,49.79668
2026-01-07 19:00:00,87300.0,9236.57129,0.0
2026-01-07 20:00:00,82900.0,9636.15527,0.0
2026-01-07 21:00:00,78525.0,9851.47852,0.0
2026-01-07 22:00:00,76862.5,9928.30078,0.0
2026-01-07 23:00:00,77100.0,9993.68262,0.0
2026-01-08 00:00:00,73163.375,9138.72754,0.0
2026-01-08 01:00:00,70838.75,9241.51953,0.0
2026-01-08 02:00:00,69632.125,9401.55371,0.0
2026-01-08 03:00:00,67311.25,9238.66113,0.0
2026-01-08 04:00:00,66293.625,8909.00098,0.0
2026-01-08 05:00:00,68068.75,8930.71484,0.0
2026-01-08 06:00:00,72761.0,9182.5293,0.0
2026-01-08 07:00:00,78176.0,9510.87793,0.0
2026-01-08 08:00:00,80914.375,10044.62207,0.0
2026-01-08 09:00:00,81674.375,10548.03613,222.47601
2026-01-08 10:00:00,81724.25,10838.41895,1025.99902
2026-01-08 11:00:00,82042.75,11343.71875,2127.95996
2026-01-08 12:00:00,82395.0,12086.6709,2981.64258
2026-01-08 13:00:00,81366.375,12732.20703,3428.39233
2026-01-08 14:00:00,79403.875,12962.61426,3354.229
2026-01-08 15:00:00,77478.0,13210.7207,2707.5188
2026-01-08 16:00:00,76209.875,13755.56738,1737.27502
2026-01-08 17:00:00,78571.125,14781.90723,711.8938
2026-01-08 18:00:00,81243.75,16309.88672,37.64009
2026-01-08 19:00:00,80528.125,17992.26953,0.0
2026-01-08 20:00:00,76333.125,19014.05859,0.0
2026-01-08 21:00:00,72153.75,19696.89844,0.0
2026-01-08 22:00:00,70131.25,20396.31836,0.0
2026-01-08 23:00:00,71503.375,20557.75195,0.0
2026-01-09 00:00:00,66600.0,20801.880689999998,0.0
2026-01-09 01:00:00,64087.5,21404.0308825,0.0
2026-01-09 02:00:00,62825.0,21767.858627499998,0.0
2026-01-09 03:00:00,60312.5,22208.0620125,0.0
2026-01-09 04:00:00,59362.5,22415.3951725,0.0
2026-01-09 05:00:00,61300.0,22503.568515,0.0
2026-01-09 06:00:00,65625.0,22617.266630000002,0.0
2026-01-09 07:00:00,70612.5,22803.9468675,0.0
2026-01-09 08:00:00,74112.5,22573.837615,174.5644875
2026-01-09 09:00:00,75575.0,21963.81885,1253.0337825000001
2026-01-09 10:00:00,76037.5,21409.0286525,3205.65918
2026-01-09 11:00:00,76050.0,21157.7998625,4954.6073025
2026-01-09 12:00:00,76562.5,21344.2782275,5913.740965
2026-01-09 13:00:00,75700.0,21406.078370000003,5852.81775
2026-01-09 14:00:00,73925.0,21460.9107975,4695.21869
2026-01-09 15:00:00,72450.0,21516.113680000002,2929.1131
2026-01-09 16:00:00,72412.5,21415.476777499996,1338.421555
2026-01-09 17:00:00,74412.5,21240.1248175,180.06789
2026-01-09 18:00:00,77062.5,20953.48398,0.0
2026-01-09 19:00:00,77150.0,20708.645754999998,0.0
2026-01-09 20:00:00,73487.5,20354.145904999998,0.0
2026-01-09 21:00:00,69737.5,19892.7881475,0.0
2026-01-09 22:00:00,68925.0,19342.978272499997,0.0
2026-01-09 23:00:00,70850.0,18763.985075,0.0
2026-01-10 00:00:00,65625.0,17965.39743,0.0
2026-01-10 01:00:00,63762.5,17847.184115,0.0
2026-01-10 02:00:00,62300.0,17765.64395,0.0
2026-01-10 03:00:00,59825.0,17633.25992,0.0
2026-01-10 04:00:00,58562.5,17434.5932325,0.0
2026-01-10 05:00:00,59025.0,17166.121675000002,0.0
2026-01-10 06:00:00,60675.0,16813.716217499998,0.0
2026-01-10 07:00:00,63025.0,16394.1239,0.0
2026-01-10 08:00:00,65612.5,15797.7912,190.721205
2026-01-10 09:00:00,67837.5,15029.589629999999,1383.5583175
2026-01-10 10:00:00,69362.5,14382.116915,3634.26007
2026-01-10 11:00:00,69912.5,14092.065215,5702.4931675
2026-01-10 12:00:00,70912.5,13999.5500175,6554.000244999999
2026-01-10 13:00:00,69925.0,13601.9802275,6568.2683099999995
2026-01-10 14:00:00,67000.0,12639.7096875,5592.10315
2026-01-10 15:00:00,65637.5,11236.414869999999,3797.055725
2026-01-10 16:00:00,64862.5,9485.1786475,1748.6177675
2026-01-10 17:00:00,66475.0,8259.5415325,229.1627175
2026-01-10 18:00:00,70262.5,7278.39095,0.0
2026-01-10 19:00:00,71462.5,6251.696135,0.0
2026-01-10 20:00:00,68937.5,5332.5812025000005,0.0
2026-01-10 21:00:00,66262.5,4512.446215,0.0
2026-01-10 22:00:00,66012.5,3716.4500574999997,0.0
2026-01-10 23:00:00,67987.5,3063.9725625,0.0
2026-01-11 00:00:00,66900.0,2742.5961549999997,0.0
2026-01-11 01:00:00,65225.0,2653.07625,0.0
2026-01-11 02:00:00,63925.0,2693.9662075,0.0
2026-01-11 03:00:00,61400.0,2833.0799725,0.0
2026-01-11 04:00:00,60000.0,3162.99121,0.0
2026-01-11 05:00:00,60062.5,3653.5625775,0.0
2026-01-11 06:00:00,61100.0,4331.04614,0.0
2026-01-11 07:00:00,62662.5,5154.8200375,0.0
2026-01-11 08:00:00,64737.5,5965.230195,237.69555499999998
2026-01-11 09:00:00,67300.0,6825.4711625,1669.356245
2026-01-11 10:00:00,69362.5,7744.5201125,4429.3807975
2026-01-11 11:00:00,69962.5,8442.89508,6439.3972175
2026-01-11 12:00:00,70900.0,8714.107179999999,7203.0964349999995
2026-01-11 13:00:00,69737.5,9065.6026,6913.818725
2026-01-11 14:00:00,67125.0,9481.0828225,5627.7565925
2026-01-11 15:00:00,64887.5,10155.6549075,3605.4441525
2026-01-11 16:00:00,63612.5,11138.1474,1510.03218
2026-01-11 17:00:00,66137.5,12491.829772500001,193.36251499999997
2026-01-11 18:00:00,70987.5,13871.7097175,0.0
2026-01-11 19:00:00,73025.0,14814.8361825,0.0
2026-01-11 20:00:00,70862.5,15430.703674999999,0.0
2026-01-11 21:00:00,68200.0,15735.5653075,0.0
2026-01-11 22:00:00,67387.5,15690.277557500001,0.0
2026-01-11 23:00:00,68725.0,15735.999785,0.0
2026-01-12 00:00:00,66437.5,15816.8936775,0.0
2026-01-12 01:00:00,64537.5,15853.8197625,0.0
2026-01-12 02:00:00,63350.0,15553.279662500001,0.0
2026-01-12 03:00:00,61100.0,15227.679625,0.0
2026-01-12 04:00:00,60250.0,14791.775785,0.0
2026-01-12 05:00:00,62162.5,14464.8561075,0.0
2026-01-12 06:00:00,66737.5,14453.6751125,0.0
2026-01-12 07:00:00,72300.0,14780.549925,0.0
2026-01-12 08:00:00,75412.5,14660.014832500001,169.7895575
2026-01-12 09:00:00,76100.0,14375.4423875,1227.0157
2026-01-12 10:00:00,76125.0,14647.25021,3452.2136225
2026-01-12 11:00:00,75475.0,15307.4468375,5338.74817
2026-01-12 12:00:00,75100.0,16041.617582500001,6474.75
2026-01-12 13:00:00,73950.0,16362.38974,6431.501345000001
2026-01-12 14:00:00,71875.0,16441.1289975,5195.9213899999995
2026-01-12 15:00:00,69962.5,16417.47711,3364.6503925
2026-01-12 16:00:00,68850.0,15976.9335975,1466.925185
2026-01-12 17:00:00,70175.0,15699.3881825,205.9933175
2026-01-12 18:00:00,74200.0,15868.728787499998,0.0
2026-01-12 19:00:00,75425.0,15525.5335375,0.0
2026-01-12 20:00:00,71162.5,14501.137785,0.0
2026-01-12 21:00:00,67150.0,13569.28488,0.0
2026-01-12 22:00:00,65737.5,12602.075775000001,0.0
2026-01-12 23:00:00,66687.5,11597.1256125,0.0
2026-01-13 00:00:00,63016.125,10694.146085,0.0
2026-01-13 01:00:00,61674.5,10261.3464675,0.0
2026-01-13 02:00:00,59838.625,9863.186705,0.0
2026-01-13 03:00:00,57365.375,9559.167692500001,0.0
2026-01-13 04:00:00,56622.5,9373.2111525,0.0
2026-01-13 05:00:00,58604.125,9339.952455,0.0
2026-01-13 06:00:00,63283.875,9471.366334999999,0.0
2026-01-13 07:00:00,68558.875,9806.104704999998,0.0
2026-01-13 08:00:00,71856.25,10461.519715,179.59445749999998
2026-01-13 09:00:00,72815.0,10663.1759975,1297.4318975
2026-01-13 10:00:00,72531.75,11065.090975000001,3709.1048575
2026-01-13 11:00:00,72118.625,11136.393614999999,6081.524045
2026-01-13 12:00:00,72337.75,9791.6138025,7384.436645
2026-01-13 13:00:00,71473.5,8860.7847275,7540.23767
2026-01-13 14:00:00,69114.125,8842.6669325,6361.6276875
2026-01-13 15:00:00,67382.25,9796.758329999999,4053.658325
2026-01-13 16:00:00,66556.375,10871.16626,1637.1643199999999
2026-01-13 17:00:00,67808.125,10795.651015000001,213.755285
2026-01-13 18:00:00,70914.125,11077.319730000001,0.0
2026-01-13 19:00:00,71744.625,11456.501295000002,0.0
2026-01-13 20:00:00,68000.125,11909.29346,0.0
2026-01-13 21:00:00,64302.375,12102.41763,0.0
2026-01-13 22:00:00,63319.375,11863.938642500001,0.0
2026-01-13 23:00:00,63915.375,11634.0174875,0.0
2026-01-14 00:00:00,59450.0,8700.836395,0.0
2026-01-14 01:00:00,58162.5,8179.8675925,0.0
2026-01-14 02:00:00,56450.0,7857.796432499999,0.0
2026-01-14 03:00:00,53675.0,7669.8227075,0.0
2026-01-14 04:00:00,52475.0,7401.209965,0.0
2026-01-14 05:00:00,54550.0,7119.124832500001,0.0
2026-01-14 06:00:00,59487.5,6727.229842500001,0.0
2026-01-14 07:00:00,65437.5,6189.3099025,0.0
2026-01-14 08:00:00,68725.0,5680.784945,192.68753750000002
2026-01-14 09:00:00,69050.0,5179.056235,1287.2604375
2026-01-14 10:00:00,68012.5,4796.933825,3534.6571050000002
2026-01-14 11:00:00,67750.0,4308.722635,5639.98462
2026-01-14 12:00:00,68137.5,3744.1237575,6789.0844725
2026-01-14 13:00:00,67437.5,3661.4924600000004,6783.4321275
2026-01-14 14:00:00,66187.5,3797.379805,5629.169555
2026-01-14 15:00:00,64537.5,4114.3335400000005,3644.83838
2026-01-14 16:00:00,63412.5,4764.1136925,1660.9593224999999
2026-01-14 17:00:00,64587.5,5831.1847875,241.83299750000003
2026-01-14 18:00:00,68262.5,7112.9099425,0.0
2026-01-14 19:00:00,68837.5,8176.127865,0.0
2026-01-14 20:00:00,65162.5,9145.8865975,0.0
2026-01-14 21:00:00,61675.0,10135.3136225,0.0
2026-01-14 22:00:00,60900.0,10489.6723975,0.0
2026-01-14 23:00:00,62050.0,10507.0214275,0.0
2026-01-15 00:00:00,58102.75,10343.697325,0.0
2026-01-15 01:00:00,56226.125,10324.6386125,0.0
2026-01-15 02:00:00,54518.375,10434.088440000001,0.0
2026-01-15 03:00:00,52256.25,10557.673522500001,0.0
2026-01-15 04:00:00,51619.25,10655.6394325,0.0
2026-01-15 05:00:00,53719.0,10335.2925725,0.0
2026-01-15 06:00:00,58668.125,10138.304777500001,0.0
2026-01-15 07:00:00,63825.625,10123.6583875,0.0
2026-01-15 08:00:00,66746.375,10298.1997075,228.0183275
2026-01-15 09:00:00,67651.125,10907.06247,1414.3407275
2026-01-15 10:00:00,67012.25,11465.5588975,3970.2121575
2026-01-15 11:00:00,66975.125,11987.1788925,6076.9812025
2026-01-15 12:00:00,67817.875,12317.196135000002,7144.55017
2026-01-15 13:00:00,67329.375,12319.606385000001,7095.76062
2026-01-15 14:00:00,66090.0,12462.9952975,5804.0828825
2026-01-15 15:00:00,64998.625,12976.542602499998,3602.874085
2026-01-15 16:00:00,63861.5,14333.179689999999,1436.018525
2026-01-15 17:00:00,65057.0,15738.539945,189.87869
2026-01-15 18:00:00,68138.0,17140.08551,0.0
2026-01-15 19:00:00,68626.25,18368.079494999998,0.0
2026-01-15 20:00:00,64895.625,19106.877135000002,0.0
2026-01-15 21:00:00,61226.625,19156.626465,0.0
2026-01-15 22:00:00,60196.125,18892.424985,0.0
2026-01-15 23:00:00,61445.75,18440.7802125,0.0
2026-01-16 00:00:00,56900.0,15557.1044325,0.0
2026-01-16 01:00:00,55100.0,14296.822419999999,0.0
2026-01-16 02:00:00,54112.5,12646.976072500001,0.0
2026-01-16 03:00:00,51850.0,10934.689575,0.0
2026-01-16 04:00:00,50675.0,9573.3012375,0.0
2026-01-16 05:00:00,52150.0,8523.0290825,0.0
2026-01-16 06:00:00,56887.5,7612.53108,0.0
2026-01-16 07:00:00,62875.0,7026.0550275,0.0
2026-01-16 08:00:00,65787.5,6904.4711775000005,197.3539475
2026-01-16 09:00:00,66387.5,6700.283799999999,1194.0537875
2026-01-16 10:00:00,66062.5,6579.60762,3024.0451625
2026-01-16 11:00:00,65800.0,6630.98387,4618.4100325
2026-01-16 12:00:00,65400.0,6097.1497475,5529.0003675
2026-01-16 13:00:00,64362.5,5644.176315,5573.5379649999995
2026-01-16 14:00:00,62850.0,5397.8265075,4514.1085175
2026-01-16 15:00:00,62037.5,5154.518642499999,2868.5910025000003
2026-01-16 16:00:00,61150.0,5138.082565,1312.9144425
2026-01-16 17:00:00,62875.0,5493.6151875000005,205.36151999999998
2026-01-16 18:00:00,65900.0,5877.057312499999,0.0
2026-01-16 19:00:00,65437.5,6042.5900575,0.0
2026-01-16 20:00:00,62587.5,6094.03386,0.0
2026-01-16 21:00:00,59550.0,6092.3923175,0.0
2026-01-16 22:00:00,59425.0,6021.9474199999995,0.0
2026-01-16 23:00:00,60862.5,5968.6637575,0.0
2026-01-17 00:00:00,58225.0,6109.592515,0.0
2026-01-17 01:00:00,56437.5,5778.704985,0.0
2026-01-17 02:00:00,54725.0,5391.7413825,0.0
2026-01-17 03:00:00,51775.0,5056.215160000001,0.0
2026-01-17 04:00:00,50150.0,4604.89373,0.0
2026-01-17 05:00:00,50912.5,4364.1411275,0.0
2026-01-17 06:00:00,52212.5,4256.3563075,0.0
2026-01-17 07:00:00,54262.5,4095.7412575,0.0
2026-01-17 08:00:00,57037.5,4065.4450075,159.53498249999998
2026-01-17 09:00:00,59587.5,4037.989985,1038.035615
2026-01-17 10:00:00,60700.0,3876.954955,2702.9796475
2026-01-17 11:00:00,61212.5,3490.1938174999996,4066.5630475
2026-01-17 12:00:00,61825.0,2790.2838075,4628.82727
2026-01-17 13:00:00,60087.5,2683.0849575,4405.47827
2026-01-17 14:00:00,58875.0,2722.9786824999996,3498.4880375000002
2026-01-17 15:00:00,56862.5,2945.2412025000003,2227.4932575
2026-01-17 16:00:00,56375.0,3504.171195,1067.09468
2026-01-17 17:00:00,58475.0,4459.42365,178.2304125
2026-01-17 18:00:00,62037.5,5688.0263075,0.0
2026-01-17 19:00:00,63412.5,6405.025180000001,0.0
2026-01-17 20:00:00,60937.5,6549.073862499999,0.0
2026-01-17 21:00:00,58037.5,6651.798535,0.0
2026-01-17 22:00:00,57775.0,6820.4349275,0.0
2026-01-17 23:00:00,58737.5,7126.871015,0.0
2026-01-18 00:00:00,58162.5,7420.69909,0.0
2026-01-18 01:00:00,56300.0,7113.1963225,0.0
2026-01-18 02:00:00,54125.0,6863.050082500001,0.0
2026-01-18 03:00:00,51000.0,6501.8412925,0.0
2026-01-18 04:00:00,49150.0,6003.350085,0.0
2026-01-18 05:00:00,48812.5,5563.7662725,0.0
2026-01-18 06:00:00,49800.0,5149.291225,0.0
2026-01-18 07:00:00,51462.5,4902.4034875,0.0
2026-01-18 08:00:00,53700.0,4891.717645000001,186.11776
2026-01-18 09:00:00,55800.0,4908.5463875000005,1134.7351250000002
2026-01-18 10:00:00,57675.0,4519.282609999999,3020.7593399999996
2026-01-18 11:00:00,58737.5,3758.2225275,4612.925660000001
2026-01-18 12:00:00,59762.5,3071.7950499999997,5524.26892
2026-01-18 13:00:00,58312.5,2538.5587825,5727.1857899999995
2026-01-18 14:00:00,55050.0,2325.4712725,4945.053342499999
2026-01-18 15:00:00,53800.0,2226.0149675000002,3321.7363275
2026-01-18 16:00:00,53012.5,2350.6224075,1613.7902199999999
2026-01-18 17:00:00,55387.5,2568.31375,255.1608975
2026-01-18 18:00:00,60325.0,2712.5137824999997,0.0
2026-01-18 19:00:00,63175.0,2834.007545,0.0
2026-01-18 20:00:00,61137.5,3034.91624,0.0
2026-01-18 21:00:00,59337.5,3312.0148700000004,0.0
2026-01-18 22:00:00,58825.0,3611.4161975,0.0
2026-01-18 23:00:00,60212.5,3714.6162325,0.0
2026-01-19 00:00:00,56812.5,4126.2423425,0.0
2026-01-19 01:00:00,55462.5,3862.8811625000003,0.0
2026-01-19 02:00:00,53425.0,3701.15007,0.0
2026-01-19 03:00:00,51262.5,3580.484925,0.0
2026-01-19 04:00:00,50450.0,3579.5937275,0.0
2026-01-19 05:00:00,53112.5,3548.98113,0.0
2026-01-19 06:00:00,59312.5,3533.9826024999998,0.0
2026-01-19 07:00:00,64750.0,3561.3476325,0.0
2026-01-19 08:00:00,68425.0,3547.0088225,188.28987
2026-01-19 09:00:00,69912.5,3502.4388525,1117.88321
2026-01-19 10:00:00,69587.5,3785.4776,2885.07782
2026-01-19 11:00:00,69750.0,4104.0151325,4323.8885475
2026-01-19 12:00:00,70025.0,3606.269995,5020.6369625
2026-01-19 13:00:00,69000.0,2866.25379,4971.6892075
2026-01-19 14:00:00,67025.0,2596.5700225,4077.269655
2026-01-19 15:00:00,66000.0,2605.5062025,2644.943175
2026-01-19 16:00:00,64325.0,2822.0512725,1288.7026675
2026-01-19 17:00:00,65425.0,3231.895035,221.2186675
2026-01-19 18:00:00,69762.5,3818.1712125,0.0
2026-01-19 19:00:00,71412.5,4311.55749,0.0
2026-01-19 20:00:00,68000.0,4640.3775475,0.0
2026-01-19 21:00:00,63712.5,4853.180235,0.0
2026-01-19 22:00:00,62775.0,4901.282625,0.0
2026-01-19 23:00:00,63375.0,4865.9564675,0.0
2026-01-20 00:00:00,59625.0,5079.434905,0.0
2026-01-20 01:00:00,58000.0,4946.0486425,0.0
2026-01-20 02:00:00,56400.0,4898.8361925,0.0
2026-01-20 03:00:00,54212.5,4932.0003975,0.0
2026-01-20 04:00:00,53475.0,5319.256545,0.0
2026-01-20 05:00:00,55800.0,5891.1451099999995,0.0
2026-01-20 06:00:00,60650.0,6347.737735000001,0.0
2026-01-20 07:00:00,66512.5,6731.462584999999,0.0
2026-01-20 08:00:00,69637.5,7181.566165,226.8911675
2026-01-20 09:00:00,70300.0,7310.9324075,1316.0959925
2026-01-20 10:00:00,69725.0,7237.7352325,3529.24829
2026-01-20 11:00:00,69900.0,7182.12616,5487.1120625
2026-01-20 12:00:00,70100.0,7213.26108,6722.5139175
2026-01-20 13:00:00,68775.0,7693.626437499999,6986.3835475
2026-01-20 14:00:00,66700.0,8131.1888175,6012.9437275
2026-01-20 15:00:00,65400.0,8395.052427499999,4055.62567
2026-01-20 16:00:00,63537.5,8990.1988825,1865.6034525
2026-01-20 17:00:00,64700.0,10341.194945000001,322.61938250000003
2026-01-20 18:00:00,68312.5,11724.7888475,0.0
2026-01-20 19:00:00,69750.0,12478.209045,0.0
2026-01-20 20:00:00,66500.0,12514.7852175,0.0
2026-01-20 21:00:00,63012.5,12137.66745,0.0
2026-01-20 22:00:00,62375.0,11676.928557500001,0.0
2026-01-20 23:00:00,62862.5,11404.0908525,0.0
2026-01-21 00:00:00,60225.0,13820.7502125,0.0
2026-01-21 01:00:00,58525.0,14152.796112500002,0.0
2026-01-21 02:00:00,57212.5,14599.05011,0.0
2026-01-21 03:00:00,54650.0,14660.355315,0.0
2026-01-21 04:00:00,53912.5,14605.88678,0.0
2026-01-21 05:00:00,56137.5,14870.6843275,0.0
2026-01-21 06:00:00,60800.0,15155.746459999998,0.0
2026-01-21 07:00:00,66025.0,15465.892605,0.0
2026-01-21 08:00:00,68987.5,15774.046415,292.88417000000004
2026-01-21 09:00:00,69487.5,15913.902525000001,1621.03415
2026-01-21 10:00:00,68875.0,16410.65869,4366.6729725000005
2026-01-21 11:00:00,68462.5,16319.082245,6363.3081075
2026-01-21 12:00:00,68450.0,14828.3705425,7117.14392
2026-01-21 13:00:00,67037.5,13770.1000675,6794.5102575
2026-01-21 14:00:00,65250.0,13594.8378575,5458.05493
2026-01-21 15:00:00,63725.0,14808.7214075,3492.2783225000003
2026-01-21 16:00:00,62900.0,16774.4624025,1578.313325
2026-01-21 17:00:00,63737.5,17194.41089,273.88077749999997
2026-01-21 18:00:00,67337.5,17371.393765,0.0
2026-01-21 19:00:00,68400.0,17054.639554999998,0.0
2026-01-21 20:00:00,64787.5,16434.924437499998,0.0
2026-01-21 21:00:00,61237.5,15619.58359,0.0
2026-01-21 22:00:00,60437.5,14783.3038025,0.0
2026-01-21 23:00:00,60937.5,14119.1951275,0.0
2026-01-22 00:00:00,58812.5,13920.7115825,0.0
2026-01-22 01:00:00,56562.5,13295.8973675,0.0
2026-01-22 02:00:00,55275.0,12682.332212500001,0.0
2026-01-22 03:00:00,53012.5,12100.308802500002,0.0
2026-01-22 04:00:00,52237.5,11349.1314975,0.0
2026-01-22 05:00:00,54412.5,10919.5414125,0.0
2026-01-22 06:00:00,59437.5,10911.9774775,0.0
2026-01-22 07:00:00,65100.0,10865.294585,0.0
2026-01-22 08:00:00,68187.5,10732.29776,201.01361000000003
2026-01-22 09:00:00,68850.0,10289.572264999999,1186.3708824999999
2026-01-22 10:00:00,68475.0,10020.72113,3047.055785
2026-01-22 11:00:00,68125.0,10055.5410175,4678.26196
2026-01-22 12:00:00,68125.0,10198.248899999999,5830.3704849999995
2026-01-22 13:00:00,68062.5,10029.88171,6055.0106175
2026-01-22 14:00:00,66737.5,9614.221160000001,5359.3066425
2026-01-22 15:00:00,65525.0,9105.487579999999,3983.879945
2026-01-22 16:00:00,64237.5,8821.235045,2218.2700175
2026-01-22 17:00:00,65087.5,8462.249115,459.504755
2026-01-22 18:00:00,68787.5,8157.8278475,0.0
2026-01-22 19:00:00,69925.0,7899.572615,0.0
2026-01-22 20:00:00,66200.0,7870.51497,0.0
2026-01-22 21:00:00,62762.5,8266.585145000001,0.0
2026-01-22 22:00:00,62125.0,8764.9138175,0.0
2026-01-22 23:00:00,63100.0,9176.5124225,0.0
2026-01-23 00:00:00,60575.0,9907.47626,0.0
2026-01-23 01:00:00,58037.5,10595.35251,0.0
2026-01-23 02:00:00,56625.0,11102.076415,0.0
2026-01-23 03:00:00,54900.0,11447.323795,0.0
2026-01-23 04:00:00,54025.0,11664.931089999998,0.0
2026-01-23 05:00:00,56037.5,11979.2522575,0.0
2026-01-23 06:00:00,60875.0,12672.979675,0.0
2026-01-23 07:00:00,66425.0,13661.7925725,0.0
2026-01-23 08:00:00,69837.5,14379.814330000001,239.755485
2026-01-23 09:00:00,70350.0,14361.906552499999,1330.651765
2026-01-23 10:00:00,69650.0,13907.064787500001,3453.739075
2026-01-23 11:00:00,69187.5,13242.705965,5225.6009525
2026-01-23 12:00:00,69112.5,12933.010315,6271.42432
2026-01-23 13:00:00,67825.0,12650.956392499998,6372.54529
2026-01-23 14:00:00,66250.0,11976.13525,5461.628905
2026-01-23 15:00:00,64850.0,11300.044797499999,3880.9476925
2026-01-23 16:00:00,63375.0,11072.8985925,2069.5704325
2026-01-23 17:00:00,65225.0,11413.486387500001,442.5704875
2026-01-23 18:00:00,68337.5,11709.928497500001,0.0
2026-01-23 19:00:00,68862.5,11708.368805,0.0
2026-01-23 20:00:00,65925.0,11399.4523025,0.0
2026-01-23 21:00:00,62900.0,10960.0124525,0.0
2026-01-23 22:00:00,62937.5,10401.512635000001,0.0
2026-01-23 23:00:00,63625.0,9963.3024275,0.0
2026-01-24 00:00:00,61000.0,9426.206205,0.0
2026-01-24 01:00:00,59112.5,9184.4648425,0.0
2026-01-24 02:00:00,57325.0,8895.5000325,0.0
2026-01-24 03:00:00,55087.5,8585.0260925,0.0
2026-01-24 04:00:00,53725.0,8326.2875975,0.0
2026-01-24 05:00:00,54162.5,8114.3161,0.0
2026-01-24 06:00:00,55787.5,7901.511077499999,0.0
2026-01-24 07:00:00,57812.5,7833.371369999999,0.0
2026-01-24 08:00:00,60100.0,7917.03885,245.29722500000003
2026-01-24 09:00:00,62462.5,7828.0600875,1415.774705
2026-01-24 10:00:00,63575.0,7788.6687624999995,3618.181885
2026-01-24 11:00:00,63525.0,7170.6225625,5442.26648
2026-01-24 12:00:00,64812.5,6122.570100000001,6419.913329999999
2026-01-24 13:00:00,63475.0,6258.262420000001,6390.7292474999995
2026-01-24 14:00:00,61737.5,6652.438725,5414.75903
2026-01-24 15:00:00,60200.0,6876.894839999999,3579.059205
2026-01-24 16:00:00,58512.5,7518.1375100000005,1760.2194825000001
2026-01-24 17:00:00,59325.0,8659.7912275,361.2383975
2026-01-24 18:00:00,63062.5,9535.42676,0.0
2026-01-24 19:00:00,64587.5,9728.8551325,0.0
2026-01-24 20:00:00,62337.5,9532.3060625,0.0
2026-01-24 21:00:00,59950.0,9563.729765,0.0
2026-01-24 22:00:00,60137.5,9125.23392,0.0
2026-01-24 23:00:00,61525.0,8426.598815,0.0
2026-01-25 00:00:00,60462.5,7233.9749925,0.0
2026-01-25 01:00:00,58750.0,7151.7949675,0.0
2026-01-25 02:00:00,56950.0,7208.1839575,0.0
2026-01-25 03:00:00,54312.5,7179.6174925,0.0
2026-01-25 04:00:00,52712.5,7235.8238525,0.0
2026-01-25 05:00:00,52612.5,7244.493745,0.0
2026-01-25 06:00:00,53562.5,7277.816285,0.0
2026-01-25 07:00:00,54912.5,7408.41858,0.0
2026-01-25 08:00:00,56925.0,7463.241305,294.58111499999995
2026-01-25 09:00:00,59375.0,7205.27649,1615.1327350000001
2026-01-25 10:00:00,61662.5,6770.2477125000005,4030.59662
2026-01-25 11:00:00,62862.5,6246.4125699999995,5851.0856925
2026-01-25 12:00:00,64400.0,5903.5036625,6762.3828125
2026-01-25 13:00:00,63462.5,5702.462294999999,6512.121095
2026-01-25 14:00:00,61050.0,5343.5022275,5074.02478
2026-01-25 15:00:00,58900.0,4553.3698875,3198.6707775
2026-01-25 16:00:00,57750.0,3971.4562275,1656.7291249999998
2026-01-25 17:00:00,59200.0,3964.02884,364.46227999999996
2026-01-25 18:00:00,64025.0,4272.48253,0.0
2026-01-25 19:00:00,66562.5,4272.78369,0.0
2026-01-25 20:00:00,64300.0,4037.6386574999997,0.0
2026-01-25 21:00:00,61750.0,3934.555035,0.0
2026-01-25 22:00:00,61537.5,3774.6725175,0.0
2026-01-25 23:00:00,62537.5,3622.4474175000005,0.0
2026-01-26 00:00:00,60687.5,3028.8912425,0.0
2026-01-26 01:00:00,59350.0,2866.7600500000003,0.0
2026-01-26 02:00:00,58087.5,2809.227535,0.0
2026-01-26 03:00:00,56150.0,2793.9599550000003,0.0
2026-01-26 04:00:00,55700.0,2928.958795,0.0
2026-01-26 05:00:00,58050.0,3037.608635,0.0
2026-01-26 06:00:00,63237.5,2995.7074574999997,0.0
2026-01-26 07:00:00,68900.0,2928.6863099999996,0.0
2026-01-26 08:00:00,72225.0,2844.3511725,301.45094500000005
2026-01-26 09:00:00,73575.0,2742.8098925,1687.64949
2026-01-26 10:00:00,73200.0,2668.807435,4120.20697
2026-01-26 11:00:00,72350.0,2928.4100849999995,6050.01245
2026-01-26 12:00:00,72300.0,3399.1763175,7144.8162825
2026-01-26 13:00:00,71200.0,3963.0713375000005,7175.0073225
2026-01-26 14:00:00,69012.5,4845.2814625,5974.3688975000005
2026-01-26 15:00:00,67450.0,5317.7688025,3920.4068625
2026-01-26 16:00:00,66425.0,5310.2434675,1933.7821025
2026-01-26 17:00:00,67600.0,5608.5275575,377.875475
2026-01-26 18:00:00,71500.0,6778.3011775,0.0
2026-01-26 19:00:00,72837.5,7768.623567500001,0.0
2026-01-26 20:00:00,69125.0,8306.576265,0.0
2026-01-26 21:00:00,65637.5,8870.8827225,0.0
2026-01-26 22:00:00,65100.0,9861.4400625,0.0
2026-01-26 23:00:00,65725.0,10957.945955,0.0
2026-01-27 00:00:00,63425.0,11612.17624,0.0
2026-01-27 01:00:00,61837.5,12490.399202499999,0.0
2026-01-27 02:00:00,60037.5,13169.105557500001,0.0
2026-01-27 03:00:00,57962.5,13870.054110000001,0.0
2026-01-27 04:00:00,57087.5,14600.5164475,0.0
2026-01-27 05:00:00,59050.0,15525.1265575,0.0
2026-01-27 06:00:00,63662.5,16406.10925,0.0
2026-01-27 07:00:00,69287.5,17045.382265,0.0
2026-01-27 08:00:00,72212.5,17235.763245000002,204.97150249999999
2026-01-27 09:00:00,72812.5,16793.119355,986.3302175
2026-01-27 10:00:00,71900.0,16125.615995,1966.2328499999999
2026-01-27 11:00:00,71537.5,15623.9122025,2606.0042125
2026-01-27 12:00:00,71462.5,14943.007355,3021.5107425
2026-01-27 13:00:00,70525.0,14056.0584425,3178.562805
2026-01-27 14:00:00,69187.5,13101.12268,3007.9724125000002
2026-01-27 15:00:00,67912.5,12128.64014,2434.522525
2026-01-27 16:00:00,66862.5,11429.624115,1631.0122675
2026-01-27 17:00:00,68037.5,10769.326542499999,482.79488249999997
2026-01-27 18:00:00,71325.0,10155.43301,0.0
2026-01-27 19:00:00,72225.0,9951.2578125,0.0
2026-01-27 20:00:00,68487.5,9590.116515,0.0
2026-01-27 21:00:00,64637.5,8829.647615,0.0
2026-01-27 22:00:00,64412.5,8012.067505,0.0
2026-01-27 23:00:00,65137.5,7250.906295,0.0
2026-01-28 00:00:00,61850.0,4813.320235,0.0
2026-01-28 01:00:00,59987.5,4878.44383,0.0
2026-01-28 02:00:00,58537.5,4878.077247499999,0.0
2026-01-28 03:00:00,56387.5,4656.25004,0.0
2026-01-28 04:00:00,55850.0,4362.2211925,0.0
2026-01-28 05:00:00,58162.5,4108.661125,0.0
2026-01-28 06:00:00,63075.0,3811.3386925000004,0.0
2026-01-28 07:00:00,68462.5,3378.0125125,0.0
2026-01-28 08:00:00,71950.0,2841.3624875,261.43545
2026-01-28 09:00:00,72675.0,2373.0925625,1476.8294075
2026-01-28 10:00:00,72300.0,1986.6500325,3776.57849
2026-01-28 11:00:00,72162.5,1714.09131,5438.02588
2026-01-28 12:00:00,72675.0,1494.1350325,6425.2563475
2026-01-28 13:00:00,71487.5,1498.556265,6509.7622075
2026-01-28 14:00:00,69912.5,1613.2750525000001,5815.4169925
2026-01-28 15:00:00,68575.0,1729.4325075,4293.66217
2026-01-28 16:00:00,67625.0,1954.7624449999998,2401.5383
2026-01-28 17:00:00,68625.0,2464.91633,597.5840325
2026-01-28 18:00:00,72487.5,3104.221345,0.0
2026-01-28 19:00:00,73662.5,3541.4837225,0.0
2026-01-28 20:00:00,70212.5,3880.8224025,0.0
2026-01-28 21:00:00,66650.0,4092.4349075,0.0
2026-01-28 22:00:00,65437.5,4149.6650525,0.0
2026-01-28 23:00:00,66250.0,4192.9561775,0.0
2026-01-29 00:00:00,63337.5,3911.80255,0.0
2026-01-29 01:00:00,61462.5,3663.75746,0.0
2026-01-29 02:00:00,60137.5,3474.8800925,0.0
2026-01-29 03:00:00,58337.5,3374.8138249999997,0.0
2026-01-29 04:00:00,57675.0,3265.210175,0.0
2026-01-29 05:00:00,59525.0,3110.3663174999997,0.0
2026-01-29 06:00:00,64187.5,2874.8437375,0.0
2026-01-29 07:00:00,69525.0,2740.9237025,0.0
2026-01-29 08:00:00,72125.0,2777.4211750000004,377.11763
2026-01-29 09:00:00,73012.5,2825.6013049999997,1998.9226975000001
2026-01-29 10:00:00,72362.5,2721.936295,4603.0225224999995
2026-01-29 11:00:00,72062.5,2664.1436775,6244.5001225
2026-01-29 12:00:00,72050.0,2728.2112724999997,7085.8286125
2026-01-29 13:00:00,71250.0,2934.3299850000003,7030.41431
2026-01-29 14:00:00,69475.0,3288.9075500000004,6199.81543
2026-01-29 15:00:00,67725.0,3575.0988175,4448.72467
2026-01-29 16:00:00,66562.5,3829.8274525,2453.40036
2026-01-29 17:00:00,67550.0,4371.486145,619.3806025
2026-01-29 18:00:00,71825.0,5248.4086875,0.0
2026-01-29 19:00:00,73100.0,6031.731175000001,0.0
2026-01-29 20:00:00,69512.5,6639.28491,0.0
2026-01-29 21:00:00,65987.5,7410.883545000001,0.0
2026-01-29 22:00:00,65450.0,7829.5387,0.0
2026-01-29 23:00:00,65450.0,8007.430265,0.0
2026-01-30 00:00:00,63450.0,8761.22455,0.0
2026-01-30 01:00:00,61562.5,9063.9023725,0.0
2026-01-30 02:00:00,59975.0,9240.3241575,0.0
2026-01-30 03:00:00,57762.5,9459.3499125,0.0
2026-01-30 04:00:00,57025.0,9706.8471675,0.0
2026-01-30 05:00:00,58837.5,10035.9733925,0.0
2026-01-30 06:00:00,63550.0,10235.60617,0.0
2026-01-30 07:00:00,68637.5,9897.2803975,0.0
2026-01-30 08:00:00,71387.5,9528.1252775,359.5212075
2026-01-30 09:00:00,71787.5,9279.545075,1907.8266625
2026-01-30 10:00:00,70825.0,9217.6777,4419.3060325
2026-01-30 11:00:00,70400.0,9466.059085,6247.583619999999
2026-01-30 12:00:00,70125.0,9796.796147500001,7233.72693
2026-01-30 13:00:00,68737.5,10134.447205,7048.7713625
2026-01-30 14:00:00,66800.0,10295.6323275,6055.007079999999
2026-01-30 15:00:00,65062.5,10447.947445,4308.849425
2026-01-30 16:00:00,63712.5,11301.261167499999,2363.29303
2026-01-30 17:00:00,64787.5,12660.527647500001,579.862165
2026-01-30 18:00:00,68362.5,13703.55658,0.0
2026-01-30 19:00:00,69250.0,13744.8387775,0.0
2026-01-30 20:00:00,66225.0,13125.4778175,0.0
2026-01-30 21:00:00,63250.0,12342.330170000001,0.0
2026-01-30 22:00:00,62825.0,11172.15332,0.0
2026-01-30 23:00:00,63562.5,10153.5179125,0.0
2026-01-31 00:00:00,60437.5,7870.9751875,0.0
2026-01-31 01:00:00,58175.0,6934.09903,0.0
2026-01-31 02:00:00,56175.0,5872.6837575,0.0
2026-01-31 03:00:00,53850.0,5204.121125000001,0.0
2026-01-31 04:00:00,52475.0,4769.854835,0.0
2026-01-31 05:00:00,52937.5,4424.77106,0.0
2026-01-31 06:00:00,54550.0,4078.3136299999996,0.0
2026-01-31 07:00:00,56700.0,3908.3901050000004,0.0
2026-01-31 08:00:00,59150.0,3709.4925624999996,293.76476249999996
2026-01-31 09:00:00,61550.0,3476.6337049999997,1541.0205075
2026-01-31 10:00:00,62762.5,3164.76111,3668.50183
2026-01-31 11:00:00,63300.0,3007.32747,5321.91809
2026-01-31 12:00:00,64587.5,3077.61,6631.3239725
2026-01-31 13:00:00,63537.5,3258.3975649999998,7044.3194575
2026-01-31 14:00:00,61175.0,3305.3849324999996,5975.0679925
2026-01-31 15:00:00,59675.0,3008.0175475000005,4140.1568575
2026-01-31 16:00:00,58587.5,2707.03627,2408.0175775
2026-01-31 17:00:00,59550.0,2963.6537475,681.97171
2026-01-31 18:00:00,63237.5,3450.9163224999998,0.0
2026-01-31 19:00:00,64612.5,3659.213745,0.0
2026-01-31 20:00:00,62275.0,3711.1725650000003,0.0
2026-01-31 21:00:00,59725.0,3852.3300475,0.0
2026-01-31 22:00:00,59825.0,3998.804995,0.0
2026-01-31 23:00:00,61500.0,4057.9400324999997,0.0
2026-02-01 00:00:00,59929.5,5391.6450475,0.0
2026-02-01 01:00:00,58181.5,5276.8853025,0.0
2026-02-01 02:00:00,56234.75,5086.8551025,0.0
2026-02-01 03:00:00,53634.625,4826.280105,0.0
2026-02-01 04:00:00,52050.375,4761.6772475,0.0
2026-02-01 05:00:00,52066.5,4770.0162375,0.0
2026-02-01 06:00:00,52875.875,4807.9050475,0.0
2026-02-01 07:00:00,54379.375,4788.7562275,0.0
2026-02-01 08:00:00,56300.75,4824.7348624999995,0.0
2026-02-01 09:00:00,58509.125,4905.91884,0.0
2026-02-01 10:00:00,60635.5,4866.1876025,0.0
2026-02-01 11:00:00,61966.875,4653.267454999999,0.0
2026-02-01 12:00:00,63323.125,4401.0986175,0.0
2026-02-01 13:00:00,61693.625,4135.60359,0.0
2026-02-01 14:00:00,59194.125,3999.7987974999996,0.0
2026-02-01 15:00:00,57404.25,3751.0175925000003,0.0
2026-02-01 16:00:00,56153.875,3248.89628,0.0
2026-02-01 17:00:00,57593.75,2951.422645,0.0
2026-02-01 18:00:00,62479.875,3181.5325399999997,0.0
2026-02-01 19:00:00,65185.25,3444.221245,0.0
2026-02-01 20:00:00,62857.75,3522.3649525,0.0
2026-02-01 21:00:00,60574.375,3698.09004,0.0
2026-02-01 22:00:00,59880.25,3782.237595,0.0
2026-02-01 23:00:00,61066.5,3818.8975474999997,0.0
2026-02-02 00:00:00,57075.0,4857.1800625,0.0
2026-02-02 01:00:00,55762.5,4648.166125000001,0.0
2026-02-02 02:00:00,54250.0,4558.40901,0.0
2026-02-02 03:00:00,52137.5,4661.758935000001,0.0
2026-02-02 04:00:00,51675.0,5210.60871,0.0
2026-02-02 05:00:00,54112.5,5880.8913725,0.0
2026-02-02 06:00:00,59212.5,6497.39502,0.0
2026-02-02 07:00:00,65050.0,6869.1225575,1.757105
2026-02-02 08:00:00,68512.5,6900.623625,393.51122499999997
2026-02-02 09:00:00,69525.0,6643.242614999999,1733.5265825000001
2026-02-02 10:00:00,69200.0,6351.709835000001,3688.8406975
2026-02-02 11:00:00,68600.0,6277.242372500001,4999.332887500001
2026-02-02 12:00:00,68525.0,6505.0250525,5823.2261975
2026-02-02 13:00:00,67337.5,6903.09381,5753.0301524999995
2026-02-02 14:00:00,65725.0,7420.001162500001,4775.773682499999
2026-02-02 15:00:00,64225.0,8129.862242499999,3166.5046375
2026-02-02 16:00:00,63062.5,8928.1236275,1713.3735975
2026-02-02 17:00:00,64287.5,9882.9425975,487.796085
2026-02-02 18:00:00,68450.0,11183.45099,0.0
2026-02-02 19:00:00,70000.0,11511.2837225,0.0
2026-02-02 20:00:00,65737.5,10989.1049175,0.0
2026-02-02 21:00:00,61537.5,10617.202664999999,0.0
2026-02-02 22:00:00,60175.0,10406.641205,0.0
2026-02-02 23:00:00,60512.5,10138.17612,0.0
2026-02-03 00:00:00,57962.5,11247.851042499999,0.0
2026-02-03 01:00:00,56287.5,10871.00586,0.0
2026-02-03 02:00:00,54687.5,10585.8616025,0.0
2026-02-03 03:00:00,52475.0,10335.9375625,0.0
2026-02-03 04:00:00,51775.0,10043.933837499999,0.0
2026-02-03 05:00:00,53937.5,9916.34892,0.0
2026-02-03 06:00:00,58975.0,10000.9502525,0.0
2026-02-03 07:00:00,64687.5,10191.975020000002,4.63693
2026-02-03 08:00:00,67912.5,10178.881975,501.48105499999997
2026-02-03 09:00:00,68325.0,9835.673387499999,2362.0827325
2026-02-03 10:00:00,67800.0,9732.826369999999,5635.5584725
2026-02-03 11:00:00,67275.0,9953.131742499998,7969.094725
2026-02-03 12:00:00,67037.5,10351.4677725,9302.73462
2026-02-03 13:00:00,66087.5,10108.02895,9315.051025
2026-02-03 14:00:00,65275.0,10080.454285,8132.6490475
2026-02-03 15:00:00,64087.5,9870.63127,5939.065549999999
2026-02-03 16:00:00,62287.5,9144.954937499999,3359.16461
2026-02-03 17:00:00,62675.0,8165.1074499999995,968.18505
2026-02-03 18:00:00,66650.0,7527.81737,0.0
2026-02-03 19:00:00,67825.0,7268.693574999999,0.0
2026-02-03 20:00:00,64112.5,7090.67851,0.0
2026-02-03 21:00:00,60750.0,7246.428755,0.0
2026-02-03 22:00:00,59787.5,7281.26999,0.0
2026-02-03 23:00:00,60712.5,7166.96135,0.0
2026-02-04 00:00:00,58375.0,7357.2301474999995,0.0
2026-02-04 01:00:00,56737.5,7360.2761075,0.0
2026-02-04 02:00:00,55437.5,7305.807522499999,0.0
2026-02-04 03:00:00,53600.0,6973.6288,0.0
2026-02-04 04:00:00,52862.5,6819.677535,0.0
2026-02-04 05:00:00,54962.5,7152.796357499999,0.0
2026-02-04 06:00:00,59775.0,7731.991485,0.0
2026-02-04 07:00:00,65275.0,8550.6825275,5.17805
2026-02-04 08:00:00,68675.0,9226.2724025,519.9150225000001
2026-02-04 09:00:00,69287.5,9762.109134999999,2408.11978
2026-02-04 10:00:00,68137.5,9829.6917425,5510.654905
2026-02-04 11:00:00,67300.0,8319.7550925,7321.6424575
2026-02-04 12:00:00,67300.0,7335.342375,7948.2309575
2026-02-04 13:00:00,65937.5,7758.0447375,7486.90564
2026-02-04 14:00:00,64212.5,8244.2160375,6219.00293
2026-02-04 15:00:00,62850.0,8692.890102500001,4266.938845
2026-02-04 16:00:00,61962.5,9502.4556275,2324.4517225
2026-02-04 17:00:00,63125.0,10653.465792500001,692.9948025
2026-02-04 18:00:00,67462.5,11456.8090825,0.05748
2026-02-04 19:00:00,68650.0,11720.288849999999,0.0
2026-02-04 20:00:00,65287.5,11708.307615000002,0.0
2026-02-04 21:00:00,61412.5,11813.195955,0.0
2026-02-04 22:00:00,59950.0,11814.20645,0.0
2026-02-04 23:00:00,60975.0,11751.595247500001,0.0
2026-02-05 00:00:00,59087.5,12541.03494,0.0
2026-02-05 01:00:00,57200.0,12270.9877925,0.0
2026-02-05 02:00:00,55650.0,11947.83136,0.0
2026-02-05 03:00:00,53537.5,11577.8612675,0.0
2026-02-05 04:00:00,52475.0,11249.682282499998,0.0
2026-02-05 05:00:00,54175.0,11046.4184275,0.0
2026-02-05 06:00:00,59037.5,10982.849792500001,0.0
2026-02-05 07:00:00,64537.5,10909.75098,9.3238875
2026-02-05 08:00:00,67212.5,10951.864932499999,560.6713675
2026-02-05 09:00:00,67275.0,10824.732787500001,2449.835635
2026-02-05 10:00:00,66375.0,10406.726257499999,4923.979492500001
2026-02-05 11:00:00,65800.0,9655.170042500002,6008.8541275
2026-02-05 12:00:00,65687.5,9127.925935,6410.5269775
2026-02-05 13:00:00,64700.0,8937.903685000001,5915.3945325
2026-02-05 14:00:00,63412.5,8653.600129999999,4679.9008175
2026-02-05 15:00:00,62137.5,8560.2211025,3145.3449725
2026-02-05 16:00:00,61012.5,9126.9098825,1938.58441
2026-02-05 17:00:00,61700.0,9952.021724999999,702.296645
2026-02-05 18:00:00,65612.5,10211.395139999999,0.6344325
2026-02-05 19:00:00,67112.5,10351.40901,0.0
2026-02-05 20:00:00,63687.5,10309.29097,0.0
2026-02-05 21:00:00,60050.0,10520.713745000001,0.0
2026-02-05 22:00:00,58837.5,10866.126955,0.0
2026-02-05 23:00:00,59587.5,11308.7631825,0.0
2026-02-06 00:00:00,57275.0,9299.695125,0.0
2026-02-06 01:00:00,55450.0,9549.498687500001,0.0
2026-02-06 02:00:00,53950.0,9536.77481,0.0
2026-02-06 03:00:00,51775.0,9362.1248175,0.0
2026-02-06 04:00:00,50750.0,9116.6310725,0.0
2026-02-06 05:00:00,52487.5,8991.88492,0.0
2026-02-06 06:00:00,57175.0,8902.5013425,0.0
2026-02-06 07:00:00,62737.5,8858.95636,12.88278
2026-02-06 08:00:00,65325.0,8949.6096825,591.8362999999999
2026-02-06 09:00:00,65575.0,8891.1400125,2690.8359675
2026-02-06 10:00:00,64712.5,8902.444185,5946.7513425
2026-02-06 11:00:00,64187.5,9286.682467499999,8147.4805925
2026-02-06 12:00:00,64137.5,9608.6805725,9267.7783225
2026-02-06 13:00:00,62825.0,9460.5303075,9414.24414
2026-02-06 14:00:00,61450.0,9317.161315,8512.3316625
2026-02-06 15:00:00,59887.5,8854.212402500001,6386.6475825
2026-02-06 16:00:00,58462.5,8292.7787775,3625.9399425
2026-02-06 17:00:00,59625.0,7798.86011,1070.1862225
2026-02-06 18:00:00,63612.5,7511.6075125,1.522735
2026-02-06 19:00:00,64837.5,7440.800105,0.0
2026-02-06 20:00:00,61962.5,7697.77017,0.0
2026-02-06 21:00:00,59037.5,8037.0312475,0.0
2026-02-06 22:00:00,58125.0,8280.841307499999,0.0
2026-02-06 23:00:00,58937.5,8491.927552500001,0.0
2026-02-07 00:00:00,56837.5,9250.32071,0.0
2026-02-07 01:00:00,54812.5,8879.2400175,0.0
2026-02-07 02:00:00,53112.5,8455.585205,0.0
2026-02-07 03:00:00,50975.0,8345.0837675,0.0
2026-02-07 04:00:00,49725.0,8424.0762,0.0
2026-02-07 05:00:00,50112.5,8525.22745,0.0
2026-02-07 06:00:00,51462.5,8706.5325025,0.0
2026-02-07 07:00:00,53650.0,8799.317412499999,10.190355
2026-02-07 08:00:00,56237.5,8917.6530775,581.57386
2026-02-07 09:00:00,58325.0,8891.991670000001,2719.56595
2026-02-07 10:00:00,58925.0,8109.7713625,6056.57129
2026-02-07 11:00:00,59025.0,7052.04129,8051.1646725
2026-02-07 12:00:00,60062.5,7192.138825,9135.4426275
2026-02-07 13:00:00,58487.5,7645.922485,9079.654295
2026-02-07 14:00:00,56462.5,7920.874785,8038.5244125
2026-02-07 15:00:00,54550.0,7645.406265,6053.1092525
2026-02-07 16:00:00,53150.0,6618.6912075,3561.901
2026-02-07 17:00:00,54050.0,5857.2536275,1106.202775
2026-02-07 18:00:00,58350.0,6072.0202150000005,3.6630875
2026-02-07 19:00:00,60050.0,6407.3825675,0.0
2026-02-07 20:00:00,58150.0,6434.7973600000005,0.0
2026-02-07 21:00:00,55862.5,6335.96106,0.0
2026-02-07 22:00:00,55912.5,6163.4261074999995,0.0
2026-02-07 23:00:00,57250.0,5840.043554999999,0.0
2026-02-08 00:00:00,55187.5,5419.83125,0.0
2026-02-08 01:00:00,53800.0,5160.7824325,0.0
2026-02-08 02:00:00,52400.0,4751.13372,0.0
2026-02-08 03:00:00,49975.0,4285.0514425,0.0
2026-02-08 04:00:00,48712.5,3771.011355,0.0
2026-02-08 05:00:00,48800.0,3358.62999,0.0
2026-02-08 06:00:00,50125.0,3023.0085575000003,0.0
2026-02-08 07:00:00,51675.0,2667.5362,12.5432325
2026-02-08 08:00:00,53637.5,2441.596345,511.2512475
2026-02-08 09:00:00,56250.0,2434.9025800000004,2294.98648
2026-02-08 10:00:00,57300.0,2186.2063125,5302.046754999999
2026-02-08 11:00:00,57775.0,1484.3825175000002,7638.063845000001
2026-02-08 12:00:00,58675.0,1229.46503,9054.362795
2026-02-08 13:00:00,57075.0,1225.7400125,9141.93506
2026-02-08 14:00:00,54712.5,1199.346235,7865.818115
2026-02-08 15:00:00,52662.5,1166.6162525,5646.55896
2026-02-08 16:00:00,51025.0,1217.5412625,3137.50299
2026-02-08 17:00:00,52662.5,1608.5737374999999,1006.06808
2026-02-08 18:00:00,57975.0,2269.2699925,5.7119725
2026-02-08 19:00:00,61300.0,2801.779815,0.0
2026-02-08 20:00:00,59087.5,3090.0710925,0.0
2026-02-08 21:00:00,57025.0,3330.0086575,0.0
2026-02-08 22:00:00,56625.0,3580.47998,0.0
2026-02-08 23:00:00,57600.0,3781.75611,0.0
2026-02-09 00:00:00,56487.5,3845.1549675,0.0
2026-02-09 01:00:00,55000.0,3913.3112874999997,0.0
2026-02-09 02:00:00,53937.5,3994.369995,0.0
2026-02-09 03:00:00,52150.0,4146.0564325,0.0
2026-02-09 04:00:00,51737.5,4255.1376825,0.0
2026-02-09 05:00:00,54100.0,4308.537705,0.0
2026-02-09 06:00:00,58975.0,4432.63504,0.0
2026-02-09 07:00:00,64850.0,4726.354922500001,22.536235
2026-02-09 08:00:00,68200.0,5204.55246,600.4701375
2026-02-09 09:00:00,68487.5,5551.2112099999995,2605.7713325
2026-02-09 10:00:00,67500.0,5644.9388425,5462.0794675
2026-02-09 11:00:00,66637.5,5846.9001149999995,7346.6084
2026-02-09 12:00:00,67012.5,6515.283815,8355.488645
2026-02-09 13:00:00,65962.5,7263.282285000001,8205.66858
2026-02-09 14:00:00,64737.5,7924.9638075,6825.276735
2026-02-09 15:00:00,63362.5,8443.0338125,4701.6496575
2026-02-09 16:00:00,61800.0,8710.7309575,2661.2317475
2026-02-09 17:00:00,62375.0,9175.0499575,837.53507
2026-02-09 18:00:00,65987.5,10354.2352325,8.5879075
2026-02-09 19:00:00,67512.5,11320.0747075,0.0
2026-02-09 20:00:00,63950.0,11915.918615,0.0
2026-02-09 21:00:00,60412.5,12237.568785,0.0
2026-02-09 22:00:00,59475.0,12359.31711,0.0
2026-02-09 23:00:00,60187.5,12310.768525000001,0.0
2026-02-10 00:00:00,57050.0,10988.7974275,0.0
2026-02-10 01:00:00,55237.5,10742.1998575,0.0
2026-02-10 02:00:00,53687.5,10263.189695000001,0.0
2026-02-10 03:00:00,51537.5,9744.88336,0.0
2026-02-10 04:00:00,50750.0,9117.3340175,0.0
2026-02-10 05:00:00,52625.0,8504.74149,0.0
2026-02-10 06:00:00,57225.0,7688.91266,0.0
2026-02-10 07:00:00,62500.0,6795.251130000001,11.2435775
2026-02-10 08:00:00,65062.5,6574.04747,288.2622525
2026-02-10 09:00:00,64950.0,6868.623627499999,1191.927095
2026-02-10 10:00:00,64287.5,7474.59506,2445.3441475
2026-02-10 11:00:00,64237.5,8611.201140000001,3618.6992824999998
2026-02-10 12:00:00,64462.5,9552.797515,4334.09967
2026-02-10 13:00:00,63262.5,9860.46463,4366.8692599999995
2026-02-10 14:00:00,61575.0,10286.794585000001,3818.5774524999997
2026-02-10 15:00:00,59862.5,10758.57126,2829.38208
2026-02-10 16:00:00,59062.5,11113.585505000001,1700.1006775
2026-02-10 17:00:00,59587.5,11612.48093,674.4951025
2026-02-10 18:00:00,63112.5,12812.4814425,13.4807225
2026-02-10 19:00:00,65562.5,14037.006532500001,0.0
2026-02-10 20:00:00,62000.0,14727.2821975,0.0
2026-02-10 21:00:00,58100.0,15108.95215,0.0
2026-02-10 22:00:00,56850.0,15041.0633825,0.0
2026-02-10 23:00:00,57750.0,15060.344545,0.0
2026-02-11 00:00:00,55325.0,16030.366115,0.0
2026-02-11 01:00:00,53375.0,16086.377652500001,0.0
2026-02-11 02:00:00,51825.0,16332.056577500001,0.0
2026-02-11 03:00:00,49625.0,16890.8090825,0.0
2026-02-11 04:00:00,48612.5,17184.0817875,0.0
2026-02-11 05:00:00,50462.5,17313.006195,0.0
2026-02-11 06:00:00,54700.0,17342.57919,0.0
2026-02-11 07:00:00,59587.5,17426.4478125,15.4122325
2026-02-11 08:00:00,62162.5,17697.5240775,393.8091725
2026-02-11 09:00:00,62987.5,17898.315642499998,2010.0752550000002
2026-02-11 10:00:00,62775.0,17746.4868775,4445.4493999999995
2026-02-11 11:00:00,62900.0,17448.904755,6370.9614225000005
2026-02-11 12:00:00,63125.0,17834.07849,7186.581545
2026-02-11 13:00:00,62412.5,17747.8447275,7036.563475
2026-02-11 14:00:00,61650.0,17334.992645000002,6013.8680425
2026-02-11 15:00:00,60012.5,16457.363345,4311.7145975
2026-02-11 16:00:00,58725.0,15278.847625,2386.0074175
2026-02-11 17:00:00,59437.5,14267.847044999999,797.416125
2026-02-11 18:00:00,63025.0,14631.294857500001,18.9868125
2026-02-11 19:00:00,64987.5,15914.994715,0.0
2026-02-11 20:00:00,61275.0,16972.025205,0.0
2026-02-11 21:00:00,57587.5,17290.3881525,0.0
2026-02-11 22:00:00,56475.0,17447.563722500003,0.0
2026-02-11 23:00:00,56962.5,17413.97537,0.0
2026-02-12 00:00:00,54185.0,17378.291549999998,0.0
2026-02-12 01:00:00,52394.25,17455.5126675,0.0
2026-02-12 02:00:00,50649.5,17636.541075,0.0
2026-02-12 03:00:00,48073.625,17249.4136675,0.0
2026-02-12 04:00:00,47131.375,17114.562589999998,0.0
2026-02-12 05:00:00,48881.875,17665.19803,0.0
2026-02-12 06:00:00,53556.625,18275.7792675,0.0
2026-02-12 07:00:00,58885.375,18562.5802325,18.09441
2026-02-12 08:00:00,61482.125,18483.749267500003,336.38888
2026-02-12 09:00:00,62416.75,17911.553317500002,1569.1324
2026-02-12 10:00:00,62470.125,17550.2840575,3600.0849
2026-02-12 11:00:00,62699.125,17377.532135,5787.736205
2026-02-12 12:00:00,63271.5,17313.0112,7756.8345975
2026-02-12 13:00:00,62599.25,17935.59082,8781.9309075
2026-02-12 14:00:00,61857.125,18702.775144999996,8412.0424775
2026-02-12 15:00:00,61145.125,19470.116942499997,6778.368165
2026-02-12 16:00:00,59993.125,20215.15158,4179.6579
2026-02-12 17:00:00,60387.0,20590.498415000002,1484.4360775
2026-02-12 18:00:00,63571.375,20253.1936925,43.60751
2026-02-12 19:00:00,65322.875,19265.0525525,0.0
2026-02-12 20:00:00,61890.5,17998.50882,0.0
2026-02-12 21:00:00,58384.375,16616.613405,0.0
2026-02-12 22:00:00,57646.25,15228.3627925,0.0
2026-02-12 23:00:00,58142.75,13976.234865,0.0
2026-02-13 00:00:00,56090.0,11717.2949225,0.0
2026-02-13 01:00:00,54471.75,10503.028865,0.0
2026-02-13 02:00:00,52883.0,9478.2687075,0.0
2026-02-13 03:00:00,50473.375,8852.7063125,0.0
2026-02-13 04:00:00,49766.75,8201.171022499999,0.0
2026-02-13 05:00:00,51547.25,7185.6313475,0.0
2026-02-13 06:00:00,55915.25,6295.766555,0.0
2026-02-13 07:00:00,61188.25,5593.83255,17.1024925
2026-02-13 08:00:00,63804.125,4925.741347499999,423.05026250000003
2026-02-13 09:00:00,64769.5,4200.1974625,1697.28726
2026-02-13 10:00:00,64508.5,3795.3062275,3369.9344475
2026-02-13 11:00:00,64507.25,3828.4549300000003,4799.56482
2026-02-13 12:00:00,64504.375,4155.659945,5241.8519275
2026-02-13 13:00:00,63342.125,4162.3224875,5170.638795
2026-02-13 14:00:00,61992.125,3728.533745,4157.35785
2026-02-13 15:00:00,61115.0,3249.2562550000002,2944.5077499999998
2026-02-13 16:00:00,59805.875,3219.0649249999997,1746.9637425
2026-02-13 17:00:00,60663.0,3792.522615,750.0935375
2026-02-13 18:00:00,63638.75,4998.9388725,30.433545
2026-02-13 19:00:00,65163.125,6189.326045,0.0
2026-02-13 20:00:00,62304.5,7145.57608,0.0
2026-02-13 21:00:00,59370.25,8227.528595,0.0
2026-02-13 22:00:00,59143.125,9213.14261,0.0
2026-02-13 23:00:00,59827.125,10117.703827500001,0.0
2026-02-14 00:00:00,57525.0,9231.2777675,0.0
2026-02-14 01:00:00,55225.0,10465.231505000002,0.0
2026-02-14 02:00:00,53462.5,11634.934937499998,0.0
2026-02-14 03:00:00,50725.0,12964.487850000001,0.0
2026-02-14 04:00:00,49775.0,14465.0089425,0.0
2026-02-14 05:00:00,50512.5,15932.234010000002,0.0
2026-02-14 06:00:00,52112.5,16955.4810175,0.0
2026-02-14 07:00:00,54512.5,17194.16284,19.2940675
2026-02-14 08:00:00,56800.0,16679.91385,365.88538
2026-02-14 09:00:00,59462.5,16149.0957025,1612.817245
2026-02-14 10:00:00,60762.5,16497.551455,3530.50952
2026-02-14 11:00:00,61337.5,16804.10959,5325.1208475
2026-02-14 12:00:00,62575.0,16057.5300875,6747.4802225
2026-02-14 13:00:00,61737.5,15027.9251725,7602.6601575
2026-02-14 14:00:00,59950.0,14018.681574999999,7469.5920399999995
2026-02-14 15:00:00,58362.5,12748.1677375,6177.074095
2026-02-14 16:00:00,56850.0,11051.52492,3943.6242675
2026-02-14 17:00:00,57737.5,9152.029905,1490.6405025
2026-02-14 18:00:00,61425.0,7375.458817500001,60.862137499999996
2026-02-14 19:00:00,63825.0,6059.402345,0.0
2026-02-14 20:00:00,62062.5,5068.6323375,0.0
2026-02-14 21:00:00,59662.5,4450.86398,0.0
2026-02-14 22:00:00,59625.0,4091.9111075,0.0
2026-02-14 23:00:00,61875.0,3969.8525,0.0
2026-02-15 00:00:00,60400.0,3896.6737825,0.0
2026-02-15 01:00:00,58762.5,4297.3261075,0.0
2026-02-15 02:00:00,57362.5,4943.376249999999,0.0
2026-02-15 03:00:00,54637.5,5853.6200874999995,0.0
2026-02-15 04:00:00,53312.5,6771.745025,0.0
2026-02-15 05:00:00,53387.5,7461.1626275,0.0
2026-02-15 06:00:00,54525.0,8371.036072500001,0.0
2026-02-15 07:00:00,55887.5,9568.033415,25.065892499999997
2026-02-15 08:00:00,57450.0,11165.1449625,516.69169
2026-02-15 09:00:00,60337.5,12281.46738,2026.071535
2026-02-15 10:00:00,62612.5,12575.7187825,3665.7468275
2026-02-15 11:00:00,63925.0,13997.4411925,4877.8066375
2026-02-15 12:00:00,64862.5,15080.6775525,5398.341795
2026-02-15 13:00:00,63000.0,15791.8898,5132.6876225000005
2026-02-15 14:00:00,60775.0,16644.9533675,4364.99866
2026-02-15 15:00:00,59587.5,17392.978945,3196.17859
2026-02-15 16:00:00,58187.5,17619.35843,1951.7642225
2026-02-15 17:00:00,58450.0,17697.948825,876.3105175000001
2026-02-15 18:00:00,62175.0,17670.7031225,49.13886
2026-02-15 19:00:00,65087.5,17530.137665,0.0
2026-02-15 20:00:00,62462.5,17991.5853875,0.0
2026-02-15 21:00:00,59312.5,19044.4888,0.0
2026-02-15 22:00:00,58012.5,19598.7189025,0.0
2026-02-15 23:00:00,59087.5,19521.8007225,0.0
2026-02-16 00:00:00,58937.5,19057.049684999998,0.0
2026-02-16 01:00:00,56687.5,19089.4792475,0.0
2026-02-16 02:00:00,55100.0,10052.0766,0.0
2026-02-16 03:00:00,52850.0,9769.484462499999,0.0
2026-02-16 04:00:00,51875.0,9391.798325,0.0
2026-02-16 05:00:00,53912.5,15037.527432500001,0.0
2026-02-16 06:00:00,58912.5,16746.4261175,0.0
2026-02-16 07:00:00,64512.5,16707.1788025,32.7916775
2026-02-16 08:00:00,67362.5,17040.4100675,491.508185
2026-02-16 09:00:00,68525.0,17465.0260925,1994.5052500000002
2026-02-16 10:00:00,68387.5,17688.0556675,4196.168395
2026-02-16 11:00:00,68162.5,18051.852965000002,6135.6589325
2026-02-16 12:00:00,68137.5,19149.6408075,7443.4447025
2026-02-16 13:00:00,67187.5,10741.555507500001,5795.7365725
2026-02-16 14:00:00,65837.5,10818.75998,5401.82971
2026-02-16 15:00:00,64725.0,17505.22934,5310.2976075
2026-02-16 16:00:00,63325.0,19384.9188825,3615.3972175
2026-02-16 17:00:00,63837.5,19124.345887499996,1475.9031675
2026-02-16 18:00:00,67912.5,18885.172274999997,75.65982
2026-02-16 19:00:00,70162.5,18558.7949825,0.0
2026-02-16 20:00:00,66312.5,18164.364475,0.0
2026-02-16 21:00:00,62400.0,17648.986324999998,0.0
2026-02-16 22:00:00,61275.0,16952.998475,0.0
2026-02-16 23:00:00,62287.5,16458.1631475,0.0
2026-02-17 00:00:00,59962.5,15441.3584,0.0
2026-02-17 01:00:00,58425.0,15021.9302675,0.0
2026-02-17 02:00:00,56850.0,14548.053835,0.0
2026-02-17 03:00:00,54250.0,14122.00122,0.0
2026-02-17 04:00:00,53237.5,13838.082277499998,0.0
2026-02-17 05:00:00,55112.5,13538.25476,0.0
2026-02-17 06:00:00,59425.0,13138.441895,0.0
2026-02-17 07:00:00,65100.0,12833.328705,37.819745
2026-02-17 08:00:00,68287.5,12393.4066025,658.07731
2026-02-17 09:00:00,69650.0,11680.9377175,2751.1086450000003
2026-02-17 10:00:00,69612.5,11134.340157499999,5435.789915
2026-02-17 11:00:00,69562.5,10538.355102500002,7578.454345
2026-02-17 12:00:00,69412.5,9760.3833875,8865.2238775
2026-02-17 13:00:00,68375.0,8991.274907500001,9076.0178225
2026-02-17 14:00:00,67287.5,7908.528875,8320.5145275
2026-02-17 15:00:00,65612.5,6772.237639999999,6583.398435
2026-02-17 16:00:00,64337.5,5487.4000375,4132.5442525
2026-02-17 17:00:00,64587.5,4134.680015,1558.7142925
2026-02-17 18:00:00,68325.0,3573.78618,73.6129675
2026-02-17 19:00:00,70537.5,3589.1123925,0.0
2026-02-17 20:00:00,67012.5,3851.06131,0.0
2026-02-17 21:00:00,63450.0,4280.2213125,0.0
2026-02-17 22:00:00,62537.5,4570.0474825,0.0
2026-02-17 23:00:00,62987.5,5013.972625,0.0
2026-02-18 00:00:00,61062.5,6072.390107499999,0.0
2026-02-18 01:00:00,59637.5,6964.1912875,0.0
2026-02-18 02:00:00,57937.5,7716.842345000001,0.0
2026-02-18 03:00:00,55975.0,8203.6112075,0.0
2026-02-18 04:00:00,55262.5,8568.4475675,0.0
2026-02-18 05:00:00,56900.0,8974.4062825,0.0
2026-02-18 06:00:00,60762.5,9648.3451175,0.0
2026-02-18 07:00:00,65887.5,10675.887635000001,35.567074999999996
2026-02-18 08:00:00,68575.0,11658.9561725,554.683025
2026-02-18 09:00:00,69287.5,12103.421235,2418.656005
2026-02-18 10:00:00,68612.5,11984.4999375,5006.3369125
2026-02-18 11:00:00,68262.5,11685.77954,7060.7027575
2026-02-18 12:00:00,68225.0,11844.61856,8419.895875
2026-02-18 13:00:00,67325.0,12194.986387500001,8583.2541475
2026-02-18 14:00:00,65375.0,12587.188747499998,7811.7432850000005
2026-02-18 15:00:00,64462.5,13157.8911125,6198.5917975
2026-02-18 16:00:00,63025.0,14127.144045,3735.45343
2026-02-18 17:00:00,63662.5,15371.403839999999,1461.7890625
2026-02-18 18:00:00,67537.5,15567.304965,83.72521750000001
2026-02-18 19:00:00,69825.0,15076.330109999999,0.0
2026-02-18 20:00:00,66212.5,14220.8552275,0.0
2026-02-18 21:00:00,62587.5,13721.446497500001,0.0
2026-02-18 22:00:00,61575.0,13539.774932499999,0.0
2026-02-18 23:00:00,61987.5,13828.6548175,0.0
2026-02-19 00:00:00,59625.0,15484.34149,0.0
2026-02-19 01:00:00,57550.0,15774.1788625,0.0
2026-02-19 02:00:00,55800.0,15720.39868,0.0
2026-02-19 03:00:00,53425.0,15164.588045,0.0
2026-02-19 04:00:00,52312.5,14429.1567075,0.0
2026-02-19 05:00:00,54025.0,13709.674715,0.0
2026-02-19 06:00:00,58137.5,13040.500825000001,0.0
2026-02-19 07:00:00,63512.5,12439.9025875,40.036632499999996
2026-02-19 08:00:00,66062.5,12151.472745,492.704745
2026-02-19 09:00:00,67500.0,11810.8029475,1928.572965
2026-02-19 10:00:00,67550.0,11496.626220000002,3532.5609125
2026-02-19 11:00:00,67687.5,11297.039762499999,4748.1092525
2026-02-19 12:00:00,68087.5,11358.98901,5738.2313225
2026-02-19 13:00:00,67287.5,11362.911435,6455.47815
2026-02-19 14:00:00,66162.5,11476.8290725,6103.83606
2026-02-19 15:00:00,64200.0,11672.872285000001,5095.7442625
2026-02-19 16:00:00,63512.5,11649.385772500002,3471.959655
2026-02-19 17:00:00,63750.0,11575.691987499999,1400.9584225
2026-02-19 18:00:00,67262.5,11532.6162425,92.989785
2026-02-19 19:00:00,69175.0,11259.311185,0.0
2026-02-19 20:00:00,65625.0,10863.4356075,0.0
2026-02-19 21:00:00,62262.5,10384.508852500001,0.0
2026-02-19 22:00:00,61462.5,10091.28125,0.0
2026-02-19 23:00:00,62387.5,10107.86743,0.0
2026-02-20 00:00:00,60409.75,9156.315155,0.0
2026-02-20 01:00:00,58662.0,8450.35272,0.0
2026-02-20 02:00:00,57056.5,7573.324895,0.0
2026-02-20 03:00:00,54747.875,6966.7775725,0.0
2026-02-20 04:00:00,53896.125,6660.745177499999,0.0
2026-02-20 05:00:00,56048.625,6425.0638125,0.0
2026-02-20 06:00:00,60320.625,6109.5937925,0.0
2026-02-20 07:00:00,64960.375,5614.9911025,44.57695
2026-02-20 08:00:00,67480.25,5199.995207499999,585.32339
2026-02-20 09:00:00,68268.625,4947.688995,2459.6450800000002
2026-02-20 10:00:00,67808.625,5264.25009,4965.89941
2026-02-20 11:00:00,67538.0,6546.9247749999995,7331.5031725
2026-02-20 12:00:00,67571.25,8635.6350675,8557.2702625
2026-02-20 13:00:00,66293.375,10057.056365,8032.33789
2026-02-20 14:00:00,65021.375,11197.358735,6950.395385
2026-02-20 15:00:00,63886.375,11728.94995,5467.41626
2026-02-20 16:00:00,62095.75,11283.907290000001,3576.4053949999998
2026-02-20 17:00:00,62274.125,10998.497495,1529.61499
2026-02-20 18:00:00,65250.875,11768.9487625,101.4972725
2026-02-20 19:00:00,66834.875,12982.48474,0.0
2026-02-20 20:00:00,63942.375,13960.403445,0.0
2026-02-20 21:00:00,60996.25,14428.972257500001,0.0
2026-02-20 22:00:00,60573.5,14626.5877975,0.0
2026-02-20 23:00:00,61286.5,14754.7187825,0.0
2026-02-21 00:00:00,57712.5,14220.653745,0.0
2026-02-21 01:00:00,55225.0,13873.941407500002,0.0
2026-02-21 02:00:00,53137.5,13411.641145,0.0
2026-02-21 03:00:00,50812.5,12631.583982499998,0.0
2026-02-21 04:00:00,49362.5,11898.94888,0.0
2026-02-21 05:00:00,49362.5,11397.241395,0.0
2026-02-21 06:00:00,50375.0,11267.196047500001,0.0
2026-02-21 07:00:00,51800.0,11654.7914425,39.38665
2026-02-21 08:00:00,53412.5,12202.7976675,636.2420275
2026-02-21 09:00:00,55837.5,12540.14041,2777.3271475
2026-02-21 10:00:00,57037.5,13306.771455,5306.33496
2026-02-21 11:00:00,56962.5,13932.981262500001,7413.724855
2026-02-21 12:00:00,58212.5,14169.8615675,8974.4228525
2026-02-21 13:00:00,57250.0,8435.29959,7368.1806675
2026-02-21 14:00:00,54837.5,7927.46695,7107.41675
2026-02-21 15:00:00,53237.5,7067.27771,5947.639160000001
2026-02-21 16:00:00,52100.0,9029.1486525,4912.791625
2026-02-21 17:00:00,52637.5,9280.26468,2215.49191
2026-02-21 18:00:00,55987.5,9447.97247,143.9161325
2026-02-21 19:00:00,58850.0,9686.5352775,0.0
2026-02-21 20:00:00,56825.0,9978.566434999999,0.0
2026-02-21 21:00:00,54537.5,10224.907745,0.0
2026-02-21 22:00:00,54625.0,10350.32901,0.0
2026-02-21 23:00:00,56325.0,10539.76483,0.0
2026-02-22 00:00:00,52862.5,10221.493895,0.0
2026-02-22 01:00:00,51200.0,10207.7453,0.0
2026-02-22 02:00:00,49800.0,10150.854185,0.0
2026-02-22 03:00:00,46575.0,10091.5652725,0.0
2026-02-22 04:00:00,45025.0,9991.13629,0.0
2026-02-22 05:00:00,44950.0,9857.343565000001,0.0
2026-02-22 06:00:00,45737.5,9915.8501325,0.0
2026-02-22 07:00:00,46800.0,10073.9148875,37.5051375
2026-02-22 08:00:00,48087.5,10148.136717500001,849.60601
2026-02-22 09:00:00,50362.5,10248.462252499998,3684.8161
2026-02-22 10:00:00,51762.5,6581.731997499999,5110.47693
2026-02-22 11:00:00,52675.0,6961.100892500001,6782.3745125000005
2026-02-22 12:00:00,54187.5,7333.3082575,7860.5203825
2026-02-22 13:00:00,52700.0,7602.6972325,8035.1422125
2026-02-22 14:00:00,50775.0,7631.761565,7264.974975
2026-02-22 15:00:00,49912.5,7500.365785,5773.952515
2026-02-22 16:00:00,48962.5,7283.713072500001,3711.05109
2026-02-22 17:00:00,49625.0,10361.3082875,1808.1202074999999
2026-02-22 18:00:00,53775.0,11212.567565,135.041395
2026-02-22 19:00:00,57312.5,11106.821015000001,0.0
2026-02-22 20:00:00,55287.5,11086.6372025,0.0
2026-02-22 21:00:00,53162.5,10888.5359525,0.0
2026-02-22 22:00:00,52837.5,10465.6096225,0.0
2026-02-22 23:00:00,54612.5,10148.499055,0.0
2026-02-23 00:00:00,52400.0,10400.827665,0.0
2026-02-23 01:00:00,50525.0,10273.948762499998,0.0
2026-02-23 02:00:00,48975.0,10249.741334999999,0.0
2026-02-23 03:00:00,47275.0,10022.6437675,0.0
2026-02-23 04:00:00,46787.5,9642.202485000002,0.0
2026-02-23 05:00:00,49012.5,9362.116302499999,0.0
2026-02-23 06:00:00,53150.0,9085.54126,0.0
2026-02-23 07:00:00,57450.0,8604.29758,41.3355275
2026-02-23 08:00:00,60000.0,8495.371364999999,725.6663
2026-02-23 09:00:00,61325.0,8850.048859999999,2911.9020675
2026-02-23 10:00:00,60962.5,9531.135129999999,5328.7851575
2026-02-23 11:00:00,60550.0,10309.254640000001,7351.862795
2026-02-23 12:00:00,60575.0,11026.6214875,8995.156005
2026-02-23 13:00:00,59512.5,11365.6640925,9573.1633275
2026-02-23 14:00:00,58612.5,11297.9848,9007.688475
2026-02-23 15:00:00,57775.0,10397.894685,7525.82446
2026-02-23 16:00:00,56787.5,9017.77649,5099.1192625
2026-02-23 17:00:00,56987.5,8140.132385,2185.40268
2026-02-23 18:00:00,60025.0,8098.5174725,176.4092775
2026-02-23 19:00:00,63462.5,8544.7073075,0.0
2026-02-23 20:00:00,60337.5,9274.252232499999,0.0
2026-02-23 21:00:00,56975.0,9797.879780000001,0.0
2026-02-23 22:00:00,56387.5,9663.740235000001,0.0
2026-02-23 23:00:00,57050.0,8896.9123225,0.0
2026-02-24 00:00:00,52875.0,6898.4563499999995,0.0
2026-02-24 01:00:00,50987.5,6512.7237225,0.0
2026-02-24 02:00:00,49575.0,6267.1473675,0.0
2026-02-24 03:00:00,47225.0,5993.5410025,0.0
2026-02-24 04:00:00,46637.5,5446.47116,0.0
2026-02-24 05:00:00,48625.0,4760.248905,0.0
2026-02-24 06:00:00,52637.5,4196.26128,0.0
2026-02-24 07:00:00,57050.0,3748.526215,54.16166
2026-02-24 08:00:00,59425.0,3426.58264,1013.3822025
2026-02-24 09:00:00,60050.0,3183.1875600000003,4150.29968
2026-02-24 10:00:00,58987.5,3039.1900775,7743.286620000001
2026-02-24 11:00:00,58137.5,2959.53511,10637.9521475
2026-02-24 12:00:00,57975.0,3205.31763,12481.94385
2026-02-24 13:00:00,56600.0,3462.9600550000005,13000.492675
2026-02-24 14:00:00,55275.0,3501.6287375,12278.785645
2026-02-24 15:00:00,54075.0,3499.0887,10371.4401875
2026-02-24 16:00:00,52625.0,3478.8186925,7112.8179925
2026-02-24 17:00:00,53087.5,3565.84491,3039.597565
2026-02-24 18:00:00,56550.0,4300.20117,270.470055
2026-02-24 19:00:00,59762.5,5108.028715,0.0
2026-02-24 20:00:00,56962.5,5591.40002,0.0
2026-02-24 21:00:00,53750.0,5896.7937600000005,0.0
2026-02-24 22:00:00,53200.0,6117.5236725,0.0
2026-02-24 23:00:00,54250.0,6112.5361875,0.0
2026-02-25 00:00:00,51237.5,5856.9923425,0.0
2026-02-25 01:00:00,49662.5,5651.1261275,0.0
2026-02-25 02:00:00,48225.0,5417.303872500001,0.0
2026-02-25 03:00:00,46100.0,5190.36263,0.0
2026-02-25 04:00:00,45437.5,5019.5926975,0.0
2026-02-25 05:00:00,47450.0,5013.6486725,0.0
2026-02-25 06:00:00,51412.5,5120.3087675,0.0
2026-02-25 07:00:00,55837.5,5235.72505,70.0955225
2026-02-25 08:00:00,58287.5,5205.88156,1320.2064675000001
2026-02-25 09:00:00,58837.5,5320.719939999999,5160.93097
2026-02-25 10:00:00,58100.0,4862.3237,9251.141845
2026-02-25 11:00:00,57000.0,3107.692505,12394.332275
2026-02-25 12:00:00,56350.0,2694.2362350000003,14265.4279775
2026-02-25 13:00:00,54775.0,2652.1402224999997,14639.616455
2026-02-25 14:00:00,53712.5,1646.4217825,10307.5417475
2026-02-25 15:00:00,52037.5,2275.0377974999997,10570.261232500001
2026-02-25 16:00:00,50637.5,2508.3537075,7708.1842025000005
2026-02-25 17:00:00,50975.0,3000.0886400000004,3309.7121575
2026-02-25 18:00:00,54987.5,4145.93505,322.348715
2026-02-25 19:00:00,57750.0,5381.4837275,0.0
2026-02-25 20:00:00,54625.0,6132.23511,0.0
2026-02-25 21:00:00,51775.0,6421.2199975,0.0
2026-02-25 22:00:00,51400.0,6526.7160349999995,0.0
2026-02-25 23:00:00,52250.0,6484.293765,0.0
2026-02-26 00:00:00,49550.0,6203.172185,0.0
2026-02-26 01:00:00,47787.5,6290.351347500001,0.0
2026-02-26 02:00:00,46400.0,6423.1236850000005,0.0
2026-02-26 03:00:00,44350.0,6439.537295,0.0
2026-02-26 04:00:00,44200.0,6184.0797875,0.0
2026-02-26 05:00:00,46675.0,5803.4875175,0.0
2026-02-26 06:00:00,50937.5,5526.6961525,0.0
2026-02-26 07:00:00,55212.5,5465.051225,88.3510775
2026-02-26 08:00:00,57362.5,5493.5811325,1380.62552
2026-02-26 09:00:00,57700.0,5069.2576874999995,4920.7879649999995
2026-02-26 10:00:00,56962.5,4333.5612025,8688.7817375
2026-02-26 11:00:00,56112.5,4054.7612475,11919.1435575
2026-02-26 12:00:00,55862.5,4324.30339,14140.766845
2026-02-26 13:00:00,54462.5,3009.2245475,11213.393555
2026-02-26 14:00:00,53450.0,4741.91225,13271.953615
2026-02-26 15:00:00,51775.0,3483.8768475,8900.651857500001
2026-02-26 16:00:00,50425.0,4876.8202975,7451.5754400000005
2026-02-26 17:00:00,50987.5,5031.91226,3503.058015
2026-02-26 18:00:00,54812.5,5293.81244,368.96830250000005
2026-02-26 19:00:00,57887.5,6156.824930000001,0.0
2026-02-26 20:00:00,54987.5,7164.2363749999995,0.0
2026-02-26 21:00:00,52087.5,8209.26999,0.0
2026-02-26 22:00:00,51825.0,8993.322295,0.0
2026-02-26 23:00:00,52737.5,9496.172485,0.0
2026-02-27 00:00:00,49637.5,10111.2949225,0.0
2026-02-27 01:00:00,48237.5,10010.646485,0.0
2026-02-27 02:00:00,46887.5,9824.3963925,0.0
2026-02-27 03:00:00,44837.5,9928.38751,0.0
2026-02-27 04:00:00,44300.0,10326.048675,0.0
2026-02-27 05:00:00,46525.0,10859.424780000001,0.0
2026-02-27 06:00:00,50725.0,11238.605195,0.0
2026-02-27 07:00:00,54537.5,11279.57797,102.294285
2026-02-27 08:00:00,56700.0,11142.3761,1482.29671
2026-02-27 09:00:00,56712.5,10733.9695125,4959.3861075
2026-02-27 10:00:00,55737.5,9865.4636225,8219.623535
2026-02-27 11:00:00,54762.5,9120.73367,10475.9580075
2026-02-27 12:00:00,54500.0,6238.946505,8660.4436025
2026-02-27 13:00:00,53437.5,6496.9820575,8767.59424
2026-02-27 14:00:00,52075.0,6678.6401049999995,8011.767945
2026-02-27 15:00:00,50675.0,9471.1407475,8064.8839125
2026-02-27 16:00:00,49237.5,10007.313475,5780.0698250000005
2026-02-27 17:00:00,50175.0,9683.20587,2526.3773825
2026-02-27 18:00:00,53737.5,9820.900024999999,284.9072025
2026-02-27 19:00:00,56037.5,9691.482785,0.0
2026-02-27 20:00:00,53450.0,9513.7138675,0.0
2026-02-27 21:00:00,51137.5,9427.979889999999,0.0
2026-02-27 22:00:00,50675.0,9401.8415825,0.0
2026-02-27 23:00:00,51575.0,9431.402495,0.0
2026-02-28 00:00:00,49725.0,11139.3999625,0.0
2026-02-28 01:00:00,47987.5,11062.4574275,0.0
2026-02-28 02:00:00,46337.5,11142.9037175,0.0
2026-02-28 03:00:00,43825.0,11294.8909925,0.0
2026-02-28 04:00:00,42600.0,11359.892852500001,0.0
2026-02-28 05:00:00,43362.5,11366.2330025,0.0
2026-02-28 06:00:00,44700.0,11429.9552,0.0
2026-02-28 07:00:00,46062.5,11555.0823375,77.79334
2026-02-28 08:00:00,47850.0,11617.302385,918.1669549999999
2026-02-28 09:00:00,50075.0,11634.911877499999,3369.2721549999997
2026-02-28 10:00:00,50862.5,12130.821305,6114.6817625
2026-02-28 11:00:00,51175.0,7413.93053,6102.1013175
2026-02-28 12:00:00,52112.5,7184.155095,7249.5651875
2026-02-28 13:00:00,51375.0,6871.5404325,7506.6177975
2026-02-28 14:00:00,49162.5,6471.3597,7126.453615
2026-02-28 15:00:00,47962.5,8736.518662499999,7563.0642075
2026-02-28 16:00:00,47075.0,8033.3582275,5771.8375225
2026-02-28 17:00:00,47700.0,6027.2847175,2703.5842575
2026-02-28 18:00:00,51000.0,4667.276205,356.800205
2026-02-28 19:00:00,54275.0,4134.995135,0.0
2026-02-28 20:00:00,52600.0,3888.2576225000003,0.0
2026-02-28 21:00:00,50637.5,3876.056235,0.0
2026-02-28 22:00:00,51150.0,4017.2674849999994,0.0
2026-02-28 23:00:00,53075.0,4138.3824775,0.0
2026-03-01 00:00:00,51350.0,4175.897325,0.0
2026-03-01 01:00:00,49562.5,4482.2900850000005,0.0
2026-03-01 02:00:00,48300.0,4908.17749,0.0
2026-03-01 03:00:00,45950.0,5317.901305,0.0
2026-03-01 04:00:00,44700.0,5810.9524575,0.0
2026-03-01 05:00:00,45062.5,6261.1609499999995,0.0
2026-03-01 06:00:00,45787.5,6643.0149475,0.0
2026-03-01 07:00:00,46387.5,6961.406435000001,0.0
2026-03-01 08:00:00,47775.0,7372.422637500001,0.0
2026-03-01 09:00:00,49737.5,7034.942535,0.0
2026-03-01 10:00:00,50687.5,6112.1652225,0.0
2026-03-01 11:00:00,51212.5,4459.3895875,0.0
2026-03-01 12:00:00,52437.5,5138.5514825,0.0
2026-03-01 13:00:00,51062.5,5260.44034,0.0
2026-03-01 14:00:00,48075.0,5024.9093325,0.0
2026-03-01 15:00:00,46375.0,6536.8192125000005,0.0
2026-03-01 16:00:00,45762.5,6474.317475,0.0
2026-03-01 17:00:00,46637.5,5765.0474525,0.0
2026-03-01 18:00:00,50475.0,5681.351375,0.0
2026-03-01 19:00:00,54925.0,5938.73639,0.0
2026-03-01 20:00:00,53687.5,6230.5314,0.0
2026-03-01 21:00:00,51875.0,6770.52127,0.0
2026-03-01 22:00:00,51750.0,7449.41739,0.0
2026-03-01 23:00:00,53487.5,8088.1597575,0.0
2026-03-02 00:00:00,51012.5,8620.0924675,0.0
2026-03-02 01:00:00,49337.5,9177.582245,0.0
2026-03-02 02:00:00,48725.0,9588.883695,0.0
2026-03-02 03:00:00,46937.5,9717.5913375,0.0
2026-03-02 04:00:00,46237.5,9794.011167499999,0.0
2026-03-02 05:00:00,48575.0,10052.317137499998,0.0
2026-03-02 06:00:00,53825.0,10309.8358475,0.0
2026-03-02 07:00:00,58812.5,10508.9570925,112.2343625
2026-03-02 08:00:00,60375.0,10726.460205,1614.2748275
2026-03-02 09:00:00,60337.5,10069.8050225,5317.4516
2026-03-02 10:00:00,59000.0,8158.535005,9200.2036125
2026-03-02 11:00:00,58162.5,6911.556245,12133.6965325
2026-03-02 12:00:00,57575.0,6833.078645,13816.989505000001
2026-03-02 13:00:00,56387.5,6688.1113275,14054.038817499999
2026-03-02 14:00:00,54625.0,6350.551039999999,12999.2893075
2026-03-02 15:00:00,52937.5,5903.9437425,10625.0749525
2026-03-02 16:00:00,52137.5,5403.211245,7312.819215
2026-03-02 17:00:00,51900.0,5187.58127,3332.14618
2026-03-02 18:00:00,55400.0,5664.8913125,460.2464825
2026-03-02 19:00:00,59837.5,6332.589935,0.0
2026-03-02 20:00:00,56625.0,6501.680085000001,0.0
2026-03-02 21:00:00,53025.0,6192.56515,0.0
2026-03-02 22:00:00,52500.0,5823.9487575,0.0
2026-03-02 23:00:00,54375.0,5407.123665,0.0
2026-03-03 00:00:00,51175.0,5204.354995,0.0
2026-03-03 01:00:00,49750.0,4635.367499999999,0.0
2026-03-03 02:00:00,48725.0,4036.1738725,0.0
2026-03-03 03:00:00,46687.5,3498.2274625,0.0
2026-03-03 04:00:00,46500.0,3132.31247,0.0
2026-03-03 05:00:00,49162.5,2952.2587825,0.0
2026-03-03 06:00:00,53812.5,2826.3024425,0.0
2026-03-03 07:00:00,58212.5,2677.633765,128.50045
2026-03-03 08:00:00,60062.5,2534.8875275,1886.24713
2026-03-03 09:00:00,59525.0,2341.4150375,6069.703735
2026-03-03 10:00:00,57787.5,1968.2024925,10089.573485
2026-03-03 11:00:00,56187.5,1539.1799975,13034.75879
2026-03-03 12:00:00,55062.5,1523.5761725,14706.0105
2026-03-03 13:00:00,54012.5,1581.5049325,14878.6440425
2026-03-03 14:00:00,52687.5,1649.3324925,13719.2341325
2026-03-03 15:00:00,51125.0,1734.6325225,11312.4279775
2026-03-03 16:00:00,50200.0,1879.6499924999998,7876.9320075
2026-03-03 17:00:00,50387.5,2271.0162425,3724.58136
2026-03-03 18:00:00,54237.5,3117.6812,532.0217475000001
2026-03-03 19:00:00,58550.0,4096.42247,0.0
2026-03-03 20:00:00,55662.5,4689.1261724999995,0.0
2026-03-03 21:00:00,52662.5,5024.5638874999995,0.0
2026-03-03 22:00:00,52312.5,5130.12366,0.0
2026-03-03 23:00:00,53712.5,5019.508652500001,0.0
2026-03-04 00:00:00,51675.0,3819.9975675,0.0
2026-03-04 01:00:00,50087.5,3676.6250375,0.0
2026-03-04 02:00:00,48700.0,3665.8887950000003,0.0
2026-03-04 03:00:00,46750.0,3660.346275,0.0
2026-03-04 04:00:00,46475.0,3690.658735,0.0
2026-03-04 05:00:00,48900.0,3797.092445,0.0
2026-03-04 06:00:00,53200.0,3911.448685,0.0
2026-03-04 07:00:00,57225.0,3964.9974525000002,146.9003525
2026-03-04 08:00:00,59362.5,3999.78125,2088.2621775
2026-03-04 09:00:00,58450.0,4032.11238,6529.0631125
2026-03-04 10:00:00,56825.0,3464.071105,10705.299804999999
2026-03-04 11:00:00,56062.5,2374.549895,13725.864257500001
2026-03-04 12:00:00,55537.5,2567.2237375,15431.6809075
2026-03-04 13:00:00,54162.5,2832.0836974999997,15727.3588875
2026-03-04 14:00:00,52900.0,2948.6313149999996,14631.60913
2026-03-04 15:00:00,51362.5,2957.5824325,12314.447264999999
2026-03-04 16:00:00,49725.0,2955.0436675,8559.710815
2026-03-04 17:00:00,50587.5,3222.4775125,3948.1954975
2026-03-04 18:00:00,55000.0,4331.3073575,554.9429074999999
2026-03-04 19:00:00,58312.5,5849.364745,0.0
2026-03-04 20:00:00,55325.0,6819.2399225,0.0
2026-03-04 21:00:00,53050.0,7376.60893,0.0
2026-03-04 22:00:00,52900.0,7699.01245,0.0
2026-03-04 23:00:00,53637.5,7714.95598,0.0
2026-03-05 00:00:00,50487.5,7627.9224075,0.0
2026-03-05 01:00:00,48837.5,7538.4899475,0.0
2026-03-05 02:00:00,47662.5,7474.094999999999,0.0
2026-03-05 03:00:00,45687.5,7379.1098624999995,0.0
2026-03-05 04:00:00,45275.0,7312.0160225,0.0
2026-03-05 05:00:00,47900.0,7334.522580000001,0.0
2026-03-05 06:00:00,52462.5,7262.0309725,0.0
2026-03-05 07:00:00,56612.5,7179.406097499999,160.60028749999998
2026-03-05 08:00:00,58325.0,7329.305144999999,2040.794785
2026-03-05 09:00:00,57662.5,7029.2197875,6075.96277
2026-03-05 10:00:00,56000.0,5585.5376,9761.681395
2026-03-05 11:00:00,54862.5,4540.3488175,12532.1591775
2026-03-05 12:00:00,54175.0,4452.1026475,14116.0957025
2026-03-05 13:00:00,53062.5,4315.831265,14130.5363775
2026-03-05 14:00:00,52475.0,4200.913635,12628.0576175
2026-03-05 15:00:00,51112.5,4093.0750875000003,9852.76831
2026-03-05 16:00:00,49387.5,3903.7500225,6428.9385999999995
2026-03-05 17:00:00,50162.5,4038.1225975,2839.2557075
2026-03-05 18:00:00,53950.0,4954.761385,388.3053
2026-03-05 19:00:00,57250.0,5934.433907500001,0.0
2026-03-05 20:00:00,54412.5,6182.2513149999995,0.0
2026-03-05 21:00:00,51300.0,5970.4038175,0.0
2026-03-05 22:00:00,50850.0,5505.0086575000005,0.0
2026-03-05 23:00:00,51612.5,5032.44985,0.0
2026-03-06 00:00:00,48762.5,4687.6873925,0.0
2026-03-06 01:00:00,46837.5,4521.666139999999,0.0
2026-03-06 02:00:00,45100.0,4461.1098624999995,0.0
2026-03-06 03:00:00,42800.0,4241.4323275,0.0
2026-03-06 04:00:00,42462.5,3904.57495,0.0
2026-03-06 05:00:00,44700.0,3659.3499475,0.0
2026-03-06 06:00:00,48712.5,3521.2362875,0.0
2026-03-06 07:00:00,52612.5,3471.706115,120.19928250000001
2026-03-06 08:00:00,54787.5,3457.83361,1157.8555225
2026-03-06 09:00:00,55025.0,3302.843785,3642.30304
2026-03-06 10:00:00,54237.5,2763.681255,6254.6423350000005
2026-03-06 11:00:00,53950.0,2031.9711625,8270.7116675
2026-03-06 12:00:00,54025.0,1966.1249400000002,9321.8271475
2026-03-06 13:00:00,53587.5,1903.5512325,9547.479492499999
2026-03-06 14:00:00,52412.5,1775.99126,8741.9768075
2026-03-06 15:00:00,51650.0,1819.8825175,6879.980837499999
2026-03-06 16:00:00,50600.0,1946.4638,4451.479005
2026-03-06 17:00:00,51287.5,2166.1650950000003,1981.30719
2026-03-06 18:00:00,54300.0,2576.7523874999997,285.0201125
2026-03-06 19:00:00,56062.5,3157.639925,0.0
2026-03-06 20:00:00,53225.0,3477.5410925,0.0
2026-03-06 21:00:00,50725.0,3646.38749,0.0
2026-03-06 22:00:00,50175.0,3669.993775,0.0
2026-03-06 23:00:00,50800.0,3498.8711975,0.0
2026-03-07 00:00:00,49137.5,3481.5862475,0.0
2026-03-07 01:00:00,47100.0,3250.9724925,0.0
2026-03-07 02:00:00,45325.0,3190.6649525,0.0
2026-03-07 03:00:00,43075.0,3217.73259,0.0
2026-03-07 04:00:00,41812.5,3249.1800375000003,0.0
2026-03-07 05:00:00,42312.5,3226.01124,0.0
2026-03-07 06:00:00,43475.0,3168.63373,0.0
2026-03-07 07:00:00,44875.0,3135.076215,144.60803750000002
2026-03-07 08:00:00,46662.5,3034.04866,1463.757385
2026-03-07 09:00:00,48550.0,2667.08236,4304.3687125
2026-03-07 10:00:00,49187.5,2167.0724625000003,7363.1722425
2026-03-07 11:00:00,49362.5,1835.891285,9821.0471175
2026-03-07 12:00:00,50575.0,1806.2299950000001,11452.4465325
2026-03-07 13:00:00,49325.0,1814.2312925,11981.669432499999
2026-03-07 14:00:00,47712.5,1823.93752,11194.12378
2026-03-07 15:00:00,46400.0,1901.45626,9324.47998
2026-03-07 16:00:00,45175.0,2057.008765,6602.27649
2026-03-07 17:00:00,45475.0,2305.19622,3195.8471999999997
2026-03-07 18:00:00,48837.5,2871.1700275,518.5802925
2026-03-07 19:00:00,51650.0,3506.3700025,0.0
2026-03-07 20:00:00,49650.0,3744.4476250000002,0.0
2026-03-07 21:00:00,47575.0,3793.5186675000004,0.0
2026-03-07 22:00:00,47637.5,3649.66748,0.0
2026-03-07 23:00:00,49525.0,3413.0250549999996,0.0
2026-03-08 00:00:00,48375.0,2961.90995,0.0
2026-03-08 01:00:00,46850.0,2721.6999975,0.0
2026-03-08 02:00:00,45525.0,2514.4775699999996,0.0
2026-03-08 03:00:00,42750.0,2307.8324224999997,0.0
2026-03-08 04:00:00,41587.5,2128.9613025,0.0
2026-03-08 05:00:00,41587.5,2010.7312825000001,0.0
2026-03-08 06:00:00,42262.5,1895.8925075,0.0
2026-03-08 07:00:00,43062.5,1789.6462900000001,189.03381
2026-03-08 08:00:00,43775.0,1687.0950025,1971.6986849999998
2026-03-08 09:00:00,44650.0,1427.403735,5555.2491475
2026-03-08 10:00:00,45300.0,1108.9762274999998,9105.8699925
2026-03-08 11:00:00,46550.0,1100.39623,11701.53125
2026-03-08 12:00:00,48125.0,1226.256195,13055.3911125
2026-03-08 13:00:00,47087.5,1287.637465,13011.5004875
2026-03-08 14:00:00,45425.0,1371.6812525,12001.797365
2026-03-08 15:00:00,43750.0,1457.6962525,9911.744385
2026-03-08 16:00:00,42037.5,1488.7162250000001,7174.5271
2026-03-08 17:00:00,42800.0,1448.0062524999998,3533.2431625
2026-03-08 18:00:00,47162.5,1435.2687449999999,616.2783
2026-03-08 19:00:00,52187.5,1554.50625,0.0
2026-03-08 20:00:00,50450.0,1771.8811925,0.0
2026-03-08 21:00:00,48300.0,2045.5486825,0.0
2026-03-08 22:00:00,47937.5,2320.9436875,0.0
2026-03-08 23:00:00,49937.5,2642.5124375,0.0
2026-03-09 00:00:00,47562.5,2673.4862875,0.0
2026-03-09 01:00:00,45662.5,2662.526285,0.0
2026-03-09 02:00:00,44787.5,2725.372505,0.0
2026-03-09 03:00:00,42875.0,2755.0637475,0.0
2026-03-09 04:00:00,42150.0,2650.689965,0.0
2026-03-09 05:00:00,44600.0,2567.3211699999997,0.0
2026-03-09 06:00:00,49462.5,2541.4138074999996,0.0
2026-03-09 07:00:00,54250.0,2568.7863525000002,198.4041325
2026-03-09 08:00:00,56350.0,2642.531085,2012.23639
2026-03-09 09:00:00,56962.5,2408.4874124999997,5428.694945
2026-03-09 10:00:00,56375.0,1718.378775,8631.3192125
2026-03-09 11:00:00,55750.0,1370.0499774999998,10825.9907225
2026-03-09 12:00:00,55850.0,1440.51,12003.641355
2026-03-09 13:00:00,55387.5,1589.41626,12141.076172500001
2026-03-09 14:00:00,54662.5,1712.0288150000001,10983.3603525
2026-03-09 15:00:00,53962.5,1744.0438000000001,8754.30896
2026-03-09 16:00:00,52250.0,1671.962505,6193.88318
2026-03-09 17:00:00,52287.5,1496.33502,3122.0428475
2026-03-09 18:00:00,55375.0,1442.0525324999999,609.2582425
2026-03-09 19:00:00,59112.5,1592.296315,0.0
2026-03-09 20:00:00,56237.5,1740.9662724999998,0.0
2026-03-09 21:00:00,52712.5,2001.0937099999999,0.0
2026-03-09 22:00:00,51712.5,2265.5736899999997,0.0
2026-03-09 23:00:00,52737.5,2362.5075349999997,0.0
2026-03-10 00:00:00,49500.0,2239.438735,0.0
2026-03-10 01:00:00,47612.5,2268.4451,0.0
2026-03-10 02:00:00,46562.5,2282.11377,0.0
2026-03-10 03:00:00,44675.0,2210.2737525,0.0
2026-03-10 04:00:00,44062.5,2253.0900425,0.0
2026-03-10 05:00:00,46475.0,2356.9274124999997,0.0
2026-03-10 06:00:00,51362.5,2433.3362875,0.0
2026-03-10 07:00:00,56125.0,2427.7262575,179.0396675
2026-03-10 08:00:00,58112.5,2360.074975,1637.9638375
2026-03-10 09:00:00,58087.5,1988.3987675,4464.4060675
2026-03-10 10:00:00,57200.0,1481.97876,7299.99231
2026-03-10 11:00:00,56925.0,1662.8912525,9454.030762499999
2026-03-10 12:00:00,57300.0,1958.8037425,10720.03296
2026-03-10 13:00:00,56337.5,2342.8524875,10893.3823225
2026-03-10 14:00:00,54812.5,2917.9851175,10211.6909175
2026-03-10 15:00:00,54075.0,3425.2487325,8632.3176275
2026-03-10 16:00:00,52800.0,3645.201255,6433.835815
2026-03-10 17:00:00,52937.5,3665.1387624999998,3387.3684075
2026-03-10 18:00:00,55812.5,3624.5399475000004,682.8768075
2026-03-10 19:00:00,58762.5,4180.1012575,0.0
2026-03-10 20:00:00,55962.5,5281.8138425,0.0
2026-03-10 21:00:00,52612.5,6395.814025,0.0
2026-03-10 22:00:00,51937.5,7359.202545,0.0
2026-03-10 23:00:00,52712.5,8305.0874975,0.0
2026-03-11 00:00:00,49537.5,9950.40256,0.0
2026-03-11 01:00:00,47475.0,11047.72504,0.0
2026-03-11 02:00:00,46112.5,12048.070005,0.0
2026-03-11 03:00:00,44237.5,12835.9636225,0.0
2026-03-11 04:00:00,43600.0,13457.131102500001,0.0
2026-03-11 05:00:00,45825.0,13958.6091,0.0
2026-03-11 06:00:00,50025.0,14213.1362625,0.0
2026-03-11 07:00:00,54587.5,14322.472409999998,202.3153675
2026-03-11 08:00:00,57112.5,14035.4837375,1403.2457
2026-03-11 09:00:00,57225.0,13616.745294999999,3321.080505
2026-03-11 10:00:00,56637.5,13261.6746225,5175.851075
2026-03-11 11:00:00,56487.5,12805.91104,6639.631715
2026-03-11 12:00:00,57037.5,12504.641452499998,7381.7565925
2026-03-11 13:00:00,56212.5,12172.900360000001,7599.8980725
2026-03-11 14:00:00,55025.0,11990.59491,7337.2634275
2026-03-11 15:00:00,54175.0,11608.6936625,6503.1969
2026-03-11 16:00:00,53025.0,10777.72464,4929.5596925
2026-03-11 17:00:00,53262.5,9869.1596675,2791.6200575
2026-03-11 18:00:00,56737.5,9085.6622025,678.9425225
2026-03-11 19:00:00,60262.5,8290.552645,0.0
2026-03-11 20:00:00,57462.5,7604.703842499999,0.0
2026-03-11 21:00:00,54037.5,7252.99995,0.0
2026-03-11 22:00:00,53437.5,6846.301285,0.0
2026-03-11 23:00:00,54325.0,6368.137662499999,0.0
2026-03-12 00:00:00,51937.5,6094.3074675,0.0
2026-03-12 01:00:00,49975.0,5771.7212175,0.0
2026-03-12 02:00:00,48912.5,5636.3825225,0.0
2026-03-12 03:00:00,47000.0,5696.5713975,0.0
2026-03-12 04:00:00,46387.5,5907.1802075000005,0.0
2026-03-12 05:00:00,48775.0,6013.20007,0.0
2026-03-12 06:00:00,53787.5,6037.98993,0.0
2026-03-12 07:00:00,58812.5,6192.7563175,321.2263025
2026-03-12 08:00:00,60587.5,6553.6839575,2508.0609425000002
2026-03-12 09:00:00,60187.5,6464.6963175,6183.1591775
2026-03-12 10:00:00,59025.0,6552.9299925,9671.6672375
2026-03-12 11:00:00,58237.5,8886.622985,12062.7263175
2026-03-12 12:00:00,58000.0,7541.7763975,10038.7661125
2026-03-12 13:00:00,56712.5,8092.876034999999,10167.2089825
2026-03-12 14:00:00,54962.5,8311.8197925,9710.1821275
2026-03-12 15:00:00,53012.5,8509.28018,8450.066405
2026-03-12 16:00:00,51862.5,8280.79178,6315.54541
2026-03-12 17:00:00,52087.5,10527.7560425,4005.8138424999997
2026-03-12 18:00:00,55662.5,11351.742312499999,941.175065
2026-03-12 19:00:00,59200.0,12083.52475,0.004485
2026-03-12 20:00:00,56537.5,12845.849732499999,0.0
2026-03-12 21:00:00,53462.5,13534.838715,0.0
2026-03-12 22:00:00,53100.0,13955.9385075,0.0
2026-03-12 23:00:00,54175.0,14248.2471275,0.0
2026-03-13 00:00:00,51212.5,15124.7721875,0.0
2026-03-13 01:00:00,49175.0,15636.3447875,0.0
2026-03-13 02:00:00,47975.0,16155.7363275,0.0
2026-03-13 03:00:00,46700.0,16709.2801825,0.0
2026-03-13 04:00:00,46275.0,17211.6059875,0.0
2026-03-13 05:00:00,48600.0,17489.0126925,0.0
2026-03-13 06:00:00,53012.5,17353.7818275,0.0
2026-03-13 07:00:00,56900.0,16789.9316125,359.2927025
2026-03-13 08:00:00,58600.0,15603.9249875,2518.82019
2026-03-13 09:00:00,58587.5,13641.93524,5792.640015
2026-03-13 10:00:00,58375.0,11974.46359,8694.96826
2026-03-13 11:00:00,58525.0,11381.497239999999,10718.2468275
2026-03-13 12:00:00,58587.5,10943.0262725,11585.2177725
2026-03-13 13:00:00,57412.5,10573.2798775,11048.6757825
2026-03-13 14:00:00,55950.0,10319.9750325,9643.0090325
2026-03-13 15:00:00,54600.0,9656.617555,7544.1835925
2026-03-13 16:00:00,52825.0,8674.0700675,5166.1129125
2026-03-13 17:00:00,53112.5,8153.936062499999,2654.937105
2026-03-13 18:00:00,55737.5,7630.759855,636.98759
2026-03-13 19:00:00,58337.5,7009.401365,0.3081825
2026-03-13 20:00:00,56175.0,6787.470214999999,0.0
2026-03-13 21:00:00,53287.5,6785.668944999999,0.0
2026-03-13 22:00:00,53225.0,6730.5699475,0.0
2026-03-13 23:00:00,53975.0,6507.8897675,0.0
2026-03-14 00:00:00,53259.25,8807.531005,0.0
2026-03-14 01:00:00,51418.375,8577.341245,0.0
2026-03-14 02:00:00,49236.0,8513.803985,0.0
2026-03-14 03:00:00,46821.875,8563.395017499999,0.0
2026-03-14 04:00:00,45781.0,8363.46878,0.0
2026-03-14 05:00:00,46675.75,7892.1947975,0.0
2026-03-14 06:00:00,48698.0,7318.319975,0.0
2026-03-14 07:00:00,49948.5,6763.7374,254.18795250000002
2026-03-14 08:00:00,51921.25,6161.3375225,1785.929885
2026-03-14 09:00:00,53948.375,5455.82994,4683.29175
2026-03-14 10:00:00,54973.25,4914.6911925,7824.1403775
2026-03-14 11:00:00,55179.875,4943.686225,10347.4328625
2026-03-14 12:00:00,55964.75,5054.250100000001,11871.9956025
2026-03-14 13:00:00,55004.375,5109.23371,12648.286862500001
2026-03-14 14:00:00,53240.625,5131.850122500001,12210.8852525
2026-03-14 15:00:00,52392.125,5136.065035,10673.7641625
2026-03-14 16:00:00,51073.0,5176.807429999999,8047.6699225
2026-03-14 17:00:00,51550.125,4931.35116,4484.73053
2026-03-14 18:00:00,55083.0,4388.5012275,1069.7848325
2026-03-14 19:00:00,58262.375,4190.81271,1.2120825
2026-03-14 20:00:00,56673.375,4082.3063249999996,0.0
2026-03-14 21:00:00,54334.375,4112.858625,0.0
2026-03-14 22:00:00,54762.5,4091.6923975,0.0
2026-03-14 23:00:00,56755.25,4113.1361099999995,0.0
2026-03-15 00:00:00,55699.375,4268.9550625,0.0
2026-03-15 01:00:00,54459.625,4193.37001,0.0
2026-03-15 02:00:00,52804.0,4180.0088225,0.0
2026-03-15 03:00:00,50137.75,4061.5763375,0.0
2026-03-15 04:00:00,49010.375,3811.4974500000003,0.0
2026-03-15 05:00:00,49746.625,3517.7599275,0.0
2026-03-15 06:00:00,50774.25,3289.27248,0.0
2026-03-15 07:00:00,51239.625,3146.9011925000004,465.24295750000005
2026-03-15 08:00:00,52172.125,3013.5037350000002,3288.8301699999997
2026-03-15 09:00:00,53114.375,2944.7000574999997,7800.1402575
2026-03-15 10:00:00,53743.0,3104.3000749999997,11902.5520025
2026-03-15 11:00:00,53996.875,3420.626275,14780.7873525
2026-03-15 12:00:00,54877.125,3837.190055,15866.864015
2026-03-15 13:00:00,53192.75,4362.95752,15744.9851075
2026-03-15 14:00:00,50960.625,4964.8775475,14344.9384775
2026-03-15 15:00:00,49528.875,5643.985095,11904.9382325
2026-03-15 16:00:00,48319.125,6245.7937775,8665.4532475
2026-03-15 17:00:00,49581.875,6493.057430000001,4759.168945
2026-03-15 18:00:00,54089.375,6853.446382499999,1203.2920100000001
2026-03-15 19:00:00,58160.625,8111.8287675,1.4151975
2026-03-15 20:00:00,56681.625,9477.01477,0.0
2026-03-15 21:00:00,54214.625,10408.1966575,0.0
2026-03-15 22:00:00,54152.25,10825.498565,0.0
2026-03-15 23:00:00,55358.625,10757.912292500001,0.0
2026-03-16 00:00:00,53162.5,12062.1857,0.0
2026-03-16 01:00:00,51962.5,11915.6771825,0.0
2026-03-16 02:00:00,50825.0,11150.77649,0.0
2026-03-16 03:00:00,48950.0,10203.9035375,0.0
2026-03-16 04:00:00,48925.0,9292.4152225,0.0
2026-03-16 05:00:00,51512.5,8378.346117500001,0.0
2026-03-16 06:00:00,56212.5,7616.9387050000005,0.0
2026-03-16 07:00:00,60262.5,6894.4425675,456.90528
2026-03-16 08:00:00,61912.5,6309.8374025,2721.3931549999998
2026-03-16 09:00:00,61787.5,6341.0187375000005,6036.1356225
2026-03-16 10:00:00,60687.5,7034.829865000001,9187.3294675
2026-03-16 11:00:00,59962.5,7420.606049999999,11454.132815
2026-03-16 12:00:00,60012.5,7645.281405,12388.3530275
2026-03-16 13:00:00,58825.0,7612.83249,12444.971925000002
2026-03-16 14:00:00,57287.5,7482.3813924999995,11525.47534
2026-03-16 15:00:00,56087.5,7122.44243,9540.84253
2026-03-16 16:00:00,54675.0,6173.6525675,6964.2203375
2026-03-16 17:00:00,54887.5,5010.1186525,3841.3711525
2026-03-16 18:00:00,58362.5,4179.30008,1042.5320100000001
2026-03-16 19:00:00,61612.5,3906.350045,1.9104325
2026-03-16 20:00:00,58737.5,3843.7250774999998,0.0
2026-03-16 21:00:00,55400.0,4000.83001,0.0
2026-03-16 22:00:00,54825.0,4189.758645,0.0
2026-03-16 23:00:00,55687.5,4310.8837875,0.0
2026-03-17 00:00:00,53837.5,4169.04873,0.0
2026-03-17 01:00:00,52450.0,4130.70605,0.0
2026-03-17 02:00:00,51187.5,4187.148847500001,0.0
2026-03-17 03:00:00,49312.5,4121.9863275,0.0
2026-03-17 04:00:00,48837.5,3999.46759,0.0
2026-03-17 05:00:00,51487.5,3928.926225,0.0
2026-03-17 06:00:00,55862.5,3930.532375,0.0
2026-03-17 07:00:00,60350.0,3910.31117,519.502305
2026-03-17 08:00:00,61862.5,3933.3262950000003,3789.9428099999996
2026-03-17 09:00:00,60337.5,3435.3799599999998,8647.6766375
2026-03-17 10:00:00,58387.5,2637.3562300000003,12966.923825
2026-03-17 11:00:00,56987.5,2840.111635,16076.7004375
2026-03-17 12:00:00,55887.5,2173.7085525,13463.71411
2026-03-17 13:00:00,54262.5,2093.20425,13600.3366675
2026-03-17 14:00:00,52662.5,2012.307695,12937.074704999999
2026-03-17 15:00:00,51137.5,2644.0508099999997,13669.025145
2026-03-17 16:00:00,49675.0,2892.3275075,10723.9143075
2026-03-17 17:00:00,50150.0,3166.007645,5832.0330175
2026-03-17 18:00:00,54300.0,4244.37012,1412.363535
2026-03-17 19:00:00,58087.5,6244.8226075,4.326
2026-03-17 20:00:00,55387.5,8046.778517500001,0.0
2026-03-17 21:00:00,52612.5,9076.74219,0.0
2026-03-17 22:00:00,52425.0,9528.62622,0.0
2026-03-17 23:00:00,53625.0,9744.6412025,0.0
2026-03-18 00:00:00,51112.5,9845.25665,0.0
2026-03-18 01:00:00,49225.0,9981.3795475,0.0
2026-03-18 02:00:00,48375.0,10014.543702500001,0.0
2026-03-18 03:00:00,46487.5,10040.881377500002,0.0
2026-03-18 04:00:00,45875.0,10088.727415000001,0.0
2026-03-18 05:00:00,47975.0,10319.79248,0.0
2026-03-18 06:00:00,52487.5,10720.812622500001,0.0
2026-03-18 07:00:00,56425.0,11181.990049999999,628.584915
2026-03-18 08:00:00,57500.0,11132.073485,4348.69751
2026-03-18 09:00:00,56600.0,9904.2573875,9550.0426025
2026-03-18 10:00:00,54775.0,8999.9826675,13944.13623
2026-03-18 11:00:00,53900.0,6196.65619,12820.4270025
2026-03-18 12:00:00,53637.5,6529.989959999999,13557.5080575
2026-03-18 13:00:00,52725.0,7129.031495,13311.3620625
2026-03-18 14:00:00,50975.0,7779.9346925,12328.23999
2026-03-18 15:00:00,49275.0,8249.583835,10579.1896975
2026-03-18 16:00:00,48425.0,8628.2704475,7754.1781025
2026-03-18 17:00:00,48437.5,12709.9620025,5092.68475
2026-03-18 18:00:00,51600.0,14842.1513675,1424.6714325
2026-03-18 19:00:00,56687.5,15447.996245,6.2294225
2026-03-18 20:00:00,55437.5,15343.2819525,0.0
2026-03-18 21:00:00,52225.0,14873.2659,0.0
2026-03-18 22:00:00,51475.0,14053.0324425,0.0
2026-03-18 23:00:00,53487.5,12899.9813825,0.0
2026-03-19 00:00:00,51212.875,11293.785065,0.0
2026-03-19 01:00:00,49629.625,10398.632145000001,0.0
2026-03-19 02:00:00,48368.25,9931.042542500001,0.0
2026-03-19 03:00:00,46602.75,9569.86377,0.0
2026-03-19 04:00:00,46238.875,9260.5137025,0.0
2026-03-19 05:00:00,48949.625,9065.981325,0.0
2026-03-19 06:00:00,53529.375,8664.009035,0.0
2026-03-19 07:00:00,57002.375,8088.062809999999,682.34041
2026-03-19 08:00:00,58426.375,7600.5499275,4446.434145
2026-03-19 09:00:00,57559.125,6268.502335,9677.27478
2026-03-19 10:00:00,55479.5,4280.3233825,14167.042967500001
2026-03-19 11:00:00,53754.75,2841.313585,13130.6726075
2026-03-19 12:00:00,52916.25,2941.7291425,14036.6171875
2026-03-19 13:00:00,51813.625,3010.593645,14030.52783
2026-03-19 14:00:00,51238.625,3048.160295,13140.2880875
2026-03-19 15:00:00,50191.375,4179.5435775,13887.1982425
2026-03-19 16:00:00,48974.5,4732.1499,10977.461425
2026-03-19 17:00:00,49255.625,5134.4764724999995,6083.7481675
2026-03-19 18:00:00,53087.375,6266.12381,1576.265165
2026-03-19 19:00:00,56928.875,7878.8187525,11.359935
2026-03-19 20:00:00,54963.375,8710.3659625,0.0
2026-03-19 21:00:00,52337.25,8540.6447775,0.0
2026-03-19 22:00:00,52286.5,7943.558867500001,0.0
2026-03-19 23:00:00,53773.0,7124.6424575,0.0
2026-03-20 00:00:00,51012.5,6208.79387,0.0
2026-03-20 01:00:00,49162.5,5286.36502,0.0
2026-03-20 02:00:00,48525.0,4601.4150375,0.0
2026-03-20 03:00:00,46587.5,4087.7136549999996,0.0
2026-03-20 04:00:00,46262.5,3778.1262475,0.0
2026-03-20 05:00:00,48700.0,3698.6612675,0.0
2026-03-20 06:00:00,53400.0,3663.2050025,0.0
2026-03-20 07:00:00,57762.5,3553.0938324999997,773.008055
2026-03-20 08:00:00,58900.0,3530.003685,4677.673522499999
2026-03-20 09:00:00,57600.0,2969.187515,9949.0000025
2026-03-20 10:00:00,55575.0,1833.4149550000002,14349.4099125
2026-03-20 11:00:00,53425.0,1946.93747,17149.34326
2026-03-20 12:00:00,52762.5,2362.40633,18278.6538075
2026-03-20 13:00:00,51675.0,2566.971245,18317.7685525
2026-03-20 14:00:00,49787.5,2452.9500275,17270.76953
2026-03-20 15:00:00,48075.0,2341.4737375,14957.39502
2026-03-20 16:00:00,47325.0,2455.79619,11153.746095
2026-03-20 17:00:00,48062.5,2871.552475,6246.8743925
2026-03-20 18:00:00,51025.0,3730.775055,1686.96721
2026-03-20 19:00:00,55287.5,4886.4724424999995,23.056199999999997
2026-03-20 20:00:00,54625.0,5701.1685825,0.0
2026-03-20 21:00:00,51800.0,5996.6988249999995,0.0
2026-03-20 22:00:00,51162.5,5878.4111775,0.0
2026-03-20 23:00:00,53112.5,5509.6985175,0.0
2026-03-21 00:00:00,50575.0,4357.36993,0.0
2026-03-21 01:00:00,49062.5,4016.60878,0.0
2026-03-21 02:00:00,47175.0,3760.97998,0.0
2026-03-21 03:00:00,44837.5,3566.20741,0.0
2026-03-21 04:00:00,43925.0,3516.33246,0.0
2026-03-21 05:00:00,44900.0,3530.9600075,0.0
2026-03-21 06:00:00,46200.0,3556.6900349999996,0.0
2026-03-21 07:00:00,47612.5,3530.935,795.95694
2026-03-21 08:00:00,48887.5,3406.4724775,4751.6604625
2026-03-21 09:00:00,49875.0,2657.6099775000002,10032.7077625
2026-03-21 10:00:00,49387.5,1708.9524474999998,14504.130615
2026-03-21 11:00:00,47650.0,1868.5012275000001,17316.279295
2026-03-21 12:00:00,47212.5,2160.7062975,18431.239745
2026-03-21 13:00:00,46125.0,2276.46499,18180.996095
2026-03-21 14:00:00,44637.5,2339.9925475,16969.44043
2026-03-21 15:00:00,43387.5,2473.720155,14590.124265
2026-03-21 16:00:00,41912.5,2722.13391,10759.3076175
2026-03-21 17:00:00,42075.0,3137.4188575000003,5937.1278075
2026-03-21 18:00:00,44387.5,3919.7923725,1644.5688475000002
2026-03-21 19:00:00,49737.5,4999.5012225,35.211822500000004
2026-03-21 20:00:00,50237.5,5766.7313699999995,0.0
2026-03-21 21:00:00,47550.0,6032.444945,0.0
2026-03-21 22:00:00,47862.5,5850.20236,0.0
2026-03-21 23:00:00,50437.5,5385.7223675,0.0
2026-03-22 00:00:00,47812.5,4738.2211825,0.0
2026-03-22 01:00:00,45737.5,4277.538805,0.0
2026-03-22 02:00:00,44575.0,3855.2101525,0.0
2026-03-22 03:00:00,42787.5,3473.9212775,0.0
2026-03-22 04:00:00,42087.5,3409.463645,0.0
2026-03-22 05:00:00,42675.0,3582.2398825,0.0
2026-03-22 06:00:00,43837.5,3725.7986975000003,0.0
2026-03-22 07:00:00,44325.0,3759.3150175,655.71782
2026-03-22 08:00:00,45337.5,3429.2200475,3783.867005
2026-03-22 09:00:00,46275.0,2666.73575,7880.49353
2026-03-22 10:00:00,46400.0,1507.4192325,8739.38428
2026-03-22 11:00:00,46212.5,1494.283615,10422.646237500001
2026-03-22 12:00:00,47125.0,1648.9912325,10994.4326175
2026-03-22 13:00:00,45750.0,1750.7986174999999,10724.7502425
2026-03-22 14:00:00,43612.5,1744.5015225,9586.1752925
2026-03-22 15:00:00,42650.0,2415.1923025,9597.924315
2026-03-22 16:00:00,42062.5,2626.8338825,7484.78723
2026-03-22 17:00:00,42937.5,2497.0700475,4308.55896
2026-03-22 18:00:00,46700.0,2488.0299825,1332.2015225
2026-03-22 19:00:00,51825.0,2885.4086875000003,36.9446675
2026-03-22 20:00:00,51337.5,3341.51374,0.0
2026-03-22 21:00:00,49537.5,3510.9649950000003,0.0
2026-03-22 22:00:00,49212.5,3442.7050325,0.0
2026-03-22 23:00:00,50762.5,3144.8399675,0.0
2026-03-23 00:00:00,47950.0,2753.171295,0.0
2026-03-23 01:00:00,46162.5,2467.716195,0.0
2026-03-23 02:00:00,44925.0,2198.3237275,0.0
2026-03-23 03:00:00,43500.0,1996.850055,0.0
2026-03-23 04:00:00,43187.5,1890.96378,0.0
2026-03-23 05:00:00,45562.5,1791.9212049999999,0.0
2026-03-23 06:00:00,50512.5,1741.7187275,0.0
2026-03-23 07:00:00,55475.0,1716.5012350000002,765.9407375000001
2026-03-23 08:00:00,57575.0,1621.802485,4427.9646
2026-03-23 09:00:00,57475.0,1176.41998,9271.35864
2026-03-23 10:00:00,55737.5,606.253735,13506.059815
2026-03-23 11:00:00,54275.0,641.74876,16075.6791975
2026-03-23 12:00:00,53575.0,738.86999,16712.145507499998
2026-03-23 13:00:00,52537.5,778.9187750000001,15720.806395
2026-03-23 14:00:00,51525.0,793.0037500000001,13988.4882825
2026-03-23 15:00:00,50350.0,836.9449950000001,11869.45166
2026-03-23 16:00:00,48812.5,938.1412425,8982.589355
2026-03-23 17:00:00,48987.5,1125.3300225,5214.4906625
2026-03-23 18:00:00,51900.0,1478.1699875000002,1528.6738275
2026-03-23 19:00:00,56250.0,1857.2537425,46.726015000000004
2026-03-23 20:00:00,55387.5,2001.04999,0.0
2026-03-23 21:00:00,52800.0,1893.5837024999998,0.0
2026-03-23 22:00:00,51237.5,1687.6187899999998,0.0
2026-03-23 23:00:00,52500.0,1548.4574799999998,0.0
2026-03-24 00:00:00,51275.0,1681.871195,0.0
2026-03-24 01:00:00,49825.0,1767.5087150000002,0.0
2026-03-24 02:00:00,48262.5,1895.8387875,0.0
2026-03-24 03:00:00,46350.0,2069.04251,0.0
2026-03-24 04:00:00,46125.0,2180.5100925,0.0
2026-03-24 05:00:00,48800.0,2320.1775225,0.0
2026-03-24 06:00:00,53187.5,2507.7374725,0.0
2026-03-24 07:00:00,57262.5,2660.8511725,864.63945
2026-03-24 08:00:00,58187.5,2992.9213775,4657.2738025
2026-03-24 09:00:00,56825.0,2862.0725549999997,9394.060547500001
2026-03-24 10:00:00,55187.5,2158.71367,13466.6560075
2026-03-24 11:00:00,53537.5,2678.65243,16271.071535
2026-03-24 12:00:00,53012.5,3405.28469,17509.2802725
2026-03-24 13:00:00,51512.5,2699.1494949999997,13697.7182625
2026-03-24 14:00:00,50412.5,3100.763755,12932.7849125
2026-03-24 15:00:00,49075.0,4885.3598375,13593.4990225
2026-03-24 16:00:00,47912.5,5944.512555,10729.575682499999
2026-03-24 17:00:00,48700.0,6683.992417500001,6010.632695
2026-03-24 18:00:00,52337.5,7933.1839425,1688.89554
2026-03-24 19:00:00,56162.5,9616.82126,52.6342775
2026-03-24 20:00:00,53762.5,11289.023805,0.0
2026-03-24 21:00:00,50437.5,12883.419067499999,0.0
2026-03-24 22:00:00,49800.0,14079.661497500001,0.0
2026-03-24 23:00:00,50837.5,14960.3787825,0.0
2026-03-25 00:00:00,49525.0,16215.716035000001,0.0
2026-03-25 01:00:00,47550.0,16851.9564525,0.0
2026-03-25 02:00:00,46812.5,11547.242737499999,0.0
2026-03-25 03:00:00,45300.0,11694.9330775,0.0
2026-03-25 04:00:00,44212.5,11603.77887,0.0
2026-03-25 05:00:00,45800.0,11544.383942499999,0.0
2026-03-25 06:00:00,49725.0,16015.44385,0.0
2026-03-25 07:00:00,54312.5,17624.5196875,0.0
2026-03-25 08:00:00,55925.0,17492.7190525,0.0
2026-03-25 09:00:00,55950.0,17658.3945875,0.0
2026-03-25 10:00:00,55212.5,12507.107665,0.0
2026-03-25 11:00:00,54850.0,13041.4693875,0.0
2026-03-25 12:00:00,55312.5,13410.7698975,0.0
2026-03-25 13:00:00,55325.0,13545.667967500001,0.0
2026-03-25 14:00:00,54662.5,13495.4357325,0.0
2026-03-25 15:00:00,53262.5,13436.591765,0.0
2026-03-25 16:00:00,52912.5,18114.9500425,0.0
2026-03-25 17:00:00,53775.0,18639.5706475,0.0
2026-03-25 18:00:00,57800.0,17056.1716925,0.0
2026-03-25 19:00:00,61387.5,15301.9046925,0.0
2026-03-25 20:00:00,60075.0,13756.0522175,0.0
2026-03-25 21:00:00,57475.0,12910.0075075,0.0
2026-03-25 22:00:00,55587.5,12686.171354999999,0.0
2026-03-25 23:00:00,55700.0,12704.9723825,0.0
2026-03-26 00:00:00,54484.25,13378.159085000001,0.0
2026-03-26 01:00:00,52893.25,12891.8501,0.0
2026-03-26 02:00:00,51313.75,12391.8250775,0.0
2026-03-26 03:00:00,49160.625,11759.716187500002,0.0
2026-03-26 04:00:00,48736.75,11002.7103875,0.0
2026-03-26 05:00:00,51142.125,10069.602752499999,0.0
2026-03-26 06:00:00,55729.625,9157.823395,0.0
2026-03-26 07:00:00,59742.625,8453.649842499999,0.0
2026-03-26 08:00:00,61258.5,7967.7688,0.0
2026-03-26 09:00:00,60766.75,7911.4385325,0.0
2026-03-26 10:00:00,59569.625,8331.1760725,0.0
2026-03-26 11:00:00,59057.25,8272.798325,0.0
2026-03-26 12:00:00,59132.75,8450.400754999999,0.0
2026-03-26 13:00:00,58052.0,5659.7335875,0.0
2026-03-26 14:00:00,57390.125,6018.327644999999,0.0
2026-03-26 15:00:00,56444.625,9197.478455,0.0
2026-03-26 16:00:00,55169.125,10514.85089,0.0
2026-03-26 17:00:00,55488.625,10140.73091,0.0
2026-03-26 18:00:00,58738.125,9090.6488675,0.0
2026-03-26 19:00:00,63021.875,8209.963974999999,0.0
2026-03-26 20:00:00,61536.0,7348.15132,0.0
2026-03-26 21:00:00,58479.75,6572.5600775,0.0
2026-03-26 22:00:00,57997.125,5742.4024500000005,0.0
2026-03-26 23:00:00,59123.875,4983.6238425,0.0
2026-03-27 00:00:00,58062.5,4577.96366,0.0
2026-03-27 01:00:00,56812.5,4012.4100449999996,0.0
2026-03-27 02:00:00,55187.5,3618.4538024999997,0.0
2026-03-27 03:00:00,53275.0,3444.311255,0.0
2026-03-27 04:00:00,52975.0,3406.4111949999997,0.0
2026-03-27 05:00:00,55200.0,3409.3061850000004,0.0
2026-03-27 06:00:00,59900.0,3373.6475975000003,0.0
2026-03-27 07:00:00,63575.0,3257.6613375,0.0
2026-03-27 08:00:00,64662.5,3185.208765,0.0
2026-03-27 09:00:00,64025.0,3121.2400525000003,0.0
2026-03-27 10:00:00,62975.0,3024.8399925,0.0
2026-03-27 11:00:00,61337.5,3378.3488024999997,0.0
2026-03-27 12:00:00,60600.0,3818.2450624999997,0.0
2026-03-27 13:00:00,59050.0,4154.1188525,0.0
2026-03-27 14:00:00,57200.0,4383.36512,0.0
2026-03-27 15:00:00,56300.0,4537.3901774999995,0.0
2026-03-27 16:00:00,54300.0,4540.66497,0.0
2026-03-27 17:00:00,54325.0,4457.71373,0.0
2026-03-27 18:00:00,56937.5,4390.3525549999995,0.0
2026-03-27 19:00:00,60437.5,4470.5950925,0.0
2026-03-27 20:00:00,59312.5,4801.931355,0.0
2026-03-27 21:00:00,56887.5,5294.5725875,0.0
2026-03-27 22:00:00,56875.0,5806.6573025,0.0
2026-03-27 23:00:00,58100.0,6278.1461175,0.0
2026-03-28 00:00:00,56200.0,6729.99989,0.0
2026-03-28 01:00:00,54700.0,6719.249985,0.0
2026-03-28 02:00:00,53425.0,6862.61865,0.0
2026-03-28 03:00:00,49987.5,7097.994875,0.0
2026-03-28 04:00:00,48787.5,7589.3498525,0.0
2026-03-28 05:00:00,49650.0,8144.057617500001,0.0
2026-03-28 06:00:00,51375.0,8450.696535,0.0
2026-03-28 07:00:00,52687.5,8608.7077325,0.0
2026-03-28 08:00:00,53800.0,8602.457517499999,0.0
2026-03-28 09:00:00,54487.5,8727.35831,0.0
2026-03-28 10:00:00,54175.0,9411.607055,0.0
2026-03-28 11:00:00,53550.0,10129.09125,0.0
2026-03-28 12:00:00,54525.0,11049.1090675,0.0
2026-03-28 13:00:00,53637.5,11811.0126025,0.0
2026-03-28 14:00:00,52050.0,12547.5199275,0.0
2026-03-28 15:00:00,50787.5,13171.1546925,0.0
2026-03-28 16:00:00,49212.5,13604.22852,0.0
2026-03-28 17:00:00,49550.0,13307.635652500001,0.0
2026-03-28 18:00:00,52225.0,12366.46228,0.0
2026-03-28 19:00:00,55612.5,11877.840087499999,0.0
2026-03-28 20:00:00,55012.5,11452.419985,0.0
2026-03-28 21:00:00,53425.0,11148.7770975,0.0
2026-03-28 22:00:00,54187.5,11014.908905,0.0
2026-03-28 23:00:00,56237.5,10749.900605,0.0
2026-03-29 00:00:00,54362.5,9637.363585,0.0
2026-03-29 01:00:00,52650.0,9272.9976175,0.0
2026-03-29 02:00:00,52800.0,9043.7549125,0.0
2026-03-29 03:00:00,52950.0,8814.5122075,0.0
2026-03-29 04:00:00,49925.0,8330.70996,0.0
2026-03-29 05:00:00,48650.0,7970.1688225,0.0
2026-03-29 06:00:00,49550.0,7571.620025,0.0
2026-03-29 07:00:00,50400.0,7199.772415,0.0
2026-03-29 08:00:00,50875.0,6719.7299625000005,0.0
2026-03-29 09:00:00,52537.5,5762.69391,0.0
2026-03-29 10:00:00,53387.5,4701.496245,0.0
2026-03-29 11:00:00,54100.0,4806.789095,0.0
2026-03-29 12:00:00,54700.0,4996.058852499999,0.0
2026-03-29 13:00:00,52987.5,5240.6712425,0.0
2026-03-29 14:00:00,49275.0,5790.30893,0.0
2026-03-29 15:00:00,47912.5,6671.569885,0.0
2026-03-29 16:00:00,46725.0,7675.85376,0.0
2026-03-29 17:00:00,46212.5,8439.0910675,0.0
2026-03-29 18:00:00,48325.0,8439.340945,0.0
2026-03-29 19:00:00,51275.0,8102.039975,0.0
2026-03-29 20:00:00,53450.0,8523.804900000001,0.0
2026-03-29 21:00:00,54350.0,9376.6111475,0.0
2026-03-29 22:00:00,54475.0,10311.1748975,0.0
2026-03-29 23:00:00,55062.5,11107.027585,0.0
2026-03-30 00:00:00,53200.0,12479.731627500001,0.0
2026-03-30 01:00:00,51325.0,13158.9540075,0.0
2026-03-30 02:00:00,50212.5,13320.756255,0.0
2026-03-30 03:00:00,48975.0,13160.672729999998,0.0
2026-03-30 04:00:00,48150.0,12843.4498575,0.0
2026-03-30 05:00:00,49287.5,12279.644712500001,0.0
2026-03-30 06:00:00,53262.5,11564.795135,0.0
2026-03-30 07:00:00,57512.5,10607.83542,0.0
2026-03-30 08:00:00,59375.0,9697.9379575,0.0
2026-03-30 09:00:00,60162.5,9145.6626875,0.0
2026-03-30 10:00:00,59000.0,9302.88739,0.0
2026-03-30 11:00:00,58175.0,10122.0428475,0.0
2026-03-30 12:00:00,57812.5,10831.4725975,0.0
2026-03-30 13:00:00,56675.0,11839.5648525,0.0
2026-03-30 14:00:00,55650.0,13213.9227875,0.0
2026-03-30 15:00:00,54275.0,14583.846282499999,0.0
2026-03-30 16:00:00,52437.5,15532.72293,0.0
2026-03-30 17:00:00,51962.5,15782.030490000001,0.0
2026-03-30 18:00:00,53375.0,14965.5074775,0.0
2026-03-30 19:00:00,56825.0,13331.3649625,0.0
2026-03-30 20:00:00,57337.5,11997.900210000002,0.0
2026-03-30 21:00:00,55537.5,10975.672545,0.0
2026-03-30 22:00:00,53925.0,9867.389985,0.0
2026-03-30 23:00:00,54887.5,8693.172865,0.0
2026-03-31 00:00:00,53962.5,7747.145035,0.0
2026-03-31 01:00:00,52112.5,7359.8410025,0.0
2026-03-31 02:00:00,50350.0,7121.926345000001,0.0
2026-03-31 03:00:00,48375.0,6793.3550725,0.0
2026-03-31 04:00:00,47375.0,6463.607405000001,0.0
2026-03-31 05:00:00,49162.5,6049.897315,0.0
2026-03-31 06:00:00,53787.5,5663.77874,0.0
2026-03-31 07:00:00,58950.0,5298.966382500001,0.0
2026-03-31 08:00:00,61350.0,4922.7587025,0.0
2026-03-31 09:00:00,61937.5,4265.0261,0.0
2026-03-31 10:00:00,60137.5,3623.1573974999997,0.0
2026-03-31 11:00:00,59662.5,4024.554815,0.0
2026-03-31 12:00:00,60350.0,4772.6900175,0.0
2026-03-31 13:00:00,58737.5,5549.7462725,0.0
2026-03-31 14:00:00,57200.0,6350.0047875,0.0
2026-03-31 15:00:00,56175.0,6977.396097500001,0.0
2026-03-31 16:00:00,55387.5,7350.7910425,0.0
2026-03-31 17:00:00,54825.0,7384.7775624999995,0.0
2026-03-31 18:00:00,57075.0,7022.867689999999,0.0
2026-03-31 19:00:00,59500.0,6343.2650125,0.0
2026-03-31 20:00:00,58900.0,5815.890215,0.0
2026-03-31 21:00:00,56962.5,5501.6153875,0.0
2026-03-31 22:00:00,55550.0,5424.3313725,0.0
2026-03-31 23:00:00,55862.5,5483.9212675,0.0
2026-04-01 00:00:00,54825.0,4123.1510475,0.0
2026-04-01 01:00:00,53437.5,4028.520155,0.0
2026-04-01 02:00:00,52412.5,3990.8925325,0.0
2026-04-01 03:00:00,49625.0,3994.1587375,0.0
2026-04-01 04:00:00,48125.0,4026.8774875,0.0
2026-04-01 05:00:00,49850.0,4109.7424175,0.0
2026-04-01 06:00:00,54500.0,4224.50766,0.0
2026-04-01 07:00:00,59300.0,4231.1439525,61.8046025
2026-04-01 08:00:00,61675.0,4294.8862775,1010.452935
2026-04-01 09:00:00,61875.0,4365.8622725000005,3577.3435675
2026-04-01 10:00:00,61362.5,4360.119965,6382.3260525000005
2026-04-01 11:00:00,61112.5,4622.179872500001,8558.2449925
2026-04-01 12:00:00,60750.0,4784.6912525,10085.82495
2026-04-01 13:00:00,59387.5,4879.878827500001,11295.66504
2026-04-01 14:00:00,57975.0,5041.2076425,11748.724365
2026-04-01 15:00:00,56837.5,5213.8437025,11257.689942500001
2026-04-01 16:00:00,54637.5,5365.6211575,9908.998535
2026-04-01 17:00:00,53862.5,5419.0689675,7654.875732500001
2026-04-01 18:00:00,56300.0,5221.5737874999995,4681.4924925
2026-04-01 19:00:00,58625.0,4836.859895,1599.7082950000001
2026-04-01 20:00:00,58787.5,4664.0201725,120.14816
2026-04-01 21:00:00,57225.0,4647.0787375,0.0
2026-04-01 22:00:00,56537.5,4653.2735725,0.0
2026-04-01 23:00:00,57400.0,4601.09001,0.0
2026-04-02 00:00:00,54137.5,3993.92871,0.0
2026-04-02 01:00:00,52137.5,3662.7412575,0.0
2026-04-02 02:00:00,50662.5,3461.825025,0.0
2026-04-02 03:00:00,49087.5,3309.4937125,0.0
2026-04-02 04:00:00,48262.5,3243.4412675,0.0
2026-04-02 05:00:00,50300.0,3434.5374925,0.0
2026-04-02 06:00:00,55137.5,3617.1975725,0.0
2026-04-02 07:00:00,60362.5,3694.8150625,88.2232225
2026-04-02 08:00:00,62112.5,3824.9149775,1247.6698225
2026-04-02 09:00:00,62187.5,4043.07376,4339.476745
2026-04-02 10:00:00,60975.0,4137.9185225,7802.370605
2026-04-02 11:00:00,59837.5,4258.341295,10703.053222499999
2026-04-02 12:00:00,59162.5,4373.461375,12586.1398925
2026-04-02 13:00:00,57750.0,4698.8462575,13834.65967
2026-04-02 14:00:00,56350.0,5021.76249,14041.265135
2026-04-02 15:00:00,54225.0,5228.1949525,13113.415285
2026-04-02 16:00:00,52400.0,5354.3151275,11382.5363775
2026-04-02 17:00:00,51850.0,5369.5913,8756.4043
2026-04-02 18:00:00,54750.0,5320.7474325,5416.552615
2026-04-02 19:00:00,58112.5,5185.3587275,1911.1764375
2026-04-02 20:00:00,57762.5,5461.463650000001,141.08028000000002
2026-04-02 21:00:00,56337.5,5730.02232,0.0
2026-04-02 22:00:00,55862.5,5574.622525,0.0
2026-04-02 23:00:00,56225.0,5062.5561525,0.0
2026-04-03 00:00:00,54350.0,4130.37993,0.0
2026-04-03 01:00:00,52762.5,3676.578765,0.0
2026-04-03 02:00:00,51400.0,3338.17752,0.0
2026-04-03 03:00:00,49625.0,3344.331235,0.0
2026-04-03 04:00:00,48937.5,3494.0823975,0.0
2026-04-03 05:00:00,51275.0,3874.4849375000003,0.0
2026-04-03 06:00:00,55850.0,4539.239805,0.0
2026-04-03 07:00:00,60437.5,5167.23868,99.7203275
2026-04-03 08:00:00,62012.5,6010.870025,1171.6897675
2026-04-03 09:00:00,61575.0,6926.006132500001,3797.1803600000003
2026-04-03 10:00:00,59762.5,6885.526215,6647.2664825
2026-04-03 11:00:00,58075.0,7098.569885000001,8942.5676275
2026-04-03 12:00:00,57650.0,8009.080935,10579.0480975
2026-04-03 13:00:00,56312.5,9074.142335,11576.91699
2026-04-03 14:00:00,54312.5,10382.498749999999,11768.47827
2026-04-03 15:00:00,52812.5,11399.07434,10787.054445
2026-04-03 16:00:00,50850.0,11781.204042500001,8934.236085
2026-04-03 17:00:00,51062.5,11455.312315,6482.212405
2026-04-03 18:00:00,53337.5,10708.946685,3743.758485
2026-04-03 19:00:00,56012.5,10617.815185,1298.91719
2026-04-03 20:00:00,55350.0,10933.044095,117.49923
2026-04-03 21:00:00,53237.5,11020.2687375,0.0
2026-04-03 22:00:00,52837.5,11024.4987175,0.0
2026-04-03 23:00:00,53775.0,10890.0488,0.0
2026-04-04 00:00:00,51162.5,11035.6866775,0.0
2026-04-04 01:00:00,48662.5,10328.1646125,0.0
2026-04-04 02:00:00,46762.5,9617.7959025,0.0
2026-04-04 03:00:00,44775.0,8790.7308675,0.0
2026-04-04 04:00:00,43325.0,7791.4008650000005,0.0
2026-04-04 05:00:00,43575.0,6815.876157499999,0.0
2026-04-04 06:00:00,45087.5,5960.112715,0.0
2026-04-04 07:00:00,46600.0,5335.8512575,114.8572225
2026-04-04 08:00:00,47975.0,4973.925045,1290.4469775000002
2026-04-04 09:00:00,49987.5,4915.268934999999,4463.6466675
2026-04-04 10:00:00,49150.0,4993.366075,8333.39917
2026-04-04 11:00:00,48225.0,5281.45883,11799.513182499999
2026-04-04 12:00:00,48787.5,5816.472900000001,14729.30005
2026-04-04 13:00:00,47175.0,4472.00955,13117.36841
2026-04-04 14:00:00,44925.0,4877.904237500001,13572.6289075
2026-04-04 15:00:00,42325.0,5273.506685,12973.6740725
2026-04-04 16:00:00,40525.0,5654.5982675,11451.458742499999
2026-04-04 17:00:00,40425.0,5897.491120000001,8991.9509275
2026-04-04 18:00:00,42975.0,8114.65152,6556.687745
2026-04-04 19:00:00,45887.5,9466.601565,2546.686435
2026-04-04 20:00:00,46275.0,10747.167327500001,262.961405
2026-04-04 21:00:00,45487.5,11973.310152500002,0.0
2026-04-04 22:00:00,45687.5,12838.9863925,0.0
2026-04-04 23:00:00,47562.5,13385.001645,0.0
2026-04-05 00:00:00,45250.0,13942.035155,0.0
2026-04-05 01:00:00,43475.0,14166.880705,0.0
2026-04-05 02:00:00,42050.0,14135.7031575,0.0
2026-04-05 03:00:00,39500.0,9162.16214,0.0
2026-04-05 04:00:00,37850.0,8767.626495,0.0
2026-04-05 05:00:00,38062.5,8125.51541,0.0
2026-04-05 06:00:00,39337.5,7420.0828875,0.0
2026-04-05 07:00:00,40300.0,6651.783597500001,131.37123
2026-04-05 08:00:00,42425.0,5747.315537500001,1497.7839199999999
2026-04-05 09:00:00,44800.0,5169.879182500001,4710.3181775
2026-04-05 10:00:00,44687.5,5275.36862,8267.7105725
2026-04-05 11:00:00,44787.5,5533.0618625,10919.662110000001
2026-04-05 12:00:00,45287.5,5433.67877,12562.471435
2026-04-05 13:00:00,44125.0,5387.1507125,13517.623535
2026-04-05 14:00:00,41837.5,5505.7475875,13508.6999525
2026-04-05 15:00:00,41062.5,5493.9499525,12548.3493675
2026-04-05 16:00:00,40250.0,5160.12982,10778.780275000001
2026-04-05 17:00:00,40575.0,4545.4890125,8098.453735
2026-04-05 18:00:00,42775.0,5186.7136925,5739.9998775
2026-04-05 19:00:00,45550.0,4583.963687500001,2332.2528075
2026-04-05 20:00:00,46175.0,3883.5124675,273.8691025
2026-04-05 21:00:00,46187.5,3437.53753,0.0
2026-04-05 22:00:00,46387.5,3253.5150825,0.0
2026-04-05 23:00:00,47825.0,3080.45379,0.0
2026-04-06 00:00:00,45535.25,2450.0249074999997,0.0
2026-04-06 01:00:00,44093.875,2227.0949174999996,0.0
2026-04-06 02:00:00,41866.5,2041.0961675,0.0
2026-04-06 03:00:00,39416.875,1963.970035,0.0
2026-04-06 04:00:00,38306.875,2077.50754,0.0
2026-04-06 05:00:00,38618.5,2259.3537275,0.0
2026-04-06 06:00:00,40223.5,2404.6986575,0.0
2026-04-06 07:00:00,41751.0,2472.9587325,191.8023325
2026-04-06 08:00:00,43288.875,2542.0987474999997,2175.9967024999996
2026-04-06 09:00:00,44679.25,2393.68583,6911.3206775
2026-04-06 10:00:00,45328.25,1247.5031125,9539.384399999999
2026-04-06 11:00:00,45423.875,1085.54503,12790.801510000001
2026-04-06 12:00:00,46363.0,1129.4325675,14750.673094999998
2026-04-06 13:00:00,44530.375,1101.2327175,15778.413087500001
2026-04-06 14:00:00,43192.375,1068.918885,15785.7573275
2026-04-06 15:00:00,41050.375,1074.141425,14876.564452499999
2026-04-06 16:00:00,38601.0,1167.3313,13063.8916025
2026-04-06 17:00:00,38367.25,1396.5711350000001,10151.3593775
2026-04-06 18:00:00,41223.625,2220.6701225,7377.577515
2026-04-06 19:00:00,44720.0,3257.4486699999998,2872.509125
2026-04-06 20:00:00,46421.5,4749.3935249999995,329.9384275
2026-04-06 21:00:00,45831.0,6271.30124,0.0
2026-04-06 22:00:00,45172.75,7177.9301725,0.0
2026-04-06 23:00:00,46107.625,7479.32873,0.0
2026-04-07 00:00:00,43800.0,7744.1112675,0.0
2026-04-07 01:00:00,41937.5,7874.9599925,0.0
2026-04-07 02:00:00,40700.0,7941.837280000001,0.0
2026-04-07 03:00:00,38637.5,7916.3837025,0.0
2026-04-07 04:00:00,38125.0,7921.232515,0.0
2026-04-07 05:00:00,40325.0,8003.895112499999,0.0
2026-04-07 06:00:00,44450.0,8078.15869,0.0
2026-04-07 07:00:00,48112.5,8071.5361975,199.2018975
2026-04-07 08:00:00,50687.5,8214.28107,2315.2804575
2026-04-07 09:00:00,51262.5,7843.6752375,7177.5747075
2026-04-07 10:00:00,50000.0,5755.1786525,12714.2573225
2026-04-07 11:00:00,49325.0,2952.6932349999997,12964.6259775
2026-04-07 12:00:00,48875.0,2764.0673225,14963.03833
2026-04-07 13:00:00,47487.5,2745.5889724999997,16011.5078125
2026-04-07 14:00:00,46212.5,2719.3937825000003,16064.1569825
2026-04-07 15:00:00,45162.5,2568.371505,15178.9323725
2026-04-07 16:00:00,43437.5,2429.4623874999997,13309.293215
2026-04-07 17:00:00,42862.5,3243.0090875,12557.1027825
2026-04-07 18:00:00,45412.5,3591.9412175,8195.155027499999
2026-04-07 19:00:00,48700.0,4133.082655,3009.6354675000002
2026-04-07 20:00:00,48250.0,5288.161352499999,367.01558
2026-04-07 21:00:00,47262.5,6259.140107499999,0.0
2026-04-07 22:00:00,46587.5,6602.976405,0.0
2026-04-07 23:00:00,47837.5,6492.2300175,0.0
2026-04-08 00:00:00,44549.0,5883.718604999999,0.0
2026-04-08 01:00:00,42976.25,5617.676255,0.0
2026-04-08 02:00:00,41377.875,5239.911395,0.0
2026-04-08 03:00:00,39184.625,4889.1737725,0.0
2026-04-08 04:00:00,38409.75,4691.981372499999,0.0
2026-04-08 05:00:00,40162.375,4587.7298975,0.0
2026-04-08 06:00:00,44578.75,4455.9272725,0.0
2026-04-08 07:00:00,48765.0,4256.70615,230.95669750000002
2026-04-08 08:00:00,51113.5,4112.4262775,2469.1140425
2026-04-08 09:00:00,51529.5,3421.9077024999997,7465.223145
2026-04-08 10:00:00,50124.625,1883.5850325000001,13051.646485
2026-04-08 11:00:00,49301.625,799.6540675,13300.03955
2026-04-08 12:00:00,49765.125,726.8649925,15357.963625
2026-04-08 13:00:00,48948.375,772.0700725,16366.68115
2026-04-08 14:00:00,47929.375,869.4473025,16423.2639175
2026-04-08 15:00:00,47041.75,959.5131900000001,15582.340575
2026-04-08 16:00:00,45649.0,990.6500325000001,13729.7531725
2026-04-08 17:00:00,44676.75,1453.3161025,13014.9023425
2026-04-08 18:00:00,47105.25,1824.569985,8489.5438225
2026-04-08 19:00:00,49842.375,2487.1625700000004,3143.356535
2026-04-08 20:00:00,48707.25,3523.66489,392.039515
2026-04-08 21:00:00,47238.25,4397.5186825,0.0
2026-04-08 22:00:00,46433.875,4777.7312075,0.0
2026-04-08 23:00:00,47051.875,4712.934055,0.0
2026-04-09 00:00:00,44191.25,3043.3811825000003,0.0
2026-04-09 01:00:00,43002.375,2875.6536075,0.0
2026-04-09 02:00:00,41140.5,2696.6799225,0.0
2026-04-09 03:00:00,38729.25,2587.8412725,0.0
2026-04-09 04:00:00,37867.0,2496.431315,0.0
2026-04-09 05:00:00,39069.5,2344.16379,0.0
2026-04-09 06:00:00,43439.75,2049.2550225,0.0
2026-04-09 07:00:00,48294.5,1757.5662300000001,251.8339675
2026-04-09 08:00:00,50108.0,1610.1999925,2512.112275
2026-04-09 09:00:00,49213.25,1469.567525,7421.963987499999
2026-04-09 10:00:00,47432.875,1099.681255,12959.17383
2026-04-09 11:00:00,46755.5,806.8675025,17126.01172
2026-04-09 12:00:00,47337.375,775.007555,15218.1958025
2026-04-09 13:00:00,46398.125,1112.051385,16188.265625
2026-04-09 14:00:00,46348.5,1513.6426375,16158.46118
2026-04-09 15:00:00,45150.25,2039.2230525,15073.4645975
2026-04-09 16:00:00,43634.625,2551.4901575,12905.163085
2026-04-09 17:00:00,42863.5,4172.8598625,11947.395505
2026-04-09 18:00:00,45599.5,5427.418855,7693.059450000001
2026-04-09 19:00:00,48636.375,6736.203949999999,2894.4538275
2026-04-09 20:00:00,47991.5,7818.949887499999,382.7821775
2026-04-09 21:00:00,46451.375,9009.8989275,0.0
2026-04-09 22:00:00,45653.625,9867.41626,0.0
2026-04-09 23:00:00,45906.875,9986.832427500001,0.0
2026-04-10 00:00:00,43137.5,10573.364927499999,0.0
2026-04-10 01:00:00,41075.0,9943.31241,0.0
2026-04-10 02:00:00,39550.0,8936.6718775,0.0
2026-04-10 03:00:00,37225.0,7979.567564999999,0.0
2026-04-10 04:00:00,36550.0,6978.5438825,0.0
2026-04-10 05:00:00,38575.0,5869.4474975,0.0
2026-04-10 06:00:00,42737.5,4815.2199175,0.0
2026-04-10 07:00:00,47087.5,3978.232375,220.27640000000002
2026-04-10 08:00:00,49612.5,3228.9724324999997,2063.04335
2026-04-10 09:00:00,50137.5,2426.5362800000003,5786.5815425
2026-04-10 10:00:00,49412.5,1715.7262074999999,10030.060545
2026-04-10 11:00:00,49137.5,1300.8074575,13925.58545
2026-04-10 12:00:00,49237.5,1026.177505,16979.055905
2026-04-10 13:00:00,47962.5,857.0050225,18619.5551725
2026-04-10 14:00:00,46600.0,755.5287625,18652.82422
2026-04-10 15:00:00,45200.0,753.0949875,17464.5288075
2026-04-10 16:00:00,43637.5,854.817505,15088.0886225
2026-04-10 17:00:00,43612.5,1066.5912125,11548.259765
2026-04-10 18:00:00,45862.5,1403.262465,7127.435425
2026-04-10 19:00:00,47537.5,1933.5962825,2793.5358575
2026-04-10 20:00:00,46987.5,2787.51755,382.930735
2026-04-10 21:00:00,45975.0,3989.27252,0.0
2026-04-10 22:00:00,45487.5,5177.468597499999,0.0
2026-04-10 23:00:00,46212.5,5965.136062500001,0.0
2026-04-11 00:00:00,43712.5,5878.00238,0.0
2026-04-11 01:00:00,41062.5,6316.110140000001,0.0
2026-04-11 02:00:00,39612.5,6541.016235,0.0
2026-04-11 03:00:00,36825.0,6655.04248,0.0
2026-04-11 04:00:00,35087.5,6857.23872,0.0
2026-04-11 05:00:00,34850.0,7072.906082500001,0.0
2026-04-11 06:00:00,36125.0,7250.391175,0.0
2026-04-11 07:00:00,37137.5,7484.581205,262.65107
2026-04-11 08:00:00,39112.5,8182.442325,2212.423735
2026-04-11 09:00:00,41237.5,8052.321075,5873.6182850000005
2026-04-11 10:00:00,42025.0,5838.58591,9272.7937025
2026-04-11 11:00:00,42100.0,4212.37573,9075.5959475
2026-04-11 12:00:00,42950.0,5129.7808525,10429.663815
2026-04-11 13:00:00,42562.5,5981.32193,10798.69116
2026-04-11 14:00:00,40887.5,6362.209165,10335.4965825
2026-04-11 15:00:00,40012.5,6481.61679,9221.25635
2026-04-11 16:00:00,38925.0,6720.467287500001,7579.142945
2026-04-11 17:00:00,38500.0,9442.1151725,6540.5640875
2026-04-11 18:00:00,40512.5,9723.9776625,4127.0493775
2026-04-11 19:00:00,42387.5,8599.2811875,1699.3845525
2026-04-11 20:00:00,43150.0,7301.1361075,287.9477
2026-04-11 21:00:00,42787.5,6280.677245,0.0
2026-04-11 22:00:00,43625.0,5972.2374875000005,0.0
2026-04-11 23:00:00,44675.0,5939.85858,0.0
2026-04-12 00:00:00,42700.0,6456.671235,0.0
2026-04-12 01:00:00,40750.0,6517.378720000001,0.0
2026-04-12 02:00:00,39325.0,6527.0263350000005,0.0
2026-04-12 03:00:00,36700.0,6302.322785,0.0
2026-04-12 04:00:00,35450.0,5902.457670000001,0.0
2026-04-12 05:00:00,35550.0,5443.927519999999,0.0
2026-04-12 06:00:00,36437.5,5151.22,0.0
2026-04-12 07:00:00,37162.5,4887.3012675,181.06614000000002
2026-04-12 08:00:00,39550.0,4675.0036825,1308.4361275
2026-04-12 09:00:00,42312.5,4009.9612425,3527.26178
2026-04-12 10:00:00,43912.5,2767.3936599999997,6112.7944325
2026-04-12 11:00:00,44637.5,2779.6424624999995,7976.319944999999
2026-04-12 12:00:00,46012.5,2743.7449475000003,9148.293212499999
2026-04-12 13:00:00,44850.0,2669.14502,9466.134764999999
2026-04-12 14:00:00,42325.0,2702.6100349999997,9223.944335
2026-04-12 15:00:00,40875.0,2672.4649600000002,8387.198975
2026-04-12 16:00:00,40112.5,2531.1336850000002,6891.5125725
2026-04-12 17:00:00,40250.0,2345.6637925000005,5017.5927725
2026-04-12 18:00:00,42587.5,2270.2250474999996,3045.693175
2026-04-12 19:00:00,45412.5,2305.1724525,1353.032745
2026-04-12 20:00:00,45975.0,2291.5612174999997,265.049375
2026-04-12 21:00:00,45575.0,2279.5649249999997,0.0
2026-04-12 22:00:00,44937.5,2288.0051099999996,0.0
2026-04-12 23:00:00,46562.5,2265.7124774999997,0.0
2026-04-13 00:00:00,46162.5,2314.06383,0.0
2026-04-13 01:00:00,44450.0,2244.132455,0.0
2026-04-13 02:00:00,42875.0,2226.3125400000004,0.0
2026-04-13 03:00:00,40387.5,2303.3500900000004,0.0
2026-04-13 04:00:00,39575.0,2394.8350775,0.0
2026-04-13 05:00:00,41700.0,2451.19005,0.0
2026-04-13 06:00:00,46050.0,2509.1762075,0.0
2026-04-13 07:00:00,50725.0,2485.6750174999997,176.99647
2026-04-13 08:00:00,53662.5,2367.3337725,1320.1531825
2026-04-13 09:00:00,54900.0,2233.7637075,3810.3143925
2026-04-13 10:00:00,54562.5,2158.6837275000003,6719.787965
2026-04-13 11:00:00,54575.0,2231.8750675,9164.8469225
2026-04-13 12:00:00,54975.0,2374.8238475000003,10933.5354025
2026-04-13 13:00:00,54500.0,2583.5825325,11622.344237500001
2026-04-13 14:00:00,53200.0,2803.4374825,11757.0429725
2026-04-13 15:00:00,51450.0,3023.0575900000003,10976.2666025
2026-04-13 16:00:00,49387.5,3236.1962775,9806.8022475
2026-04-13 17:00:00,48687.5,3358.160005,8129.4252925
2026-04-13 18:00:00,50325.0,3304.3200675000003,5553.2832025
2026-04-13 19:00:00,52200.0,3122.3787724999997,2471.50824
2026-04-13 20:00:00,51475.0,2945.8462250000002,426.8398125
2026-04-13 21:00:00,49937.5,2989.9775750000003,0.0
2026-04-13 22:00:00,49275.0,3084.0799475,0.0
2026-04-13 23:00:00,50637.5,3090.6949175,0.0
2026-04-14 00:00:00,49425.0,2845.3950825,0.0
2026-04-14 01:00:00,47700.0,2874.490005,0.0
2026-04-14 02:00:00,46225.0,3002.0349650000003,0.0
2026-04-14 03:00:00,44125.0,3164.0401225,0.0
2026-04-14 04:00:00,43475.0,3306.05629,0.0
2026-04-14 05:00:00,45425.0,3511.693815,0.0
2026-04-14 06:00:00,49837.5,3747.22003,0.0
2026-04-14 07:00:00,54675.0,3946.8212275,289.5378775
2026-04-14 08:00:00,57025.0,4034.81488,2304.0354025
2026-04-14 09:00:00,56662.5,4089.043765,6391.132445
2026-04-14 10:00:00,55112.5,4255.861055,10814.919432499999
2026-04-14 11:00:00,54612.5,4320.65753,14217.3837925
2026-04-14 12:00:00,54437.5,4479.471285,16230.732177499998
2026-04-14 13:00:00,52950.0,4472.51886,16800.046875
2026-04-14 14:00:00,50812.5,4221.6262975,16263.9807125
2026-04-14 15:00:00,48737.5,3939.0987075000003,14870.44336
2026-04-14 16:00:00,47087.5,3613.276245,12649.4858425
2026-04-14 17:00:00,46450.0,3264.4800674999997,9788.5834975
2026-04-14 18:00:00,49287.5,2949.3063375,6202.0572525
2026-04-14 19:00:00,51900.0,2805.402505,2589.7269575
2026-04-14 20:00:00,51450.0,3028.3623975,421.79720000000003
2026-04-14 21:00:00,50312.5,3439.512345,0.0
2026-04-14 22:00:00,49737.5,3856.37004,0.0
2026-04-14 23:00:00,50325.0,4147.0200075,0.0
2026-04-15 00:00:00,46912.5,4623.7386175,0.0
2026-04-15 01:00:00,45437.5,4571.273585,0.0
2026-04-15 02:00:00,43625.0,4509.1523425,0.0
2026-04-15 03:00:00,41275.0,4468.6013325,0.0
2026-04-15 04:00:00,40562.5,4461.25502,0.0
2026-04-15 05:00:00,42037.5,4614.44745,0.0
2026-04-15 06:00:00,46150.0,4917.313782499999,0.1204675
2026-04-15 07:00:00,50800.0,5027.5223275,342.4175725
2026-04-15 08:00:00,52525.0,5271.817445000001,2525.290465
2026-04-15 09:00:00,53150.0,5245.195265,6625.2059325
2026-04-15 10:00:00,51950.0,4499.3876675,10854.7937025
2026-04-15 11:00:00,51075.0,4937.326205,14283.8896475
2026-04-15 12:00:00,50487.5,5960.062650000001,16583.22461
2026-04-15 13:00:00,49025.0,6907.85568,17413.074217499998
2026-04-15 14:00:00,47812.5,5170.1152025,13200.8942875
2026-04-15 15:00:00,46300.0,5215.838135,12161.34204
2026-04-15 16:00:00,44425.0,5115.9393325,10457.4675275
2026-04-15 17:00:00,43937.5,6354.168,9803.74585
2026-04-15 18:00:00,46650.0,6182.31384,6672.15088
2026-04-15 19:00:00,49150.0,5353.663877499999,2805.5426925
2026-04-15 20:00:00,48550.0,4777.90117,484.1194625
2026-04-15 21:00:00,47012.5,4631.3088225,0.0
2026-04-15 22:00:00,46362.5,4718.632525,0.0
2026-04-15 23:00:00,46800.0,4644.82753,0.0
2026-04-16 00:00:00,45700.0,4042.2963925,0.0
2026-04-16 01:00:00,43875.0,3838.7263125,0.0
2026-04-16 02:00:00,42237.5,3640.3100125,0.0
2026-04-16 03:00:00,39637.5,3505.5849224999997,0.0
2026-04-16 04:00:00,39062.5,3410.065005,0.0
2026-04-16 05:00:00,40762.5,3249.79126,0.0
2026-04-16 06:00:00,44675.0,3072.0986475,0.4768675
2026-04-16 07:00:00,48912.5,2867.2762999999995,376.86288
2026-04-16 08:00:00,51075.0,2449.5025125,2566.0146775
2026-04-16 09:00:00,50912.5,1996.6599274999999,6630.20508
2026-04-16 10:00:00,49937.5,1889.96376,11158.68506
2026-04-16 11:00:00,49875.0,1903.6749399999999,14872.966307499999
2026-04-16 12:00:00,50487.5,1914.868745,17337.938475
2026-04-16 13:00:00,49525.0,1920.87129,18441.3559575
2026-04-16 14:00:00,48850.0,1925.5687575,18332.059572500002
2026-04-16 15:00:00,47112.5,1840.9611925,16946.4189425
2026-04-16 16:00:00,44900.0,1660.106265,14627.03833
2026-04-16 17:00:00,44212.5,1425.3487925,11684.143555
2026-04-16 18:00:00,45987.5,1220.8337425,7618.8930675
2026-04-16 19:00:00,48225.0,1177.2824549999998,3219.232055
2026-04-16 20:00:00,47750.0,1282.8987725,568.429745
2026-04-16 21:00:00,46812.5,1401.612515,0.0
2026-04-16 22:00:00,46287.5,1516.5862225,0.0
2026-04-16 23:00:00,46862.5,1640.7849975,0.0
2026-04-17 00:00:00,44350.0,1541.5762225,0.0
2026-04-17 01:00:00,42700.0,1687.4100525,0.0
2026-04-17 02:00:00,40887.5,1836.96877,0.0
2026-04-17 03:00:00,38537.5,1943.2562475,0.0
2026-04-17 04:00:00,37875.0,1882.7274949999999,0.0
2026-04-17 05:00:00,39225.0,1856.4599975,0.0
2026-04-17 06:00:00,43187.5,1812.486265,0.86796
2026-04-17 07:00:00,47287.5,1717.85001,404.8763125
2026-04-17 08:00:00,49600.0,1570.30382,2757.0550825
2026-04-17 09:00:00,49562.5,1286.0338024999999,7204.644285
2026-04-17 10:00:00,48550.0,859.5049925,12121.785155
2026-04-17 11:00:00,47887.5,747.463765,15974.544679999999
2026-04-17 12:00:00,47762.5,822.9700075,18326.120605
2026-04-17 13:00:00,46587.5,920.1499650000001,19206.3203125
2026-04-17 14:00:00,45775.0,1035.05624,19004.030275
2026-04-17 15:00:00,44562.5,1122.90002,17776.94629
2026-04-17 16:00:00,42762.5,1197.053795,15380.908205
2026-04-17 17:00:00,42762.5,1238.98375,12191.681152500001
2026-04-17 18:00:00,44650.0,1297.6624699999998,7926.951415
2026-04-17 19:00:00,46287.5,1449.3799725,3347.5924375
2026-04-17 20:00:00,45887.5,1685.6025550000002,604.5729075
2026-04-17 21:00:00,44937.5,1920.098745,0.0
2026-04-17 22:00:00,44562.5,1960.3687525,0.0
2026-04-17 23:00:00,45200.0,1814.8162475,0.0
2026-04-18 00:00:00,43162.5,1821.2925324999999,0.0
2026-04-18 01:00:00,40725.0,1769.328745,0.0
2026-04-18 02:00:00,38800.0,1702.681275,0.0
2026-04-18 03:00:00,36400.0,1687.0399825,0.0
2026-04-18 04:00:00,34962.5,1743.8861925,0.0
2026-04-18 05:00:00,34975.0,1812.9387825000001,0.0
2026-04-18 06:00:00,36237.5,1879.0349975,1.6565
2026-04-18 07:00:00,37475.0,1830.5150150000002,461.3197525
2026-04-18 08:00:00,39387.5,1698.298725,2834.4231575000003
2026-04-18 09:00:00,41325.0,1444.2875375,7127.5552975
2026-04-18 10:00:00,41937.5,1125.2478525,11754.8125
2026-04-18 11:00:00,41637.5,714.6513249999999,12061.2063
2026-04-18 12:00:00,42525.0,752.7975375000001,13970.6098625
2026-04-18 13:00:00,41812.5,851.5535500000001,14625.7846675
2026-04-18 14:00:00,40087.5,972.1500275000001,14382.481932499999
2026-04-18 15:00:00,38450.0,1118.92701,13474.626465
2026-04-18 16:00:00,37050.0,1276.5139225,11456.9357925
2026-04-18 17:00:00,37075.0,2042.5690225,10253.602295
2026-04-18 18:00:00,39525.0,2674.9212175,6707.586305
2026-04-18 19:00:00,41612.5,3329.3850575,2907.8677375
2026-04-18 20:00:00,41925.0,4151.018785,580.13213
2026-04-18 21:00:00,41450.0,5094.7188575,0.0
2026-04-18 22:00:00,42612.5,5652.929917500001,0.0
2026-04-18 23:00:00,43150.0,5545.6536875,0.0
2026-04-19 00:00:00,40962.5,5472.780107500001,0.0
2026-04-19 01:00:00,39200.0,5292.556210000001,0.0
2026-04-19 02:00:00,37112.5,5180.450075,0.0
2026-04-19 03:00:00,34712.5,5082.5277425,0.0
2026-04-19 04:00:00,33262.5,5041.09639,0.0
2026-04-19 05:00:00,33300.0,4965.06125,0.0
2026-04-19 06:00:00,33825.0,4819.1414325000005,1.864555
2026-04-19 07:00:00,34250.0,4472.9762375,465.8229625
2026-04-19 08:00:00,35612.5,3689.3200075,2771.0650325
2026-04-19 09:00:00,37287.5,2677.678185,6959.0709225
2026-04-19 10:00:00,38262.5,1421.757525,8862.7209475
2026-04-19 11:00:00,39600.0,1474.48256,11571.693115
2026-04-19 12:00:00,41000.0,1606.40329,13449.0563975
2026-04-19 13:00:00,39712.5,1639.5324,14125.1257325
2026-04-19 14:00:00,37900.0,1634.7430574999998,14040.295655
2026-04-19 15:00:00,36537.5,1683.0285825,13184.4812025
2026-04-19 16:00:00,35237.5,1747.91359,11376.45508
2026-04-19 17:00:00,35437.5,1980.3364800000002,9076.831545000001
2026-04-19 18:00:00,37550.0,3349.4720675,7093.9798599999995
2026-04-19 19:00:00,40512.5,4411.8085625,3335.339905
2026-04-19 20:00:00,41912.5,5271.8085925,665.3085325
2026-04-19 21:00:00,41850.0,6123.8374625,0.0
2026-04-19 22:00:00,41537.5,6588.97623,0.0
2026-04-19 23:00:00,42725.0,6477.7825775,0.0
2026-04-20 00:00:00,41362.5,6244.0173975,0.0
2026-04-20 01:00:00,40037.5,6151.4035325,0.0
2026-04-20 02:00:00,38137.5,5852.37598,0.0
2026-04-20 03:00:00,35937.5,5569.3473975,0.0
2026-04-20 04:00:00,35587.5,5421.0012074999995,0.0
2026-04-20 05:00:00,37737.5,5333.8250425,0.0
2026-04-20 06:00:00,42012.5,5362.4787175,3.0784625
2026-04-20 07:00:00,46175.0,5384.1137975,525.9326725
2026-04-20 08:00:00,49000.0,4994.368955,3153.3388675
2026-04-20 09:00:00,49800.0,4255.757675,7760.0842274999995
2026-04-20 10:00:00,49200.0,3914.13629,12355.79614
2026-04-20 11:00:00,49075.0,4225.485155,15910.4021
2026-04-20 12:00:00,49500.0,4402.256347500001,18072.3569325
2026-04-20 13:00:00,48087.5,4482.56372,18847.0459
2026-04-20 14:00:00,46775.0,4497.0211175,18717.2026375
2026-04-20 15:00:00,45675.0,4508.665025,17602.2319325
2026-04-20 16:00:00,44287.5,4743.19989,15219.234865
2026-04-20 17:00:00,43575.0,5287.1536575,11960.8447275
2026-04-20 18:00:00,45412.5,5988.680205000001,7780.6696775
2026-04-20 19:00:00,47887.5,6606.206145,3419.1687625
2026-04-20 20:00:00,47725.0,7358.6737375,680.23536
2026-04-20 21:00:00,46650.0,8450.788575,0.0
2026-04-20 22:00:00,46362.5,8945.7724925,0.0
2026-04-20 23:00:00,46475.0,8803.47751,0.0
2026-04-21 00:00:00,44312.5,8808.857725,0.0
2026-04-21 01:00:00,42400.0,8540.5512975,0.0
2026-04-21 02:00:00,40800.0,8327.892090000001,0.0
2026-04-21 03:00:00,38775.0,8220.0261225,0.0
2026-04-21 04:00:00,37912.5,8111.496337500001,0.0
2026-04-21 05:00:00,39725.0,8056.4901725,0.0
2026-04-21 06:00:00,43900.0,8066.2329375,3.60684
2026-04-21 07:00:00,47500.0,7983.026304999999,577.10326
2026-04-21 08:00:00,49262.5,7137.46634,3374.8551625
2026-04-21 09:00:00,49075.0,5809.2749025,8166.302369999999
2026-04-21 10:00:00,48437.5,5677.4868125,12916.133055
2026-04-21 11:00:00,48400.0,4643.11963,13111.4436025
2026-04-21 12:00:00,48462.5,5591.95334,14846.7858875
2026-04-21 13:00:00,47662.5,5893.95816,15258.656737500001
2026-04-21 14:00:00,46800.0,6230.56003,15096.0664075
2026-04-21 15:00:00,45625.0,6392.5246275,14273.291505000001
2026-04-21 16:00:00,43962.5,7049.374955,12326.9057625
2026-04-21 17:00:00,43375.0,7480.9657025,9619.06006
2026-04-21 18:00:00,45325.0,11486.547727500001,7370.11731
2026-04-21 19:00:00,48012.5,12165.9861425,3410.067995
2026-04-21 20:00:00,47537.5,12313.212187500001,672.75883
2026-04-21 21:00:00,46650.0,12863.865845,0.0
2026-04-21 22:00:00,45650.0,13410.919405,0.0
2026-04-21 23:00:00,46562.5,13733.794555,0.0
2026-04-22 00:00:00,44312.5,12991.487885,0.0
2026-04-22 01:00:00,42612.5,13134.3578475,0.0
2026-04-22 02:00:00,40900.0,13274.81885,0.0
2026-04-22 03:00:00,38512.5,13082.41266,0.0
2026-04-22 04:00:00,37912.5,13163.6688875,0.0
2026-04-22 05:00:00,39525.0,13291.661225,0.0
2026-04-22 06:00:00,42950.0,13309.293762500001,4.5261125
2026-04-22 07:00:00,46025.0,13057.40405,488.3849325
2026-04-22 08:00:00,48437.5,12172.841095,2781.820495
2026-04-22 09:00:00,49300.0,10641.4346625,6546.1495374999995
2026-04-22 10:00:00,49050.0,6615.46521,8316.0885
2026-04-22 11:00:00,49387.5,6299.39862,10972.6625975
2026-04-22 12:00:00,49500.0,6285.773505,12582.411865
2026-04-22 13:00:00,48712.5,6442.94584,13299.452150000001
2026-04-22 14:00:00,47775.0,6083.639532499999,13149.7294925
2026-04-22 15:00:00,46337.5,5837.64763,12355.4367675
2026-04-22 16:00:00,44275.0,5985.5850949999995,10837.4184575
2026-04-22 17:00:00,43375.0,6764.2020275,8538.868774999999
2026-04-22 18:00:00,45262.5,9069.774415,6492.5137975
2026-04-22 19:00:00,47737.5,9508.2537825,3047.278565
2026-04-22 20:00:00,46862.5,9832.4350925,575.9072575
2026-04-22 21:00:00,46125.0,10540.083375000002,0.0
2026-04-22 22:00:00,45712.5,11042.623385,0.0
2026-04-22 23:00:00,46250.0,11021.4963075,0.0
2026-04-23 00:00:00,43975.0,10712.647065,0.0
2026-04-23 01:00:00,42137.5,10359.0625,0.0
2026-04-23 02:00:00,40662.5,10046.2062075,0.0
2026-04-23 03:00:00,38487.5,9727.7648925,0.0
2026-04-23 04:00:00,37925.0,9439.4187625,0.0
2026-04-23 05:00:00,39562.5,9200.84961,0.0
2026-04-23 06:00:00,42912.5,8966.6975375,5.9027325
2026-04-23 07:00:00,46862.5,8579.09384,540.184785
2026-04-23 08:00:00,48587.5,8365.15509,3076.533295
2026-04-23 09:00:00,48425.0,7374.029905,7636.647704999999
2026-04-23 10:00:00,47600.0,4883.566612500001,12528.403807499999
2026-04-23 11:00:00,47125.0,2755.0157600000002,12769.6721175
2026-04-23 12:00:00,47187.5,3063.14189,14603.339600000001
2026-04-23 13:00:00,46287.5,3304.3289750000004,15315.5463875
2026-04-23 14:00:00,45687.5,3347.9805399999996,15261.4504425
2026-04-23 15:00:00,44675.0,3350.65039,14552.001955
2026-04-23 16:00:00,42600.0,3645.61575,12986.741455
2026-04-23 17:00:00,41925.0,6152.4435725,12477.606445
2026-04-23 18:00:00,44137.5,6905.2888225,8723.899535
2026-04-23 19:00:00,46937.5,7432.9187,3789.1484975000003
2026-04-23 20:00:00,46287.5,8608.70157,719.420225
2026-04-23 21:00:00,45737.5,9801.0441,0.0
2026-04-23 22:00:00,45550.0,10402.101165,0.0
2026-04-23 23:00:00,46300.0,10342.20108,0.0
2026-04-24 00:00:00,43862.5,9989.89395,0.0
2026-04-24 01:00:00,42025.0,9822.7351375,0.0
2026-04-24 02:00:00,40400.0,9302.8361825,0.0
2026-04-24 03:00:00,38087.5,8555.0609475,0.0
2026-04-24 04:00:00,37387.5,7893.073517499999,0.0
2026-04-24 05:00:00,38937.5,7311.37863,0.0
2026-04-24 06:00:00,42275.0,6765.1537175,7.8184474999999996
2026-04-24 07:00:00,45875.0,6245.381255,709.7390275
2026-04-24 08:00:00,48050.0,5914.9737575,3775.76062
2026-04-24 09:00:00,48150.0,4950.9288025,8841.3588875
2026-04-24 10:00:00,47662.5,3028.9249250000003,13797.21289
2026-04-24 11:00:00,47100.0,1883.4348424999998,13734.1015625
2026-04-24 12:00:00,47537.5,1400.5260925,15340.4140625
2026-04-24 13:00:00,46837.5,1439.07511,16004.648677500001
2026-04-24 14:00:00,45512.5,1536.71344,15977.09009
2026-04-24 15:00:00,43712.5,1658.4523675,15334.111817500001
2026-04-24 16:00:00,41950.0,1917.9369625,13518.2365725
2026-04-24 17:00:00,41937.5,3335.3902575,12735.868165
2026-04-24 18:00:00,43762.5,3694.5188775,8737.880495
2026-04-24 19:00:00,45450.0,3900.3950175,3805.64166
2026-04-24 20:00:00,44650.0,4488.591325,757.0053800000001
2026-04-24 21:00:00,44525.0,5232.5899375,0.0
2026-04-24 22:00:00,44637.5,5573.483855,0.0
2026-04-24 23:00:00,45150.0,5400.631425,0.0
2026-04-25 00:00:00,42862.5,4999.548475,0.0
2026-04-25 01:00:00,40987.5,4513.1437525,0.0
2026-04-25 02:00:00,38950.0,3905.640015,0.0
2026-04-25 03:00:00,36100.0,3301.8612224999997,0.0
2026-04-25 04:00:00,35050.0,2836.4312449999998,0.0
2026-04-25 05:00:00,34987.5,2484.2076325,0.0
2026-04-25 06:00:00,35812.5,2237.843715,11.3298625
2026-04-25 07:00:00,36250.0,2046.836285,724.6700774999999
2026-04-25 08:00:00,37862.5,1849.636245,3510.5700375
2026-04-25 09:00:00,39600.0,1420.7851050000002,7868.92407
2026-04-25 10:00:00,40437.5,523.8873625,9461.2312025
2026-04-25 11:00:00,41150.0,411.4963775,12269.4519025
2026-04-25 12:00:00,42125.0,401.63760749999994,14135.222655
2026-04-25 13:00:00,41387.5,400.0887775,15077.427005
2026-04-25 14:00:00,40575.0,405.6723675,15105.94116
2026-04-25 15:00:00,39725.0,457.784915,14351.5065925
2026-04-25 16:00:00,38025.0,553.3136025,12549.24585
2026-04-25 17:00:00,37425.0,674.1348899999999,9788.4465325
2026-04-25 18:00:00,38800.0,1247.1548900000003,7636.429565
2026-04-25 19:00:00,40400.0,1840.3187200000002,3695.7379775
2026-04-25 20:00:00,39950.0,2690.8936725,798.5809674999999
2026-04-25 21:00:00,40475.0,3829.7950225000004,0.0
2026-04-25 22:00:00,40737.5,4600.911062499999,0.0
2026-04-25 23:00:00,42587.5,4590.527564999999,0.0
2026-04-26 00:00:00,40662.5,4548.3000575,0.0
2026-04-26 01:00:00,38887.5,4360.7450125,0.0
2026-04-26 02:00:00,37050.0,4111.363805,0.0
2026-04-26 03:00:00,34450.0,3904.8374925,0.0
2026-04-26 04:00:00,33187.5,3669.2312275,0.0
2026-04-26 05:00:00,32900.0,3483.7812225000002,0.0
2026-04-26 06:00:00,33375.0,3514.0011975,17.0973125
2026-04-26 07:00:00,33500.0,3449.87491,741.9834975
2026-04-26 08:00:00,35187.5,3274.0300574999997,3433.6118149999998
2026-04-26 09:00:00,37225.0,2610.2829675,7821.1110825
2026-04-26 10:00:00,38775.0,861.723975,9519.158205
2026-04-26 11:00:00,40325.0,731.43901,12349.1604025
2026-04-26 12:00:00,42087.5,717.9697699999999,13997.4389675
2026-04-26 13:00:00,41637.5,719.1076825,14594.787355
2026-04-26 14:00:00,39925.0,696.7347624999999,14529.27246
2026-04-26 15:00:00,38550.0,703.9499800000001,13815.934325
2026-04-26 16:00:00,36637.5,748.853675,12057.553465
2026-04-26 17:00:00,36112.5,931.5833475,9490.6413575
2026-04-26 18:00:00,38412.5,1790.6889625000001,7419.4007575
2026-04-26 19:00:00,40887.5,2531.371255,3618.71991
2026-04-26 20:00:00,40937.5,3508.625015,812.494805
2026-04-26 21:00:00,41287.5,4539.4387050000005,0.0
2026-04-26 22:00:00,40900.0,5007.9725975,0.0
2026-04-26 23:00:00,42362.5,4892.19627,0.0
2026-04-27 00:00:00,39762.5,3951.63999,0.0
2026-04-27 01:00:00,37962.5,3582.10869,0.0
2026-04-27 02:00:00,36400.0,3306.7911075,0.0
2026-04-27 03:00:00,34350.0,3115.383695,0.0
2026-04-27 04:00:00,34112.5,2908.1487775,0.0
2026-04-27 05:00:00,36262.5,2731.036275,0.0
2026-04-27 06:00:00,40262.5,2629.454935,19.687607500000002
2026-04-27 07:00:00,43825.0,2496.7300099999998,755.0529475000001
2026-04-27 08:00:00,46537.5,2369.10248,3495.8685925
2026-04-27 09:00:00,47287.5,2006.3498775,7943.01404
2026-04-27 10:00:00,47000.0,1197.58129,12452.480955
2026-04-27 11:00:00,47462.5,798.9688575,12613.3046875
2026-04-27 12:00:00,47762.5,903.4744525000001,14359.3608375
2026-04-27 13:00:00,47562.5,934.1313299999999,14999.27661
2026-04-27 14:00:00,46912.5,1029.57641,14993.6408675
2026-04-27 15:00:00,45637.5,1179.437675,14131.4028325
2026-04-27 16:00:00,43250.0,1214.3369625,12123.947264999999
2026-04-27 17:00:00,42325.0,2069.2302575,11244.5124525
2026-04-27 18:00:00,43600.0,2613.2838749999996,7670.370849999999
2026-04-27 19:00:00,46087.5,3155.7687699999997,3475.578065
2026-04-27 20:00:00,45175.0,4019.68628,803.9308275
2026-04-27 21:00:00,44337.5,5005.343895,0.0
2026-04-27 22:00:00,43862.5,5554.066339999999,0.0
2026-04-27 23:00:00,44287.5,5693.616117500001,0.0
2026-04-28 00:00:00,41625.0,5902.006084999999,0.0
2026-04-28 01:00:00,39625.0,6150.198577499999,0.0
2026-04-28 02:00:00,38325.0,6160.587375,0.0
2026-04-28 03:00:00,36075.0,6123.3337075,0.0
2026-04-28 04:00:00,35412.5,6152.07636,0.0
2026-04-28 05:00:00,36875.0,6178.9251875,0.0
2026-04-28 06:00:00,40400.0,6281.110452499999,20.4085525
2026-04-28 07:00:00,44100.0,6435.4219075,641.61065
2026-04-28 08:00:00,46350.0,6142.8526475,2845.6235675
2026-04-28 09:00:00,46812.5,5193.1250775,6369.1358675
2026-04-28 10:00:00,46712.5,4494.6347675,10196.6066875
2026-04-28 11:00:00,46937.5,3307.6104124999997,10466.053712500001
2026-04-28 12:00:00,47750.0,3056.2416825,12021.4387225
2026-04-28 13:00:00,47087.5,3218.914975,12749.0078125
2026-04-28 14:00:00,46562.5,3502.9509425,12601.9919425
2026-04-28 15:00:00,45425.0,3772.89937,11497.46704
2026-04-28 16:00:00,43675.0,4044.1566025,9719.21582
2026-04-28 17:00:00,42550.0,4776.6447100000005,7508.7902825
2026-04-28 18:00:00,44437.5,7319.4555975,5751.55847
2026-04-28 19:00:00,46725.0,8331.9988075,2933.2295225
2026-04-28 20:00:00,45612.5,9585.927885,747.43995
2026-04-28 21:00:00,44900.0,11254.2063325,0.0
2026-04-28 22:00:00,44825.0,12435.298985000001,0.0
2026-04-28 23:00:00,44912.5,12894.04907,0.0
2026-04-29 00:00:00,42165.375,12437.8399375,0.0
2026-04-29 01:00:00,40477.375,12252.909975,0.0
2026-04-29 02:00:00,38504.875,12104.7666325,0.0
2026-04-29 03:00:00,36221.625,11987.981417500001,0.0
2026-04-29 04:00:00,35445.25,8070.581205,0.0
2026-04-29 05:00:00,36515.25,11158.565825,0.0
2026-04-29 06:00:00,39720.125,12190.459625,20.498765000000002
2026-04-29 07:00:00,42811.5,12028.4686,635.1188375
2026-04-29 08:00:00,45068.375,10945.520235,2948.4541925000003
2026-04-29 09:00:00,45945.75,9001.67604,6788.5067125000005
2026-04-29 10:00:00,46743.625,4865.4800749999995,8451.723997500001
2026-04-29 11:00:00,47846.375,4611.9081575,10951.610597500001
2026-04-29 12:00:00,49614.5,4954.657412500001,12876.9562975
2026-04-29 13:00:00,49219.125,5605.7400225,13684.4985375
2026-04-29 14:00:00,48489.625,6347.8134625,13766.8425275
2026-04-29 15:00:00,47117.625,6910.1395875,13040.108155
2026-04-29 16:00:00,44950.0,7152.0511925,11252.7553725
2026-04-29 17:00:00,43592.75,7856.4896775,8751.5933825
2026-04-29 18:00:00,45157.625,11912.3943475,6760.6755375
2026-04-29 19:00:00,47352.125,13169.627595,3326.448485
2026-04-29 20:00:00,46091.25,13773.56131,749.78894
2026-04-29 21:00:00,45273.875,14489.47812,0.0
2026-04-29 22:00:00,44895.75,14857.08191,0.0
2026-04-29 23:00:00,45206.125,14634.359805,0.0
2026-04-30 00:00:00,42417.75,14578.946837500001,0.0
2026-04-30 01:00:00,40940.5,14453.305082500001,0.0
2026-04-30 02:00:00,38922.75,14058.717345000001,0.0
2026-04-30 03:00:00,36717.25,13701.87772,0.0
2026-04-30 04:00:00,35893.125,13388.156035,0.0
2026-04-30 05:00:00,37091.75,12962.7555,0.0
2026-04-30 06:00:00,40291.25,12537.769592499999,32.81538
2026-04-30 07:00:00,43164.0,12380.52472,821.5033925
2026-04-30 08:00:00,44867.75,11255.1475225,3519.138
2026-04-30 09:00:00,45784.5,9306.3758575,7665.6301275
2026-04-30 10:00:00,46300.25,8037.88346,11632.7314475
2026-04-30 11:00:00,46980.5,4429.108135,11436.1772475
2026-04-30 12:00:00,48281.625,4610.0082375,12781.7543975
2026-04-30 13:00:00,48115.125,4840.239852500001,13337.8688975
2026-04-30 14:00:00,48287.125,4917.6038125,13141.0747075
2026-04-30 15:00:00,46257.875,4880.10502,12123.2771025
2026-04-30 16:00:00,43920.375,4875.0124175,10396.730225
2026-04-30 17:00:00,42695.0,6986.3532925,9864.803955
2026-04-30 18:00:00,43858.0,7825.1188025,6979.9835175
2026-04-30 19:00:00,45449.125,7765.8663875,3362.3456425000004
2026-04-30 20:00:00,44562.0,8215.582625,854.5550075
2026-04-30 21:00:00,43846.25,8730.365155,0.0
2026-04-30 22:00:00,43835.625,8922.224227499999,0.0
2026-04-30 23:00:00,44244.5,8767.5316,0.0
2026-05-01 00:00:00,41606.875,8391.40631,0.0
2026-05-01 01:00:00,39690.375,8195.6926425,0.0
2026-05-01 02:00:00,37150.875,7862.29374,0.0
2026-05-01 03:00:00,34237.625,7466.588642500001,0.0
2026-05-01 04:00:00,32492.875,7113.629785,0.0
2026-05-01 05:00:00,32008.25,6720.1401225,0.0
2026-05-01 06:00:00,31558.75,6347.25012,31.825105
2026-05-01 07:00:00,31256.5,5891.36385,748.622125
2026-05-01 08:00:00,32569.875,5111.803567499999,3214.9761675
2026-05-01 09:00:00,34791.875,2412.517105,5425.1529525000005
2026-05-01 10:00:00,36792.875,1511.7731575,8394.510255
2026-05-01 11:00:00,37616.625,1425.2252975000001,10926.43921
2026-05-01 12:00:00,40502.0,1353.341575,12683.97754
2026-05-01 13:00:00,39790.875,1271.38571,13643.8649875
2026-05-01 14:00:00,38424.0,1256.3624225,13607.648925000001
2026-05-01 15:00:00,37308.5,1294.7224,12820.3395975
2026-05-01 16:00:00,34740.25,1321.113505,11201.415037499999
2026-05-01 17:00:00,34138.625,1366.01748,8880.850585
2026-05-01 18:00:00,36163.875,2006.37835,6991.9620350000005
2026-05-01 19:00:00,38457.75,2146.8212125,3535.9047250000003
2026-05-01 20:00:00,38184.375,2119.85489,884.4572375
2026-05-01 21:00:00,39015.25,2150.21621,36.5637275
2026-05-01 22:00:00,39522.875,2161.8288074999996,0.0
2026-05-01 23:00:00,40464.25,2281.6875525,0.0
2026-05-02 00:00:00,38437.5,2662.702435,0.0
2026-05-02 01:00:00,36875.0,2995.1099475,0.0
2026-05-02 02:00:00,35137.5,3233.718755,0.0
2026-05-02 03:00:00,33037.5,3364.01372,0.0
2026-05-02 04:00:00,32162.5,3595.1626025,0.0
2026-05-02 05:00:00,32462.5,3795.46366,0.0
2026-05-02 06:00:00,33637.5,4021.3412774999997,41.272635
2026-05-02 07:00:00,34737.5,4194.4749600000005,873.274765
2026-05-02 08:00:00,36162.5,4156.3861525,3456.06006
2026-05-02 09:00:00,37700.0,3482.3329624999997,6900.981325000001
2026-05-02 10:00:00,39125.0,2109.32946,8565.7890625
2026-05-02 11:00:00,40225.0,2101.8525075,10794.7438975
2026-05-02 12:00:00,41737.5,2498.41901,12155.810545
2026-05-02 13:00:00,41162.5,2818.6223175,12658.2663575
2026-05-02 14:00:00,39950.0,3038.1820675,12361.1845725
2026-05-02 15:00:00,38575.0,3279.3812550000002,11337.289305
2026-05-02 16:00:00,37037.5,4572.6742349999995,10184.372070000001
2026-05-02 17:00:00,36825.0,6865.8889675,9097.8198225
2026-05-02 18:00:00,38175.0,6547.38736,5484.6809075
2026-05-02 19:00:00,39925.0,5972.348724999999,2596.386565
2026-05-02 20:00:00,39600.0,5667.240052499999,719.629445
2026-05-02 21:00:00,39700.0,5472.1586575,36.5480675
2026-05-02 22:00:00,40350.0,5494.0425925,0.0
2026-05-02 23:00:00,41262.5,5756.394835000001,0.0
2026-05-03 00:00:00,38850.0,5683.894922500001,0.0
2026-05-03 01:00:00,36850.0,5586.6611675,0.0
2026-05-03 02:00:00,34812.5,5527.396414999999,0.0
2026-05-03 03:00:00,32337.5,5717.57473,0.0
2026-05-03 04:00:00,30712.5,5831.039875,0.0
2026-05-03 05:00:00,30350.0,5929.3837075,0.0
2026-05-03 06:00:00,30875.0,6226.8026675,36.667965
2026-05-03 07:00:00,31437.5,6295.7389425,647.191925
2026-05-03 08:00:00,33000.0,5614.363637500001,2563.4541
2026-05-03 09:00:00,34962.5,5004.2024625,5554.0620125000005
2026-05-03 10:00:00,36975.0,5061.528635,8935.011595
2026-05-03 11:00:00,38662.5,5392.4087150000005,11623.33081
2026-05-03 12:00:00,40575.0,5510.7253125,13222.741212500001
2026-05-03 13:00:00,39525.0,3140.94729,11227.1301275
2026-05-03 14:00:00,37900.0,3286.49203,11468.2534175
2026-05-03 15:00:00,36712.5,3322.1885700000003,10767.69751
2026-05-03 16:00:00,35725.0,3746.0015325,9810.2358375
2026-05-03 17:00:00,35275.0,4970.54014,9113.5483375
2026-05-03 18:00:00,37487.5,4343.126335,6106.441895
2026-05-03 19:00:00,40062.5,3933.3825,3050.654725
2026-05-03 20:00:00,39900.0,3495.4238174999996,852.819235
2026-05-03 21:00:00,40087.5,3352.6736825000003,49.921455
2026-05-03 22:00:00,40262.5,3421.5275275,0.0
2026-05-03 23:00:00,41287.5,3530.7374025,0.0
2026-05-04 00:00:00,39039.375,2745.8936375,0.0
2026-05-04 01:00:00,37490.125,2559.41249,0.0
2026-05-04 02:00:00,35649.0,2352.8025949999997,0.0
2026-05-04 03:00:00,33270.5,2226.4761825,0.0
2026-05-04 04:00:00,32667.875,2077.380025,0.0
2026-05-04 05:00:00,34360.0,1940.9287475,0.0
2026-05-04 06:00:00,37733.25,1800.6524800000002,36.711275
2026-05-04 07:00:00,40993.125,1616.8525399999999,543.1290625
2026-05-04 08:00:00,43957.125,1337.9237725,1947.9026775000002
2026-05-04 09:00:00,45519.875,1082.0537199999999,3953.7221074999998
2026-05-04 10:00:00,46431.125,958.98626,6348.2769775
2026-05-04 11:00:00,47808.0,912.190025,8655.9832775
2026-05-04 12:00:00,49238.5,941.4350000000001,10218.295162499999
2026-05-04 13:00:00,48831.125,993.090015,10995.60083
2026-05-04 14:00:00,48221.875,1121.0975025,11104.6699225
2026-05-04 15:00:00,46504.5,1384.371225,10400.75049
2026-05-04 16:00:00,44073.375,1614.7837475000001,9458.7167975
2026-05-04 17:00:00,42492.375,1822.1674325,7555.029665
2026-05-04 18:00:00,44081.25,1964.4649875,4977.4044175
2026-05-04 19:00:00,46645.0,2043.2424675000002,2427.2891250000002
2026-05-04 20:00:00,45531.75,2134.6100524999997,720.0962675000001
2026-05-04 21:00:00,44467.875,2409.2549675,43.69824499999999
2026-05-04 22:00:00,43870.25,2866.8825225,0.0
2026-05-04 23:00:00,44479.0,3287.9624125,0.0
2026-05-05 00:00:00,42650.0,3252.337495,0.0
2026-05-05 01:00:00,40762.5,3435.3474825,0.0
2026-05-05 02:00:00,38812.5,3460.9562300000002,0.0
2026-05-05 03:00:00,36550.0,3428.750035,0.0
2026-05-05 04:00:00,35850.0,3316.1849975,0.0
2026-05-05 05:00:00,37375.0,3375.6999275,0.0
2026-05-05 06:00:00,41012.5,3505.4849875,37.6169525
2026-05-05 07:00:00,44962.5,3436.888755,597.6938250000001
2026-05-05 08:00:00,47575.0,3156.45123,2299.1596975
2026-05-05 09:00:00,48625.0,2981.3987049999996,4730.3419175
2026-05-05 10:00:00,49125.0,3019.4975975,7389.625852499999
2026-05-05 11:00:00,49800.0,2960.326285,9841.573
2026-05-05 12:00:00,50762.5,3022.5825275,11686.42456
2026-05-05 13:00:00,50437.5,3404.1487049999996,12623.96704
2026-05-05 14:00:00,49787.5,3827.2312,12731.7968725
2026-05-05 15:00:00,48837.5,4319.7961575,12191.329835
2026-05-05 16:00:00,46825.0,5100.8576525,11058.743165
2026-05-05 17:00:00,46125.0,5719.721437499999,9036.8854975
2026-05-05 18:00:00,47662.5,6046.062715,6088.0761725
2026-05-05 19:00:00,49462.5,6289.360044999999,3018.2792975
2026-05-05 20:00:00,47650.0,6542.2762,849.888725
2026-05-05 21:00:00,46325.0,7030.9426275,48.6627075
2026-05-05 22:00:00,45937.5,7576.231277500001,0.0
2026-05-05 23:00:00,46562.5,7884.71637,0.0
2026-05-06 00:00:00,43537.5,6801.6137375,0.0
2026-05-06 01:00:00,41287.5,6826.282607499999,0.0
2026-05-06 02:00:00,39262.5,6705.951445000001,0.0
2026-05-06 03:00:00,36987.5,6594.41014,0.0
2026-05-06 04:00:00,36150.0,6435.681062500001,0.0
2026-05-06 05:00:00,37725.0,6178.692505,0.0
2026-05-06 06:00:00,41125.0,5913.2776775,41.38239
2026-05-06 07:00:00,45275.0,5574.20627,651.0341125
2026-05-06 08:00:00,48425.0,5145.25741,2375.4590749999998
2026-05-06 09:00:00,49400.0,5138.938810000001,4845.891785
2026-05-06 10:00:00,49537.5,5077.19652,7628.3370350000005
2026-05-06 11:00:00,50125.0,4660.4089925,10010.59155
2026-05-06 12:00:00,51175.0,4222.0474525,11715.825195
2026-05-06 13:00:00,50287.5,4054.7649675000002,13082.5856925
2026-05-06 14:00:00,49675.0,3934.747505,13372.9265125
2026-05-06 15:00:00,48625.0,3951.2187725,12676.066895
2026-05-06 16:00:00,46487.5,3913.2961824999998,11292.034670000001
2026-05-06 17:00:00,45425.0,3747.09121,9081.0227075
2026-05-06 18:00:00,47737.5,3470.8711650000005,6176.3000475
2026-05-06 19:00:00,49987.5,3121.4074975,3241.36609
2026-05-06 20:00:00,47987.5,2835.9287425,960.03981
2026-05-06 21:00:00,46350.0,2751.7500225,61.850522500000004
2026-05-06 22:00:00,46862.5,2793.298685,0.0
2026-05-06 23:00:00,47462.5,2744.9512075000002,0.0
2026-05-07 00:00:00,44960.25,2112.08756,0.0
2026-05-07 01:00:00,43124.125,1934.7137625,0.0
2026-05-07 02:00:00,41127.125,1716.226195,0.0
2026-05-07 03:00:00,38993.125,1546.2774725,0.0
2026-05-07 04:00:00,38284.125,1422.6400425000002,0.0
2026-05-07 05:00:00,39656.625,1316.8800175000001,0.0
2026-05-07 06:00:00,43187.5,1218.2987375,45.638034999999995
2026-05-07 07:00:00,47286.25,1098.1362325,937.5914525000001
2026-05-07 08:00:00,49788.375,880.9724924999999,3732.3720125
2026-05-07 09:00:00,49867.625,644.9237725,7832.4827875
2026-05-07 10:00:00,48894.125,575.998775,11510.92749
2026-05-07 11:00:00,48934.125,602.112525,13719.027345
2026-05-07 12:00:00,49924.875,657.1812675,15085.458742499999
2026-05-07 13:00:00,48959.375,714.3074875,15926.705077499999
2026-05-07 14:00:00,47834.75,738.3525075,15906.245605
2026-05-07 15:00:00,45948.875,741.099985,14951.23413
2026-05-07 16:00:00,43620.75,731.0137625,13312.511475
2026-05-07 17:00:00,43017.75,765.44626,10948.72754
2026-05-07 18:00:00,44605.75,835.0787574999999,7666.2374275
2026-05-07 19:00:00,46408.625,928.7837575,3966.6434925
2026-05-07 20:00:00,45407.25,1259.2237475000002,1119.279555
2026-05-07 21:00:00,44484.875,1891.9275725,70.5635875
2026-05-07 22:00:00,44819.875,2623.6138224999995,0.0
2026-05-07 23:00:00,46019.625,3099.8287824999998,0.0
2026-05-08 00:00:00,42462.5,2379.7451,0.0
2026-05-08 01:00:00,40150.0,2468.090025,0.0
2026-05-08 02:00:00,38562.5,2412.4524349999997,0.0
2026-05-08 03:00:00,36275.0,2314.1249975,0.0
2026-05-08 04:00:00,35175.0,2261.93131,0.0
2026-05-08 05:00:00,35375.0,2275.866185,0.0
2026-05-08 06:00:00,36137.5,2259.9562775,62.422779999999996
2026-05-08 07:00:00,36975.0,2168.3275375,1154.46988
2026-05-08 08:00:00,38512.5,1921.357525,4403.3560175
2026-05-08 09:00:00,40162.5,1476.9649800000002,9177.822385
2026-05-08 10:00:00,41137.5,1200.7512875,13556.8854975
2026-05-08 11:00:00,41762.5,1349.6050274999998,16633.83496
2026-05-08 12:00:00,43425.0,1561.0712099999998,18432.6752925
2026-05-08 13:00:00,42325.0,1698.9637775,18992.96533
2026-05-08 14:00:00,41125.0,1745.371285,18393.3818375
2026-05-08 15:00:00,39537.5,1849.7926775,16396.87915
2026-05-08 16:00:00,37175.0,1676.885155,12239.7333975
2026-05-08 17:00:00,36950.0,2126.5750275,10729.2250975
2026-05-08 18:00:00,38862.5,2305.3437375000003,6966.71692
2026-05-08 19:00:00,40612.5,2764.28374,3427.401185
2026-05-08 20:00:00,40062.5,3587.631395,993.2658225
2026-05-08 21:00:00,39800.0,4718.3714275,61.9479
2026-05-08 22:00:00,40600.0,5858.16528,0.0
2026-05-08 23:00:00,41987.5,6392.093902499999,0.0
2026-05-09 00:00:00,40200.0,6027.53241,0.0
2026-05-09 01:00:00,38187.5,6032.6374525,0.0
2026-05-09 02:00:00,36300.0,5790.27391,0.0
2026-05-09 03:00:00,33650.0,5500.486304999999,0.0
2026-05-09 04:00:00,32525.0,5216.117612499999,0.0
2026-05-09 05:00:00,32462.5,4953.8250725,0.0
2026-05-09 06:00:00,32887.5,4875.7187699999995,70.958335
2026-05-09 07:00:00,33800.0,4720.6974225,1128.9855324999999
2026-05-09 08:00:00,35512.5,4179.2136075,4121.88257
2026-05-09 09:00:00,37762.5,3287.196235,8441.738035
2026-05-09 10:00:00,39412.5,2856.2174999999997,12470.658445000001
2026-05-09 11:00:00,40362.5,2299.7993775,12967.3278825
2026-05-09 12:00:00,41975.0,2308.12628,13704.2121575
2026-05-09 13:00:00,41575.0,2563.1883575,14436.24756
2026-05-09 14:00:00,40850.0,2644.3816850000003,14126.79419
2026-05-09 15:00:00,40125.0,3316.372055,15422.2360825
2026-05-09 16:00:00,38625.0,3399.77754,13760.25122
2026-05-09 17:00:00,38037.5,3405.641205,10355.3659675
2026-05-09 18:00:00,39437.5,3526.296295,6449.640257499999
2026-05-09 19:00:00,41087.5,3732.3148475,3118.5960075000003
2026-05-09 20:00:00,40250.0,4239.334885,907.293045
2026-05-09 21:00:00,39600.0,5200.5161775,63.302575
2026-05-09 22:00:00,39987.5,5929.509779999999,0.0
2026-05-09 23:00:00,41812.5,6297.661194999999,0.0
2026-05-10 00:00:00,38462.5,6987.8977375,0.0
2026-05-10 01:00:00,36425.0,6633.91266,0.0
2026-05-10 02:00:00,34650.0,6213.60373,0.0
2026-05-10 03:00:00,31962.5,5851.59244,0.0
2026-05-10 04:00:00,30625.0,5736.0412725,0.0
2026-05-10 05:00:00,30337.5,5754.48488,0.0
2026-05-10 06:00:00,30925.0,5683.9250475,59.7870225
2026-05-10 07:00:00,31262.5,5634.522644999999,807.9486525
2026-05-10 08:00:00,32825.0,5495.18112,2854.13385
2026-05-10 09:00:00,34787.5,4878.691025,5668.9302975
2026-05-10 10:00:00,36712.5,3684.8159325,7512.869995
2026-05-10 11:00:00,38450.0,3160.9664574999997,8541.3736575
2026-05-10 12:00:00,40625.0,3292.1376925,9701.0109875
2026-05-10 13:00:00,39975.0,2218.8502574999998,10160.76294
2026-05-10 14:00:00,39000.0,2181.3096925,10254.1760225
2026-05-10 15:00:00,38162.5,2466.4629925,9453.7153325
2026-05-10 16:00:00,37262.5,3688.44629,8699.247315
2026-05-10 17:00:00,36687.5,4903.785045,8234.249755
2026-05-10 18:00:00,38525.0,5025.4176025,5523.4943825
2026-05-10 19:00:00,41050.0,4975.648987500001,2859.289855
2026-05-10 20:00:00,40462.5,5132.660125,884.9241775
2026-05-10 21:00:00,40037.5,5427.86383,73.078275
2026-05-10 22:00:00,40250.0,5783.6699825,0.0
2026-05-10 23:00:00,41712.5,6183.186310000001,0.0
2026-05-11 00:00:00,39387.5,7580.897354999999,0.0
2026-05-11 01:00:00,37450.0,7848.48746,0.0
2026-05-11 02:00:00,35912.5,7797.9801025,0.0
2026-05-11 03:00:00,33950.0,7709.98108,0.0
2026-05-11 04:00:00,33275.0,7706.9312150000005,0.0
2026-05-11 05:00:00,35012.5,7701.6498125,0.0
2026-05-11 06:00:00,38737.5,7439.6973825000005,61.592735000000005
2026-05-11 07:00:00,42887.5,6829.8186025,849.3420874999999
2026-05-11 08:00:00,45862.5,6017.7287125,3155.3769225
2026-05-11 09:00:00,47350.0,5590.30377,6642.7973624999995
2026-05-11 10:00:00,47950.0,5603.024922499999,10336.1640625
2026-05-11 11:00:00,48812.5,5663.5660625,12980.0930175
2026-05-11 12:00:00,49650.0,5550.1397275,14687.3220225
2026-05-11 13:00:00,48712.5,5472.9973425,15424.18384
2026-05-11 14:00:00,47425.0,5494.182525,15382.7497525
2026-05-11 15:00:00,46375.0,5426.782729999999,14518.3186025
2026-05-11 16:00:00,44887.5,5484.491384999999,12782.14795
2026-05-11 17:00:00,44150.0,5892.974685,10330.7182625
2026-05-11 18:00:00,46137.5,6412.942427499999,7136.7073975
2026-05-11 19:00:00,48625.0,6096.1212175,3715.2846050000003
2026-05-11 20:00:00,46625.0,5423.9225275,1136.2152875
2026-05-11 21:00:00,44925.0,5258.5026225,102.53191249999999
2026-05-11 22:00:00,45037.5,5220.7075075,0.0
2026-05-11 23:00:00,45750.0,4931.364855000001,0.0
2026-05-12 00:00:00,43087.5,3934.3875449999996,0.0
2026-05-12 01:00:00,41087.5,3728.677465,0.0
2026-05-12 02:00:00,39775.0,3621.6549125,0.0
2026-05-12 03:00:00,37875.0,3415.5137375,0.0
2026-05-12 04:00:00,37062.5,3208.96253,0.0
2026-05-12 05:00:00,38475.0,3094.3061475000004,0.0
2026-05-12 06:00:00,41637.5,2977.5711825,89.826955
2026-05-12 07:00:00,45737.5,2676.00995,1218.8162525
2026-05-12 08:00:00,48875.0,2169.191205,4344.852905
2026-05-12 09:00:00,49550.0,1883.161265,8630.2418225
2026-05-12 10:00:00,48750.0,2147.6324824999997,12063.4829125
2026-05-12 11:00:00,48800.0,2382.0050125000002,13930.928465
2026-05-12 12:00:00,49500.0,2444.514945,15094.7307125
2026-05-12 13:00:00,48762.5,2607.458725,15969.6420925
2026-05-12 14:00:00,47675.0,2903.45488,15894.395265
2026-05-12 15:00:00,46325.0,3317.02246,14879.1398925
2026-05-12 16:00:00,45112.5,3809.9963475,13071.042725
2026-05-12 17:00:00,44650.0,4207.36371,10330.216307499999
2026-05-12 18:00:00,46475.0,4164.68872,6895.81848
2026-05-12 19:00:00,48737.5,3790.492475,3493.433715
2026-05-12 20:00:00,47100.0,3805.8962875,1068.5990675
2026-05-12 21:00:00,45475.0,4216.4389075,84.56142750000001
2026-05-12 22:00:00,45337.5,4707.86494,0.0
2026-05-12 23:00:00,46437.5,5046.422500000001,0.0
2026-05-13 00:00:00,42787.5,5257.4584675,0.0
2026-05-13 01:00:00,40562.5,5547.373825,0.0
2026-05-13 02:00:00,38962.5,5894.028795,0.0
2026-05-13 03:00:00,37175.0,6187.85991,0.0
2026-05-13 04:00:00,36425.0,6360.607407500001,0.0
2026-05-13 05:00:00,37712.5,6715.02008,0.0
2026-05-13 06:00:00,40750.0,7277.406185,83.2417275
2026-05-13 07:00:00,44575.0,7858.736022500001,1087.2847975
2026-05-13 08:00:00,47437.5,8547.89743,3533.4005125
2026-05-13 09:00:00,48350.0,10126.14117,6795.276125
2026-05-13 10:00:00,48250.0,10258.1549375,8755.5316175
2026-05-13 11:00:00,48112.5,9172.575835,9721.86792
2026-05-13 12:00:00,48425.0,9830.7099025,11050.3503425
2026-05-13 13:00:00,48037.5,10418.1265275,12009.13379
2026-05-13 14:00:00,47412.5,10946.524627499999,12147.5852075
2026-05-13 15:00:00,45925.0,11364.85193,11547.9965825
2026-05-13 16:00:00,44825.0,11711.906432500002,10385.60913
2026-05-13 17:00:00,44100.0,11770.6355,8648.87781
2026-05-13 18:00:00,45950.0,16142.63034,7136.5422375
2026-05-13 19:00:00,47950.0,16922.3923925,4035.5464475
2026-05-13 20:00:00,46600.0,15366.603485,1255.5817875
2026-05-13 21:00:00,45162.5,13471.315064999999,119.31913999999999
2026-05-13 22:00:00,45062.5,12105.476320000002,0.0
2026-05-13 23:00:00,46412.5,11311.375460000001,0.0
2026-05-14 00:00:00,43612.5,11440.319945,0.0
2026-05-14 01:00:00,41350.0,11169.5251475,0.0
2026-05-14 02:00:00,39512.5,10754.885217500001,0.0
2026-05-14 03:00:00,37112.5,10244.29663,0.0
2026-05-14 04:00:00,35650.0,9679.830595,0.0
2026-05-14 05:00:00,35662.5,9207.432617499999,0.0
2026-05-14 06:00:00,36437.5,8759.4510225,95.2613075
2026-05-14 07:00:00,38000.0,8176.197567499999,1129.912735
2026-05-14 08:00:00,40312.5,7481.685275,3575.2606175
2026-05-14 09:00:00,42587.5,7273.3625475,6749.7667249999995
2026-05-14 10:00:00,43462.5,7129.98511,9870.1000975
2026-05-14 11:00:00,44312.5,7053.066285,12056.882324999999
2026-05-14 12:00:00,46462.5,7150.21756,13600.72705
2026-05-14 13:00:00,46100.0,7277.6286625,14777.788575
2026-05-14 14:00:00,44325.0,7438.392394999999,14973.232179999999
2026-05-14 15:00:00,42137.5,7513.586885,14193.9250475
2026-05-14 16:00:00,40925.0,5142.349915000001,9592.69507
2026-05-14 17:00:00,41037.5,6388.4248625,8254.558105
2026-05-14 18:00:00,43262.5,7010.154725,6038.5867925
2026-05-14 19:00:00,46225.0,6115.6962325,3138.8332525
2026-05-14 20:00:00,45887.5,5502.127687499999,1058.3833925
2026-05-14 21:00:00,45225.0,5161.7599900000005,129.7582975
2026-05-14 22:00:00,45712.5,4875.023665,0.0
2026-05-14 23:00:00,46862.5,4652.2574625,0.0
2026-05-15 00:00:00,44750.0,4475.0050025,0.0
2026-05-15 01:00:00,42900.0,4281.8226475,0.0
2026-05-15 02:00:00,41487.5,3950.511245,0.0
2026-05-15 03:00:00,39800.0,3675.55368,0.0
2026-05-15 04:00:00,39075.0,3572.39499,0.0
2026-05-15 05:00:00,39750.0,3648.930115,0.0
2026-05-15 06:00:00,41212.5,3632.2799499999996,104.56810250000001
2026-05-15 07:00:00,43050.0,3414.56749,1182.0740225
2026-05-15 08:00:00,45100.0,2949.4335775,3835.9492775
2026-05-15 09:00:00,46587.5,2568.20863,7435.377565
2026-05-15 10:00:00,47287.5,2900.3499374999997,10827.37744
2026-05-15 11:00:00,47737.5,3193.3737725,13280.2063
2026-05-15 12:00:00,48937.5,3241.00866,15121.5507825
2026-05-15 13:00:00,48375.0,3352.3811525,16190.9401875
2026-05-15 14:00:00,47162.5,3599.8686425,16587.0332025
2026-05-15 15:00:00,45450.0,3988.92427,15732.088135
2026-05-15 16:00:00,44025.0,3674.778185,12557.1572275
2026-05-15 17:00:00,44300.0,4971.638775,11956.76123
2026-05-15 18:00:00,46312.5,5435.561342499999,8549.6082775
2026-05-15 19:00:00,48037.5,5313.9275075,4680.7469475
2026-05-15 20:00:00,46775.0,4737.6499625,1527.71602
2026-05-15 21:00:00,45762.5,4431.9200425,171.1331775
2026-05-15 22:00:00,46575.0,4059.1313,0.0
2026-05-15 23:00:00,48087.5,3723.9799024999998,0.0
2026-05-16 00:00:00,45300.0,3559.1437849999998,0.0
2026-05-16 01:00:00,42987.5,3563.35002,0.0
2026-05-16 02:00:00,41312.5,3557.3788750000003,0.0
2026-05-16 03:00:00,38975.0,3530.0225375,0.0
2026-05-16 04:00:00,37462.5,3474.2448725,0.0
2026-05-16 05:00:00,37525.0,3435.7937699999998,0.0
2026-05-16 06:00:00,38187.5,3384.8462525,126.94508
2026-05-16 07:00:00,39150.0,3161.566345,1368.6786925000001
2026-05-16 08:00:00,41100.0,2755.096345,4257.7637325000005
2026-05-16 09:00:00,43050.0,2468.16005,7957.234619999999
2026-05-16 10:00:00,44287.5,2748.4288125,11244.7937025
2026-05-16 11:00:00,44400.0,3259.8937674999997,13298.128175
2026-05-16 12:00:00,45062.5,3793.4936850000004,14344.868165
2026-05-16 13:00:00,44187.5,2795.8186374999996,11900.9772925
2026-05-16 14:00:00,41987.5,2682.5056674999996,11945.9707025
2026-05-16 15:00:00,40312.5,3230.27374,11569.2536625
2026-05-16 16:00:00,39275.0,3686.690735,10297.0009775
2026-05-16 17:00:00,39225.0,4329.8600325,8717.8830575
2026-05-16 18:00:00,41362.5,5468.84119,7145.2673350000005
2026-05-16 19:00:00,43362.5,4869.45102,3826.131835
2026-05-16 20:00:00,42750.0,4340.0625275,1277.33554
2026-05-16 21:00:00,42425.0,4168.08107,155.10974
2026-05-16 22:00:00,43400.0,4345.6012575,0.0
2026-05-16 23:00:00,44850.0,4604.2312624999995,0.0
2026-05-17 00:00:00,43187.5,4548.0799475,0.0
2026-05-17 01:00:00,41562.5,4508.9250175,0.0
2026-05-17 02:00:00,39787.5,4390.6138900000005,0.0
2026-05-17 03:00:00,37087.5,4187.83768,0.0
2026-05-17 04:00:00,35375.0,4095.6150225,0.0
2026-05-17 05:00:00,34850.0,4069.5224675,0.0
2026-05-17 06:00:00,34825.0,4084.1864,132.82542999999998
2026-05-17 07:00:00,35450.0,3906.47122,1198.9291375
2026-05-17 08:00:00,37100.0,3548.0962525,3699.2114874999997
2026-05-17 09:00:00,39625.0,3116.2112675,7151.8612075
2026-05-17 10:00:00,41187.5,2817.9437575,10555.361574999999
2026-05-17 11:00:00,42212.5,2716.3039049999998,13259.4533675
2026-05-17 12:00:00,43562.5,2847.1437075000003,14975.9560575
2026-05-17 13:00:00,42812.5,2966.11116,15825.4653325
2026-05-17 14:00:00,40837.5,3045.7211825,15937.7939425
2026-05-17 15:00:00,39025.0,3208.7200725,15321.9199225
2026-05-17 16:00:00,37462.5,3350.1050674999997,13852.9340825
2026-05-17 17:00:00,37662.5,3282.2025750000003,11327.078127499999
2026-05-17 18:00:00,39925.0,3135.9350300000006,7849.095825
2026-05-17 19:00:00,42600.0,3002.6100149999997,4269.91626
2026-05-17 20:00:00,42200.0,2816.4938075,1484.3584425
2026-05-17 21:00:00,42175.0,2809.1175550000003,188.036955
2026-05-17 22:00:00,42762.5,3056.5837575,0.0
2026-05-17 23:00:00,43850.0,3336.356245,0.0
2026-05-18 00:00:00,41937.5,3560.4924925,0.0
2026-05-18 01:00:00,40075.0,3655.8787075,0.0
2026-05-18 02:00:00,38625.0,3670.28875,0.0
2026-05-18 03:00:00,36737.5,3595.8824699999996,0.0
2026-05-18 04:00:00,36125.0,3471.29637,0.0
2026-05-18 05:00:00,37750.0,3386.3751924999997,0.0
2026-05-18 06:00:00,40975.0,3209.1224825,132.06068
2026-05-18 07:00:00,45087.5,2813.529945,1238.4886775
2026-05-18 08:00:00,47837.5,2331.372545,3658.052125
2026-05-18 09:00:00,49100.0,2016.3225825000002,6841.6785925
2026-05-18 10:00:00,49487.5,1931.4499624999999,10023.845702499999
2026-05-18 11:00:00,50062.5,2092.71871,12393.7641625
2026-05-18 12:00:00,51237.5,2442.791375,13757.703125
2026-05-18 13:00:00,50312.5,2783.9851,14773.782715000001
2026-05-18 14:00:00,49650.0,3008.0651175,15108.2868675
2026-05-18 15:00:00,48237.5,3105.88874,14438.670900000001
2026-05-18 16:00:00,46575.0,3090.6587050000003,12905.0866675
2026-05-18 17:00:00,45800.0,2982.4561375000003,10420.9335925
2026-05-18 18:00:00,47412.5,2736.619985,7130.63501
2026-05-18 19:00:00,49587.5,2489.32884,3859.568665
2026-05-18 20:00:00,47800.0,2243.303695,1320.7029875
2026-05-18 21:00:00,46000.0,2445.643725,172.6722725
2026-05-18 22:00:00,45875.0,2958.6023875,0.0
2026-05-18 23:00:00,46387.5,3670.4962175,0.0
2026-05-19 00:00:00,43875.0,4238.54254,0.0
2026-05-19 01:00:00,41744.875,4908.8150024999995,0.0
2026-05-19 02:00:00,39760.125,5326.780125,0.0
2026-05-19 03:00:00,37242.25,5657.162539999999,0.0
2026-05-19 04:00:00,36647.625,6037.527617500001,0.0
2026-05-19 05:00:00,38028.25,6448.2377025000005,0.0
2026-05-19 06:00:00,41084.625,6817.7026049999995,124.9
2026-05-19 07:00:00,44906.25,7165.83017,971.0296324999999
2026-05-19 08:00:00,47127.0,7581.214995,2794.1119675
2026-05-19 09:00:00,47925.875,7641.8150000000005,5262.0899625
2026-05-19 10:00:00,47739.75,7573.3175974999995,7892.9287125
2026-05-19 11:00:00,48061.5,8526.91504,10793.86743
2026-05-19 12:00:00,48737.5,9614.53998,13195.934325
2026-05-19 13:00:00,47998.125,10539.897367500002,14921.5639625
2026-05-19 14:00:00,47566.0,10947.3173475,15463.729982500001
2026-05-19 15:00:00,46319.75,10669.129850000001,14787.9926775
2026-05-19 16:00:00,44064.875,10600.695189999999,13286.97632
2026-05-19 17:00:00,43886.75,10538.839875,11104.125245
2026-05-19 18:00:00,45594.25,9960.1075775,8059.6976325
2026-05-19 19:00:00,47559.0,9170.317902499999,4520.187315
2026-05-19 20:00:00,46020.125,8590.900115,1572.6911175
2026-05-19 21:00:00,44591.375,8347.8726225,207.800505
2026-05-19 22:00:00,44384.875,8268.9552275,0.0
2026-05-19 23:00:00,44845.375,8481.262785,0.0
2026-05-20 00:00:00,42950.0,8427.1348575,0.0
2026-05-20 01:00:00,40750.0,8443.547727500001,0.0
2026-05-20 02:00:00,38900.0,8480.44998,0.0
2026-05-20 03:00:00,36800.0,8428.797545,0.0
2026-05-20 04:00:00,35712.5,8431.6826775,0.0
2026-05-20 05:00:00,36925.0,8510.1671725,0.0
2026-05-20 06:00:00,39737.5,8378.502365,139.915975
2026-05-20 07:00:00,43475.0,7894.964855,1288.628525
2026-05-20 08:00:00,46125.0,7852.807554999999,3982.8989250000004
2026-05-20 09:00:00,46925.0,8151.589955,7558.3730475
2026-05-20 10:00:00,47037.5,7899.957515,11088.66455
2026-05-20 11:00:00,47812.5,6884.1524875,13001.06665
2026-05-20 12:00:00,48950.0,4704.5972375,12357.20874
2026-05-20 13:00:00,47937.5,4750.658552500001,13307.4230975
2026-05-20 14:00:00,47062.5,4717.1903925,13455.9733925
2026-05-20 15:00:00,46437.5,4788.0421825,12742.1257325
2026-05-20 16:00:00,44575.0,4576.6124975,11461.1171875
2026-05-20 17:00:00,43825.0,5475.91446,10715.138182499999
2026-05-20 18:00:00,45812.5,5894.5474525,8632.9686275
2026-05-20 19:00:00,47637.5,4499.6299275,4800.6529525
2026-05-20 20:00:00,45787.5,3301.2399825,1619.38629
2026-05-20 21:00:00,44137.5,2797.8724775,199.0309225
2026-05-20 22:00:00,44262.5,2532.1075299999998,0.0
2026-05-20 23:00:00,44812.5,2291.6875750000004,0.0
2026-05-21 00:00:00,42550.0,2065.76998,0.0
2026-05-21 01:00:00,40125.0,1865.5374825000001,0.0
2026-05-21 02:00:00,38600.0,1632.5500375000001,0.0
2026-05-21 03:00:00,36375.0,1453.3875675000002,0.0
2026-05-21 04:00:00,35500.0,1361.8575025,0.0
2026-05-21 05:00:00,36850.0,1338.7250075,0.0
2026-05-21 06:00:00,39937.5,1370.7600275,183.1080675
2026-05-21 07:00:00,43675.0,1398.3299975,1686.5272825
2026-05-21 08:00:00,45812.5,1321.3649850000002,5301.3428375
2026-05-21 09:00:00,46587.5,1045.650015,10072.71924
2026-05-21 10:00:00,46437.5,758.562185,13486.182130000001
2026-05-21 11:00:00,47250.0,574.3474025,13381.62915
2026-05-21 12:00:00,48062.5,767.755055,18222.85254
2026-05-21 13:00:00,47212.5,515.4473425,15342.338135
2026-05-21 14:00:00,46675.0,482.102555,15362.372804999999
2026-05-21 15:00:00,45600.0,480.37237749999997,14727.2395025
2026-05-21 16:00:00,44450.0,498.06974,13257.726805
2026-05-21 17:00:00,44337.5,699.3475125,12450.535155
2026-05-21 18:00:00,46337.5,942.777515,10237.97534
2026-05-21 19:00:00,48200.0,1106.282485,5598.9312125
2026-05-21 20:00:00,46250.0,1434.2499175,1831.332855
2026-05-21 21:00:00,44400.0,2020.2674499999998,230.716995
2026-05-21 22:00:00,44650.0,2658.4750050000002,0.0
2026-05-21 23:00:00,45350.0,3038.812455,0.0
2026-05-22 00:00:00,42925.0,3114.12497,0.0
2026-05-22 01:00:00,41250.0,3079.0424024999998,0.0
2026-05-22 02:00:00,39200.0,2941.5925525,0.0
2026-05-22 03:00:00,37262.5,2873.1325075,0.0
2026-05-22 04:00:00,36275.0,2849.8849875,0.0
2026-05-22 05:00:00,37512.5,2854.309945,0.0
2026-05-22 06:00:00,40500.0,2873.96495,195.602555
2026-05-22 07:00:00,43875.0,2739.7825799999996,1795.9507449999999
2026-05-22 08:00:00,46000.0,2452.16752,5606.216675
2026-05-22 09:00:00,47200.0,1858.2300275000002,10496.505125
2026-05-22 10:00:00,47375.0,1120.30249,14810.389405
2026-05-22 11:00:00,48300.0,996.335005,18048.1196275
2026-05-22 12:00:00,49087.5,962.6075900000001,18815.096925
2026-05-22 13:00:00,48475.0,800.7727075,15841.510255000001
2026-05-22 14:00:00,48062.5,832.3377075,15867.25171
2026-05-22 15:00:00,47162.5,885.28001,15233.2168
2026-05-22 16:00:00,45375.0,946.7624525,13599.12207
2026-05-22 17:00:00,44525.0,1229.15993,14586.2048325
2026-05-22 18:00:00,46175.0,1145.284975,10416.395507500001
2026-05-22 19:00:00,47525.0,1147.5174674999998,5656.53064
2026-05-22 20:00:00,46137.5,1348.1999649999998,1876.72954
2026-05-22 21:00:00,44800.0,1743.7675375000001,242.66611
2026-05-22 22:00:00,45212.5,2180.2574999999997,0.0
2026-05-22 23:00:00,45862.5,2457.5849475,0.0
2026-05-23 00:00:00,42560.0,2389.89005,0.0
2026-05-23 01:00:00,39936.25,2450.25242,0.0
2026-05-23 02:00:00,37500.875,2478.7124875,0.0
2026-05-23 03:00:00,34807.0,2460.697495,0.0
2026-05-23 04:00:00,33467.875,2512.0425275,0.0
2026-05-23 05:00:00,33092.5,2680.1825750000003,0.0
2026-05-23 06:00:00,33180.0,2767.1024850000003,188.86641500000002
2026-05-23 07:00:00,33761.0,2550.1325399999996,1778.66545
2026-05-23 08:00:00,35556.375,2100.6174450000003,5566.7623275000005
2026-05-23 09:00:00,38273.125,1497.9951025,10407.0815425
2026-05-23 10:00:00,40135.125,480.62737749999997,10448.9152825
2026-05-23 11:00:00,41658.875,358.054985,12091.207275
2026-05-23 12:00:00,43474.875,380.5674875,13429.290037499999
2026-05-23 13:00:00,42873.625,369.14749500000005,13928.965575
2026-05-23 14:00:00,42960.5,364.7025775,13927.462889999999
2026-05-23 15:00:00,42706.5,397.32497250000006,13353.9826675
2026-05-23 16:00:00,41624.5,581.3351925,12604.5080575
2026-05-23 17:00:00,41773.875,847.7905225,10856.3659675
2026-05-23 18:00:00,43020.125,1582.582855,10258.71118
2026-05-23 19:00:00,43871.875,1971.8450174999998,5592.9874275
2026-05-23 20:00:00,42456.625,2586.3499675000003,1826.9711
2026-05-23 21:00:00,41671.625,3405.0424875,230.7968
2026-05-23 22:00:00,42655.75,4053.5974725,0.0
2026-05-23 23:00:00,43317.875,4254.3699775000005,0.0
2026-05-24 00:00:00,40193.0,4167.1348575,0.0
2026-05-24 01:00:00,38221.0,4125.83496,0.0
2026-05-24 02:00:00,35998.25,4029.4151,0.0
2026-05-24 03:00:00,33372.0,3843.5924675,0.0
2026-05-24 04:00:00,32024.25,3729.2649349999997,0.0
2026-05-24 05:00:00,31485.125,3681.2924049999997,0.0
2026-05-24 06:00:00,31236.0,3625.6775525000003,222.7844075
2026-05-24 07:00:00,31511.25,3430.5500325,1873.676635
2026-05-24 08:00:00,32934.0,3104.7099625,5742.7211925
2026-05-24 09:00:00,35316.25,2008.4051250000002,9027.84961
2026-05-24 10:00:00,37559.375,785.8195825,10193.059815
2026-05-24 11:00:00,40291.25,781.0973375000001,12401.8757325
2026-05-24 12:00:00,42989.875,857.6324225000001,13676.616212500001
2026-05-24 13:00:00,42779.0,933.8499675,14106.80249
2026-05-24 14:00:00,42801.625,964.5652225,13975.5366225
2026-05-24 15:00:00,42382.875,1007.7500074999999,13324.4353025
2026-05-24 16:00:00,41310.375,1057.159935,11815.5131825
2026-05-24 17:00:00,41554.125,2136.0974725,11574.497317500001
2026-05-24 18:00:00,42722.875,3035.25504,10170.370605
2026-05-24 19:00:00,43264.5,3404.3299075000004,5609.8020025
2026-05-24 20:00:00,42468.25,4208.157595000001,1921.7382825
2026-05-24 21:00:00,42225.875,5423.1401225,284.2213975
2026-05-24 22:00:00,43135.125,6478.6399675,0.0
2026-05-24 23:00:00,43500.375,6854.7250675000005,0.0
2026-05-25 00:00:00,39037.5,6511.8074625,0.0
2026-05-25 01:00:00,36787.5,6155.2474075,0.0
2026-05-25 02:00:00,34737.5,5745.505157500001,0.0
2026-05-25 03:00:00,32687.5,5486.1625825,0.0
2026-05-25 04:00:00,31562.5,5432.980055,0.0
2026-05-25 05:00:00,31250.0,5343.4775525,0.0
2026-05-25 06:00:00,31287.5,5062.727570000001,239.252755
2026-05-25 07:00:00,32387.5,4540.1675725000005,1906.1972825
2026-05-25 08:00:00,34537.5,3727.7750375,5813.497985
2026-05-25 09:00:00,36787.5,2517.5899575,10866.059570000001
2026-05-25 10:00:00,38475.0,1062.202335,12002.912110000001
2026-05-25 11:00:00,39787.5,518.819895,12371.20386
2026-05-25 12:00:00,41475.0,564.0847799999999,13593.0178225
2026-05-25 13:00:00,41075.0,617.3250725,14038.0122075
2026-05-25 14:00:00,40325.0,661.4901600000001,13937.37622
2026-05-25 15:00:00,39762.5,695.7099975,13249.4785175
2026-05-25 16:00:00,38750.0,1055.1175175,13012.0954575
2026-05-25 17:00:00,38925.0,2152.132525,14047.5124525
2026-05-25 18:00:00,41187.5,2217.2675025,9949.8674325
2026-05-25 19:00:00,43412.5,2487.2374600000003,5465.5604275000005
2026-05-25 20:00:00,42862.5,3072.2649475000003,1910.5146774999998
2026-05-25 21:00:00,41487.5,3916.4425324999997,301.8133425
2026-05-25 22:00:00,42400.0,4669.1249975,0.0
2026-05-25 23:00:00,43350.0,4973.065170000001,0.0
2026-05-26 00:00:00,41237.5,4547.2349875,0.0
2026-05-26 01:00:00,39400.0,4354.4824675,0.0
2026-05-26 02:00:00,37075.0,4093.6625175,0.0
2026-05-26 03:00:00,35112.5,3824.84755,0.0
2026-05-26 04:00:00,34200.0,3590.2500175,0.0
2026-05-26 05:00:00,35525.0,3361.5949425,0.0
2026-05-26 06:00:00,38562.5,3086.72255,247.359695
2026-05-26 07:00:00,42750.0,2668.1174600000004,1955.6718449999998
2026-05-26 08:00:00,46150.0,2148.390015,5904.42322
2026-05-26 09:00:00,47812.5,1518.669985,10947.85791
2026-05-26 10:00:00,48462.5,872.6950175,15299.61548
2026-05-26 11:00:00,49325.0,644.4446425,16105.189695000001
2026-05-26 12:00:00,50350.0,553.069705,15342.4685075
2026-05-26 13:00:00,49512.5,435.877365,14520.90796
2026-05-26 14:00:00,49250.0,396.7424375,13972.877195000001
2026-05-26 15:00:00,48912.5,636.1623275,14918.815185
2026-05-26 16:00:00,47525.0,857.002465,16298.220215000001
2026-05-26 17:00:00,47562.5,955.182495,14204.804445
2026-05-26 18:00:00,48950.0,949.97998,10164.746579999999
2026-05-26 19:00:00,50062.5,995.1775,5684.775267499999
2026-05-26 20:00:00,47812.5,1172.2425,1998.7261075000001
2026-05-26 21:00:00,45962.5,1489.655005,321.1910475
2026-05-26 22:00:00,46400.0,1869.31749,0.0
2026-05-26 23:00:00,47075.0,2168.2325475000002,0.0
2026-05-27 00:00:00,43915.5,2105.3649925,0.0
2026-05-27 01:00:00,41873.5,1951.56999,0.0
2026-05-27 02:00:00,39450.5,1779.7625125000002,0.0
2026-05-27 03:00:00,37355.125,1761.462465,0.0
2026-05-27 04:00:00,36411.875,1841.3125225000001,0.0
2026-05-27 05:00:00,37471.125,1906.9224975,0.0
2026-05-27 06:00:00,40065.75,1917.3725425000002,255.41031999999998
2026-05-27 07:00:00,43680.125,1837.45499,1983.3665775
2026-05-27 08:00:00,46541.125,1689.9450125,5962.19519
2026-05-27 09:00:00,48307.875,1365.3474999999999,11024.234132500002
2026-05-27 10:00:00,49540.25,885.509995,15374.90942
2026-05-27 11:00:00,51167.375,925.4224925,18484.9633775
2026-05-27 12:00:00,52413.625,1079.5949925,20239.21045
2026-05-27 13:00:00,52030.625,1076.169915,18347.291259999998
2026-05-27 14:00:00,52868.875,983.0272424999999,15670.458742499999
2026-05-27 15:00:00,52793.25,1572.6177675,19416.019045
2026-05-27 16:00:00,50892.875,1639.0225075,16941.4760725
2026-05-27 17:00:00,50159.75,1709.2724925,13686.6001
2026-05-27 18:00:00,51278.25,1837.8000324999998,9803.7917475
2026-05-27 19:00:00,51974.75,2146.252495,5539.1929325
2026-05-27 20:00:00,50007.5,2764.5449049999997,2008.895695
2026-05-27 21:00:00,48048.75,3686.89009,325.8408025
2026-05-27 22:00:00,48255.25,4538.417525000001,0.0
2026-05-27 23:00:00,48445.875,4918.9525575,0.0
2026-05-28 00:00:00,43487.5,4850.27503,0.0
2026-05-28 01:00:00,41150.0,4560.5548874999995,0.0
2026-05-28 02:00:00,38675.0,4297.2399675,0.0
2026-05-28 03:00:00,36250.0,4016.8550175,0.0
2026-05-28 04:00:00,35575.0,3665.3549775,0.0
2026-05-28 05:00:00,36687.5,3413.1149549999996,0.0
2026-05-28 06:00:00,39225.0,3459.18498,261.16042
2026-05-28 07:00:00,42537.5,3688.202515,1969.0823375
2026-05-28 08:00:00,45737.5,3130.1475499999997,5824.6622925
2026-05-28 09:00:00,47987.5,1839.2725149999999,10651.977295
2026-05-28 10:00:00,49162.5,1377.8950225,14859.077884999999
2026-05-28 11:00:00,50137.5,1231.9324775,17906.9106425
2026-05-28 12:00:00,51400.0,1251.3349875000001,19764.891115
2026-05-28 13:00:00,51350.0,1296.6924975000002,20494.70996
2026-05-28 14:00:00,51700.0,1374.3024875,20283.6752925
2026-05-28 15:00:00,51150.0,1490.17999,19116.76758
2026-05-28 16:00:00,49725.0,1592.379935,16636.6442875
2026-05-28 17:00:00,49562.5,1631.79756,13379.5522475
2026-05-28 18:00:00,50900.0,1673.8750475000002,9532.88208
2026-05-28 19:00:00,51612.5,2038.9425425000002,5371.19031
2026-05-28 20:00:00,49637.5,2514.42747,1968.173035
2026-05-28 21:00:00,47387.5,2732.6974725,325.66812
2026-05-28 22:00:00,47500.0,3097.91506,0.0
2026-05-28 23:00:00,47312.5,3207.6498500000002,0.0
2026-05-29 00:00:00,44495.25,3236.9374900000003,0.0
2026-05-29 01:00:00,41981.25,3178.7175,0.0
2026-05-29 02:00:00,39612.0,3159.249955,0.0
2026-05-29 03:00:00,37056.125,3114.9424975,0.0
2026-05-29 04:00:00,36299.875,3050.3425275,0.0
2026-05-29 05:00:00,37490.75,2963.487595,0.0
2026-05-29 06:00:00,39998.875,2786.7099175,266.43438000000003
2026-05-29 07:00:00,43456.875,2453.7375325,1992.544465
2026-05-29 08:00:00,46160.75,1911.5350174999999,5889.879882499999
2026-05-29 09:00:00,48348.125,1232.3025149999999,10790.5563975
2026-05-29 10:00:00,49275.125,811.9174925,14906.8071275
2026-05-29 11:00:00,50036.125,846.7825174999999,17765.2168
2026-05-29 12:00:00,51260.625,883.0099849999999,19456.776367500002
2026-05-29 13:00:00,50465.75,881.170015,20053.6342775
2026-05-29 14:00:00,50574.625,934.25998,19870.020995
2026-05-29 15:00:00,50464.375,1021.3000049999999,18826.730955
2026-05-29 16:00:00,48687.75,1025.1450025000001,16566.474855
2026-05-29 17:00:00,48492.25,1052.5499399999999,13403.8874525
2026-05-29 18:00:00,49226.0,1126.8299925000001,9564.765505
2026-05-29 19:00:00,49367.125,1327.8399650000001,5293.8815325000005
2026-05-29 20:00:00,47349.125,1670.1225474999999,1869.1410799999999
2026-05-29 21:00:00,45580.625,2052.2200275,307.660615
2026-05-29 22:00:00,46347.375,2431.297565,0.0
2026-05-29 23:00:00,46565.25,2680.0200299999997,0.0
2026-05-30 00:00:00,42945.75,2729.4900125,0.0
2026-05-30 01:00:00,40359.375,2544.037495,0.0
2026-05-30 02:00:00,37652.875,2400.33001,0.0
2026-05-30 03:00:00,34885.125,2503.0125250000006,0.0
2026-05-30 04:00:00,33546.75,2540.56991,0.0
2026-05-30 05:00:00,33414.5,2080.07247,0.0
2026-05-30 06:00:00,33496.5,1878.5774875,232.259915
2026-05-30 07:00:00,34139.875,1834.81252,1662.8014050000002
2026-05-30 08:00:00,36435.125,1558.7200375000002,4744.8643175
2026-05-30 09:00:00,39361.875,1073.60999,8895.0971675
2026-05-30 10:00:00,41607.25,902.0324925000001,12929.5847175
2026-05-30 11:00:00,42759.375,816.314825,14067.879392499999
2026-05-30 12:00:00,44356.125,574.7049625,13896.954590000001
2026-05-30 13:00:00,43821.5,462.3524175,13830.371094999999
2026-05-30 14:00:00,43090.875,432.99502,12928.23999
2026-05-30 15:00:00,42912.125,897.182505,13225.416015
2026-05-30 16:00:00,41870.25,1598.500305,15674.3588875
2026-05-30 17:00:00,41936.5,1853.9100375,12766.34546
2026-05-30 18:00:00,42628.5,2249.6025225,9038.263915
2026-05-30 19:00:00,43336.5,2651.1425950000003,5011.464535
2026-05-30 20:00:00,42297.25,3007.240005,1854.4519050000001
2026-05-30 21:00:00,40812.375,3293.6801475,321.317265
2026-05-30 22:00:00,42086.625,3337.1124725,0.0
2026-05-30 23:00:00,42720.5,3355.6425624999997,0.0
2026-05-31 00:00:00,40250.0,3279.2749925,0.0
2026-05-31 01:00:00,37850.0,3734.1750174999997,0.0
2026-05-31 02:00:00,35762.5,4130.98244,0.0
2026-05-31 03:00:00,33337.5,4092.8524775,0.0
2026-05-31 04:00:00,32075.0,4123.0600125,0.0
2026-05-31 05:00:00,31525.0,4292.05753,0.0
2026-05-31 06:00:00,31087.5,4370.7949875,233.16831
2026-05-31 07:00:00,31850.0,4105.4349675,1564.2334125
2026-05-31 08:00:00,33850.0,3544.7174825,4293.648985
2026-05-31 09:00:00,36212.5,2974.5500125,7717.1739525
2026-05-31 10:00:00,38037.5,3191.55502,10993.53247
2026-05-31 11:00:00,39462.5,3677.255035,13403.161375
2026-05-31 12:00:00,41387.5,3550.9849725,13070.690185
2026-05-31 13:00:00,41000.0,3201.31946,11943.096435
2026-05-31 14:00:00,40150.0,3470.01523,11934.5280775
2026-05-31 15:00:00,38825.0,5127.23653,12756.7766125
2026-05-31 16:00:00,37687.5,4458.944675,9777.1047375
2026-05-31 17:00:00,37900.0,5256.7280725,8478.144165
2026-05-31 18:00:00,39850.0,6851.78258,7550.2657475
2026-05-31 19:00:00,41712.5,6251.4850475,4469.0022
2026-05-31 20:00:00,41012.5,5773.074995,1744.2714825
2026-05-31 21:00:00,39950.0,5363.450150000001,310.1704475
2026-05-31 22:00:00,40525.0,5144.8651875000005,0.0
2026-05-31 23:00:00,41362.5,4982.692505,0.0
2026-06-01 00:00:00,39016.875,4221.5849800000005,0.0
2026-06-01 01:00:00,37031.625,3937.450065,0.0
2026-06-01 02:00:00,35184.0,3642.6500524999997,0.0
2026-06-01 03:00:00,32559.875,3360.6424875000002,0.0
2026-06-01 04:00:00,32039.5,3019.67495,0.0
2026-06-01 05:00:00,33592.0,2646.0600775000003,0.0
2026-06-01 06:00:00,36336.5,2314.832505,249.76808499999999
2026-06-01 07:00:00,40390.0,1848.0300124999999,1716.694045
2026-06-01 08:00:00,43698.25,1317.6599775000002,4879.0749525
2026-06-01 09:00:00,45299.125,1155.6199875,9068.5375975
2026-06-01 10:00:00,45879.875,1223.090015,12725.8703625
2026-06-01 11:00:00,47039.875,1270.4475275,15427.9453125
2026-06-01 12:00:00,47805.875,1330.89001,17207.813475
2026-06-01 13:00:00,47515.0,1371.4749975,18218.3125
2026-06-01 14:00:00,47460.75,1407.91747,18428.7124025
2026-06-01 15:00:00,46576.125,1528.7025,17709.9262725
2026-06-01 16:00:00,44937.5,1683.0299825,16015.68042
2026-06-01 17:00:00,44211.25,1791.48751,13201.1540525
2026-06-01 18:00:00,46177.375,1829.1375,9486.24951
2026-06-01 19:00:00,47849.875,1859.9599950000002,5338.6460575
2026-06-01 20:00:00,45498.25,1926.7450325,1990.3923049999999
2026-06-01 21:00:00,43052.875,2109.8550575,347.6971025
2026-06-01 22:00:00,43761.75,2323.7875125,0.4979
2026-06-01 23:00:00,43965.0,2628.4375375,0.0
2026-06-02 00:00:00,40826.375,3744.1126125,0.0
2026-06-02 01:00:00,38685.25,4283.207292499999,0.0
2026-06-02 02:00:00,36474.875,4962.36499,0.0
2026-06-02 03:00:00,34262.0,5492.4022225,0.0
2026-06-02 04:00:00,33863.375,5566.225195000001,0.0
2026-06-02 05:00:00,35175.75,5772.660099999999,0.0
2026-06-02 06:00:00,37454.625,6108.209902500001,215.409
2026-06-02 07:00:00,41194.375,6237.794862500001,1464.8223725
2026-06-02 08:00:00,43803.375,6067.7525024999995,3748.9536125
2026-06-02 09:00:00,45099.75,6197.17749,6566.087402499999
2026-06-02 10:00:00,45563.75,6957.884950000001,9604.5258775
2026-06-02 11:00:00,46312.5,7889.40012,12227.4230975
2026-06-02 12:00:00,46713.5,8949.2159125,13947.2749
2026-06-02 13:00:00,46448.0,6672.792115,11393.0629875
2026-06-02 14:00:00,46112.5,7271.43454,11819.138185
2026-06-02 15:00:00,45192.375,7939.016114999999,11648.786375
2026-06-02 16:00:00,43231.625,8485.164855,10629.8427725
2026-06-02 17:00:00,42733.875,8557.867372499999,8951.3244625
2026-06-02 18:00:00,44351.75,11404.4206225,8082.555785
2026-06-02 19:00:00,45931.0,11939.032589999999,5043.78357
2026-06-02 20:00:00,44182.0,11267.0174875,1955.703125
2026-06-02 21:00:00,42017.75,10628.672512500001,348.7218775
2026-06-02 22:00:00,43173.75,10173.874785,0.69693
2026-06-02 23:00:00,43353.75,9994.3451525,0.0
2026-06-03 00:00:00,42712.5,10931.174865,0.0
2026-06-03 01:00:00,40600.0,11020.127562500002,0.0
2026-06-03 02:00:00,38087.5,11047.75525,0.0
2026-06-03 03:00:00,35712.5,10843.282715,0.0
2026-06-03 04:00:00,34300.0,10372.9198925,0.0
2026-06-03 05:00:00,35662.5,9688.879825,0.0
2026-06-03 06:00:00,38975.0,8905.7625425,221.3403625
2026-06-03 07:00:00,42625.0,8299.6400725,1636.0503675
2026-06-03 08:00:00,45075.0,8714.1298525,4512.449585
2026-06-03 09:00:00,46750.0,9576.4925575,7825.8553475
2026-06-03 10:00:00,47375.0,8439.89575,9300.2165525
2026-06-03 11:00:00,48362.5,7339.48746,9680.3603525
2026-06-03 12:00:00,49462.5,7978.2603149999995,10715.43115
2026-06-03 13:00:00,48712.5,8517.4263575,11268.74072
2026-06-03 14:00:00,48187.5,8589.85559,11070.6284175
2026-06-03 15:00:00,47100.0,6727.9293825,10025.151855
2026-06-03 16:00:00,45200.0,5891.650695,8573.6840825
2026-06-03 17:00:00,44312.5,8508.0104675,7462.3894025
2026-06-03 18:00:00,46200.0,13297.6178875,6738.730835
2026-06-03 19:00:00,47775.0,13437.095062499999,3753.6818825
2026-06-03 20:00:00,46137.5,13590.3674025,1456.4703375
2026-06-03 21:00:00,44462.5,13636.227570000001,254.6870425
2026-06-03 22:00:00,44512.5,13895.030027499999,0.9166675
2026-06-03 23:00:00,45037.5,13804.405242499999,0.0
2026-06-04 00:00:00,41150.0,13343.4048775,0.0
2026-06-04 01:00:00,39075.0,13044.3998425,0.0
2026-06-04 02:00:00,37012.5,12903.6177675,0.0
2026-06-04 03:00:00,34562.5,12886.9871525,0.0
2026-06-04 04:00:00,33775.0,12895.852964999998,0.0
2026-06-04 05:00:00,35200.0,12599.2001025,0.0
2026-06-04 06:00:00,38137.5,12451.06766,175.1543575
2026-06-04 07:00:00,41837.5,12405.749847500001,1140.80321
2026-06-04 08:00:00,44462.5,12357.8200975,2867.953125
2026-06-04 09:00:00,45875.0,12557.437315,5165.5709225
2026-06-04 10:00:00,46237.5,13133.675079999999,7590.405027500001
2026-06-04 11:00:00,47062.5,12594.319185,9182.6247575
2026-06-04 12:00:00,48050.0,11868.90338,9926.275632500001
2026-06-04 13:00:00,47637.5,9700.9591975,9097.415037499999
2026-06-04 14:00:00,47175.0,9847.16382,9046.199704999999
2026-06-04 15:00:00,45712.5,10036.306305,8584.351075
2026-06-04 16:00:00,43787.5,10028.130615,7686.51538
2026-06-04 17:00:00,42687.5,9716.9682,6497.621950000001
2026-06-04 18:00:00,44400.0,11694.3072475,5589.72998
2026-06-04 19:00:00,45875.0,13158.099855,3938.5405275
2026-06-04 20:00:00,44225.0,12067.112547499999,1683.485975
2026-06-04 21:00:00,42425.0,10956.702332500001,333.25502
2026-06-04 22:00:00,42887.5,10325.745025,1.3021225
2026-06-04 23:00:00,43537.5,9932.447542499998,0.0
2026-06-05 00:00:00,41660.25,9787.84244,0.0
2026-06-05 01:00:00,39379.25,9492.210025,0.0
2026-06-05 02:00:00,36845.125,9059.3400575,0.0
2026-06-05 03:00:00,34492.625,8615.42224,0.0
2026-06-05 04:00:00,33858.625,8078.822480000001,0.0
2026-06-05 05:00:00,34952.25,7373.4547275,0.0
2026-06-05 06:00:00,37407.625,6530.255005,260.7320875
2026-06-05 07:00:00,41116.375,5392.397707499999,1842.3817325
2026-06-05 08:00:00,43945.75,4783.0375275,5025.58026
2026-06-05 09:00:00,45631.75,4541.5074475,8749.4570325
2026-06-05 10:00:00,46280.625,3689.7925025,12228.037839999999
2026-06-05 11:00:00,46737.875,3392.762435,15012.5937525
2026-06-05 12:00:00,47220.625,3261.31009,16523.6574675
2026-06-05 13:00:00,46741.625,3116.1075499999997,17011.7353525
2026-06-05 14:00:00,46112.625,3041.082515,16399.470945
2026-06-05 15:00:00,44518.75,2970.7249975,15331.9992675
2026-06-05 16:00:00,42332.25,2802.5800025,13678.3981925
2026-06-05 17:00:00,42004.125,2618.1349775,11065.349367499999
2026-06-05 18:00:00,43545.0,2390.7050275,7639.798705
2026-06-05 19:00:00,44483.0,2098.2900075,4271.88904
2026-06-05 20:00:00,42752.75,1840.1350324999999,1697.0003975
2026-06-05 21:00:00,41070.0,1734.85753,298.79035
2026-06-05 22:00:00,41959.625,1917.2324675,1.1623725
2026-06-05 23:00:00,43159.875,2251.6850125,0.0
2026-06-06 00:00:00,40162.5,3158.17749,0.0
2026-06-06 01:00:00,38087.5,4017.7523475000003,0.0
2026-06-06 02:00:00,35625.0,4768.34497,0.0
2026-06-06 03:00:00,33450.0,5508.1412975,0.0
2026-06-06 04:00:00,32212.5,5230.216,0.0
2026-06-06 05:00:00,32300.0,6830.462555,0.0
2026-06-06 06:00:00,32500.0,7485.547455,238.4198225
2026-06-06 07:00:00,33625.0,8111.1500225,1715.4936675
2026-06-06 08:00:00,35875.0,8708.8899875,4843.67804
2026-06-06 09:00:00,38050.0,8532.927305,8785.06897
2026-06-06 10:00:00,39300.0,5816.4725625,9530.118895
2026-06-06 11:00:00,40062.5,4945.0272525,11423.3054175
2026-06-06 12:00:00,41587.5,7679.44272,13112.2587875
2026-06-06 13:00:00,41275.0,7832.70935,13412.6188975
2026-06-06 14:00:00,39712.5,7316.7518025,13034.11255
2026-06-06 15:00:00,38700.0,5906.2315775,12080.3515625
2026-06-06 16:00:00,36950.0,5966.37125,10659.8320275
2026-06-06 17:00:00,37025.0,7960.5130925,9182.49414
2026-06-06 18:00:00,38912.5,9817.30344,7664.6333
2026-06-06 19:00:00,39937.5,11142.35019,5182.56256
2026-06-06 20:00:00,38750.0,10108.712614999999,2077.18033
2026-06-06 21:00:00,37625.0,9294.704805000001,376.137595
2026-06-06 22:00:00,38962.5,8923.237395,1.4206775
2026-06-06 23:00:00,40562.5,8663.6724275,0.0
2026-06-07 00:00:00,38862.5,8586.014905,0.0
2026-06-07 01:00:00,36550.0,7963.3350375,0.0
2026-06-07 02:00:00,34450.0,7194.62247,0.0
2026-06-07 03:00:00,31850.0,6453.1525425,0.0
2026-06-07 04:00:00,30512.5,5752.132495,0.0
2026-06-07 05:00:00,29850.0,5064.05761,0.0
2026-06-07 06:00:00,29925.0,4444.669905,272.07132750000005
2026-06-07 07:00:00,30462.5,3302.6205725,1671.0875225
2026-06-07 08:00:00,32475.0,1448.6024375,3645.41168
2026-06-07 09:00:00,34587.5,800.5623899999999,6040.8961175
2026-06-07 10:00:00,36362.5,780.07255,8130.1223150000005
2026-06-07 11:00:00,38425.0,735.0975024999999,9578.27661
2026-06-07 12:00:00,40712.5,711.1098175000001,10971.4003925
2026-06-07 13:00:00,39875.0,678.7822325,11988.7919925
2026-06-07 14:00:00,38500.0,649.3424299999999,12287.603515
2026-06-07 15:00:00,37650.0,594.0173825,11952.8393525
2026-06-07 16:00:00,35800.0,511.4775125,10800.2297375
2026-06-07 17:00:00,36012.5,497.984915,9242.7326675
2026-06-07 18:00:00,38325.0,957.297625,9857.538575
2026-06-07 19:00:00,40612.5,763.1775,5600.6380625
2026-06-07 20:00:00,40212.5,744.910005,2111.0887125
2026-06-07 21:00:00,39600.0,950.17251,373.74642
2026-06-07 22:00:00,40037.5,1294.52001,1.5754325
2026-06-07 23:00:00,41337.5,1654.3374875,0.0
2026-06-08 00:00:00,38512.5,1976.39501,0.0
2026-06-08 01:00:00,37012.5,2440.8999325,0.0
2026-06-08 02:00:00,34825.0,2774.7450049999998,0.0
2026-06-08 03:00:00,33025.0,2929.7800275,0.0
2026-06-08 04:00:00,32737.5,2985.4499650000002,0.0
2026-06-08 05:00:00,34000.0,3032.417565,0.0
2026-06-08 06:00:00,36075.0,3078.395035,262.5265075
2026-06-08 07:00:00,39550.0,3088.7749775,1689.1646725
2026-06-08 08:00:00,41875.0,3069.9675150000003,4357.4778425
2026-06-08 09:00:00,43337.5,2886.222455,7561.2932125
2026-06-08 10:00:00,44312.5,3054.5624675,10505.257325
2026-06-08 11:00:00,45100.0,3645.8049775,12733.880615
2026-06-08 12:00:00,46075.0,4546.297515,14086.334715
2026-06-08 13:00:00,45500.0,5649.87991,14426.224365
2026-06-08 14:00:00,45450.0,6858.9223625,14455.42163
2026-06-08 15:00:00,44937.5,7891.005005,13966.563967499998
2026-06-08 16:00:00,43775.0,8430.76001,12439.758545
2026-06-08 17:00:00,44075.0,8936.210084999999,10146.886232500001
2026-06-08 18:00:00,46212.5,9231.1202075,7201.61804
2026-06-08 19:00:00,48087.5,8910.942325,4241.510375
2026-06-08 20:00:00,45612.5,8561.87732,1764.46634
2026-06-08 21:00:00,43300.0,8247.29471,346.9977275
2026-06-08 22:00:00,43375.0,8339.629939999999,2.2601125
2026-06-08 23:00:00,43700.0,8391.4397875,0.0
2026-06-09 00:00:00,41446.375,7222.1923825,0.0
2026-06-09 01:00:00,39564.0,7003.594925,0.0
2026-06-09 02:00:00,37623.625,6598.42505,0.0
2026-06-09 03:00:00,35128.25,6065.032395,0.0
2026-06-09 04:00:00,34308.375,5643.007495,0.0
2026-06-09 05:00:00,35718.375,5320.15259,0.0
2026-06-09 06:00:00,38503.875,5081.5800175,237.97585500000002
2026-06-09 07:00:00,42213.375,4713.60245,1641.0541975
2026-06-09 08:00:00,44797.5,4499.84999,4433.7949225
2026-06-09 09:00:00,45994.125,4839.5150475,8094.0694575
2026-06-09 10:00:00,46539.375,4019.7483224999996,9336.09619
2026-06-09 11:00:00,47378.625,3841.6154525,10641.381105
2026-06-09 12:00:00,48094.75,4124.0428925,11784.0522475
2026-06-09 13:00:00,47670.75,4338.9193575,12486.22754
2026-06-09 14:00:00,46968.75,4535.0348675,12540.657715000001
2026-06-09 15:00:00,46189.25,4756.545365,11932.1867675
2026-06-09 16:00:00,44135.75,4832.7014125000005,10609.92676
2026-06-09 17:00:00,43964.875,5410.59558,9326.8647475
2026-06-09 18:00:00,46170.75,6964.5624375,8176.6085225
2026-06-09 19:00:00,47681.25,6010.624937500001,4750.803955
2026-06-09 20:00:00,46080.875,5002.894882500001,1924.047975
2026-06-09 21:00:00,43948.375,4344.912445,358.34307
2026-06-09 22:00:00,44293.875,4001.1725,2.123085
2026-06-09 23:00:00,44794.375,3898.0025175,0.0
2026-06-10 00:00:00,41950.0,3963.7199075,0.0
2026-06-10 01:00:00,40087.5,3885.1224975,0.0
2026-06-10 02:00:00,37737.5,3727.7650300000005,0.0
2026-06-10 03:00:00,35575.0,3588.327575,0.0
2026-06-10 04:00:00,34587.5,3482.5425575,0.0
2026-06-10 05:00:00,35662.5,3402.670075,0.0
2026-06-10 06:00:00,38650.0,3282.6474375000003,258.7784875
2026-06-10 07:00:00,42362.5,2992.7174825,1732.4657625
2026-06-10 08:00:00,44887.5,2649.1073925,4582.801695
2026-06-10 09:00:00,46237.5,2688.7475025,8229.3872075
2026-06-10 10:00:00,46750.0,2882.4245149999997,10884.7849125
2026-06-10 11:00:00,47350.0,2395.4596925,10751.854244999999
2026-06-10 12:00:00,47900.0,2722.73932,11885.40381
2026-06-10 13:00:00,47387.5,3041.8376275,12492.361327499999
2026-06-10 14:00:00,47075.0,3359.5102225,12609.7561025
2026-06-10 15:00:00,46287.5,3239.9820624999998,11780.590335
2026-06-10 16:00:00,44725.0,3055.883995,10277.679445
2026-06-10 17:00:00,43837.5,4155.6366075,8679.56311
2026-06-10 18:00:00,46062.5,6322.6483325,7664.0305175
2026-06-10 19:00:00,47825.0,6528.770145,4870.946595
2026-06-10 20:00:00,45975.0,5914.454835,2048.482665
2026-06-10 21:00:00,44075.0,5467.8499725,396.280605
2026-06-10 22:00:00,44512.5,5193.5225375,2.400725
2026-06-10 23:00:00,45050.0,5133.394909999999,0.0
2026-06-11 00:00:00,42150.0,4508.4949325,0.0
2026-06-11 01:00:00,40187.5,4262.4665875,0.0
2026-06-11 02:00:00,38287.5,4494.992525,0.0
2026-06-11 03:00:00,35775.0,4244.9749825,0.0
2026-06-11 04:00:00,35100.0,4020.2723925,0.0
2026-06-11 05:00:00,36150.0,3830.9175025,0.0
2026-06-11 06:00:00,38750.0,3540.35749,301.309385
2026-06-11 07:00:00,42250.0,3031.0300125,1944.24338
2026-06-11 08:00:00,44612.5,2586.1899074999997,5232.2847275
2026-06-11 09:00:00,45962.5,2771.2325375000005,9288.5122075
2026-06-11 10:00:00,46700.0,3002.04783,11579.207765
2026-06-11 11:00:00,47450.0,2513.1093900000005,10807.2307125
2026-06-11 12:00:00,48012.5,2936.34078,11921.031495
2026-06-11 13:00:00,47575.0,3288.4204325,12347.16919
2026-06-11 14:00:00,47212.5,3594.1927275,12400.161132500001
2026-06-11 15:00:00,46112.5,3821.0473025,11949.4062525
2026-06-11 16:00:00,44300.0,3923.650955,10598.7404775
2026-06-11 17:00:00,43775.0,5483.568665,10717.875975
2026-06-11 18:00:00,45600.0,5931.8298825,8454.13806
2026-06-11 19:00:00,47212.5,6150.4472675,5086.762145
2026-06-11 20:00:00,45650.0,6744.4199675,2131.2896725
2026-06-11 21:00:00,44037.5,7569.467455,414.55215
2026-06-11 22:00:00,44250.0,8383.677555,2.7937
2026-06-11 23:00:00,44712.5,8804.032425,0.0
2026-06-12 00:00:00,41775.0,9584.224945000002,0.0
2026-06-12 01:00:00,39800.0,9525.762315,0.0
2026-06-12 02:00:00,37750.0,9331.47751,0.0
2026-06-12 03:00:00,35475.0,9117.41249,0.0
2026-06-12 04:00:00,34787.5,8939.46756,0.0
2026-06-12 05:00:00,35800.0,8729.1273925,0.0
2026-06-12 06:00:00,38225.0,8495.910205,244.58257500000002
2026-06-12 07:00:00,41787.5,8123.8851025,1724.2232675
2026-06-12 08:00:00,44000.0,7544.0598899999995,4799.3370975
2026-06-12 09:00:00,45337.5,6656.44093,7997.552245000001
2026-06-12 10:00:00,46137.5,5688.9269075,9884.1835925
2026-06-12 11:00:00,46625.0,5075.6759624999995,11329.438474999999
2026-06-12 12:00:00,47412.5,5067.3569824999995,12979.447264999999
2026-06-12 13:00:00,46550.0,5098.135850000001,13859.769045000001
2026-06-12 14:00:00,45975.0,5236.04361,14160.4597175
2026-06-12 15:00:00,45412.5,5347.25943,13930.319337500001
2026-06-12 16:00:00,43962.5,5324.352325000001,12706.9694825
2026-06-12 17:00:00,43775.0,5845.4999725,11438.2109375
2026-06-12 18:00:00,44900.0,7511.9699725,10397.9401875
2026-06-12 19:00:00,45775.0,6779.3400249999995,6187.881105
2026-06-12 20:00:00,44137.5,6418.702515,2472.82602
2026-06-12 21:00:00,42787.5,6631.454955,467.8678225
2026-06-12 22:00:00,43550.0,7039.827574999999,3.21677
2026-06-12 23:00:00,44387.5,7107.79245,0.0
2026-06-13 00:00:00,42825.0,7557.35251,0.0
2026-06-13 01:00:00,40512.5,7155.9047725,0.0
2026-06-13 02:00:00,37700.0,6713.410107500001,0.0
2026-06-13 03:00:00,34737.5,6260.707795,0.0
2026-06-13 04:00:00,33287.5,5744.6074375,0.0
2026-06-13 05:00:00,33362.5,5133.282595,0.0
2026-06-13 06:00:00,33500.0,4716.3024000000005,281.7627475
2026-06-13 07:00:00,34437.5,4381.910035,1955.1593024999997
2026-06-13 08:00:00,36212.5,3226.3454475,4580.3649925
2026-06-13 09:00:00,38612.5,1375.4229225,6659.14038
2026-06-13 10:00:00,40000.0,1056.3127375,9471.6938475
2026-06-13 11:00:00,41237.5,996.63771,11725.015135
2026-06-13 12:00:00,42950.0,921.4350925,13116.61963
2026-06-13 13:00:00,42425.0,891.8823199999999,13614.9721675
2026-06-13 14:00:00,42075.0,925.9701775000001,13587.0278325
2026-06-13 15:00:00,41662.5,980.4148925,13151.33008
2026-06-13 16:00:00,40875.0,1005.149925,11809.12793
2026-06-13 17:00:00,40800.0,1000.96033,9764.11426
2026-06-13 18:00:00,42712.5,2387.277385,9051.5168475
2026-06-13 19:00:00,43475.0,3241.9274925,6264.21057
2026-06-13 20:00:00,42262.5,3441.067465,2468.16455
2026-06-13 21:00:00,41050.0,4062.1099375000003,481.38068499999997
2026-06-13 22:00:00,42387.5,4701.252535,3.64247
2026-06-13 23:00:00,43650.0,5038.09976,0.0
2026-06-14 00:00:00,40900.0,4941.6425175,0.0
2026-06-14 01:00:00,38750.0,4812.862565,0.0
2026-06-14 02:00:00,36462.5,4599.09009,0.0
2026-06-14 03:00:00,34087.5,4286.0849,0.0
2026-06-14 04:00:00,32825.0,3973.972535,0.0
2026-06-14 05:00:00,32187.5,3730.7775574999996,0.0
2026-06-14 06:00:00,31500.0,3560.86998,313.37385
2026-06-14 07:00:00,31725.0,2784.6277475,1738.149965
2026-06-14 08:00:00,33112.5,1401.397655,3978.0656725
2026-06-14 09:00:00,34825.0,613.8899524999999,6805.4461675
2026-06-14 10:00:00,36750.0,569.15243,9490.989505000001
2026-06-14 11:00:00,37962.5,580.6474925,11518.3286125
2026-06-14 12:00:00,39462.5,608.939955,12874.8615725
2026-06-14 13:00:00,40100.0,653.8149875,13357.4409175
2026-06-14 14:00:00,39425.0,711.7425975,13384.0388175
2026-06-14 15:00:00,38787.5,778.482655,12995.13867
2026-06-14 16:00:00,38112.5,825.29781,11685.2006825
2026-06-14 17:00:00,38412.5,1051.355145,10118.0073225
2026-06-14 18:00:00,40812.5,2682.6979125000003,10973.964357500001
2026-06-14 19:00:00,43337.5,2780.6474875,6481.6676025
2026-06-14 20:00:00,42737.5,3080.25248,2554.797545
2026-06-14 21:00:00,42125.0,3672.7074875,491.82722
2026-06-14 22:00:00,43112.5,4231.7200625000005,4.067905
2026-06-14 23:00:00,43850.0,4450.067385,0.0
2026-06-15 00:00:00,40175.0,3949.145095,0.0
2026-06-15 01:00:00,38475.0,3720.7624825000003,0.0
2026-06-15 02:00:00,36200.0,3419.7349225000003,0.0
2026-06-15 03:00:00,33875.0,3141.2524725000003,0.0
2026-06-15 04:00:00,33387.5,2965.9274275000002,0.0
2026-06-15 05:00:00,34887.5,2869.0325475,0.0
2026-06-15 06:00:00,37537.5,2787.477555,309.9754425
2026-06-15 07:00:00,41325.0,2629.7898999999998,2138.430785
2026-06-15 08:00:00,43925.0,2255.119995,5929.9760774999995
2026-06-15 09:00:00,45800.0,1697.10999,10638.2749
2026-06-15 10:00:00,46787.5,1252.7950325,14871.3146975
2026-06-15 11:00:00,47400.0,1218.3224850000001,17897.8212875
2026-06-15 12:00:00,48237.5,1237.094955,19742.2631825
2026-06-15 13:00:00,47987.5,1187.60502,20484.61133
2026-06-15 14:00:00,48387.5,1229.574975,20490.854005
2026-06-15 15:00:00,48400.0,1273.227515,19794.172365
2026-06-15 16:00:00,47175.0,1281.11499,17790.2807625
2026-06-15 17:00:00,47300.0,1355.522505,14774.6252425
2026-06-15 18:00:00,48575.0,1385.7950025,10895.204590000001
2026-06-15 19:00:00,49575.0,1387.04999,6407.302735
2026-06-15 20:00:00,47237.5,1676.80502,2490.23398
2026-06-15 21:00:00,45250.0,2321.65504,470.46630500000003
2026-06-15 22:00:00,45525.0,3124.012475,3.26219
2026-06-15 23:00:00,45950.0,3914.3050250000006,0.0
2026-06-16 00:00:00,42325.0,4668.9375775,0.0
2026-06-16 01:00:00,40487.5,4727.555069999999,0.0
2026-06-16 02:00:00,38237.5,4543.47749,0.0
2026-06-16 03:00:00,35862.5,4294.627535,0.0
2026-06-16 04:00:00,35212.5,4060.34232,0.0
2026-06-16 05:00:00,36037.5,3605.7074575,0.0
2026-06-16 06:00:00,38525.0,3074.8999325000004,255.96803500000001
2026-06-16 07:00:00,41687.5,2538.53755,1653.8699625
2026-06-16 08:00:00,44137.5,2069.46758,4300.1958025
2026-06-16 09:00:00,45725.0,1703.6550149999998,7793.1168225
2026-06-16 10:00:00,46537.5,1568.8525375000002,11619.1022925
2026-06-16 11:00:00,47125.0,1677.697465,15032.9255375
2026-06-16 12:00:00,47950.0,1849.0825025,17689.4736325
2026-06-16 13:00:00,47912.5,2001.3850075,19065.0092775
2026-06-16 14:00:00,48012.5,2261.847515,19149.6679675
2026-06-16 15:00:00,47662.5,2575.1949925,18312.853025
2026-06-16 16:00:00,46475.0,2863.8049725,16338.060547500001
2026-06-16 17:00:00,46575.0,3039.9599900000003,13635.5327125
2026-06-16 18:00:00,48137.5,3017.7500674999997,10165.042477500001
2026-06-16 19:00:00,49300.0,2736.61499,6108.9739975
2026-06-16 20:00:00,47575.0,2472.1124975,2486.5423575
2026-06-16 21:00:00,45762.5,2542.8099250000005,498.225365
2026-06-16 22:00:00,46400.0,2759.6300825000003,4.08296
2026-06-16 23:00:00,46487.5,2718.2449075,0.0
2026-06-17 00:00:00,43224.125,2121.4374925,0.0
2026-06-17 01:00:00,41148.125,1851.3999825,0.0
2026-06-17 02:00:00,38727.125,1605.64749,0.0
2026-06-17 03:00:00,36521.0,1455.237475,0.0
2026-06-17 04:00:00,35775.0,1342.94497,0.0
2026-06-17 05:00:00,36805.125,1211.642495,0.0
2026-06-17 06:00:00,39325.0,1099.8024925,303.5418575
2026-06-17 07:00:00,42557.375,960.8325225,2034.8736275
2026-06-17 08:00:00,45480.625,745.6775200000001,5660.3703000000005
2026-06-17 09:00:00,47081.875,555.6675175,10259.89331
2026-06-17 10:00:00,48077.75,577.669995,14485.3916025
2026-06-17 11:00:00,48929.375,654.5475,17551.953125
2026-06-17 12:00:00,49917.375,778.355005,19446.6850575
2026-06-17 13:00:00,49640.25,904.52747,20141.71338
2026-06-17 14:00:00,49654.625,975.5850125000001,20125.9990225
2026-06-17 15:00:00,49739.875,998.9275025000001,19160.96289
2026-06-17 16:00:00,48790.125,1020.4650200000001,17171.5715325
2026-06-17 17:00:00,48623.5,1043.364985,14204.5358875
2026-06-17 18:00:00,50282.125,1005.6250275,10417.39258
2026-06-17 19:00:00,51074.875,1004.312505,6174.1152325
2026-06-17 20:00:00,49040.125,1095.892555,2469.9681375
2026-06-17 21:00:00,47218.0,1296.9950025,495.81728000000004
2026-06-17 22:00:00,47350.25,1542.5425025,4.165395
2026-06-17 23:00:00,47837.25,1839.87749,0.0
2026-06-18 00:00:00,44512.5,1708.499995,0.0
2026-06-18 01:00:00,42425.0,1770.6824925,0.0
2026-06-18 02:00:00,40550.0,1768.54248,0.0
2026-06-18 03:00:00,38137.5,1711.80498,0.0
2026-06-18 04:00:00,37375.0,1657.73249,0.0
2026-06-18 05:00:00,38087.5,1657.889995,0.0
2026-06-18 06:00:00,40412.5,1706.2200050000001,299.3721725
2026-06-18 07:00:00,43812.5,1707.0324925,2029.2631849999998
2026-06-18 08:00:00,46562.5,1501.9925199999998,5650.02771
2026-06-18 09:00:00,48262.5,1089.54501,10199.0385725
2026-06-18 10:00:00,49412.5,878.242495,14337.0104975
2026-06-18 11:00:00,50125.0,971.9074949999999,17255.74634
2026-06-18 12:00:00,51050.0,1076.1274725,19036.02246
2026-06-18 13:00:00,51137.5,1195.4125099999999,19831.5839825
2026-06-18 14:00:00,51112.5,1318.0724775,19686.325685
2026-06-18 15:00:00,50962.5,1448.0925399999999,18483.933105
2026-06-18 16:00:00,50162.5,1532.934985,16237.038085
2026-06-18 17:00:00,50437.5,1491.88749,13113.455320000001
2026-06-18 18:00:00,52325.0,1422.7399599999999,9582.6357425
2026-06-18 19:00:00,53000.0,1458.3624825000002,5701.23938
2026-06-18 20:00:00,51000.0,1628.687515,2319.5409525
2026-06-18 21:00:00,48775.0,2078.2275200000004,466.2993025
2026-06-18 22:00:00,49200.0,2834.3374575000003,4.003785
2026-06-18 23:00:00,49112.5,3442.8849299999997,0.0
2026-06-19 00:00:00,45975.0,2920.5849925,0.0
2026-06-19 01:00:00,43712.5,3132.2325499999997,0.0
2026-06-19 02:00:00,41812.5,3364.48502,0.0
2026-06-19 03:00:00,39262.5,3498.350005,0.0
2026-06-19 04:00:00,38137.5,3538.5300225,0.0
2026-06-19 05:00:00,38900.0,3590.1975375,0.0
2026-06-19 06:00:00,41212.5,3643.7774475,291.71533750000003
2026-06-19 07:00:00,45125.0,3644.6850299999996,2012.3479925000001
2026-06-19 08:00:00,48475.0,3290.099975,5606.610535
2026-06-19 09:00:00,50600.0,2342.082485,10033.5515125
2026-06-19 10:00:00,51812.5,1768.57997,14107.3474125
2026-06-19 11:00:00,53000.0,1758.0875174999999,17025.613279999998
2026-06-19 12:00:00,53675.0,1866.234995,18824.4418925
2026-06-19 13:00:00,53337.5,2019.0425225,19546.879395
2026-06-19 14:00:00,53550.0,2202.6200225,19390.0805675
2026-06-19 15:00:00,53012.5,2503.3175,18223.890622500003
2026-06-19 16:00:00,51900.0,2788.6674275000005,16323.546385
2026-06-19 17:00:00,51900.0,2782.32496,13568.51416
2026-06-19 18:00:00,53337.5,2574.015,9924.073485
2026-06-19 19:00:00,53512.5,2536.70001,5847.38281
2026-06-19 20:00:00,51012.5,2626.0900699999997,2323.27945
2026-06-19 21:00:00,48900.0,2619.487455,449.7801475
2026-06-19 22:00:00,49600.0,2861.3000425,3.99546
2026-06-19 23:00:00,49975.0,2945.6475075,0.0
2026-06-20 00:00:00,46203.625,2459.085,0.0
2026-06-20 01:00:00,43842.125,2299.5600125,0.0
2026-06-20 02:00:00,41171.75,2223.58995,0.0
2026-06-20 03:00:00,38201.5,2162.30496,0.0
2026-06-20 04:00:00,36829.75,2053.945035,0.0
2026-06-20 05:00:00,36787.625,1934.1274925,0.0
2026-06-20 06:00:00,36982.375,1833.8125175,283.70672
2026-06-20 07:00:00,37703.125,1691.8424925,1975.8038625
2026-06-20 08:00:00,39308.25,1337.8375125,5468.502745
2026-06-20 09:00:00,42098.0,859.2900024999999,9757.3521725
2026-06-20 10:00:00,44061.0,779.8199775,13765.7805175
2026-06-20 11:00:00,45092.5,791.50521,15670.273927499999
2026-06-20 12:00:00,46861.875,651.307305,14156.838865
2026-06-20 13:00:00,46539.75,695.9897125,14872.4104
2026-06-20 14:00:00,46734.5,731.4596675,14786.909425
2026-06-20 15:00:00,46384.5,1078.757485,17022.605955
2026-06-20 16:00:00,45613.0,1243.47999,15815.3623075
2026-06-20 17:00:00,45409.625,1284.4175,12771.8027375
2026-06-20 18:00:00,46559.25,1342.4674949999999,9256.486817500001
2026-06-20 19:00:00,47145.25,1445.3250175000003,5468.374635
2026-06-20 20:00:00,45754.125,1536.2475100000001,2202.5585025
2026-06-20 21:00:00,44353.75,1668.38501,430.952625
2026-06-20 22:00:00,45395.375,2008.1374974999999,3.7582025000000003
2026-06-20 23:00:00,46490.125,2413.8325675,0.0
2026-06-21 00:00:00,42400.0,2448.4574525000003,0.0
2026-06-21 01:00:00,40112.5,2509.8700025,0.0
2026-06-21 02:00:00,37850.0,2394.9950150000004,0.0
2026-06-21 03:00:00,35550.0,2300.13245,0.0
2026-06-21 04:00:00,34250.0,2389.0624875,0.0
2026-06-21 05:00:00,33650.0,2541.5225299999997,0.0
2026-06-21 06:00:00,33375.0,2615.08493,274.804865
2026-06-21 07:00:00,34050.0,2516.05507,1919.740965
2026-06-21 08:00:00,35700.0,2159.86,5397.8121974999995
2026-06-21 09:00:00,37637.5,1532.6149975,9758.8859875
2026-06-21 10:00:00,39287.5,1215.6824649999999,13819.1467275
2026-06-21 11:00:00,41437.5,1061.92238,15753.558107500001
2026-06-21 12:00:00,44087.5,792.57727,14171.384035
2026-06-21 13:00:00,43975.0,777.8844650000001,14776.3479
2026-06-21 14:00:00,43362.5,876.549835,15867.96167
2026-06-21 15:00:00,43087.5,1146.46499,18237.314449999998
2026-06-21 16:00:00,42575.0,1153.774965,16138.248287499999
2026-06-21 17:00:00,43087.5,1153.202495,13293.7031225
2026-06-21 18:00:00,45125.0,1255.9099975,9777.0734875
2026-06-21 19:00:00,46812.5,1577.425015,5822.073485
2026-06-21 20:00:00,46425.0,2192.17751,2300.85965
2026-06-21 21:00:00,45662.5,3261.9574425,438.251975
2026-06-21 22:00:00,46437.5,4446.5374425,3.746655
2026-06-21 23:00:00,46712.5,5083.172605,0.0
2026-06-22 00:00:00,43975.0,4625.7049074999995,0.0
2026-06-22 01:00:00,41475.0,4505.225115,0.0
2026-06-22 02:00:00,39750.0,4234.20752,0.0
2026-06-22 03:00:00,37725.0,3896.1850274999997,0.0
2026-06-22 04:00:00,37237.5,3710.057525,0.0
2026-06-22 05:00:00,38200.0,3534.1324000000004,0.0
2026-06-22 06:00:00,40912.5,3378.95244,278.20209
2026-06-22 07:00:00,44700.0,3230.0100225,1986.5946950000002
2026-06-22 08:00:00,47875.0,2870.1850750000003,5636.49475
2026-06-22 09:00:00,50212.5,2045.8999775,10186.4641075
2026-06-22 10:00:00,52112.5,1434.3350225,14371.592775000001
2026-06-22 11:00:00,53300.0,1409.6074724999999,17378.239745
2026-06-22 12:00:00,54662.5,1472.45002,19201.6879875
2026-06-22 13:00:00,55250.0,1468.83004,19855.370605
2026-06-22 14:00:00,55862.5,1400.3349950000002,19775.242185
2026-06-22 15:00:00,55375.0,1362.4024525,18841.59717
2026-06-22 16:00:00,54612.5,1430.09997,16758.684325000002
2026-06-22 17:00:00,54712.5,1618.6399975,13654.034670000001
2026-06-22 18:00:00,55775.0,1877.494975,9921.3906225
2026-06-22 19:00:00,55825.0,2288.0424975,5862.4978025
2026-06-22 20:00:00,53175.0,2942.1275225,2291.2705075
2026-06-22 21:00:00,51187.5,3970.859925,425.8787075
2026-06-22 22:00:00,51000.0,5159.9449475,3.2857425
2026-06-22 23:00:00,51000.0,5733.715,0.0
2026-06-23 00:00:00,47662.5,4685.517374999999,0.0
2026-06-23 01:00:00,45237.5,4168.034875,0.0
2026-06-23 02:00:00,43300.0,3609.18249,0.0
2026-06-23 03:00:00,40862.5,3181.512485,0.0
2026-06-23 04:00:00,39812.5,2992.0525999999995,0.0
2026-06-23 05:00:00,40887.5,3045.2300125,0.0
2026-06-23 06:00:00,43537.5,3082.974985,302.49823749999996
2026-06-23 07:00:00,47137.5,2946.4024875,2038.4860225
2026-06-23 08:00:00,50337.5,2499.302575,5720.5856325
2026-06-23 09:00:00,52812.5,1667.0700025,10374.68628
2026-06-23 10:00:00,54350.0,1201.5249925,14607.0786125
2026-06-23 11:00:00,55537.5,1179.43,17590.6118175
2026-06-23 12:00:00,56612.5,1224.7524825,19402.6586925
2026-06-23 13:00:00,57162.5,1165.0675,20125.3491225
2026-06-23 14:00:00,57750.0,1046.50498,20035.68408
2026-06-23 15:00:00,57537.5,973.7700175,18922.089845000002
2026-06-23 16:00:00,56825.0,932.5450025,16761.1626
2026-06-23 17:00:00,56750.0,931.2425125,13867.9909675
2026-06-23 18:00:00,57475.0,1031.472485,10229.87012
2026-06-23 19:00:00,57437.5,1244.2499750000002,6094.281005
2026-06-23 20:00:00,55212.5,1650.5225175,2422.826385
2026-06-23 21:00:00,53000.0,2446.7074625,469.832495
2026-06-23 22:00:00,53162.5,3300.8224800000003,3.4272400000000003
2026-06-23 23:00:00,53062.5,3788.9975699999995,0.0
2026-06-24 00:00:00,50000.0,4047.7650525000004,0.0
2026-06-24 01:00:00,47187.5,4063.6426025,0.0
2026-06-24 02:00:00,44462.5,3886.5549175,0.0
2026-06-24 03:00:00,42062.5,3620.49502,0.0
2026-06-24 04:00:00,41000.0,3423.19011,0.0
2026-06-24 05:00:00,42475.0,3303.1100475,0.0
2026-06-24 06:00:00,44875.0,3114.1700225,301.492425
2026-06-24 07:00:00,48687.5,2762.1024700000003,2037.69641
2026-06-24 08:00:00,51225.0,2240.9149875000003,5720.43341
2026-06-24 09:00:00,54025.0,1430.29244,10413.479005
2026-06-24 10:00:00,55625.0,817.8125,14657.84326
2026-06-24 11:00:00,56750.0,782.010015,17670.500487499998
2026-06-24 12:00:00,58112.5,821.377505,19469.715819999998
2026-06-24 13:00:00,58125.0,865.9399975,20129.0610375
2026-06-24 14:00:00,58737.5,926.32002,19861.9848625
2026-06-24 15:00:00,57900.0,1021.9749825,18647.168945
2026-06-24 16:00:00,56637.5,1160.2525575,16333.0463875
2026-06-24 17:00:00,56687.5,1352.6725299999998,13264.459472499999
2026-06-24 18:00:00,58037.5,1556.8100224999998,9615.548095
2026-06-24 19:00:00,58512.5,1875.610035,5741.73767
2026-06-24 20:00:00,56012.5,2350.0249675,2354.3264775
2026-06-24 21:00:00,53650.0,3067.6749875,466.6275575
2026-06-24 22:00:00,53125.0,3880.4174175000003,3.6131800000000003
2026-06-24 23:00:00,52537.5,4393.6625675000005,0.0
2026-06-25 00:00:00,50162.5,4808.8401175,0.0
2026-06-25 01:00:00,46837.5,4854.69745,0.0
2026-06-25 02:00:00,44312.5,4759.4248825,0.0
2026-06-25 03:00:00,41787.5,4607.09238,0.0
2026-06-25 04:00:00,40975.0,4393.2350325,0.0
2026-06-25 05:00:00,41950.0,4209.66504,0.0
2026-06-25 06:00:00,44512.5,4083.9401075,294.2516225
2026-06-25 07:00:00,47850.0,3984.6349950000003,1988.852235
2026-06-25 08:00:00,51287.5,3637.7999875,5613.942565
2026-06-25 09:00:00,54162.5,2744.8350524999996,10231.79175
2026-06-25 10:00:00,55475.0,2152.3549625,14416.657715
2026-06-25 11:00:00,56875.0,2384.837525,17375.130859999997
2026-06-25 12:00:00,57687.5,2945.12503,19129.95166
2026-06-25 13:00:00,57600.0,3552.3049925,19750.6328125
2026-06-25 14:00:00,58262.5,4060.0200975000002,19342.254395
2026-06-25 15:00:00,57512.5,4389.112485,17673.6528325
2026-06-25 16:00:00,56875.0,4391.904875,15223.75464
2026-06-25 17:00:00,57075.0,4435.4600525,12349.442385
2026-06-25 18:00:00,57787.5,4424.87259,8921.8835425
2026-06-25 19:00:00,57675.0,4375.532475,5272.42651
2026-06-25 20:00:00,55975.0,4434.434785,2194.8248599999997
2026-06-25 21:00:00,53900.0,5017.315017499999,455.8955225
2026-06-25 22:00:00,54250.0,5711.8273174999995,3.8108400000000002
2026-06-25 23:00:00,54187.5,5852.079849999999,0.0
2026-06-26 00:00:00,50012.5,5949.229917500001,0.0
2026-06-26 01:00:00,47212.5,5882.872407499999,0.0
2026-06-26 02:00:00,44875.0,5773.057342499999,0.0
2026-06-26 03:00:00,42487.5,5508.27247,0.0
2026-06-26 04:00:00,41662.5,5133.9552,0.0
2026-06-26 05:00:00,42587.5,4740.0774225000005,0.0
2026-06-26 06:00:00,45187.5,4327.2624725000005,285.3403375
2026-06-26 07:00:00,48925.0,3762.9575499999996,1915.1906749999998
2026-06-26 08:00:00,51525.0,2803.1049875,5417.3864125
2026-06-26 09:00:00,53637.5,1742.1424625,9940.3251925
2026-06-26 10:00:00,55250.0,1280.8075,14189.06738
2026-06-26 11:00:00,56025.0,1183.922515,17253.9836425
2026-06-26 12:00:00,56762.5,1188.2124875,19113.3330075
2026-06-26 13:00:00,56850.0,1226.3625,19887.6972675
2026-06-26 14:00:00,57350.0,1342.267505,19699.73242
2026-06-26 15:00:00,56012.5,1532.28001,18382.6748025
2026-06-26 16:00:00,54737.5,1584.4950199999998,16038.766355
2026-06-26 17:00:00,54700.0,1549.79999,13129.9309075
2026-06-26 18:00:00,55312.5,1573.8900225,9603.918455
2026-06-26 19:00:00,55412.5,1614.9049925,5754.169675
2026-06-26 20:00:00,53450.0,1777.4025350000002,2355.4791575
2026-06-26 21:00:00,51887.5,2167.87748,483.95320250000003
2026-06-26 22:00:00,52100.0,2554.9274050000004,4.458679999999999
2026-06-26 23:00:00,52775.0,2712.6175700000003,0.0
2026-06-27 00:00:00,48737.5,3183.4250025,0.0
2026-06-27 01:00:00,46087.5,3113.92743,0.0
2026-06-27 02:00:00,43375.0,2863.2775125,0.0
2026-06-27 03:00:00,40400.0,2767.6750625,0.0
2026-06-27 04:00:00,38912.5,2834.1650075,0.0
2026-06-27 05:00:00,38912.5,2853.57255,0.0
2026-06-27 06:00:00,39362.5,2791.2499325,281.072675
2026-06-27 07:00:00,40500.0,2710.1474550000003,1916.0373525
2026-06-27 08:00:00,42337.5,2298.7650175,5398.5096425
2026-06-27 09:00:00,44837.5,1491.4475125,9826.7165525
2026-06-27 10:00:00,46800.0,1287.34753,13801.529785
2026-06-27 11:00:00,48387.5,1404.55997,16587.3701175
2026-06-27 12:00:00,50675.0,1615.5300124999999,18337.29834
2026-06-27 13:00:00,50362.5,1819.0600224999998,19105.8374025
2026-06-27 14:00:00,50400.0,1967.6000374999999,19167.16992
2026-06-27 15:00:00,49700.0,2292.4424225,18222.4907225
2026-06-27 16:00:00,48275.0,2710.192595,16261.33667
2026-06-27 17:00:00,48237.5,2829.9150849999996,13467.0471175
2026-06-27 18:00:00,49587.5,2791.3000225,9955.747804999999
2026-06-27 19:00:00,50337.5,2435.9400175,5951.31787
2026-06-27 20:00:00,48912.5,2219.4799825,2413.4135125000003
2026-06-27 21:00:00,47400.0,2181.8999925,497.316715
2026-06-27 22:00:00,48412.5,2261.0325574999997,4.024337500000001
2026-06-27 23:00:00,49200.0,2327.912485,0.0
2026-06-28 00:00:00,45025.0,2744.727445,0.0
2026-06-28 01:00:00,42600.0,2870.555015,0.0
2026-06-28 02:00:00,40612.5,2971.7550125,0.0
2026-06-28 03:00:00,38175.0,2827.4200225,0.0
2026-06-28 04:00:00,36750.0,2574.3050525,0.0
2026-06-28 05:00:00,36112.5,2279.5624900000003,0.0
2026-06-28 06:00:00,35575.0,2030.7799825000002,265.83194249999997
2026-06-28 07:00:00,36262.5,1656.7799675,1825.0322575
2026-06-28 08:00:00,37962.5,1169.8825275,5055.7559224999995
2026-06-28 09:00:00,40425.0,1043.06251,9077.2482925
2026-06-28 10:00:00,42987.5,1060.7099799999999,12848.1748075
2026-06-28 11:00:00,44800.0,1040.060015,15628.29248
2026-06-28 12:00:00,47050.0,1179.0475375,17191.3212875
2026-06-28 13:00:00,46887.5,1513.6299825,17979.25586
2026-06-28 14:00:00,46687.5,1747.0074600000003,17724.02881
2026-06-28 15:00:00,45462.5,1980.44996,16394.6447725
2026-06-28 16:00:00,43412.5,2372.9124825,14328.071535
2026-06-28 17:00:00,43800.0,2944.8199074999998,11641.414305
2026-06-28 18:00:00,45650.0,3405.96495,8335.8742675
2026-06-28 19:00:00,47837.5,3558.9825124999998,4867.0840474999995
2026-06-28 20:00:00,47650.0,3447.6425175,2037.5664075
2026-06-28 21:00:00,46812.5,3395.4400025,447.7896725
2026-06-28 22:00:00,47362.5,3562.12502,3.26562
2026-06-28 23:00:00,47662.5,3784.744995,0.0
2026-06-29 00:00:00,43512.875,4589.5449775,0.0
2026-06-29 01:00:00,41258.75,4615.0250825,0.0
2026-06-29 02:00:00,38975.75,4604.0250625,0.0
2026-06-29 03:00:00,36770.875,4571.347525,0.0
2026-06-29 04:00:00,36247.625,4395.9200900000005,0.0
2026-06-29 05:00:00,37711.875,4170.38996,0.0
2026-06-29 06:00:00,40301.25,3866.9650275,210.7278325
2026-06-29 07:00:00,43846.5,3272.8524825,1574.79404
2026-06-29 08:00:00,46836.0,2595.7074675000003,4521.38202
2026-06-29 09:00:00,49414.5,2260.8400975,8336.1629625
2026-06-29 10:00:00,50503.75,2010.25499,12042.14673
2026-06-29 11:00:00,51194.875,1862.2025174999999,14957.778075
2026-06-29 12:00:00,52066.25,1844.1425075,17042.126465
2026-06-29 13:00:00,52280.0,1899.0599775,18213.3466775
2026-06-29 14:00:00,52225.75,1956.059995,17893.828125
2026-06-29 15:00:00,50938.125,2041.06001,16757.7192375
2026-06-29 16:00:00,49518.0,2224.497485,15066.898195
2026-06-29 17:00:00,49165.625,2430.53002,12636.1499
2026-06-29 18:00:00,50629.0,2581.8475449999996,9508.8007825
2026-06-29 19:00:00,52393.375,2686.2774975,5745.84729
2026-06-29 20:00:00,51072.125,2806.5849925,2339.8142975
2026-06-29 21:00:00,48825.125,3371.4099875,454.277015
2026-06-29 22:00:00,49259.5,4216.2901025,3.3420875
2026-06-29 23:00:00,49205.875,4510.8625075,0.0
2026-06-30 00:00:00,44763.375,3955.7648775,0.0
2026-06-30 01:00:00,42305.5,3620.6025875,0.0
2026-06-30 02:00:00,40188.5,3222.615035,0.0
2026-06-30 03:00:00,37913.625,2840.4550925000003,0.0
2026-06-30 04:00:00,37328.75,2546.6475,0.0
2026-06-30 05:00:00,38304.375,2266.39743,0.0
2026-06-30 06:00:00,40722.375,2038.7950074999999,224.26606249999998
2026-06-30 07:00:00,43789.125,1730.1675125,1736.6139225
2026-06-30 08:00:00,46928.375,1242.67001,4990.9197375
2026-06-30 09:00:00,49055.5,966.4149924999999,9035.07141
2026-06-30 10:00:00,49820.875,1028.0199875,12645.8586425
2026-06-30 11:00:00,50547.875,1109.9074975,15423.1745625
2026-06-30 12:00:00,51126.5,1152.957525,17337.5493175
2026-06-30 13:00:00,51616.0,1244.4649825000001,18227.5463875
2026-06-30 14:00:00,51775.5,1510.717505,18095.70459
2026-06-30 15:00:00,50338.75,1913.985025,17063.25537
2026-06-30 16:00:00,49133.0,2459.007525,15365.750245
2026-06-30 17:00:00,49161.125,3056.2825175,12847.426025
2026-06-30 18:00:00,50543.0,3431.0774650000003,9642.4560525
2026-06-30 19:00:00,52034.625,3758.8974900000003,5847.0639625
2026-06-30 20:00:00,50914.0,4221.2225775,2419.01364
2026-06-30 21:00:00,48673.5,4722.8025675,477.569795
2026-06-30 22:00:00,49218.25,5127.075062499999,3.0756825
2026-06-30 23:00:00,49224.125,5384.6150375,0.0
2026-07-01 00:00:00,45156.125,5073.0625924999995,0.0
2026-07-01 01:00:00,43023.375,4962.9874725,0.0
2026-07-01 02:00:00,40648.25,4701.8224525,0.0
2026-07-01 03:00:00,38593.625,4543.1901125,0.0
2026-07-01 04:00:00,37933.5,4509.1725225,0.0
2026-07-01 05:00:00,38886.125,4418.4801225,3.9555325
2026-07-01 06:00:00,41079.0,4234.174912500001,239.71505749999997
2026-07-01 07:00:00,43805.125,3667.8850475,1678.7699125
2026-07-01 08:00:00,46827.75,3001.1475524999996,4762.12323
2026-07-01 09:00:00,48842.125,2918.7324525000004,8731.954099999999
2026-07-01 10:00:00,49874.375,2993.9250174999997,12199.0842275
2026-07-01 11:00:00,50663.5,3303.697395,14539.63501
2026-07-01 12:00:00,51611.125,3744.779905,16104.6657725
2026-07-01 13:00:00,51685.5,4204.4773875,17241.628904999998
2026-07-01 14:00:00,51546.75,4682.62002,17457.775390000003
2026-07-01 15:00:00,50376.5,5234.7499075,16657.19141
2026-07-01 16:00:00,49002.875,5769.4273075,15076.47046
2026-07-01 17:00:00,49149.875,6076.83252,12667.3515625
2026-07-01 18:00:00,50386.0,6254.5475,9479.463867499999
2026-07-01 19:00:00,51779.875,6317.089947500001,5734.8088375
2026-07-01 20:00:00,50804.375,6099.4750975,2391.15451
2026-07-01 21:00:00,48660.0,5738.9850325,475.2023425
2026-07-01 22:00:00,49191.75,5706.4398949999995,3.35143
2026-07-01 23:00:00,49192.25,5713.135115,0.0
2026-07-02 00:00:00,45550.0,5786.734925000001,0.0
2026-07-02 01:00:00,43225.0,5461.0022875,0.0
2026-07-02 02:00:00,40900.0,5308.237425,0.0
2026-07-02 03:00:00,38362.5,5266.7999275,0.0
2026-07-02 04:00:00,37687.5,5194.0325625,0.0
2026-07-02 05:00:00,38700.0,5177.45491,3.357685
2026-07-02 06:00:00,41262.5,5140.0876025,278.706855
2026-07-02 07:00:00,44337.5,4805.889875,1961.800385
2026-07-02 08:00:00,46775.0,4686.01015,5656.029175
2026-07-02 09:00:00,48362.5,5240.6397975,10236.0759275
2026-07-02 10:00:00,49425.0,5668.984864999999,14254.0373525
2026-07-02 11:00:00,50437.5,4591.558425,14143.0153825
2026-07-02 12:00:00,51462.5,4382.8883225,14762.5478525
2026-07-02 13:00:00,51175.0,4592.4108125,15485.3654775
2026-07-02 14:00:00,51337.5,4731.035019999999,15546.0078125
2026-07-02 15:00:00,50850.0,4928.165225000001,14978.380615
2026-07-02 16:00:00,49300.0,5198.587982499999,13432.5175775
2026-07-02 17:00:00,49012.5,7665.622697500001,13435.364992499999
2026-07-02 18:00:00,50400.0,8458.27246,10506.4409175
2026-07-02 19:00:00,51225.0,8194.862245,6239.96216
2026-07-02 20:00:00,49562.5,7635.532475,2559.907225
2026-07-02 21:00:00,47775.0,6933.6699225,503.92053250000004
2026-07-02 22:00:00,48312.5,6401.31729,3.1774225
2026-07-02 23:00:00,48837.5,5805.2024075,0.0
2026-07-03 00:00:00,44839.75,4896.6574425,0.0
2026-07-03 01:00:00,42608.25,4397.3425025,0.0
2026-07-03 02:00:00,39985.75,3957.4649975,0.0
2026-07-03 03:00:00,38002.625,3738.88261,0.0
2026-07-03 04:00:00,37452.125,3583.167485,0.0
2026-07-03 05:00:00,38441.875,3289.6099725,3.414325
2026-07-03 06:00:00,40610.25,3021.392455,271.2598225
2026-07-03 07:00:00,43631.875,2666.6050875,1848.4786225
2026-07-03 08:00:00,46132.25,2157.9424624999997,5191.235107500001
2026-07-03 09:00:00,47899.5,1875.2200249999999,9478.76184
2026-07-03 10:00:00,48973.25,1888.26252,13450.644045000001
2026-07-03 11:00:00,49563.25,1979.682415,16387.1589375
2026-07-03 12:00:00,50346.875,1348.1450399999999,18588.7543925
2026-07-03 13:00:00,50226.75,1298.5720724999999,19998.4209
2026-07-03 14:00:00,50291.25,1236.7373025000002,20321.012694999998
2026-07-03 15:00:00,49024.625,1444.1999974999999,19827.551760000002
2026-07-03 16:00:00,47709.875,2034.9672950000001,18067.188475
2026-07-03 17:00:00,47588.75,3067.7849875,15226.2290025
2026-07-03 18:00:00,48605.625,3451.3525075,11469.6835925
2026-07-03 19:00:00,49542.125,3824.2050025,6914.4809575
2026-07-03 20:00:00,48134.875,4104.2775575,2804.6585075
2026-07-03 21:00:00,46634.5,4429.46237,545.2597475
2026-07-03 22:00:00,47384.0,4829.4149625,4.1437225
2026-07-03 23:00:00,47731.0,4843.184965,0.0
2026-07-04 00:00:00,44550.0,4435.394894999999,0.0
2026-07-04 01:00:00,41837.5,4166.6875025,0.0
2026-07-04 02:00:00,39587.5,3837.2199450000003,0.0
2026-07-04 03:00:00,37250.0,3547.724915,0.0
2026-07-04 04:00:00,35900.0,3301.7000975,0.0
2026-07-04 05:00:00,35525.0,3096.339935,2.804795
2026-07-04 06:00:00,35525.0,2947.0549575,275.3165675
2026-07-04 07:00:00,36300.0,2795.1800325,2025.9568774999998
2026-07-04 08:00:00,37937.5,2300.1875625000002,5974.8032225
2026-07-04 09:00:00,40150.0,1535.7251374999998,10240.3571775
2026-07-04 10:00:00,41787.5,1162.150115,11910.5554225
2026-07-04 11:00:00,43062.5,798.6999175,13269.210205
2026-07-04 12:00:00,44950.0,684.4399325,14165.1015625
2026-07-04 13:00:00,45075.0,770.9775325,14729.3388675
2026-07-04 14:00:00,44912.5,894.6374875,14769.219724999999
2026-07-04 15:00:00,44175.0,1059.6950025,14351.17871
2026-07-04 16:00:00,43350.0,1431.1928075,13431.640625
2026-07-04 17:00:00,43400.0,2951.599915,12530.80908
2026-07-04 18:00:00,44862.5,4390.3929,11380.4938975
2026-07-04 19:00:00,45587.5,4894.2249875,7302.520875
2026-07-04 20:00:00,44587.5,4865.4299775,2885.3555625
2026-07-04 21:00:00,43625.0,5092.514907499999,533.6325075
2026-07-04 22:00:00,44912.5,5691.7548675,2.4350475
2026-07-04 23:00:00,45312.5,5979.845015,0.0
2026-07-05 00:00:00,41975.0,5993.332505,0.0
2026-07-05 01:00:00,39712.5,5860.28499,0.0
2026-07-05 02:00:00,37712.5,5553.872359999999,0.0
2026-07-05 03:00:00,35412.5,5085.0149975,0.0
2026-07-05 04:00:00,34300.0,4714.020225,0.0
2026-07-05 05:00:00,33975.0,4378.4025825,2.8463375
2026-07-05 06:00:00,33450.0,3962.289985,273.705495
2026-07-05 07:00:00,33762.5,3286.9328,1991.6603675000001
2026-07-05 08:00:00,35150.0,1553.41481,4478.4814425
2026-07-05 09:00:00,37287.5,1207.67734,8258.09839
2026-07-05 10:00:00,39287.5,1162.63507,11727.0187975
2026-07-05 11:00:00,40737.5,1128.370075,14063.403075
2026-07-05 12:00:00,42425.0,1337.0504475,15729.4147925
2026-07-05 13:00:00,42312.5,833.477525,14670.5595725
2026-07-05 14:00:00,42162.5,948.6102025,14677.914795
2026-07-05 15:00:00,42125.0,1049.0697825,14283.5310025
2026-07-05 16:00:00,41325.0,1520.3749599999999,13601.4138175
2026-07-05 17:00:00,41837.5,2167.7926525000003,12274.9409175
2026-07-05 18:00:00,43862.5,3268.56882,11254.57861
2026-07-05 19:00:00,45525.0,3479.93496,7238.01172
2026-07-05 20:00:00,45025.0,3325.1025624999997,2896.28891
2026-07-05 21:00:00,44012.5,3469.19242,548.2993325
2026-07-05 22:00:00,44875.0,3851.1649625,2.455425
2026-07-05 23:00:00,45587.5,3994.7749325000004,0.0
2026-07-06 00:00:00,42700.0,3677.264925,0.0
2026-07-06 01:00:00,40725.0,3540.0600750000003,0.0
2026-07-06 02:00:00,38750.0,3317.42002,0.0
2026-07-06 03:00:00,36800.0,3061.8124325,0.0
2026-07-06 04:00:00,36325.0,2873.38243,0.0
2026-07-06 05:00:00,37787.5,2778.9574575,3.3395075
2026-07-06 06:00:00,40362.5,2715.5274524999995,285.029725
2026-07-06 07:00:00,43812.5,2568.1125724999997,2023.46472
2026-07-06 08:00:00,46575.0,2104.5024625,5923.021484999999
2026-07-06 09:00:00,48837.5,1455.21499,10978.353514999999
2026-07-06 10:00:00,50062.5,1350.9225099999999,15628.98755
2026-07-06 11:00:00,50887.5,1448.7975025,18973.1962925
2026-07-06 12:00:00,52212.5,1616.70501,21089.2246075
2026-07-06 13:00:00,52300.0,1844.832535,21781.1303725
2026-07-06 14:00:00,52562.5,2176.9899674999997,21778.7373025
2026-07-06 15:00:00,52387.5,2579.597635,21259.3125
2026-07-06 16:00:00,51675.0,2916.172485,19421.9277325
2026-07-06 17:00:00,51812.5,3110.4449925,16345.30835
2026-07-06 18:00:00,53287.5,3099.2874025,12237.4055175
2026-07-06 19:00:00,54350.0,2903.9100075,7337.85254
2026-07-06 20:00:00,51987.5,2816.9750249999997,2934.0315849999997
2026-07-06 21:00:00,49712.5,3133.7850624999996,567.0209825
2026-07-06 22:00:00,49875.0,3465.6025725,2.515005
2026-07-06 23:00:00,49862.5,3600.35491,0.0
2026-07-07 00:00:00,46612.5,2900.9949374999997,0.0
2026-07-07 01:00:00,44087.5,2915.494975,0.0
2026-07-07 02:00:00,42050.0,3014.8849099999998,0.0
2026-07-07 03:00:00,39812.5,3171.292475,0.0
2026-07-07 04:00:00,39150.0,3379.5899524999995,0.0
2026-07-07 05:00:00,40075.0,3563.500005,2.9772325
2026-07-07 06:00:00,42500.0,3674.9300700000003,272.8897
2026-07-07 07:00:00,45537.5,3497.072545,1989.1652825
2026-07-07 08:00:00,48325.0,2963.2225575,5867.9541025
2026-07-07 09:00:00,50625.0,2024.6899925,10902.202145
2026-07-07 10:00:00,52187.5,1581.127495,15393.545655
2026-07-07 11:00:00,53587.5,1780.5913775000001,17440.1523425
2026-07-07 12:00:00,54700.0,2517.3011475,19340.623535
2026-07-07 13:00:00,54825.0,2446.9004124999997,17616.7519525
2026-07-07 14:00:00,55425.0,3866.7218375,20025.4160125
2026-07-07 15:00:00,54987.5,3222.6167824999998,17054.122805
2026-07-07 16:00:00,54037.5,2780.3997975,14445.6633275
2026-07-07 17:00:00,54212.5,3164.9225275,12918.743162499999
2026-07-07 18:00:00,55225.0,4304.870080000001,11663.8342275
2026-07-07 19:00:00,55412.5,3931.3650599999996,7005.284180000001
2026-07-07 20:00:00,53437.5,3723.0499725,2859.6545725
2026-07-07 21:00:00,51300.0,3953.1824450000004,564.53412
2026-07-07 22:00:00,51362.5,4147.629975,2.1059225
2026-07-07 23:00:00,51337.5,4031.5474775000002,0.0
2026-07-08 00:00:00,46962.5,3872.3274825,0.0
2026-07-08 01:00:00,44312.5,3563.16253,0.0
2026-07-08 02:00:00,41712.5,3271.2924725000003,0.0
2026-07-08 03:00:00,39737.5,3039.2474799999995,0.0
2026-07-08 04:00:00,39312.5,2815.6850875,0.0
2026-07-08 05:00:00,40312.5,2582.1850099999997,2.73821
2026-07-08 06:00:00,42450.0,2375.0699775,266.5739675
2026-07-08 07:00:00,45262.5,2044.2224700000002,1908.4052299999998
2026-07-08 08:00:00,48075.0,1514.0674525,5618.77539
2026-07-08 09:00:00,50325.0,1008.5650250000001,10614.938474999999
2026-07-08 10:00:00,52112.5,835.8324875,15263.347655
2026-07-08 11:00:00,53925.0,859.1825225,18560.1918925
2026-07-08 12:00:00,55000.0,974.4799899999999,20564.2719725
2026-07-08 13:00:00,55187.5,1169.8549675,21311.475585
2026-07-08 14:00:00,55687.5,1453.732505,21239.2353525
2026-07-08 15:00:00,55525.0,1788.4975175,20561.82666
2026-07-08 16:00:00,54250.0,2103.7100299999997,18666.69092
2026-07-08 17:00:00,54100.0,2402.4574675,15684.250487500001
2026-07-08 18:00:00,54987.5,2731.8849499999997,11702.16089
2026-07-08 19:00:00,55400.0,3060.9523875,6964.061037500001
2026-07-08 20:00:00,53762.5,3372.162395,2749.4151625
2026-07-08 21:00:00,51625.0,3976.46499,511.07965
2026-07-08 22:00:00,51987.5,4702.6275075,1.9707225
2026-07-08 23:00:00,51737.5,5092.0998025,0.0
2026-07-09 00:00:00,47337.5,4912.35005,0.0
2026-07-09 01:00:00,45662.5,4584.172485,0.0
2026-07-09 02:00:00,43450.0,4102.5900575,0.0
2026-07-09 03:00:00,40450.0,3727.9125225,0.0
2026-07-09 04:00:00,39837.5,3481.0575225000002,0.0
2026-07-09 05:00:00,40837.5,3343.0400874999996,2.186505
2026-07-09 06:00:00,43225.0,3294.4724424999995,238.5841025
2026-07-09 07:00:00,46000.0,3124.6699825,1831.3001100000001
2026-07-09 08:00:00,48712.5,2634.04489,5526.8795775
2026-07-09 09:00:00,50962.5,1909.2349775,10495.9968275
2026-07-09 10:00:00,52937.5,1582.1875249999998,15189.3479
2026-07-09 11:00:00,54775.0,1655.54502,18579.78711
2026-07-09 12:00:00,55650.0,1837.4775224999998,20653.7290025
2026-07-09 13:00:00,56137.5,1999.0525225,21499.828615
2026-07-09 14:00:00,56437.5,2177.8150050000004,21559.8671875
2026-07-09 15:00:00,55975.0,2467.19999,20757.2954125
2026-07-09 16:00:00,54937.5,2833.5924425000003,18727.737795
2026-07-09 17:00:00,54675.0,3267.9724975,15552.60498
2026-07-09 18:00:00,55837.5,3749.9250199999997,11389.00049
2026-07-09 19:00:00,56125.0,4193.4775725,6701.0435775
2026-07-09 20:00:00,54325.0,4441.742445,2609.6929625
2026-07-09 21:00:00,52500.0,4866.667482500001,480.10497749999996
2026-07-09 22:00:00,52337.5,5812.772765,1.423575
2026-07-09 23:00:00,52475.0,6450.479995,0.0
2026-07-10 00:00:00,47600.0,5818.0875399999995,0.0
2026-07-10 01:00:00,45312.5,5752.799945,0.0
2026-07-10 02:00:00,43137.5,5645.3224775,0.0
2026-07-10 03:00:00,41000.0,5455.11247,0.0
2026-07-10 04:00:00,40275.0,5232.1425175,0.0
2026-07-10 05:00:00,41462.5,5086.0773425,2.0023575
2026-07-10 06:00:00,43650.0,4983.1400025,237.74337500000001
2026-07-10 07:00:00,46512.5,4568.6476575,1778.64061
2026-07-10 08:00:00,49375.0,3522.77495,5345.1242075
2026-07-10 09:00:00,51512.5,2431.7649975,10099.03711
2026-07-10 10:00:00,53400.0,2318.5375375000003,14538.1398925
2026-07-10 11:00:00,54637.5,2449.0099625,17743.008792499997
2026-07-10 12:00:00,55512.5,2689.5449525000004,19719.3291
2026-07-10 13:00:00,55837.5,2821.217515,20563.4946275
2026-07-10 14:00:00,56137.5,2900.5999424999995,20296.194825
2026-07-10 15:00:00,55375.0,3111.239945,18866.1625975
2026-07-10 16:00:00,54112.5,3483.3123925,16631.4335925
2026-07-10 17:00:00,53637.5,3942.7799975,13684.655762499999
2026-07-10 18:00:00,54037.5,4376.4676325,9879.25122
2026-07-10 19:00:00,53975.0,4703.949995,5731.14856
2026-07-10 20:00:00,52262.5,5075.2624075,2312.9834875
2026-07-10 21:00:00,50700.0,5991.922485,442.9008375
2026-07-10 22:00:00,50875.0,7191.4150525000005,0.9987075
2026-07-10 23:00:00,50550.0,7935.4075,0.0
2026-07-11 00:00:00,47200.0,8196.27258,0.0
2026-07-11 01:00:00,44362.5,8244.4599325,0.0
2026-07-11 02:00:00,41950.0,7909.794739999999,0.0
2026-07-11 03:00:00,39550.0,7341.7450225,0.0
2026-07-11 04:00:00,38225.0,6881.8552525000005,0.0
2026-07-11 05:00:00,38050.0,6509.55252,1.983975
2026-07-11 06:00:00,38175.0,6100.047425000001,213.23693
2026-07-11 07:00:00,39125.0,5583.192505,1637.9308925
2026-07-11 08:00:00,41037.5,4506.21503,4954.762025
2026-07-11 09:00:00,43525.0,3051.092545,9552.84802
2026-07-11 10:00:00,45400.0,2593.1649775,14040.280275
2026-07-11 11:00:00,47075.0,2587.3350175,17432.2229025
2026-07-11 12:00:00,49087.5,2786.7828075,19400.334962499997
2026-07-11 13:00:00,49537.5,2027.3525224999998,15433.7514625
2026-07-11 14:00:00,49687.5,2134.09976,15008.97754
2026-07-11 15:00:00,49050.0,3242.50809,17061.33594
2026-07-11 16:00:00,48162.5,4038.7799374999995,16114.8034675
2026-07-11 17:00:00,48012.5,4444.6775025,13441.863525
2026-07-11 18:00:00,49137.5,4797.0675025,9891.53711
2026-07-11 19:00:00,49575.0,5174.709825,5857.25769
2026-07-11 20:00:00,48175.0,5633.332337500001,2314.843385
2026-07-11 21:00:00,46425.0,6277.2526275,411.48166249999997
2026-07-11 22:00:00,47100.0,7057.47745,0.802105
2026-07-11 23:00:00,47250.0,7697.93762,0.0
2026-07-12 00:00:00,43950.0,7634.93248,0.0
2026-07-12 01:00:00,41700.0,7740.89009,0.0
2026-07-12 02:00:00,39537.5,7822.88248,0.0
2026-07-12 03:00:00,37175.0,7774.9874875000005,0.0
2026-07-12 04:00:00,36125.0,7577.452725,0.0
2026-07-12 05:00:00,35562.5,7453.062437500001,1.33706
2026-07-12 06:00:00,35000.0,7392.73477,208.7913275
2026-07-12 07:00:00,35462.5,7174.8375875,1705.9277825
2026-07-12 08:00:00,37312.5,6128.4600775,5333.9907225
2026-07-12 09:00:00,39875.0,4282.0523675,10202.23462
2026-07-12 10:00:00,42262.5,2513.18567,11235.744385
2026-07-12 11:00:00,44425.0,1069.4774475,12155.644775
2026-07-12 12:00:00,46025.0,1214.772505,13544.3015125
2026-07-12 13:00:00,46250.0,1306.762655,14086.5119625
2026-07-12 14:00:00,46050.0,1344.3297925,14088.845705
2026-07-12 15:00:00,45825.0,1400.9751525,13423.4533725
2026-07-12 16:00:00,45512.5,1739.323395,12264.1137725
2026-07-12 17:00:00,46175.0,4776.714935,12708.704590000001
2026-07-12 18:00:00,47900.0,6421.967390000001,10557.9367675
2026-07-12 19:00:00,49375.0,7310.5724175000005,6085.6390375
2026-07-12 20:00:00,48750.0,8668.645145,2277.81076
2026-07-12 21:00:00,47625.0,10692.0225225,380.34708
2026-07-12 22:00:00,47987.5,12328.4250475,0.4758825
2026-07-12 23:00:00,48100.0,13010.864835,0.0
2026-07-13 00:00:00,43687.5,13523.619565,0.0
2026-07-13 01:00:00,41362.5,13298.480165,0.0
2026-07-13 02:00:00,39462.5,12685.939849999999,0.0
2026-07-13 03:00:00,37612.5,11692.8449575,0.0
2026-07-13 04:00:00,37150.0,11105.40266,0.0
2026-07-13 05:00:00,38037.5,10761.727144999999,1.3412475
2026-07-13 06:00:00,39925.0,10470.539917499998,200.79854749999998
2026-07-13 07:00:00,42562.5,9733.8878525,1471.5783525
2026-07-13 08:00:00,45187.5,8056.8925475,4466.8973399999995
2026-07-13 09:00:00,47100.0,6129.08493,8457.7259525
2026-07-13 10:00:00,48612.5,5706.7124325,12416.510007500001
2026-07-13 11:00:00,50012.5,5491.23003,15449.771485
2026-07-13 12:00:00,51787.5,5581.144985,17412.48877
2026-07-13 13:00:00,52125.0,5792.17009,18577.461912500003
2026-07-13 14:00:00,52412.5,6101.539795,18764.7529275
2026-07-13 15:00:00,52050.0,6246.040102499999,17855.0698275
2026-07-13 16:00:00,51175.0,6202.232652500001,15710.420657499999
2026-07-13 17:00:00,50925.0,5965.14502,12897.5727525
2026-07-13 18:00:00,51487.5,5725.974925,9404.7490225
2026-07-13 19:00:00,52200.0,5442.88237,5537.1750475
2026-07-13 20:00:00,50387.5,5499.7975175,2179.3495175
2026-07-13 21:00:00,48262.5,5982.497545,392.809455
2026-07-13 22:00:00,48475.0,6662.262665,0.7463625
2026-07-13 23:00:00,48387.5,6874.8800825,0.0
2026-07-14 00:00:00,44812.5,6145.434845,0.0
2026-07-14 01:00:00,42825.0,5901.7425225,0.0
2026-07-14 02:00:00,40437.5,5634.0875675,0.0
2026-07-14 03:00:00,38337.5,5224.2125424999995,0.0
2026-07-14 04:00:00,37412.5,4802.480042499999,0.0
2026-07-14 05:00:00,36750.0,4422.2550825,1.1344725
2026-07-14 06:00:00,36400.0,4081.5176225,182.5016125
2026-07-14 07:00:00,36887.5,3458.1724375000003,1475.7012625
2026-07-14 08:00:00,39087.5,2451.427505,4691.5325925
2026-07-14 09:00:00,41387.5,1770.014995,9263.61499
2026-07-14 10:00:00,43025.0,1601.3674600000002,13743.801025
2026-07-14 11:00:00,44975.0,1579.8425325,17085.49292
2026-07-14 12:00:00,46775.0,1673.5699774999998,19173.8935575
2026-07-14 13:00:00,47187.5,1814.1624525,19952.598145
2026-07-14 14:00:00,47037.5,1905.6999650000002,19774.6274425
2026-07-14 15:00:00,46675.0,1976.4649975,18766.40332
2026-07-14 16:00:00,45775.0,2097.1399874999997,16669.607665
2026-07-14 17:00:00,45862.5,2313.47748,13731.50879
2026-07-14 18:00:00,47225.0,2646.2200025,10076.272705
2026-07-14 19:00:00,48700.0,3043.3174475,5859.6433125
2026-07-14 20:00:00,48300.0,3428.735045,2221.61728
2026-07-14 21:00:00,46937.5,4063.0175900000004,389.479605
2026-07-14 22:00:00,47775.0,4810.56511,0.4968525
2026-07-14 23:00:00,47825.0,5089.2550325,0.0
2026-07-15 00:00:00,45412.5,6026.222715,0.0
2026-07-15 01:00:00,43362.5,5906.6922925,0.0
2026-07-15 02:00:00,41012.5,5373.679975,0.0
2026-07-15 03:00:00,38875.0,5020.05252,0.0
2026-07-15 04:00:00,38562.5,4964.3625325,0.0
2026-07-15 05:00:00,40025.0,4763.39995,0.84357
2026-07-15 06:00:00,42450.0,4473.7575975,168.878165
2026-07-15 07:00:00,45362.5,3879.0274975,1325.288225
2026-07-15 08:00:00,48575.0,3076.2800925,4130.9379275
2026-07-15 09:00:00,51012.5,2618.71994,7750.345455
2026-07-15 10:00:00,52987.5,2478.025055,11490.967775000001
2026-07-15 11:00:00,54775.0,2565.56004,14608.8112825
2026-07-15 12:00:00,56187.5,2772.7999725,17003.8801275
2026-07-15 13:00:00,56337.5,2869.6699499999995,18415.951172499997
2026-07-15 14:00:00,56600.0,2982.6999975,18426.48291
2026-07-15 15:00:00,56325.0,3232.7400225,17226.926755
2026-07-15 16:00:00,54750.0,3559.8324875,15390.629395
2026-07-15 17:00:00,54125.0,3457.3950800000002,12736.130615
2026-07-15 18:00:00,54925.0,3129.7175300000004,9289.5589625
2026-07-15 19:00:00,55462.5,2880.81247,5459.5999775
2026-07-15 20:00:00,53737.5,2847.3725425,2175.4890725
2026-07-15 21:00:00,51712.5,3216.3949300000004,380.1396125
2026-07-15 22:00:00,51725.0,3687.7725225,0.7301025
2026-07-15 23:00:00,51375.0,3830.6900075,0.0
2026-07-16 00:00:00,47312.5,4316.952635,0.0
2026-07-16 01:00:00,44925.0,3982.5700225,0.0
2026-07-16 02:00:00,42400.0,3901.2849399999996,0.0
2026-07-16 03:00:00,40012.5,3723.6749250000003,0.0
2026-07-16 04:00:00,39062.5,3450.52002,0.0
2026-07-16 05:00:00,40087.5,3128.0475,0.6350725
2026-07-16 06:00:00,42375.0,2856.0274525,173.735635
2026-07-16 07:00:00,45187.5,2590.4324725,1441.0169075000001
2026-07-16 08:00:00,47975.0,2035.9499724999998,4567.430237500001
2026-07-16 09:00:00,50225.0,1308.54503,8656.44702
2026-07-16 10:00:00,52037.5,1275.6599999999999,12516.14795
2026-07-16 11:00:00,53412.5,1463.6975324999999,15061.9272475
2026-07-16 12:00:00,54750.0,1845.55249,16267.883545
2026-07-16 13:00:00,54937.5,2004.6349799999998,16579.6440425
2026-07-16 14:00:00,55162.5,1918.640015,16406.6909175
2026-07-16 15:00:00,54462.5,2223.80751,15578.4897425
2026-07-16 16:00:00,53475.0,2533.785065,13966.30127
2026-07-16 17:00:00,53075.0,2840.9499425000004,11679.6262225
2026-07-16 18:00:00,54175.0,3290.5725574999997,8564.99048
2026-07-16 19:00:00,54825.0,3737.2275075,5047.32965
2026-07-16 20:00:00,52775.0,3857.4225174999997,1997.2544825
2026-07-16 21:00:00,51012.5,3661.669935,337.66386
2026-07-16 22:00:00,50775.0,3483.8724825,0.28322
2026-07-16 23:00:00,50537.5,3071.9848775,0.0
2026-07-17 00:00:00,46725.0,3306.4549875000002,0.0
2026-07-17 01:00:00,44637.5,2987.047505,0.0
2026-07-17 02:00:00,42012.5,2717.7525600000004,0.0
2026-07-17 03:00:00,39850.0,2550.764865,0.0
2026-07-17 04:00:00,38962.5,2520.44494,0.0
2026-07-17 05:00:00,39975.0,2586.4674600000003,0.3141925
2026-07-17 06:00:00,41925.0,2625.1475,151.5136225
2026-07-17 07:00:00,44350.0,2364.882595,1293.720445
2026-07-17 08:00:00,47175.0,1824.634945,4121.03595
2026-07-17 09:00:00,49650.0,1451.130015,8017.0832525
2026-07-17 10:00:00,51587.5,1365.2624475,11779.3410625
2026-07-17 11:00:00,53337.5,1367.3624625,15257.1772475
2026-07-17 12:00:00,54262.5,1438.557515,17611.1684575
2026-07-17 13:00:00,54087.5,1509.2124700000002,18792.813965
2026-07-17 14:00:00,54137.5,1703.4399725,18953.015625
2026-07-17 15:00:00,53350.0,2114.77252,17922.09131
2026-07-17 16:00:00,52062.5,2542.3300474999996,15974.04419
2026-07-17 17:00:00,51500.0,2662.7149525,13178.576172500001
2026-07-17 18:00:00,52287.5,2531.5374825,9764.8054175
2026-07-17 19:00:00,52262.5,2470.702535,5761.99768
2026-07-17 20:00:00,50362.5,2417.5751,2205.3641374999997
2026-07-17 21:00:00,48412.5,2472.3049499999997,370.06377
2026-07-17 22:00:00,48512.5,2679.57745,0.2808025
2026-07-17 23:00:00,48575.0,2735.3924975,0.0
2026-07-18 00:00:00,44037.5,2561.93251,0.0
2026-07-18 01:00:00,42050.0,2492.5974375,0.0
2026-07-18 02:00:00,40112.5,2264.09497,0.0
2026-07-18 03:00:00,37437.5,2012.0774925,0.0
2026-07-18 04:00:00,36175.0,1892.84251,0.0
2026-07-18 05:00:00,35887.5,1796.2824625,0.1437225
2026-07-18 06:00:00,35825.0,1737.3049675,149.5270025
2026-07-18 07:00:00,36425.0,1538.61998,1434.5570975
2026-07-18 08:00:00,38225.0,1080.2050125,4776.77539
2026-07-18 09:00:00,40475.0,663.4675,9431.03943
2026-07-18 10:00:00,42900.0,563.02999,13857.936035
2026-07-18 11:00:00,44825.0,582.4124825,17060.0527325
2026-07-18 12:00:00,46325.0,752.7724825,18979.598145
2026-07-18 13:00:00,46037.5,834.7822125,17573.58838
2026-07-18 14:00:00,45987.5,880.297955,15430.825929999999
2026-07-18 15:00:00,45312.5,1627.5569975,18033.52539
2026-07-18 16:00:00,44225.0,2209.95003,17298.91162
2026-07-18 17:00:00,43962.5,2721.2199650000002,14345.4157725
2026-07-18 18:00:00,45250.0,3200.1950125,10539.491212500001
2026-07-18 19:00:00,45950.0,3623.607435,6101.4362775
2026-07-18 20:00:00,44850.0,4439.8849975,2304.158235
2026-07-18 21:00:00,43837.5,5121.480132500001,366.96185
2026-07-18 22:00:00,44850.0,4890.747420000001,0.1229475
2026-07-18 23:00:00,45012.5,4666.955035,0.0
2026-07-19 00:00:00,42187.5,4967.8149300000005,0.0
2026-07-19 01:00:00,40062.5,5021.7050925,0.0
2026-07-19 02:00:00,37950.0,4877.3550275,0.0
2026-07-19 03:00:00,35562.5,4692.1924425,0.0
2026-07-19 04:00:00,34037.5,4639.2400099999995,0.0
2026-07-19 05:00:00,33475.0,4679.229965,0.0648325
2026-07-19 06:00:00,33300.0,4717.4800725000005,144.9934675
2026-07-19 07:00:00,33650.0,4434.0199725,1457.3539575
2026-07-19 08:00:00,35337.5,3763.7675775,4876.4552625
2026-07-19 09:00:00,37712.5,2798.3247525,8362.71167
2026-07-19 10:00:00,39750.0,2160.0298924999997,10826.468995
2026-07-19 11:00:00,41500.0,2129.8451975000003,13437.80371
2026-07-19 12:00:00,43325.0,1737.00755,14494.7883275
2026-07-19 13:00:00,43875.0,1097.0627575,14039.728027500001
2026-07-19 14:00:00,43700.0,1095.6203875,14039.148925
2026-07-19 15:00:00,42537.5,1142.84961,13394.5036625
2026-07-19 16:00:00,41037.5,1823.30541,12863.4228525
2026-07-19 17:00:00,41737.5,3303.8478625000002,12791.47998
2026-07-19 18:00:00,43650.0,4617.22004,10564.2204575
2026-07-19 19:00:00,45325.0,5459.314895,6115.2582999999995
2026-07-19 20:00:00,45212.5,6269.6025375,2299.2184725
2026-07-19 21:00:00,44375.0,6847.0274975,358.26707250000004
2026-07-19 22:00:00,45037.5,7190.625260000001,0.00404
2026-07-19 23:00:00,45250.0,7214.327365,0.0
2026-07-20 00:00:00,41462.5,7958.822352499999,0.0
2026-07-20 01:00:00,39400.0,7880.1999175,0.0
2026-07-20 02:00:00,37037.5,7451.0000275,0.0
2026-07-20 03:00:00,35112.5,6912.45499,0.0
2026-07-20 04:00:00,34575.0,6585.697399999999,0.0
2026-07-20 05:00:00,35850.0,6412.852432499999,0.01609
2026-07-20 06:00:00,38237.5,6286.864915,155.5525525
2026-07-20 07:00:00,40912.5,5666.77237,1513.1236425
2026-07-20 08:00:00,43825.0,4682.5050675,5060.1124875000005
2026-07-20 09:00:00,46150.0,4425.9125675,9998.3947775
2026-07-20 10:00:00,48000.0,4451.86992,14561.47681
2026-07-20 11:00:00,49325.0,4275.028595,17797.3828125
2026-07-20 12:00:00,50187.5,2836.7707675,15411.041014999999
2026-07-20 13:00:00,50325.0,3902.00064,19717.0881325
2026-07-20 14:00:00,50612.5,3772.696825,18665.2797875
2026-07-20 15:00:00,50575.0,4805.887650000001,19027.19775
2026-07-20 16:00:00,49325.0,5942.17477,18275.472655
2026-07-20 17:00:00,49412.5,6542.397457499999,15213.640625
2026-07-20 18:00:00,50825.0,7041.4600075,11153.1174325
2026-07-20 19:00:00,51625.0,7514.437432500001,6442.2839349999995
2026-07-20 20:00:00,49825.0,7739.757600000001,2404.921235
2026-07-20 21:00:00,47887.5,7687.354827499999,369.21896749999996
2026-07-20 22:00:00,48000.0,8062.7749325,0.0
2026-07-20 23:00:00,47712.5,8338.9502875,0.0
2026-07-21 00:00:00,43505.0,7975.082335000001,0.0
2026-07-21 01:00:00,41579.0,7603.61255,0.0
2026-07-21 02:00:00,39410.25,7356.4750375,0.0
2026-07-21 03:00:00,36929.625,7045.674910000001,0.0
2026-07-21 04:00:00,36639.125,6730.3549975,0.0
2026-07-21 05:00:00,37838.25,6510.27246,0.0
2026-07-21 06:00:00,39858.125,6288.937395000001,147.14592
2026-07-21 07:00:00,42321.375,5729.8874925,1438.5774525
2026-07-21 08:00:00,45017.625,4647.94254,4895.3495475
2026-07-21 09:00:00,46761.25,3784.90254,9875.356935
2026-07-21 10:00:00,48232.125,3722.0574500000002,14627.6115725
2026-07-21 11:00:00,50119.25,3917.0974425000004,18021.40576
2026-07-21 12:00:00,51121.125,4174.664914999999,20157.8261725
2026-07-21 13:00:00,51724.25,4217.0124525,21124.7270525
2026-07-21 14:00:00,52782.125,4268.3574375,21348.36621
2026-07-21 15:00:00,51767.25,4438.7574275,20690.973145
2026-07-21 16:00:00,50334.25,4736.0773325,18901.192382499998
2026-07-21 17:00:00,49378.875,5245.8325024999995,15861.401125
2026-07-21 18:00:00,50595.0,5812.0225825,11690.16455
2026-07-21 19:00:00,51139.0,6221.5449925,6730.892942500001
2026-07-21 20:00:00,49560.75,6147.3400425,2427.3847650000002
2026-07-21 21:00:00,47812.875,6053.774885000001,359.2873475
2026-07-21 22:00:00,47984.375,6262.607604999999,0.0
2026-07-21 23:00:00,48221.125,6228.48001,0.0
2026-07-22 00:00:00,43625.0,6042.629975,0.0
2026-07-22 01:00:00,41125.0,5537.26747,0.0
2026-07-22 02:00:00,38950.0,5132.5949425,0.0
2026-07-22 03:00:00,36950.0,4817.5174875,0.0
2026-07-22 04:00:00,36587.5,4489.9899625,0.0
2026-07-22 05:00:00,37962.5,4150.95749,0.0
2026-07-22 06:00:00,40050.0,3804.5550700000003,149.196065
2026-07-22 07:00:00,42462.5,3439.61989,1512.348955
2026-07-22 08:00:00,44675.0,2755.8774274999996,5159.520385
2026-07-22 09:00:00,46225.0,1990.1900249999999,10265.7771
2026-07-22 10:00:00,47662.5,1914.6100175,15001.477294999999
2026-07-22 11:00:00,50000.0,1940.7349625000002,18436.5361325
2026-07-22 12:00:00,51425.0,2074.3150225,20600.768552499998
2026-07-22 13:00:00,51200.0,2114.927505,21529.0336925
2026-07-22 14:00:00,51100.0,2202.822535,21578.117675
2026-07-22 15:00:00,50075.0,2404.6249700000003,20748.264649999997
2026-07-22 16:00:00,49200.0,2676.0575049999998,18607.03467
2026-07-22 17:00:00,48600.0,2994.499975,15579.36499
2026-07-22 18:00:00,49650.0,3307.8524675,11426.6691875
2026-07-22 19:00:00,51112.5,3592.3775800000003,6554.9909675
2026-07-22 20:00:00,49387.5,3764.5825274999997,2409.3604725
2026-07-22 21:00:00,47712.5,4143.22999,354.9711
2026-07-22 22:00:00,48200.0,4884.7725574999995,0.0
2026-07-22 23:00:00,48000.0,5326.480105,0.0
2026-07-23 00:00:00,42962.5,5253.8149725,0.0
2026-07-23 01:00:00,40700.0,5034.1148975,0.0
2026-07-23 02:00:00,38450.0,4794.17238,0.0
2026-07-23 03:00:00,36575.0,4603.359955,0.0
2026-07-23 04:00:00,36150.0,4466.330015,0.0
2026-07-23 05:00:00,37312.5,4293.98256,0.0
2026-07-23 06:00:00,39100.0,4003.0674575000003,135.8615575
2026-07-23 07:00:00,41362.5,3557.1074975,1424.3049625
2026-07-23 08:00:00,43775.0,2778.592515,4919.4287125
2026-07-23 09:00:00,45462.5,2096.83496,9917.8863525
2026-07-23 10:00:00,46487.5,2092.7574675,14625.22632
2026-07-23 11:00:00,48100.0,2272.3449675,18027.213867500002
2026-07-23 12:00:00,49200.0,2507.2149400000003,20259.91455
2026-07-23 13:00:00,49162.5,2648.6625325,21154.9975575
2026-07-23 14:00:00,49262.5,2803.380055,21217.06836
2026-07-23 15:00:00,48800.0,3031.1799925,20493.962405
2026-07-23 16:00:00,47837.5,3273.41254,18619.95459
2026-07-23 17:00:00,47675.0,3563.952475,15592.2692875
2026-07-23 18:00:00,49087.5,3919.8399950000003,11453.039305
2026-07-23 19:00:00,49712.5,4302.8350175,6548.6705325
2026-07-23 20:00:00,47975.0,4453.604935,2323.3967000000002
2026-07-23 21:00:00,46187.5,4504.8948675,319.748585
2026-07-23 22:00:00,46575.0,4899.8201125000005,0.0
2026-07-23 23:00:00,46762.5,5251.2325175,0.0
2026-07-24 00:00:00,43087.5,5243.17488,0.0
2026-07-24 01:00:00,40950.0,5040.9924025,0.0
2026-07-24 02:00:00,38575.0,4695.6673775,0.0
2026-07-24 03:00:00,36687.5,4285.185055,0.0
2026-07-24 04:00:00,36000.0,3929.6274700000004,0.0
2026-07-24 05:00:00,37025.0,3688.8800499999998,0.0
2026-07-24 06:00:00,39162.5,3461.8449349999996,118.7317975
2026-07-24 07:00:00,41887.5,3248.77997,1390.592835
2026-07-24 08:00:00,44612.5,2653.1075075,4906.5228275
2026-07-24 09:00:00,46425.0,1707.402505,9878.98596
2026-07-24 10:00:00,47575.0,1612.6324775,14572.117675000001
2026-07-24 11:00:00,48350.0,1642.4899925,18007.1899425
2026-07-24 12:00:00,48812.5,1716.32004,20247.1391625
2026-07-24 13:00:00,48887.5,1815.5824775,21223.6782225
2026-07-24 14:00:00,49000.0,1903.53249,21243.0522475
2026-07-24 15:00:00,48512.5,1947.1900175,20405.549315
2026-07-24 16:00:00,47200.0,1966.899985,18314.881345
2026-07-24 17:00:00,46837.5,2044.6575475,15173.837405
2026-07-24 18:00:00,48237.5,2266.39501,10973.01245
2026-07-24 19:00:00,48375.0,2653.01746,6127.373415
2026-07-24 20:00:00,46650.0,3054.9874575000003,2146.0697925
2026-07-24 21:00:00,45362.5,3628.7925725000005,279.58772749999997
2026-07-24 22:00:00,46212.5,4296.5101875,0.0
2026-07-24 23:00:00,45812.5,4536.2674275,0.0
2026-07-25 00:00:00,42475.0,4968.234865,0.0
2026-07-25 01:00:00,39912.5,4737.29242,0.0
2026-07-25 02:00:00,37612.5,4356.01245,0.0
2026-07-25 03:00:00,35575.0,3854.6001,0.0
2026-07-25 04:00:00,34725.0,3261.129975,0.0
2026-07-25 05:00:00,34500.0,2789.0199825,0.0
2026-07-25 06:00:00,34575.0,2501.7675725,109.77251749999999
2026-07-25 07:00:00,35100.0,2278.5624625,1197.0326225
2026-07-25 08:00:00,36950.0,1941.664985,4079.9760724999996
2026-07-25 09:00:00,39200.0,1524.2700025,8063.1855475
2026-07-25 10:00:00,41412.5,1505.507505,12107.7365725
2026-07-25 11:00:00,43200.0,1593.0924875,15541.558105
2026-07-25 12:00:00,44912.5,1782.03996,17901.9243175
2026-07-25 13:00:00,45212.5,2098.99753,18930.481935
2026-07-25 14:00:00,45137.5,2458.95993,18719.184569999998
2026-07-25 15:00:00,44137.5,2782.9550175,17257.5595725
2026-07-25 16:00:00,43025.0,3145.71756,15017.2229
2026-07-25 17:00:00,42725.0,3598.0473925000006,12111.49121
2026-07-25 18:00:00,43850.0,4148.5950025,8631.86914
2026-07-25 19:00:00,44600.0,4806.8149375,4927.411865
2026-07-25 20:00:00,43062.5,5443.702365,1851.04126
2026-07-25 21:00:00,41812.5,5988.7324225,256.47587250000004
2026-07-25 22:00:00,42500.0,6466.0500775,0.0
2026-07-25 23:00:00,42812.5,6760.207335,0.0
2026-07-26 00:00:00,40050.0,7312.774902499999,0.0
2026-07-26 01:00:00,37712.5,6857.42743,0.0
2026-07-26 02:00:00,35400.0,6258.5473950000005,0.0
2026-07-26 03:00:00,33312.5,5913.57495,0.0
2026-07-26 04:00:00,32487.5,5830.604995,0.0
2026-07-26 05:00:00,32275.0,5818.9273075,0.0
2026-07-26 06:00:00,32050.0,5790.06003,107.03162
2026-07-26 07:00:00,32337.5,5615.425095,1002.6539075000001
2026-07-26 08:00:00,33025.0,5625.3924875,3517.5000625000002
2026-07-26 09:00:00,34337.5,4450.1891875,5635.52759
2026-07-26 10:00:00,36825.0,3289.17767,7570.921385
2026-07-26 11:00:00,39375.0,4434.639877500001,9682.572265
2026-07-26 12:00:00,40725.0,5648.073985,10965.7622075
2026-07-26 13:00:00,39475.0,3838.7261625,10541.54053
2026-07-26 14:00:00,38925.0,3804.3293675,10750.1569825
2026-07-26 15:00:00,38300.0,4138.172805,10507.2634275
2026-07-26 16:00:00,37725.0,4441.5265725,9547.878420000001
2026-07-26 17:00:00,38437.5,4793.887032500001,7944.7213125
2026-07-26 18:00:00,40425.0,8726.8674075,6143.6495374999995
2026-07-26 19:00:00,42175.0,14051.2040425,4389.9212025
2026-07-26 20:00:00,42037.5,12753.5854225,1559.29297
2026-07-26 21:00:00,41350.0,11414.292754999999,211.10603999999998
2026-07-26 22:00:00,41900.0,10566.4421725,0.0
2026-07-26 23:00:00,42237.5,9905.48303,0.0
2026-07-27 00:00:00,38700.0,9096.40219,0.0
2026-07-27 01:00:00,36412.5,8095.302625,0.0
2026-07-27 02:00:00,34475.0,7108.2650275,0.0
2026-07-27 03:00:00,32725.0,6328.0774525,0.0
2026-07-27 04:00:00,32575.0,5712.7224425,0.0
2026-07-27 05:00:00,34250.0,5050.19238,0.0
2026-07-27 06:00:00,36687.5,4430.3148675,93.95375250000001
2026-07-27 07:00:00,39425.0,3795.724975,968.128905
2026-07-27 08:00:00,42062.5,3041.797525,3604.5105599999997
2026-07-27 09:00:00,43962.5,2529.0800074999997,7716.1846925
2026-07-27 10:00:00,45625.0,2388.7324525000004,11671.0939925
2026-07-27 11:00:00,47225.0,2416.5425,14102.80835
2026-07-27 12:00:00,48200.0,2507.7198275,16047.2290025
2026-07-27 13:00:00,48162.5,1591.5201350000002,13797.5310075
2026-07-27 14:00:00,48487.5,1669.810445,14574.5488275
2026-07-27 15:00:00,47487.5,1770.695035,14566.6315925
2026-07-27 16:00:00,46687.5,1739.5098975,13556.59741
2026-07-27 17:00:00,46387.5,2313.352785,14019.01538
2026-07-27 18:00:00,47412.5,2396.8949350000003,10991.427735
2026-07-27 19:00:00,48425.0,2314.4874875,6138.607910000001
2026-07-27 20:00:00,46612.5,2279.9799625,2067.7308024999998
2026-07-27 21:00:00,44612.5,2458.0199274999995,252.3198575
2026-07-27 22:00:00,44912.5,2719.289855,0.0
2026-07-27 23:00:00,44700.0,2706.8475424999997,0.0
2026-07-28 00:00:00,42175.0,2955.3749775,0.0
2026-07-28 01:00:00,40137.5,3003.16748,0.0
2026-07-28 02:00:00,38287.5,2850.850015,0.0
2026-07-28 03:00:00,36400.0,2495.832565,0.0
2026-07-28 04:00:00,35612.5,2183.3724825,0.0
2026-07-28 05:00:00,36737.5,2064.1600475,0.0
2026-07-28 06:00:00,39000.0,2109.28759,96.923035
2026-07-28 07:00:00,41800.0,2189.8625875000002,1242.5133974999999
2026-07-28 08:00:00,44337.5,1881.737525,4679.0155625
2026-07-28 09:00:00,45900.0,1229.3599875,9778.9272475
2026-07-28 10:00:00,47375.0,879.3176025,12863.9924325
2026-07-28 11:00:00,48200.0,658.402335,14123.266847500001
2026-07-28 12:00:00,49525.0,711.6174699999999,18303.3464375
2026-07-28 13:00:00,49637.5,496.46249,16750.7583
2026-07-28 14:00:00,49737.5,591.7323925000001,19290.341797499997
2026-07-28 15:00:00,49200.0,752.3800225,20940.6274425
2026-07-28 16:00:00,48550.0,812.4425024999999,18942.17041
2026-07-28 17:00:00,48425.0,880.49252,15693.7346175
2026-07-28 18:00:00,49912.5,956.7299975000001,11305.585205
2026-07-28 19:00:00,50650.0,1068.4674850000001,6232.62854
2026-07-28 20:00:00,48650.0,1282.8849575,2094.4460725
2026-07-28 21:00:00,46762.5,1744.5199925000002,241.65092499999997
2026-07-28 22:00:00,47212.5,2329.8524949999996,0.0
2026-07-28 23:00:00,47125.0,2651.8524775,0.0
2026-07-29 00:00:00,43462.5,2249.2374625,0.0
2026-07-29 01:00:00,41625.0,2147.9675174999998,0.0
2026-07-29 02:00:00,39462.5,2024.3125025,0.0
2026-07-29 03:00:00,37325.0,1892.71501,0.0
2026-07-29 04:00:00,36637.5,1875.83253,0.0
2026-07-29 05:00:00,37800.0,1962.005005,0.0
2026-07-29 06:00:00,39875.0,2080.2525225,90.14702
2026-07-29 07:00:00,42262.5,2033.4000075,1221.7352425
2026-07-29 08:00:00,45000.0,1778.11499,4614.36792
2026-07-29 09:00:00,47287.5,1281.8349699999999,9672.0599375
2026-07-29 10:00:00,48762.5,813.00749,14572.2805175
2026-07-29 11:00:00,50412.5,813.864995,18162.64453
2026-07-29 12:00:00,51687.5,925.660005,20414.8603525
2026-07-29 13:00:00,51825.0,1171.087525,21502.690430000002
2026-07-29 14:00:00,52025.0,1555.7100149999999,21616.0380875
2026-07-29 15:00:00,51575.0,1950.1650275,20716.586915
2026-07-29 16:00:00,50812.5,2209.3798500000003,18671.1948225
2026-07-29 17:00:00,50575.0,2315.5749125,15435.4345725
2026-07-29 18:00:00,51900.0,2241.9024074999998,11086.056395
2026-07-29 19:00:00,52775.0,2038.125,6068.290407500001
2026-07-29 20:00:00,50850.0,1955.6874750000002,2004.3087475
2026-07-29 21:00:00,48812.5,2284.79506,216.1688075
2026-07-29 22:00:00,48987.5,2746.75997,0.0
2026-07-29 23:00:00,48650.0,2942.2874475000003,0.0
