,demand_fc,wind_fc,solar_fc
2025-05-29 00:00:00,25072.0,5759.8,0.0
2025-05-29 01:00:00,23696.5,5119.8,0.0
2025-05-29 02:00:00,22717.3,4617.0,0.0
2025-05-29 03:00:00,22286.5,4118.3,0.0
2025-05-29 04:00:00,22164.3,3699.8,0.0
2025-05-29 05:00:00,22643.0,3335.8,0.0
2025-05-29 06:00:00,24780.5,2957.5,18.8
2025-05-29 07:00:00,27093.5,2493.5,2040.8
2025-05-29 08:00:00,28350.3,1986.3,8302.0
2025-05-29 09:00:00,28559.5,1687.5,13552.3
2025-05-29 10:00:00,28299.5,1591.0,15552.8
2025-05-29 11:00:00,28223.3,1635.3,15977.5
2025-05-29 12:00:00,28395.8,1792.0,16085.5
2025-05-29 13:00:00,28791.5,1931.3,15942.8
2025-05-29 14:00:00,28473.5,2092.0,15628.0
2025-05-29 15:00:00,28004.0,2197.0,15176.3
2025-05-29 16:00:00,28102.0,2367.3,14623.5
2025-05-29 17:00:00,28957.3,2574.0,14022.3
2025-05-29 18:00:00,29774.0,2877.5,12722.5
2025-05-29 19:00:00,30811.8,3191.0,9587.8
2025-05-29 20:00:00,31418.8,3443.5,3958.3
2025-05-29 21:00:00,31644.3,3641.0,398.0
2025-05-29 22:00:00,29919.8,3479.3,0.0
2025-05-29 23:00:00,27247.0,3286.5,0.0
2025-05-30 00:00:00,25646.5,3248.5,0.0
2025-05-30 01:00:00,24219.0,3218.8,0.0
2025-05-30 02:00:00,23261.0,3121.0,0.0
2025-05-30 03:00:00,22738.5,2923.3,0.0
2025-05-30 04:00:00,22599.5,2726.0,0.0
2025-05-30 05:00:00,22998.8,2492.0,0.0
2025-05-30 06:00:00,25086.8,2205.0,19.8
2025-05-30 07:00:00,27534.8,1806.8,1824.0
2025-05-30 08:00:00,28914.0,1446.8,7428.5
2025-05-30 09:00:00,29250.8,1201.3,12567.0
2025-05-30 10:00:00,29091.0,1162.5,14862.8
2025-05-30 11:00:00,29063.3,1359.5,15624.0
2025-05-30 12:00:00,29185.8,1649.5,16019.8
2025-05-30 13:00:00,29597.8,1941.8,15943.3
2025-05-30 14:00:00,29004.0,2263.0,15526.0
2025-05-30 15:00:00,28441.3,2617.5,14805.5
2025-05-30 16:00:00,28372.5,3059.0,13925.0
2025-05-30 17:00:00,29241.0,3517.8,12931.8
2025-05-30 18:00:00,29875.3,3779.3,11343.0
2025-05-30 19:00:00,30685.5,3697.3,8309.5
2025-05-30 20:00:00,30915.5,3547.3,3397.3
2025-05-30 21:00:00,31003.5,3273.0,354.3
2025-05-30 22:00:00,29606.8,2840.8,0.0
2025-05-30 23:00:00,27021.0,2408.8,0.0
2025-05-31 00:00:00,25587.8,2140.3,0.0
2025-05-31 01:00:00,24208.3,1936.3,0.0
2025-05-31 02:00:00,23025.5,1741.5,0.0
2025-05-31 03:00:00,22334.0,1543.5,0.0
2025-05-31 04:00:00,21986.3,1407.5,0.0
2025-05-31 05:00:00,21753.0,1307.8,0.0
2025-05-31 06:00:00,22058.0,1220.0,12.0
2025-05-31 07:00:00,22491.5,1114.0,1830.8
2025-05-31 08:00:00,23543.5,957.0,7765.8
2025-05-31 09:00:00,24555.0,827.0,12920.8
2025-05-31 10:00:00,25013.0,840.8,14952.3
2025-05-31 11:00:00,24977.3,1015.5,15446.8
2025-05-31 12:00:00,25001.0,1389.5,15694.3
2025-05-31 13:00:00,25319.8,1827.0,15541.0
2025-05-31 14:00:00,25072.5,2162.5,15133.3
2025-05-31 15:00:00,24266.3,2525.3,14465.3
2025-05-31 16:00:00,24028.3,2891.0,13595.0
2025-05-31 17:00:00,24527.3,3205.8,12834.0
2025-05-31 18:00:00,25418.0,3881.5,11513.5
2025-05-31 19:00:00,26603.0,4400.8,8606.0
2025-05-31 20:00:00,27399.5,4292.5,3576.5
2025-05-31 21:00:00,28092.0,3893.5,368.0
2025-05-31 22:00:00,27523.5,3757.8,0.0
2025-05-31 23:00:00,25746.8,3749.0,0.0
2025-06-01 00:00:00,23908.5,3871.8,0.0
2025-06-01 01:00:00,22575.0,3882.8,0.0
2025-06-01 02:00:00,21452.3,3832.8,0.0
2025-06-01 03:00:00,20834.5,3814.3,0.0
2025-06-01 04:00:00,20404.5,3657.8,0.0
2025-06-01 05:00:00,20305.3,3456.0,0.0
2025-06-01 06:00:00,20307.5,3291.8,20.0
2025-06-01 07:00:00,20232.8,2985.8,1534.5
2025-06-01 08:00:00,20639.3,2569.8,6856.5
2025-06-01 09:00:00,21542.5,2534.5,11717.5
2025-06-01 10:00:00,22260.0,2718.3,13953.5
2025-06-01 11:00:00,22540.0,3028.3,14745.8
2025-06-01 12:00:00,22817.8,3465.0,15193.5
2025-06-01 13:00:00,23507.3,3917.5,15099.8
2025-06-01 14:00:00,23622.8,4201.3,14653.8
2025-06-01 15:00:00,22881.3,4419.5,13825.5
2025-06-01 16:00:00,22659.8,4844.3,12794.3
2025-06-01 17:00:00,23401.8,5181.5,11760.3
2025-06-01 18:00:00,24549.5,5513.0,10293.0
2025-06-01 19:00:00,25534.3,5504.3,7608.0
2025-06-01 20:00:00,26708.0,5837.0,3056.3
2025-06-01 21:00:00,27730.8,6207.5,321.5
2025-06-01 22:00:00,27592.3,6416.8,0.0
2025-06-01 23:00:00,25478.0,6561.5,0.0
2025-06-02 00:00:00,23773.0,7283.0,0.0
2025-06-02 01:00:00,22492.0,7162.0,0.0
2025-06-02 02:00:00,21569.3,7017.0,0.0
2025-06-02 03:00:00,21134.8,6933.0,0.0
2025-06-02 04:00:00,21063.8,6819.3,0.0
2025-06-02 05:00:00,21822.8,6864.5,0.0
2025-06-02 06:00:00,24271.0,6581.3,15.8
2025-06-02 07:00:00,26821.5,5863.5,1249.3
2025-06-02 08:00:00,28272.8,5300.5,5683.5
2025-06-02 09:00:00,28762.0,5009.0,10258.3
2025-06-02 10:00:00,28864.5,4781.5,12710.8
2025-06-02 11:00:00,28612.5,4549.5,13989.5
2025-06-02 12:00:00,28661.3,4381.3,14827.3
2025-06-02 13:00:00,28876.5,4497.8,14986.5
2025-06-02 14:00:00,28567.5,4722.3,14684.3
2025-06-02 15:00:00,28104.0,5153.0,14016.3
2025-06-02 16:00:00,28286.3,5677.3,13157.5
2025-06-02 17:00:00,29074.5,6036.8,12375.5
2025-06-02 18:00:00,29704.3,6215.5,11240.5
2025-06-02 19:00:00,30382.0,5533.5,8718.0
2025-06-02 20:00:00,30883.3,5729.5,3829.0
2025-06-02 21:00:00,31051.5,5843.8,410.0
2025-06-02 22:00:00,29416.8,5655.5,0.0
2025-06-02 23:00:00,26715.0,5283.5,0.0
2025-06-03 00:00:00,25339.8,5113.3,0.0
2025-06-03 01:00:00,24019.0,4698.3,0.0
2025-06-03 02:00:00,23061.0,4188.5,0.0
2025-06-03 03:00:00,22594.8,3663.3,0.0
2025-06-03 04:00:00,22397.8,3237.8,0.0
2025-06-03 05:00:00,22887.3,2856.0,0.0
2025-06-03 06:00:00,24956.8,2430.0,27.8
2025-06-03 07:00:00,27295.0,2015.3,1502.0
2025-06-03 08:00:00,28556.3,1677.5,6310.8
2025-06-03 09:00:00,28794.8,1418.3,10812.0
2025-06-03 10:00:00,28359.0,1436.8,13121.5
2025-06-03 11:00:00,28119.0,1662.5,14165.0
2025-06-03 12:00:00,28120.3,2057.0,14686.3
2025-06-03 13:00:00,28244.0,2595.0,14689.3
2025-06-03 14:00:00,27855.0,3045.8,14525.8
2025-06-03 15:00:00,27311.0,3658.8,13912.5
2025-06-03 16:00:00,27377.3,4610.0,12954.0
2025-06-03 17:00:00,28275.8,5318.3,12056.8
2025-06-03 18:00:00,28878.0,5919.3,10683.8
2025-06-03 19:00:00,29521.8,6068.8,8198.0
2025-06-03 20:00:00,30510.0,5578.3,3566.5
2025-06-03 21:00:00,30670.5,5019.5,398.5
2025-06-03 22:00:00,28968.8,5047.0,0.0
2025-06-03 23:00:00,26544.8,5113.0,0.0
2025-06-04 00:00:00,24970.5,4806.0,0.0
2025-06-04 01:00:00,23658.3,4725.3,0.0
2025-06-04 02:00:00,22786.3,4516.3,0.0
2025-06-04 03:00:00,22388.0,4258.5,0.0
2025-06-04 04:00:00,22221.0,3955.3,0.0
2025-06-04 05:00:00,22719.0,3609.5,0.0
2025-06-04 06:00:00,24784.5,3153.0,22.8
2025-06-04 07:00:00,27021.8,2733.5,1866.0
2025-06-04 08:00:00,28252.0,2602.8,7728.5
2025-06-04 09:00:00,28515.3,2219.8,12877.8
2025-06-04 10:00:00,28128.3,2454.8,15199.5
2025-06-04 11:00:00,27868.5,2637.8,16158.5
2025-06-04 12:00:00,27836.5,2895.8,16492.8
2025-06-04 13:00:00,28121.8,3127.5,16234.8
2025-06-04 14:00:00,27912.5,3359.0,15865.3
2025-06-04 15:00:00,27386.5,3549.0,15311.5
2025-06-04 16:00:00,27388.8,3793.8,14613.0
2025-06-04 17:00:00,28060.3,4119.3,13877.8
2025-06-04 18:00:00,28406.3,4428.0,12539.8
2025-06-04 19:00:00,29197.8,4651.5,9490.8
2025-06-04 20:00:00,30141.3,4819.0,4170.0
2025-06-04 21:00:00,30292.0,4848.3,492.3
2025-06-04 22:00:00,28764.0,4898.8,0.0
2025-06-04 23:00:00,26324.5,4788.8,0.0
2025-06-05 00:00:00,24556.3,4363.8,0.0
2025-06-05 01:00:00,23301.3,4062.8,0.0
2025-06-05 02:00:00,22464.3,3789.0,0.0
2025-06-05 03:00:00,22135.3,3624.3,0.0
2025-06-05 04:00:00,22054.3,3514.5,0.0
2025-06-05 05:00:00,22546.8,3356.5,0.0
2025-06-05 06:00:00,24619.3,3159.8,33.5
2025-06-05 07:00:00,26892.8,2789.0,1786.8
2025-06-05 08:00:00,28081.3,2412.5,7967.0
2025-06-05 09:00:00,28435.3,2201.3,13339.5
2025-06-05 10:00:00,28284.0,2135.0,15729.5
2025-06-05 11:00:00,28054.0,2231.5,16588.5
2025-06-05 12:00:00,28095.5,2408.0,17006.8
2025-06-05 13:00:00,28338.3,2587.0,16932.3
2025-06-05 14:00:00,28055.8,2722.3,16662.3
2025-06-05 15:00:00,27642.5,2885.0,16285.0
2025-06-05 16:00:00,27786.8,3222.5,15722.8
2025-06-05 17:00:00,28428.8,3564.3,15270.8
2025-06-05 18:00:00,28769.0,3705.0,13946.3
2025-06-05 19:00:00,29172.8,3706.3,10596.0
2025-06-05 20:00:00,29876.5,3675.8,4693.3
2025-06-05 21:00:00,30123.8,3678.5,544.8
2025-06-05 22:00:00,28688.5,3775.3,0.0
2025-06-05 23:00:00,26355.8,3964.0,0.0
2025-06-06 00:00:00,25365.5,3855.3,0.0
2025-06-06 01:00:00,24012.8,3554.3,0.0
2025-06-06 02:00:00,23029.8,3293.8,0.0
2025-06-06 03:00:00,22646.5,3170.5,0.0
2025-06-06 04:00:00,22524.5,3083.3,0.0
2025-06-06 05:00:00,23058.8,2933.5,0.0
2025-06-06 06:00:00,25107.0,2704.8,28.0
2025-06-06 07:00:00,27392.5,2387.8,1911.3
2025-06-06 08:00:00,28587.5,1979.5,8015.3
2025-06-06 09:00:00,29022.5,1634.0,13566.8
2025-06-06 10:00:00,28879.0,1494.3,16065.8
2025-06-06 11:00:00,28695.5,1581.0,16870.8
2025-06-06 12:00:00,28713.3,1802.0,17156.5
2025-06-06 13:00:00,28931.3,2002.5,17177.5
2025-06-06 14:00:00,28530.8,2220.0,16946.3
2025-06-06 15:00:00,27881.8,2411.3,16551.3
2025-06-06 16:00:00,27942.5,2753.8,15996.8
2025-06-06 17:00:00,28495.3,3365.3,15701.0
2025-06-06 18:00:00,28997.3,4042.0,14419.0
2025-06-06 19:00:00,29447.3,4436.8,10928.3
2025-06-06 20:00:00,29565.3,4503.0,4805.5
2025-06-06 21:00:00,29796.5,4443.5,599.0
2025-06-06 22:00:00,28595.8,4326.5,0.0
2025-06-06 23:00:00,26531.5,4096.8,0.0
2025-06-07 00:00:00,24984.0,4276.5,0.0
2025-06-07 01:00:00,23612.5,3840.0,0.0
2025-06-07 02:00:00,22534.0,3417.0,0.0
2025-06-07 03:00:00,21887.3,3198.0,0.0
2025-06-07 04:00:00,21445.5,3039.5,0.0
2025-06-07 05:00:00,21361.5,2870.3,0.0
2025-06-07 06:00:00,21630.0,2629.0,30.0
2025-06-07 07:00:00,22206.0,2172.0,1997.0
2025-06-07 08:00:00,23205.5,1653.3,8340.5
2025-06-07 09:00:00,24263.0,1394.3,13829.5
2025-06-07 10:00:00,24598.3,1408.3,16047.5
2025-06-07 11:00:00,24594.3,1613.0,16669.5
2025-06-07 12:00:00,24529.0,1925.3,16853.8
2025-06-07 13:00:00,24793.0,2369.5,16709.0
2025-06-07 14:00:00,24621.0,2780.0,16449.8
2025-06-07 15:00:00,23941.5,3266.3,16073.5
2025-06-07 16:00:00,23688.8,3747.5,15595.5
2025-06-07 17:00:00,24229.5,4326.0,15330.3
2025-06-07 18:00:00,24886.5,4813.3,14243.5
2025-06-07 19:00:00,25668.3,5236.3,10956.0
2025-06-07 20:00:00,26366.8,5488.3,4871.8
2025-06-07 21:00:00,26960.3,5958.3,612.3
2025-06-07 22:00:00,26622.0,5973.3,0.0
2025-06-07 23:00:00,24861.5,5788.0,0.0
2025-06-08 00:00:00,23425.8,5409.3,0.0
2025-06-08 01:00:00,22160.8,5225.5,0.0
2025-06-08 02:00:00,21139.3,5037.5,0.0
2025-06-08 03:00:00,20474.0,4841.8,0.0
2025-06-08 04:00:00,20088.5,4718.3,0.0
2025-06-08 05:00:00,19990.0,4680.5,0.0
2025-06-08 06:00:00,20010.0,4449.5,29.0
2025-06-08 07:00:00,19954.3,3777.3,1973.0
2025-06-08 08:00:00,20488.0,3038.3,8145.0
2025-06-08 09:00:00,21512.8,2380.8,13396.5
2025-06-08 10:00:00,22228.3,1910.3,15388.3
2025-06-08 11:00:00,22512.5,1738.3,16051.0
2025-06-08 12:00:00,22622.3,1813.3,16477.5
2025-06-08 13:00:00,23253.8,1947.8,16389.5
2025-06-08 14:00:00,23430.5,2167.8,16200.0
2025-06-08 15:00:00,22645.5,2672.0,15685.3
2025-06-08 16:00:00,22429.8,3337.0,15184.5
2025-06-08 17:00:00,22996.8,4107.5,14734.8
2025-06-08 18:00:00,23916.3,4948.0,13614.8
2025-06-08 19:00:00,24819.0,5739.5,10437.3
2025-06-08 20:00:00,25967.5,6688.3,4568.8
2025-06-08 21:00:00,27249.8,7448.0,541.0
2025-06-08 22:00:00,27146.5,7751.0,0.0
2025-06-08 23:00:00,25083.8,7628.3,0.0
2025-06-09 00:00:00,23856.0,7138.5,0.0
2025-06-09 01:00:00,22473.8,6499.8,0.0
2025-06-09 02:00:00,21510.5,5785.5,0.0
2025-06-09 03:00:00,21108.8,5221.8,0.0
2025-06-09 04:00:00,21048.8,4847.0,0.0
2025-06-09 05:00:00,21774.3,4621.0,0.0
2025-06-09 06:00:00,24162.5,4473.3,30.3
2025-06-09 07:00:00,26598.8,4065.3,1802.3
2025-06-09 08:00:00,28151.5,3461.0,7282.5
2025-06-09 09:00:00,28692.3,3052.5,12238.3
2025-06-09 10:00:00,28860.8,2887.3,14685.8
2025-06-09 11:00:00,28823.0,2766.5,15794.8
2025-06-09 12:00:00,28877.0,2740.0,16242.0
2025-06-09 13:00:00,29435.3,2750.3,16086.3
2025-06-09 14:00:00,29321.3,2891.8,15576.5
2025-06-09 15:00:00,28891.3,3244.5,14769.5
2025-06-09 16:00:00,29012.3,3506.8,13723.3
2025-06-09 17:00:00,29769.3,3690.3,12486.8
2025-06-09 18:00:00,30367.3,4079.3,10669.8
2025-06-09 19:00:00,31126.5,4387.5,7536.5
2025-06-09 20:00:00,31625.8,4661.0,3264.8
2025-06-09 21:00:00,31566.5,5060.5,413.5
2025-06-09 22:00:00,29987.8,5383.8,0.0
2025-06-09 23:00:00,27456.8,5373.5,0.0
2025-06-10 00:00:00,26374.3,4954.0,0.0
2025-06-10 01:00:00,24896.8,4562.5,0.0
2025-06-10 02:00:00,23883.5,4130.8,0.0
2025-06-10 03:00:00,23401.3,3792.5,0.0
2025-06-10 04:00:00,23221.5,3616.0,0.0
2025-06-10 05:00:00,23701.5,3324.8,0.0
2025-06-10 06:00:00,25635.5,3290.5,34.3
2025-06-10 07:00:00,27895.3,3036.8,1362.0
2025-06-10 08:00:00,29138.5,2647.3,5007.0
2025-06-10 09:00:00,29686.8,2383.0,8599.8
2025-06-10 10:00:00,29808.0,2130.5,11017.5
2025-06-10 11:00:00,29741.8,2008.5,12622.5
2025-06-10 12:00:00,30005.8,1971.5,13623.5
2025-06-10 13:00:00,30492.5,2142.8,13974.8
2025-06-10 14:00:00,30342.5,2302.3,13985.3
2025-06-10 15:00:00,29967.5,2601.8,13584.5
2025-06-10 16:00:00,30043.3,2995.8,12823.0
2025-06-10 17:00:00,30972.0,3664.3,11560.5
2025-06-10 18:00:00,31688.0,4313.5,9714.3
2025-06-10 19:00:00,32297.3,4617.5,6609.3
2025-06-10 20:00:00,32639.5,4876.8,2659.8
2025-06-10 21:00:00,32516.0,5244.8,370.3
2025-06-10 22:00:00,30820.8,5378.0,0.0
2025-06-10 23:00:00,28228.8,5468.3,0.0
2025-06-11 00:00:00,26342.8,5589.3,0.0
2025-06-11 01:00:00,24906.0,5295.3,0.0
2025-06-11 02:00:00,24054.3,5124.0,0.0
2025-06-11 03:00:00,23638.8,5029.0,0.0
2025-06-11 04:00:00,23474.8,5043.5,0.0
2025-06-11 05:00:00,23937.3,5095.0,0.0
2025-06-11 06:00:00,26028.5,4786.3,27.0
2025-06-11 07:00:00,28469.5,4324.3,1008.0
2025-06-11 08:00:00,29916.0,4065.0,4167.8
2025-06-11 09:00:00,30408.8,3984.8,7606.3
2025-06-11 10:00:00,30248.3,4314.3,9860.5
2025-06-11 11:00:00,30156.5,5111.0,11541.3
2025-06-11 12:00:00,30357.3,5850.5,12839.8
2025-06-11 13:00:00,30712.3,6245.5,13544.0
2025-06-11 14:00:00,30518.5,6471.5,13859.3
2025-06-11 15:00:00,30032.5,6666.8,13787.3
2025-06-11 16:00:00,30081.5,6786.8,13431.0
2025-06-11 17:00:00,30832.0,6949.3,12850.5
2025-06-11 18:00:00,31319.8,7239.0,11668.0
2025-06-11 19:00:00,32059.3,7129.8,8817.5
2025-06-11 20:00:00,32327.0,7414.3,3913.5
2025-06-11 21:00:00,32288.3,7477.3,518.3
2025-06-11 22:00:00,30679.0,6975.8,0.0
2025-06-11 23:00:00,28001.8,6915.5,0.0
2025-06-12 00:00:00,26175.5,6012.0,0.0
2025-06-12 01:00:00,24756.0,5701.3,0.0
2025-06-12 02:00:00,23776.3,5450.5,0.0
2025-06-12 03:00:00,23308.3,5127.0,0.0
2025-06-12 04:00:00,23096.8,4861.8,0.0
2025-06-12 05:00:00,23521.0,4602.5,0.0
2025-06-12 06:00:00,25609.5,4179.5,36.0
2025-06-12 07:00:00,28022.0,3493.0,2016.5
2025-06-12 08:00:00,29430.0,2995.5,8059.8
2025-06-12 09:00:00,29860.3,2813.8,13044.0
2025-06-12 10:00:00,29705.3,2762.3,15552.3
2025-06-12 11:00:00,29663.3,2866.5,16919.8
2025-06-12 12:00:00,29848.0,3029.8,17716.8
2025-06-12 13:00:00,30214.5,3149.3,17725.0
2025-06-12 14:00:00,30006.5,3437.0,17493.0
2025-06-12 15:00:00,29564.5,3785.0,16908.5
2025-06-12 16:00:00,29638.8,4104.5,16175.0
2025-06-12 17:00:00,30309.5,4503.5,15160.8
2025-06-12 18:00:00,30790.3,4773.5,13273.5
2025-06-12 19:00:00,31535.3,4877.8,9939.0
2025-06-12 20:00:00,31879.5,4622.8,4847.5
2025-06-12 21:00:00,31838.3,4150.5,644.3
2025-06-12 22:00:00,30399.8,3648.5,1.0
2025-06-12 23:00:00,27861.3,3192.8,0.0
2025-06-13 00:00:00,26043.0,2769.3,0.0
2025-06-13 01:00:00,24716.0,2420.3,0.0
2025-06-13 02:00:00,23698.8,2201.8,0.0
2025-06-13 03:00:00,23224.0,2121.5,0.0
2025-06-13 04:00:00,23017.0,2128.5,0.0
2025-06-13 05:00:00,23469.0,2071.0,0.0
2025-06-13 06:00:00,25478.5,1902.8,35.0
2025-06-13 07:00:00,27868.0,1638.3,1905.0
2025-06-13 08:00:00,29356.3,1316.0,8131.3
2025-06-13 09:00:00,29883.8,1329.5,13681.3
2025-06-13 10:00:00,29886.0,1699.5,16227.0
2025-06-13 11:00:00,29949.5,2283.3,17213.8
2025-06-13 12:00:00,30098.0,2893.5,17521.5
2025-06-13 13:00:00,30353.5,3482.3,17403.8
2025-06-13 14:00:00,30001.3,3920.8,17080.3
2025-06-13 15:00:00,29402.3,4319.5,16504.3
2025-06-13 16:00:00,29451.5,4818.3,15695.5
2025-06-13 17:00:00,30091.0,5436.3,14775.0
2025-06-13 18:00:00,30515.0,5762.0,13167.8
2025-06-13 19:00:00,31028.3,5764.5,9970.5
2025-06-13 20:00:00,30927.0,5708.5,4486.3
2025-06-13 21:00:00,30762.3,5538.5,625.8
2025-06-13 22:00:00,29473.3,4921.3,1.5
2025-06-13 23:00:00,27281.0,4127.8,0.0
2025-06-14 00:00:00,26141.8,4141.8,0.0
2025-06-14 01:00:00,24776.5,3653.0,0.0
2025-06-14 02:00:00,23603.3,3219.5,0.0
2025-06-14 03:00:00,22964.0,2778.0,0.0
2025-06-14 04:00:00,22444.5,2416.5,0.0
2025-06-14 05:00:00,22248.8,2136.5,0.0
2025-06-14 06:00:00,22543.0,1834.5,30.3
2025-06-14 07:00:00,23167.5,1482.8,1754.3
2025-06-14 08:00:00,24324.0,1197.3,7579.8
2025-06-14 09:00:00,25276.0,893.0,12903.5
2025-06-14 10:00:00,25810.8,963.5,15394.3
2025-06-14 11:00:00,25951.0,1246.3,16406.0
2025-06-14 12:00:00,25945.8,1532.3,16838.0
2025-06-14 13:00:00,26323.8,1949.8,16916.8
2025-06-14 14:00:00,26213.8,2284.5,16847.3
2025-06-14 15:00:00,25591.0,2694.3,16403.5
2025-06-14 16:00:00,25327.0,3263.0,15478.3
2025-06-14 17:00:00,25972.5,4067.0,14550.3
2025-06-14 18:00:00,26834.0,4925.8,12934.3
2025-06-14 19:00:00,27782.5,5488.8,9694.3
2025-06-14 20:00:00,28180.8,5989.3,4254.0
2025-06-14 21:00:00,28346.8,6200.0,548.0
2025-06-14 22:00:00,27907.0,6080.0,0.0
2025-06-14 23:00:00,26139.5,6096.5,0.0
2025-06-15 00:00:00,24275.5,6094.0,0.0
2025-06-15 01:00:00,22806.3,6227.5,0.0
2025-06-15 02:00:00,21744.3,6300.5,0.0
2025-06-15 03:00:00,21035.5,6237.5,0.0
2025-06-15 04:00:00,20593.5,6506.8,0.0
2025-06-15 05:00:00,20494.0,6410.8,0.0
2025-06-15 06:00:00,20543.3,6332.3,40.0
2025-06-15 07:00:00,20442.0,6063.5,1629.3
2025-06-15 08:00:00,20987.8,5527.5,7458.5
2025-06-15 09:00:00,22005.0,4852.8,12817.0
2025-06-15 10:00:00,22819.8,4256.3,15248.0
2025-06-15 11:00:00,23284.3,4083.5,16153.5
2025-06-15 12:00:00,23529.8,4147.3,16520.3
2025-06-15 13:00:00,24151.5,4402.0,16444.3
2025-06-15 14:00:00,24422.8,5012.3,16424.0
2025-06-15 15:00:00,23754.5,5630.3,15833.8
2025-06-15 16:00:00,23500.5,6293.5,15107.8
2025-06-15 17:00:00,24121.8,7444.5,14468.8
2025-06-15 18:00:00,25096.3,8785.3,13123.8
2025-06-15 19:00:00,26186.0,9657.0,10065.3
2025-06-15 20:00:00,27098.5,10360.5,4442.0
2025-06-15 21:00:00,28090.3,10918.3,575.5
2025-06-15 22:00:00,28053.5,11197.5,0.0
2025-06-15 23:00:00,26049.3,11200.5,0.0
2025-06-16 00:00:00,24662.8,11149.0,0.0
2025-06-16 01:00:00,23203.0,10731.8,0.0
2025-06-16 02:00:00,22226.0,10243.0,0.0
2025-06-16 03:00:00,21821.0,9663.8,0.0
2025-06-16 04:00:00,21715.5,9078.0,0.0
2025-06-16 05:00:00,22446.3,8424.0,0.0
2025-06-16 06:00:00,24904.0,7586.3,31.3
2025-06-16 07:00:00,27511.5,6535.3,1920.3
2025-06-16 08:00:00,29218.8,5357.8,7770.3
2025-06-16 09:00:00,30060.3,4422.8,13254.0
2025-06-16 10:00:00,30438.0,3827.3,16045.3
2025-06-16 11:00:00,30524.3,3518.0,17239.3
2025-06-16 12:00:00,30834.5,3404.8,17799.5
2025-06-16 13:00:00,31400.0,3322.5,17760.8
2025-06-16 14:00:00,31330.8,3321.5,17331.5
2025-06-16 15:00:00,30954.5,3586.0,16636.3
2025-06-16 16:00:00,31241.3,3770.5,15619.8
2025-06-16 17:00:00,31947.8,3925.5,14188.0
2025-06-16 18:00:00,32208.5,4617.8,12015.8
2025-06-16 19:00:00,32965.5,5253.0,8622.8
2025-06-16 20:00:00,32960.0,5579.0,3847.8
2025-06-16 21:00:00,32687.0,5807.5,552.8
2025-06-16 22:00:00,31144.5,5867.5,0.0
2025-06-16 23:00:00,28563.5,5759.0,0.0
2025-06-17 00:00:00,27324.3,5002.5,0.0
2025-06-17 01:00:00,25693.0,4422.3,0.0
2025-06-17 02:00:00,24642.8,3869.8,0.0
2025-06-17 03:00:00,24113.3,3424.5,0.0
2025-06-17 04:00:00,23924.8,3080.8,0.0
2025-06-17 05:00:00,24332.5,2795.0,0.0
2025-06-17 06:00:00,26391.8,2504.5,34.0
2025-06-17 07:00:00,28816.0,2246.0,1725.3
2025-06-17 08:00:00,30410.5,1837.3,7125.8
2025-06-17 09:00:00,31245.8,1665.0,12513.5
2025-06-17 10:00:00,31653.5,1656.8,15506.5
2025-06-17 11:00:00,31785.8,1732.8,16836.8
2025-06-17 12:00:00,32467.0,2026.3,17369.8
2025-06-17 13:00:00,33019.5,2630.0,17316.8
2025-06-17 14:00:00,33098.3,3321.3,17028.8
2025-06-17 15:00:00,32640.0,3887.3,16342.0
2025-06-17 16:00:00,32905.0,4375.0,15295.3
2025-06-17 17:00:00,33658.5,4745.5,13993.3
2025-06-17 18:00:00,33839.3,5201.3,12067.3
2025-06-17 19:00:00,34321.0,5489.0,8885.8
2025-06-17 20:00:00,34264.5,5516.3,3981.8
2025-06-17 21:00:00,33691.5,5422.8,566.5
2025-06-17 22:00:00,32214.8,5212.8,0.5
2025-06-17 23:00:00,29578.0,4866.0,0.0
2025-06-18 00:00:00,28067.8,4856.3,0.0
2025-06-18 01:00:00,26508.8,4185.0,0.0
2025-06-18 02:00:00,25371.5,3552.3,0.0
2025-06-18 03:00:00,24777.3,2978.3,0.0
2025-06-18 04:00:00,24573.3,2494.8,0.0
2025-06-18 05:00:00,24983.3,2082.8,0.0
2025-06-18 06:00:00,26910.0,1736.5,36.5
2025-06-18 07:00:00,29255.8,1351.3,1846.0
2025-06-18 08:00:00,30927.3,888.0,7938.8
2025-06-18 09:00:00,31842.0,638.3,13749.3
2025-06-18 10:00:00,32162.0,616.8,16625.3
2025-06-18 11:00:00,32386.8,729.8,17734.3
2025-06-18 12:00:00,33063.3,995.3,18313.8
2025-06-18 13:00:00,33415.5,1403.8,18268.3
2025-06-18 14:00:00,33562.8,1761.0,17964.3
2025-06-18 15:00:00,33267.0,2093.5,17377.5
2025-06-18 16:00:00,33560.5,2339.3,16454.3
2025-06-18 17:00:00,34209.8,2480.8,15318.8
2025-06-18 18:00:00,34254.8,2550.0,13078.0
2025-06-18 19:00:00,34618.5,2547.5,9508.8
2025-06-18 20:00:00,34551.0,2653.5,4154.3
2025-06-18 21:00:00,34041.0,2709.8,559.3
2025-06-18 22:00:00,32556.3,2694.0,2.3
2025-06-18 23:00:00,29923.0,2563.5,0.0
2025-06-19 00:00:00,28058.8,2724.0,0.0
2025-06-19 01:00:00,26514.0,2588.3,0.0
2025-06-19 02:00:00,25479.3,2432.0,0.0
2025-06-19 03:00:00,24901.8,2178.0,0.0
2025-06-19 04:00:00,24651.0,1885.5,0.0
2025-06-19 05:00:00,25019.0,1689.0,0.0
2025-06-19 06:00:00,26872.3,1519.3,35.3
2025-06-19 07:00:00,29108.5,1378.8,1592.0
2025-06-19 08:00:00,30700.8,1258.3,6632.0
2025-06-19 09:00:00,31838.3,1205.5,11766.5
2025-06-19 10:00:00,32237.0,1372.0,14776.0
2025-06-19 11:00:00,32540.0,1657.8,16420.5
2025-06-19 12:00:00,33183.0,1985.3,17239.8
2025-06-19 13:00:00,33620.8,2422.3,17276.5
2025-06-19 14:00:00,33804.3,3113.0,17019.5
2025-06-19 15:00:00,33662.5,3864.5,16331.3
2025-06-19 16:00:00,33869.3,4194.0,15191.3
2025-06-19 17:00:00,34291.8,4347.0,13670.3
2025-06-19 18:00:00,34455.0,4479.5,11532.8
2025-06-19 19:00:00,34670.5,4599.0,8319.0
2025-06-19 20:00:00,34484.8,4587.0,3567.5
2025-06-19 21:00:00,34256.0,4408.5,517.5
2025-06-19 22:00:00,32936.8,3949.0,1.3
2025-06-19 23:00:00,30338.0,3561.5,0.0
2025-06-20 00:00:00,28769.5,3415.3,0.0
2025-06-20 01:00:00,27108.5,3095.8,0.0
2025-06-20 02:00:00,25983.3,2784.0,0.0
2025-06-20 03:00:00,25415.0,2519.8,0.0
2025-06-20 04:00:00,25151.0,2307.3,0.0
2025-06-20 05:00:00,25460.8,2181.8,0.0
2025-06-20 06:00:00,27399.3,2082.3,33.8
2025-06-20 07:00:00,29689.5,1926.8,1883.8
2025-06-20 08:00:00,31409.3,1638.3,7854.5
2025-06-20 09:00:00,32449.0,1481.0,13395.3
2025-06-20 10:00:00,32952.0,1471.5,16278.3
2025-06-20 11:00:00,33377.5,1543.8,17520.5
2025-06-20 12:00:00,33786.0,1768.8,17960.5
2025-06-20 13:00:00,34248.3,2026.0,17723.5
2025-06-20 14:00:00,34238.5,2186.5,17162.3
2025-06-20 15:00:00,33798.3,2526.8,16388.0
2025-06-20 16:00:00,33885.3,2851.3,15460.5
2025-06-20 17:00:00,34274.8,2988.5,14209.5
2025-06-20 18:00:00,34161.3,3173.0,12151.8
2025-06-20 19:00:00,34328.0,3402.3,9092.0
2025-06-20 20:00:00,33972.0,3569.3,4203.8
2025-06-20 21:00:00,33595.0,3622.0,579.0
2025-06-20 22:00:00,32464.5,3423.8,1.0
2025-06-20 23:00:00,30257.5,3347.8,0.0
2025-06-21 00:00:00,28111.3,3156.0,0.0
2025-06-21 01:00:00,26545.3,2874.0,0.0
2025-06-21 02:00:00,25313.5,2522.8,0.0
2025-06-21 03:00:00,24447.0,2247.5,0.0
2025-06-21 04:00:00,23857.5,1999.8,0.0
2025-06-21 05:00:00,23513.3,1813.0,0.0
2025-06-21 06:00:00,23757.3,1576.3,34.5
2025-06-21 07:00:00,24179.3,1283.5,1829.0
2025-06-21 08:00:00,25395.8,983.8,7779.0
2025-06-21 09:00:00,26782.8,947.5,13448.5
2025-06-21 10:00:00,27723.3,1142.8,16315.0
2025-06-21 11:00:00,28036.0,1492.3,17475.5
2025-06-21 12:00:00,28345.0,1975.0,17932.5
2025-06-21 13:00:00,28991.5,2446.3,17866.8
2025-06-21 14:00:00,29240.0,2935.8,17400.3
2025-06-21 15:00:00,28823.3,3528.3,16737.3
2025-06-21 16:00:00,28802.5,3937.0,15670.8
2025-06-21 17:00:00,29193.5,4191.5,14382.8
2025-06-21 18:00:00,29558.0,3747.8,12316.5
2025-06-21 19:00:00,30144.5,4166.0,9134.8
2025-06-21 20:00:00,30149.5,3966.5,4133.5
2025-06-21 21:00:00,30259.3,3819.0,593.8
2025-06-21 22:00:00,29899.0,3694.0,0.8
2025-06-21 23:00:00,28014.0,3663.0,0.0
2025-06-22 00:00:00,26314.3,3362.8,0.0
2025-06-22 01:00:00,24720.0,3086.8,0.0
2025-06-22 02:00:00,23618.0,2925.5,0.0
2025-06-22 03:00:00,22701.0,2681.0,0.0
2025-06-22 04:00:00,22174.0,2545.0,0.0
2025-06-22 05:00:00,21906.0,2453.3,0.0
2025-06-22 06:00:00,21843.0,2291.5,32.0
2025-06-22 07:00:00,21661.0,1951.5,1624.8
2025-06-22 08:00:00,22119.0,1662.8,7168.5
2025-06-22 09:00:00,23323.3,1584.8,12641.5
2025-06-22 10:00:00,24378.0,1645.0,15452.3
2025-06-22 11:00:00,25053.3,1972.8,16718.8
2025-06-22 12:00:00,25735.0,2316.0,17534.0
2025-06-22 13:00:00,26743.0,2646.8,17719.0
2025-06-22 14:00:00,27249.8,3007.8,17502.5
2025-06-22 15:00:00,26798.3,3411.8,16788.0
2025-06-22 16:00:00,26697.0,3913.3,15797.8
2025-06-22 17:00:00,27218.0,4283.5,14630.0
2025-06-22 18:00:00,27818.0,4575.3,12697.5
2025-06-22 19:00:00,28694.8,4846.5,9592.5
2025-06-22 20:00:00,29302.3,4955.5,4353.0
2025-06-22 21:00:00,30198.3,5142.3,616.0
2025-06-22 22:00:00,30141.3,5320.3,1.0
2025-06-22 23:00:00,28032.3,5293.5,0.0
2025-06-23 00:00:00,26665.0,5418.8,0.0
2025-06-23 01:00:00,25017.0,5293.5,0.0
2025-06-23 02:00:00,23919.3,5079.3,0.0
2025-06-23 03:00:00,23372.3,4950.8,0.0
2025-06-23 04:00:00,23144.0,4661.5,0.0
2025-06-23 05:00:00,23705.0,4441.5,0.0
2025-06-23 06:00:00,25790.5,4116.5,28.5
2025-06-23 07:00:00,27731.8,3667.5,1682.5
2025-06-23 08:00:00,29546.3,3091.0,6837.5
2025-06-23 09:00:00,31003.0,2781.0,11837.3
2025-06-23 10:00:00,31662.8,2696.0,14674.8
2025-06-23 11:00:00,32195.8,2884.3,16303.3
2025-06-23 12:00:00,32823.5,3349.5,17213.5
2025-06-23 13:00:00,33690.5,3457.5,17470.3
2025-06-23 14:00:00,33753.3,3526.5,17328.5
2025-06-23 15:00:00,33364.8,3676.3,16876.5
2025-06-23 16:00:00,33556.5,3847.8,15954.3
2025-06-23 17:00:00,34061.8,3890.0,14800.0
2025-06-23 18:00:00,34349.0,4226.3,12615.5
2025-06-23 19:00:00,34565.8,4344.5,9190.0
2025-06-23 20:00:00,34329.0,4434.3,3980.3
2025-06-23 21:00:00,33946.3,4650.3,546.8
2025-06-23 22:00:00,32573.0,4724.5,1.3
2025-06-23 23:00:00,29783.8,4792.8,0.0
2025-06-24 00:00:00,28120.8,3990.8,0.0
2025-06-24 01:00:00,26503.0,4031.5,0.0
2025-06-24 02:00:00,25274.5,3901.8,0.0
2025-06-24 03:00:00,24651.8,3716.0,0.0
2025-06-24 04:00:00,24287.5,3476.3,0.0
2025-06-24 05:00:00,24384.3,3194.8,0.0
2025-06-24 06:00:00,25564.5,3028.3,19.5
2025-06-24 07:00:00,27027.0,2833.8,1335.0
2025-06-24 08:00:00,28086.8,2536.0,5264.8
2025-06-24 09:00:00,28952.3,2560.0,9873.3
2025-06-24 10:00:00,29711.5,2944.3,13091.0
2025-06-24 11:00:00,30041.5,3650.0,15069.8
2025-06-24 12:00:00,30614.5,4415.5,16135.8
2025-06-24 13:00:00,31496.8,5189.8,16472.3
2025-06-24 14:00:00,31548.5,5790.0,16373.0
2025-06-24 15:00:00,30989.0,6380.3,15851.8
2025-06-24 16:00:00,31139.8,6650.8,15073.5
2025-06-24 17:00:00,31490.5,6184.0,13970.0
2025-06-24 18:00:00,31602.0,6106.8,12123.3
2025-06-24 19:00:00,32026.5,6407.8,8963.5
2025-06-24 20:00:00,32319.8,6277.5,4036.3
2025-06-24 21:00:00,32266.0,6055.0,576.5
2025-06-24 22:00:00,31424.0,5755.8,0.5
2025-06-24 23:00:00,29077.8,5494.0,0.0
2025-06-25 00:00:00,27587.8,6504.8,0.0
2025-06-25 01:00:00,26032.5,5980.3,0.0
2025-06-25 02:00:00,24955.0,5449.3,0.0
2025-06-25 03:00:00,24488.8,4714.0,0.0
2025-06-25 04:00:00,24182.8,4212.8,0.0
2025-06-25 05:00:00,24578.3,3788.3,0.0
2025-06-25 06:00:00,26532.5,3372.3,27.3
2025-06-25 07:00:00,28728.0,3066.3,1730.8
2025-06-25 08:00:00,30390.0,3019.0,7553.0
2025-06-25 09:00:00,31199.5,3212.3,13451.0
2025-06-25 10:00:00,31628.8,3898.8,16463.3
2025-06-25 11:00:00,31924.8,4753.5,17839.5
2025-06-25 12:00:00,32416.0,5268.3,18484.8
2025-06-25 13:00:00,32982.5,5778.8,18726.8
2025-06-25 14:00:00,33009.3,6211.8,18657.3
2025-06-25 15:00:00,32567.8,6549.0,18263.5
2025-06-25 16:00:00,32846.3,6831.8,17583.8
2025-06-25 17:00:00,33184.5,7131.5,16916.8
2025-06-25 18:00:00,33297.5,7366.8,15282.3
2025-06-25 19:00:00,33550.0,7333.8,11766.8
2025-06-25 20:00:00,33643.8,6945.5,5526.0
2025-06-25 21:00:00,33374.8,6605.8,792.0
2025-06-25 22:00:00,32090.3,6032.0,2.3
2025-06-25 23:00:00,29505.3,5725.0,0.0
2025-06-26 00:00:00,27852.3,5476.3,0.0
2025-06-26 01:00:00,26396.3,5406.3,0.0
2025-06-26 02:00:00,25244.0,5227.3,0.0
2025-06-26 03:00:00,24677.5,5048.5,0.0
2025-06-26 04:00:00,24342.3,4799.5,0.0
2025-06-26 05:00:00,24745.3,4543.5,0.0
2025-06-26 06:00:00,26615.3,4093.8,26.0
2025-06-26 07:00:00,28840.8,3471.8,1971.3
2025-06-26 08:00:00,30499.5,2925.0,8546.8
2025-06-26 09:00:00,31384.5,2447.3,14916.5
2025-06-26 10:00:00,31726.8,2085.3,17942.5
2025-06-26 11:00:00,31960.0,1969.3,19121.3
2025-06-26 12:00:00,32459.8,1810.3,19748.5
2025-06-26 13:00:00,32976.8,1577.8,19954.0
2025-06-26 14:00:00,32898.3,1634.3,19836.8
2025-06-26 15:00:00,32517.8,1792.5,19502.8
2025-06-26 16:00:00,32779.8,2129.8,18840.5
2025-06-26 17:00:00,33126.0,2564.8,18177.0
2025-06-26 18:00:00,33165.0,3149.5,16523.8
2025-06-26 19:00:00,33462.5,3674.8,12701.0
2025-06-26 20:00:00,33461.8,4056.0,5887.3
2025-06-26 21:00:00,33241.0,4521.3,845.8
2025-06-26 22:00:00,32006.3,4983.5,2.3
2025-06-26 23:00:00,29605.8,5121.3,0.0
2025-06-27 00:00:00,28315.5,5065.5,0.0
2025-06-27 01:00:00,26716.5,4746.5,0.0
2025-06-27 02:00:00,25504.3,4279.3,0.0
2025-06-27 03:00:00,24886.0,3892.0,0.0
2025-06-27 04:00:00,24547.3,3478.8,0.0
2025-06-27 05:00:00,24910.3,3143.8,0.0
2025-06-27 06:00:00,26791.8,2845.5,17.0
2025-06-27 07:00:00,29037.8,2476.0,1960.8
2025-06-27 08:00:00,30602.0,2091.3,8437.8
2025-06-27 09:00:00,31720.3,1958.8,14578.5
2025-06-27 10:00:00,32086.8,1964.8,17387.3
2025-06-27 11:00:00,32379.3,2008.0,18424.3
2025-06-27 12:00:00,32979.8,1977.3,18972.5
2025-06-27 13:00:00,33480.3,2072.5,19062.5
2025-06-27 14:00:00,33297.8,2185.5,18963.0
2025-06-27 15:00:00,32875.8,2412.3,18560.3
2025-06-27 16:00:00,32926.8,2806.8,17847.5
2025-06-27 17:00:00,33337.0,3491.8,17085.8
2025-06-27 18:00:00,33485.5,4165.5,15464.0
2025-06-27 19:00:00,33845.0,4838.0,11850.0
2025-06-27 20:00:00,33546.3,5361.5,5523.0
2025-06-27 21:00:00,33090.3,5828.8,817.0
2025-06-27 22:00:00,32102.8,6112.0,1.8
2025-06-27 23:00:00,29943.3,6062.8,0.0
2025-06-28 00:00:00,28768.5,6046.8,0.0
2025-06-28 01:00:00,27215.0,5656.3,0.0
2025-06-28 02:00:00,25839.8,5014.8,0.0
2025-06-28 03:00:00,24950.8,4485.3,0.0
2025-06-28 04:00:00,24314.0,3957.3,0.0
2025-06-28 05:00:00,24004.0,3533.5,0.0
2025-06-28 06:00:00,24245.5,3138.0,28.8
2025-06-28 07:00:00,24687.5,2674.0,2048.3
2025-06-28 08:00:00,25874.8,2134.3,8475.0
2025-06-28 09:00:00,27254.3,1808.8,14719.0
2025-06-28 10:00:00,28102.3,1727.8,17772.3
2025-06-28 11:00:00,28798.0,1799.8,19077.8
2025-06-28 12:00:00,29237.0,2005.3,19713.3
2025-06-28 13:00:00,29841.5,2241.8,19889.5
2025-06-28 14:00:00,30072.3,2502.0,19639.8
2025-06-28 15:00:00,29807.8,3278.3,19168.5
2025-06-28 16:00:00,29760.0,3261.5,18271.5
2025-06-28 17:00:00,30235.0,3665.0,17189.5
2025-06-28 18:00:00,30593.0,4347.5,15216.8
2025-06-28 19:00:00,31267.8,4977.0,11369.8
2025-06-28 20:00:00,31322.8,5794.0,5067.5
2025-06-28 21:00:00,31419.5,7211.3,740.8
2025-06-28 22:00:00,31142.5,7149.3,0.0
2025-06-28 23:00:00,29250.3,6420.3,0.0
2025-06-29 00:00:00,27749.0,6146.0,0.0
2025-06-29 01:00:00,26042.8,5560.8,0.0
2025-06-29 02:00:00,24613.8,4828.0,0.0
2025-06-29 03:00:00,23733.3,4106.0,0.0
2025-06-29 04:00:00,23104.8,3438.8,0.0
2025-06-29 05:00:00,22789.3,3063.5,0.0
2025-06-29 06:00:00,22789.0,2627.0,26.8
2025-06-29 07:00:00,22406.8,2156.5,1884.8
2025-06-29 08:00:00,23010.8,1763.5,8224.5
2025-06-29 09:00:00,24360.8,1448.3,14495.0
2025-06-29 10:00:00,25413.5,1417.0,17469.8
2025-06-29 11:00:00,26268.0,1523.5,18625.5
2025-06-29 12:00:00,27160.5,1727.8,19335.3
2025-06-29 13:00:00,28257.3,2091.0,19003.0
2025-06-29 14:00:00,28953.0,2469.0,18303.3
2025-06-29 15:00:00,28663.3,3001.5,17751.5
2025-06-29 16:00:00,28701.5,3522.0,16720.3
2025-06-29 17:00:00,29087.8,4429.8,15752.8
2025-06-29 18:00:00,29831.3,4594.5,13727.3
2025-06-29 19:00:00,30686.8,4916.8,10051.8
2025-06-29 20:00:00,31241.5,4842.3,4534.8
2025-06-29 21:00:00,32164.5,4481.8,632.8
2025-06-29 22:00:00,32269.3,4226.0,0.0
2025-06-29 23:00:00,30043.3,3804.3,0.0
2025-06-30 00:00:00,28501.3,3794.0,0.0
2025-06-30 01:00:00,26637.0,3404.5,0.0
2025-06-30 02:00:00,25337.0,2965.8,0.0
2025-06-30 03:00:00,24651.5,2596.8,0.0
2025-06-30 04:00:00,24392.0,2341.5,0.0
2025-06-30 05:00:00,24942.5,2154.0,0.0
2025-06-30 06:00:00,27414.8,1971.8,21.5
2025-06-30 07:00:00,30041.5,1776.5,1644.5
2025-06-30 08:00:00,32080.5,1462.5,8115.8
2025-06-30 09:00:00,33589.5,1289.0,14527.5
2025-06-30 10:00:00,34448.3,1287.0,17757.8
2025-06-30 11:00:00,35109.5,1362.0,19271.8
2025-06-30 12:00:00,36140.0,1661.8,20037.0
2025-06-30 13:00:00,36944.0,2009.5,20105.0
2025-06-30 14:00:00,37434.0,2425.3,19647.3
2025-06-30 15:00:00,37068.8,2876.5,18869.8
2025-06-30 16:00:00,37288.3,3406.0,17760.8
2025-06-30 17:00:00,37552.5,4064.5,15942.5
2025-06-30 18:00:00,37571.8,4548.3,13636.0
2025-06-30 19:00:00,37861.0,4768.3,10013.8
2025-06-30 20:00:00,37543.0,4872.3,4368.0
2025-06-30 21:00:00,37057.8,4770.0,561.0
2025-06-30 22:00:00,35464.8,4564.0,0.0
2025-06-30 23:00:00,32630.3,4192.8,0.0
2025-07-01 00:00:00,31178.3,4040.0,0.0
2025-07-01 01:00:00,29220.3,3643.5,0.0
2025-07-01 02:00:00,27816.3,3242.0,0.0
2025-07-01 03:00:00,26997.3,2904.3,0.0
2025-07-01 04:00:00,26562.8,2744.5,0.0
2025-07-01 05:00:00,26793.0,2613.3,0.0
2025-07-01 06:00:00,28729.5,2467.5,21.8
2025-07-01 07:00:00,30867.0,2223.0,1759.8
2025-07-01 08:00:00,32501.0,1892.8,8155.0
2025-07-01 09:00:00,33615.8,1753.5,14713.5
2025-07-01 10:00:00,34515.0,1811.0,17985.3
2025-07-01 11:00:00,35088.8,1958.8,19455.5
2025-07-01 12:00:00,36091.8,2208.0,20104.3
2025-07-01 13:00:00,36825.3,2584.8,20216.0
2025-07-01 14:00:00,37425.8,2903.5,19759.0
2025-07-01 15:00:00,37190.0,3222.5,18931.3
2025-07-01 16:00:00,37573.5,3664.0,17127.0
2025-07-01 17:00:00,37913.3,4140.5,15983.5
2025-07-01 18:00:00,37816.5,4693.3,13728.3
2025-07-01 19:00:00,37997.8,5170.8,10226.3
2025-07-01 20:00:00,37844.3,5618.3,4501.8
2025-07-01 21:00:00,37301.0,6138.3,627.5
2025-07-01 22:00:00,36066.3,6229.8,0.0
2025-07-01 23:00:00,33367.8,6123.5,0.0
2025-07-02 00:00:00,31057.0,5867.8,0.0
2025-07-02 01:00:00,29149.5,5382.3,0.0
2025-07-02 02:00:00,27737.0,4984.8,0.0
2025-07-02 03:00:00,26988.8,4702.3,0.0
2025-07-02 04:00:00,26574.3,4559.5,0.0
2025-07-02 05:00:00,26785.5,4487.0,0.0
2025-07-02 06:00:00,28759.3,4402.5,17.8
2025-07-02 07:00:00,30897.5,4228.5,1711.8
2025-07-02 08:00:00,32490.8,4013.3,7857.5
2025-07-02 09:00:00,33750.3,3869.0,14244.3
2025-07-02 10:00:00,34497.8,4129.8,17438.0
2025-07-02 11:00:00,34892.5,4332.5,18879.5
2025-07-02 12:00:00,35640.5,4702.3,19602.8
2025-07-02 13:00:00,36323.0,5274.0,19770.8
2025-07-02 14:00:00,36733.5,5980.3,19388.3
2025-07-02 15:00:00,36621.0,6824.8,18609.5
2025-07-02 16:00:00,36872.5,7687.3,17489.5
2025-07-02 17:00:00,37202.0,9211.5,16263.5
2025-07-02 18:00:00,37128.5,10105.5,13957.5
2025-07-02 19:00:00,37227.8,10725.0,10225.0
2025-07-02 20:00:00,37116.5,11111.8,4544.3
2025-07-02 21:00:00,36616.5,11426.8,630.5
2025-07-02 22:00:00,35389.0,11678.8,0.5
2025-07-02 23:00:00,32846.8,11680.3,0.0
2025-07-03 00:00:00,31123.0,11045.3,0.0
2025-07-03 01:00:00,29251.5,10890.0,0.0
2025-07-03 02:00:00,27891.3,10709.8,0.0
2025-07-03 03:00:00,27177.0,10464.0,0.0
2025-07-03 04:00:00,26768.5,10140.8,0.0
2025-07-03 05:00:00,26945.0,9810.8,0.0
2025-07-03 06:00:00,28897.8,9243.3,13.3
2025-07-03 07:00:00,30947.5,8357.0,1679.8
2025-07-03 08:00:00,32438.0,7186.3,7600.8
2025-07-03 09:00:00,33593.3,6208.3,13935.5
2025-07-03 10:00:00,34348.0,5643.5,17298.8
2025-07-03 11:00:00,34743.0,5355.0,18800.0
2025-07-03 12:00:00,35463.3,5190.3,19611.8
2025-07-03 13:00:00,36155.5,5190.5,19942.5
2025-07-03 14:00:00,36432.5,5331.3,19747.0
2025-07-03 15:00:00,36335.8,5620.0,19066.8
2025-07-03 16:00:00,36571.5,6079.8,18001.3
2025-07-03 17:00:00,36868.5,6811.0,16649.0
2025-07-03 18:00:00,36858.5,7588.8,14459.5
2025-07-03 19:00:00,37067.5,8309.3,10644.3
2025-07-03 20:00:00,37073.8,8939.8,4784.3
2025-07-03 21:00:00,36470.8,9209.5,689.8
2025-07-03 22:00:00,35289.0,9240.3,0.8
2025-07-03 23:00:00,32852.8,9039.3,0.0
2025-07-04 00:00:00,31192.8,8618.8,0.0
2025-07-04 01:00:00,29228.3,8339.0,0.0
2025-07-04 02:00:00,27798.5,7865.0,0.0
2025-07-04 03:00:00,26982.5,7312.3,0.0
2025-07-04 04:00:00,26522.3,6803.5,0.0
2025-07-04 05:00:00,26634.0,6458.8,0.0
2025-07-04 06:00:00,28598.3,6083.5,16.3
2025-07-04 07:00:00,30709.5,5396.3,1822.8
2025-07-04 08:00:00,32309.8,4447.0,8127.5
2025-07-04 09:00:00,33448.0,3707.8,14677.5
2025-07-04 10:00:00,34086.8,3305.5,18042.0
2025-07-04 11:00:00,34488.5,3051.5,19519.3
2025-07-04 12:00:00,35134.0,2913.8,20234.8
2025-07-04 13:00:00,35837.0,2874.8,20550.3
2025-07-04 14:00:00,35962.0,2979.3,20304.3
2025-07-04 15:00:00,35574.3,3195.5,19653.5
2025-07-04 16:00:00,35566.5,3582.5,18782.8
2025-07-04 17:00:00,35784.5,4179.8,17648.3
2025-07-04 18:00:00,35886.8,4879.0,15477.5
2025-07-04 19:00:00,36291.8,5572.3,11518.3
2025-07-04 20:00:00,35998.8,6060.3,5219.8
2025-07-04 21:00:00,35503.5,6434.5,771.3
2025-07-04 22:00:00,34405.0,6651.0,0.8
2025-07-04 23:00:00,32294.0,6449.3,0.0
2025-07-05 00:00:00,30250.8,6538.0,0.0
2025-07-05 01:00:00,28525.8,6332.8,0.0
2025-07-05 02:00:00,27088.5,6085.0,0.0
2025-07-05 03:00:00,26129.5,5774.5,0.0
2025-07-05 04:00:00,25424.5,5401.3,0.0
2025-07-05 05:00:00,24994.5,5001.3,0.0
2025-07-05 06:00:00,25347.8,4544.8,13.5
2025-07-05 07:00:00,25755.8,4075.3,1701.0
2025-07-05 08:00:00,26796.8,3430.5,7723.0
2025-07-05 09:00:00,27771.8,3006.3,14050.8
2025-07-05 10:00:00,28764.3,2887.3,17333.5
2025-07-05 11:00:00,29447.3,2992.3,18864.3
2025-07-05 12:00:00,29936.5,3208.0,19636.5
2025-07-05 13:00:00,30781.0,3586.3,19887.0
2025-07-05 14:00:00,31112.8,3968.3,19438.5
2025-07-05 15:00:00,30586.3,4342.0,18704.0
2025-07-05 16:00:00,30312.3,4803.3,17649.8
2025-07-05 17:00:00,30583.0,5283.5,16358.0
2025-07-05 18:00:00,30950.0,5473.8,14141.5
2025-07-05 19:00:00,31627.0,5734.8,10443.5
2025-07-05 20:00:00,31920.8,6044.8,4689.0
2025-07-05 21:00:00,32009.0,6288.0,689.5
2025-07-05 22:00:00,31625.8,6301.5,0.8
2025-07-05 23:00:00,29859.0,5982.3,0.0
2025-07-06 00:00:00,27613.8,5756.8,0.0
2025-07-06 01:00:00,26070.8,5356.3,0.0
2025-07-06 02:00:00,24713.0,5065.5,0.0
2025-07-06 03:00:00,23766.0,4821.3,0.0
2025-07-06 04:00:00,23078.3,4644.8,0.0
2025-07-06 05:00:00,22808.8,4506.8,0.0
2025-07-06 06:00:00,22707.0,4030.0,10.5
2025-07-06 07:00:00,22412.5,3227.3,1699.8
2025-07-06 08:00:00,22953.3,2377.0,7681.3
2025-07-06 09:00:00,23805.5,1825.5,13913.0
2025-07-06 10:00:00,24742.8,1563.5,16918.3
2025-07-06 11:00:00,25474.5,1660.3,18169.3
2025-07-06 12:00:00,26106.5,1913.3,18876.5
2025-07-06 13:00:00,27272.3,2359.0,19110.8
2025-07-06 14:00:00,27919.8,3046.8,19179.5
2025-07-06 15:00:00,27589.0,3767.8,18724.8
2025-07-06 16:00:00,27469.0,4521.8,17962.5
2025-07-06 17:00:00,27858.8,5649.0,16904.3
2025-07-06 18:00:00,28858.5,6506.8,14904.3
2025-07-06 19:00:00,29897.5,7249.3,10973.3
2025-07-06 20:00:00,30790.3,7965.3,4979.5
2025-07-06 21:00:00,31702.8,8443.8,767.0
2025-07-06 22:00:00,31965.8,8631.0,0.5
2025-07-06 23:00:00,29980.8,8675.8,0.0
2025-07-07 00:00:00,27708.8,7963.5,0.0
2025-07-07 01:00:00,26055.0,7612.8,0.0
2025-07-07 02:00:00,24864.0,7361.5,0.0
2025-07-07 03:00:00,24207.8,7192.5,0.0
2025-07-07 04:00:00,23905.8,7101.3,0.0
2025-07-07 05:00:00,24457.0,6933.8,0.0
2025-07-07 06:00:00,26835.0,6660.8,11.5
2025-07-07 07:00:00,29403.5,6424.0,1653.8
2025-07-07 08:00:00,31221.5,6076.3,7580.0
2025-07-07 09:00:00,32366.0,5695.3,13864.3
2025-07-07 10:00:00,32905.0,5648.8,16964.3
2025-07-07 11:00:00,33319.8,5888.8,18237.0
2025-07-07 12:00:00,34063.8,6354.0,18999.8
2025-07-07 13:00:00,34799.0,6996.0,19057.5
2025-07-07 14:00:00,34895.5,7690.3,19223.5
2025-07-07 15:00:00,34666.3,8427.8,18750.3
2025-07-07 16:00:00,34734.0,9340.3,18010.3
2025-07-07 17:00:00,35061.0,10457.5,17048.0
2025-07-07 18:00:00,35107.0,11667.3,15329.0
2025-07-07 19:00:00,35561.8,12592.8,11552.0
2025-07-07 20:00:00,35557.8,13180.8,5456.0
2025-07-07 21:00:00,35258.3,13489.3,884.0
2025-07-07 22:00:00,33788.3,13673.0,1.5
2025-07-07 23:00:00,31235.5,13605.5,0.0
2025-07-08 00:00:00,29264.0,13310.3,0.0
2025-07-08 01:00:00,27621.5,12980.8,0.0
2025-07-08 02:00:00,26445.8,12571.3,0.0
2025-07-08 03:00:00,25757.5,12113.5,0.0
2025-07-08 04:00:00,25374.8,11617.0,0.0
2025-07-08 05:00:00,25626.8,11144.5,0.0
2025-07-08 06:00:00,27528.0,10588.0,9.8
2025-07-08 07:00:00,29731.0,9792.0,1548.0
2025-07-08 08:00:00,31104.3,8674.0,7444.5
2025-07-08 09:00:00,31746.3,7673.0,13684.3
2025-07-08 10:00:00,32025.5,7030.0,17135.3
2025-07-08 11:00:00,32318.8,6668.8,18916.8
2025-07-08 12:00:00,32932.0,6448.0,19938.3
2025-07-08 13:00:00,33547.3,6361.0,20445.5
2025-07-08 14:00:00,33641.5,6358.3,20448.8
2025-07-08 15:00:00,33375.8,6514.3,20172.8
2025-07-08 16:00:00,33401.0,6882.3,19454.5
2025-07-08 17:00:00,33723.8,7632.3,18335.0
2025-07-08 18:00:00,34038.8,8743.0,16182.5
2025-07-08 19:00:00,34686.3,9795.3,12012.8
2025-07-08 20:00:00,34890.0,10559.5,5362.0
2025-07-08 21:00:00,34578.0,10879.3,802.3
2025-07-08 22:00:00,33277.3,10820.5,1.3
2025-07-08 23:00:00,30807.0,10464.8,0.0
2025-07-09 00:00:00,29183.5,9438.8,0.0
2025-07-09 01:00:00,27516.0,8761.0,0.0
2025-07-09 02:00:00,26288.5,7954.8,0.0
2025-07-09 03:00:00,25609.3,7112.0,0.0
2025-07-09 04:00:00,25209.8,6318.3,0.0
2025-07-09 05:00:00,25504.3,5619.3,0.0
2025-07-09 06:00:00,27486.3,4955.8,8.5
2025-07-09 07:00:00,29663.3,4131.5,1327.3
2025-07-09 08:00:00,31167.3,3485.5,6919.0
2025-07-09 09:00:00,32033.8,2939.0,13168.8
2025-07-09 10:00:00,32389.0,2609.5,16813.3
2025-07-09 11:00:00,32781.8,2476.0,18899.0
2025-07-09 12:00:00,33400.3,2522.5,20148.5
2025-07-09 13:00:00,34138.5,2686.8,20824.0
2025-07-09 14:00:00,34332.8,2873.8,20953.3
2025-07-09 15:00:00,34055.0,3107.3,20684.8
2025-07-09 16:00:00,34076.5,3378.3,19834.0
2025-07-09 17:00:00,34318.8,3686.5,18451.5
2025-07-09 18:00:00,34434.0,4082.8,16110.3
2025-07-09 19:00:00,34826.5,4487.0,11896.8
2025-07-09 20:00:00,35086.5,4924.0,5248.0
2025-07-09 21:00:00,34760.0,5229.0,747.0
2025-07-09 22:00:00,33500.0,5320.8,0.5
2025-07-09 23:00:00,31086.3,5186.0,0.0
2025-07-10 00:00:00,29573.5,4510.8,0.0
2025-07-10 01:00:00,27884.0,3908.3,0.0
2025-07-10 02:00:00,26615.5,3378.3,0.0
2025-07-10 03:00:00,25931.8,2903.8,0.0
2025-07-10 04:00:00,25525.0,2501.0,0.0
2025-07-10 05:00:00,25881.3,2107.8,0.0
2025-07-10 06:00:00,27775.0,1679.0,9.0
2025-07-10 07:00:00,30004.3,1339.0,1472.8
2025-07-10 08:00:00,31556.8,1003.0,7337.8
2025-07-10 09:00:00,32322.3,722.3,13866.8
2025-07-10 10:00:00,32731.5,775.5,17644.0
2025-07-10 11:00:00,33053.5,1006.8,19637.5
2025-07-10 12:00:00,33660.0,1374.0,20783.0
2025-07-10 13:00:00,34400.8,2056.0,21310.0
2025-07-10 14:00:00,34551.5,2646.3,21393.5
2025-07-10 15:00:00,34367.0,3179.0,20979.5
2025-07-10 16:00:00,34493.5,3619.3,20108.8
2025-07-10 17:00:00,34845.8,3952.8,18882.0
2025-07-10 18:00:00,35035.0,4172.0,16956.5
2025-07-10 19:00:00,35580.0,4375.8,12653.0
2025-07-10 20:00:00,35816.3,4737.0,5744.0
2025-07-10 21:00:00,35113.0,5184.8,858.8
2025-07-10 22:00:00,33901.8,5404.8,1.3
2025-07-10 23:00:00,31483.3,5326.8,0.0
2025-07-11 00:00:00,29924.8,4903.8,0.0
2025-07-11 01:00:00,28226.3,4493.5,0.0
2025-07-11 02:00:00,26869.5,4044.8,0.0
2025-07-11 03:00:00,26093.5,3659.8,0.0
2025-07-11 04:00:00,25680.8,3272.0,0.0
2025-07-11 05:00:00,26031.8,2893.5,0.0
2025-07-11 06:00:00,28044.5,2494.0,8.5
2025-07-11 07:00:00,30284.0,2096.5,1476.0
2025-07-11 08:00:00,31631.5,1780.3,7077.3
2025-07-11 09:00:00,32281.0,1619.3,13394.5
2025-07-11 10:00:00,32742.5,1691.8,17156.5
2025-07-11 11:00:00,33137.0,1938.5,19117.3
2025-07-11 12:00:00,33678.0,2356.8,20212.8
2025-07-11 13:00:00,34257.5,2887.3,20712.3
2025-07-11 14:00:00,34264.8,3570.3,20613.8
2025-07-11 15:00:00,33791.5,4460.3,20114.5
2025-07-11 16:00:00,33627.3,5379.8,19158.8
2025-07-11 17:00:00,33821.0,6306.3,17827.8
2025-07-11 18:00:00,33939.3,6984.0,15707.8
2025-07-11 19:00:00,34374.0,7052.5,11595.8
2025-07-11 20:00:00,34616.3,6810.0,5202.8
2025-07-11 21:00:00,33868.3,6631.0,789.8
2025-07-11 22:00:00,32806.5,6238.0,1.8
2025-07-11 23:00:00,30692.5,5707.3,0.0
2025-07-12 00:00:00,28205.8,4372.8,0.0
2025-07-12 01:00:00,26787.3,3998.0,0.0
2025-07-12 02:00:00,25289.5,3765.5,0.0
2025-07-12 03:00:00,24472.0,3605.0,0.0
2025-07-12 04:00:00,23835.0,3449.3,0.0
2025-07-12 05:00:00,23530.8,3169.8,0.0
2025-07-12 06:00:00,23595.5,2810.3,4.8
2025-07-12 07:00:00,23796.3,2309.8,1186.5
2025-07-12 08:00:00,24753.3,2003.5,6203.5
2025-07-12 09:00:00,25864.5,1898.3,11918.3
2025-07-12 10:00:00,26801.5,1912.0,15220.0
2025-07-12 11:00:00,27079.8,1924.0,16641.0
2025-07-12 12:00:00,27138.8,2042.8,17496.3
2025-07-12 13:00:00,27403.3,2387.3,17976.0
2025-07-12 14:00:00,27153.5,2834.3,17786.3
2025-07-12 15:00:00,26338.3,3325.8,17241.8
2025-07-12 16:00:00,25985.5,3843.0,16935.0
2025-07-12 17:00:00,26310.5,4081.5,16146.5
2025-07-12 18:00:00,26928.3,3894.5,14662.5
2025-07-12 19:00:00,28087.8,3462.8,11187.5
2025-07-12 20:00:00,28802.0,3182.5,5064.0
2025-07-12 21:00:00,28944.8,3125.3,730.0
2025-07-12 22:00:00,28659.3,3115.3,0.0
2025-07-12 23:00:00,27093.0,2983.0,0.0
2025-07-13 00:00:00,25056.8,2486.5,0.0
2025-07-13 01:00:00,23749.3,2318.0,0.0
2025-07-13 02:00:00,22622.8,2231.3,0.0
2025-07-13 03:00:00,22014.5,2239.8,0.0
2025-07-13 04:00:00,21549.0,2268.3,0.0
2025-07-13 05:00:00,21388.3,2200.0,0.0
2025-07-13 06:00:00,21420.8,1891.0,6.3
2025-07-13 07:00:00,21258.8,1482.3,1503.0
2025-07-13 08:00:00,21726.5,1085.5,7524.3
2025-07-13 09:00:00,22497.3,902.8,14049.3
2025-07-13 10:00:00,23307.5,855.8,17249.3
2025-07-13 11:00:00,23867.3,1082.8,18485.3
2025-07-13 12:00:00,24301.8,1316.5,19160.8
2025-07-13 13:00:00,24847.5,1727.5,19426.5
2025-07-13 14:00:00,25211.5,1882.8,19094.5
2025-07-13 15:00:00,24652.3,2130.8,18635.8
2025-07-13 16:00:00,24447.5,2517.8,18031.0
2025-07-13 17:00:00,24971.5,2934.0,17374.3
2025-07-13 18:00:00,26043.0,3309.5,15781.8
2025-07-13 19:00:00,27227.5,3587.8,12006.5
2025-07-13 20:00:00,28328.5,3922.8,5355.3
2025-07-13 21:00:00,29213.3,4062.8,719.8
2025-07-13 22:00:00,29327.3,4192.3,0.0
2025-07-13 23:00:00,27450.3,4198.0,0.0
2025-07-14 00:00:00,25331.5,3603.3,0.0
2025-07-14 01:00:00,23913.8,3653.8,0.0
2025-07-14 02:00:00,22927.3,3543.0,0.0
2025-07-14 03:00:00,22424.8,3274.5,0.0
2025-07-14 04:00:00,22337.3,2941.3,0.0
2025-07-14 05:00:00,23035.8,2605.5,0.0
2025-07-14 06:00:00,25523.5,2199.5,5.8
2025-07-14 07:00:00,28053.0,1785.0,1423.8
2025-07-14 08:00:00,29575.3,1401.8,7341.8
2025-07-14 09:00:00,30421.8,1195.5,14019.8
2025-07-14 10:00:00,30760.5,1313.0,17754.3
2025-07-14 11:00:00,31133.5,1574.8,19486.8
2025-07-14 12:00:00,31626.5,1859.3,20536.5
2025-07-14 13:00:00,32199.0,2121.0,20981.5
2025-07-14 14:00:00,31992.0,2359.3,20946.5
2025-07-14 15:00:00,31232.5,2678.3,20543.5
2025-07-14 16:00:00,31203.0,3165.3,19740.8
2025-07-14 17:00:00,31618.3,3870.5,18608.0
2025-07-14 18:00:00,32454.0,4804.8,16511.8
2025-07-14 19:00:00,33044.0,5485.0,12203.5
2025-07-14 20:00:00,33290.5,5939.3,5404.8
2025-07-14 21:00:00,33242.0,6498.5,766.3
2025-07-14 22:00:00,31960.5,6853.8,0.0
2025-07-14 23:00:00,29501.3,6808.0,0.0
2025-07-15 00:00:00,28473.0,6953.5,0.0
2025-07-15 01:00:00,26865.3,6480.8,0.0
2025-07-15 02:00:00,25681.5,5968.0,0.0
2025-07-15 03:00:00,25016.3,5452.0,0.0
2025-07-15 04:00:00,24735.0,4998.5,0.0
2025-07-15 05:00:00,25132.8,4532.0,0.0
2025-07-15 06:00:00,27071.8,4002.8,6.3
2025-07-15 07:00:00,29161.3,3404.0,1473.5
2025-07-15 08:00:00,30509.3,2649.3,7772.0
2025-07-15 09:00:00,31147.3,2004.3,14910.8
2025-07-15 10:00:00,31433.8,1680.8,18602.5
2025-07-15 11:00:00,31590.3,1593.3,20139.5
2025-07-15 12:00:00,32022.8,1749.8,21003.0
2025-07-15 13:00:00,32471.0,2103.8,21392.8
2025-07-15 14:00:00,32420.0,2460.5,21268.0
2025-07-15 15:00:00,32092.5,2996.5,20960.3
2025-07-15 16:00:00,32247.8,3649.3,20282.0
2025-07-15 17:00:00,32667.3,4386.0,19447.5
2025-07-15 18:00:00,33304.0,5320.8,17440.3
2025-07-15 19:00:00,33948.5,6096.3,13097.8
2025-07-15 20:00:00,34339.8,6745.8,5709.8
2025-07-15 21:00:00,34046.0,7277.3,767.3
2025-07-15 22:00:00,32877.0,7658.3,0.0
2025-07-15 23:00:00,30504.0,7679.8,0.0
2025-07-16 00:00:00,29261.5,7025.0,0.0
2025-07-16 01:00:00,27356.0,6391.0,0.0
2025-07-16 02:00:00,26038.8,5611.3,0.0
2025-07-16 03:00:00,25365.0,4789.0,0.0
2025-07-16 04:00:00,24973.8,4068.5,0.0
2025-07-16 05:00:00,25357.5,3444.8,0.0
2025-07-16 06:00:00,27311.0,2894.8,9.0
2025-07-16 07:00:00,29423.5,2355.0,1515.3
2025-07-16 08:00:00,30868.3,1684.8,7967.0
2025-07-16 09:00:00,31554.5,1294.3,15122.8
2025-07-16 10:00:00,31989.3,1160.3,18976.0
2025-07-16 11:00:00,32605.3,1172.5,20757.3
2025-07-16 12:00:00,33082.3,1332.5,21589.0
2025-07-16 13:00:00,33604.3,1559.3,22153.3
2025-07-16 14:00:00,33743.8,1773.0,22102.3
2025-07-16 15:00:00,33406.0,2020.3,21768.8
2025-07-16 16:00:00,33442.3,2361.8,20987.3
2025-07-16 17:00:00,33839.5,2791.5,20011.3
2025-07-16 18:00:00,34374.3,3268.3,17714.5
2025-07-16 19:00:00,35062.5,3746.5,13065.5
2025-07-16 20:00:00,35278.5,4268.0,5615.5
2025-07-16 21:00:00,34925.8,4797.0,742.8
2025-07-16 22:00:00,33793.0,5180.0,0.0
2025-07-16 23:00:00,31439.0,5211.8,0.0
2025-07-17 00:00:00,30204.5,4585.5,0.0
2025-07-17 01:00:00,28324.3,4030.0,0.0
2025-07-17 02:00:00,26919.8,3472.0,0.0
2025-07-17 03:00:00,26231.0,2962.0,0.0
2025-07-17 04:00:00,25778.3,2490.5,0.0
2025-07-17 05:00:00,26078.0,2168.3,0.0
2025-07-17 06:00:00,28024.8,1765.0,7.5
2025-07-17 07:00:00,30111.3,1318.0,1412.0
2025-07-17 08:00:00,31614.0,893.3,7866.5
2025-07-17 09:00:00,32367.8,714.0,15153.8
2025-07-17 10:00:00,32986.5,713.8,19089.8
2025-07-17 11:00:00,33457.5,963.8,20914.5
2025-07-17 12:00:00,34065.8,1466.3,21826.8
2025-07-17 13:00:00,34729.8,2144.3,22242.3
2025-07-17 14:00:00,34939.5,2834.5,22156.8
2025-07-17 15:00:00,34706.0,3457.3,21712.5
2025-07-17 16:00:00,34888.5,4106.5,20776.8
2025-07-17 17:00:00,35300.5,4899.8,19439.0
2025-07-17 18:00:00,35591.0,5235.0,16940.0
2025-07-17 19:00:00,36227.8,5902.0,12283.5
2025-07-17 20:00:00,36330.3,6724.0,5213.5
2025-07-17 21:00:00,35878.3,6700.8,666.0
2025-07-17 22:00:00,34801.5,6570.0,0.0
2025-07-17 23:00:00,32303.0,6428.3,0.0
2025-07-18 00:00:00,30911.3,6462.3,0.0
2025-07-18 01:00:00,29456.3,6039.3,0.0
2025-07-18 02:00:00,27026.3,5610.8,0.0
2025-07-18 03:00:00,26593.3,5209.3,0.0
2025-07-18 04:00:00,26159.5,4712.8,0.0
2025-07-18 05:00:00,26414.0,4369.3,0.0
2025-07-18 06:00:00,28270.8,3778.8,6.0
2025-07-18 07:00:00,27588.3,3160.8,1282.0
2025-07-18 08:00:00,31745.3,2474.5,7527.8
2025-07-18 09:00:00,32734.8,1997.8,14755.8
2025-07-18 10:00:00,33276.0,1928.3,18723.5
2025-07-18 11:00:00,33580.0,2246.0,20595.8
2025-07-18 12:00:00,34058.8,2832.8,21511.5
2025-07-18 13:00:00,34672.5,3703.0,21928.0
2025-07-18 14:00:00,34664.0,4691.8,21825.8
2025-07-18 15:00:00,34187.0,5726.5,21359.3
2025-07-18 16:00:00,34176.0,6771.8,20353.0
2025-07-18 17:00:00,34434.0,7907.3,18930.8
2025-07-18 18:00:00,34556.8,9040.8,16416.8
2025-07-18 19:00:00,35024.5,9630.8,11978.8
2025-07-18 20:00:00,34978.3,9689.3,5103.3
2025-07-18 21:00:00,34599.8,9626.8,636.8
2025-07-18 22:00:00,33614.0,8837.0,0.0
2025-07-18 23:00:00,31438.8,8638.5,0.0
2025-07-19 00:00:00,29496.8,8613.3,0.0
2025-07-19 01:00:00,27998.3,8211.0,0.0
2025-07-19 02:00:00,26180.3,7790.5,0.0
2025-07-19 03:00:00,25367.3,7580.8,0.0
2025-07-19 04:00:00,24686.5,7246.8,0.0
2025-07-19 05:00:00,24340.3,6972.3,0.0
2025-07-19 06:00:00,24624.3,6737.8,3.3
2025-07-19 07:00:00,24780.5,6460.8,1234.5
2025-07-19 08:00:00,25706.5,6124.8,7012.0
2025-07-19 09:00:00,26824.0,5758.8,13894.5
2025-07-19 10:00:00,27688.8,5463.5,17745.3
2025-07-19 11:00:00,28131.8,5466.5,19581.8
2025-07-19 12:00:00,28375.5,5592.0,20580.3
2025-07-19 13:00:00,28973.5,6022.0,21060.3
2025-07-19 14:00:00,28973.0,6337.5,20968.3
2025-07-19 15:00:00,28304.8,6713.8,20632.8
2025-07-19 16:00:00,27984.8,7219.0,19856.3
2025-07-19 17:00:00,28197.0,7617.3,18922.3
2025-07-19 18:00:00,28958.3,7712.5,16839.0
2025-07-19 19:00:00,29747.8,7821.8,12433.5
2025-07-19 20:00:00,30318.5,7910.0,5273.3
2025-07-19 21:00:00,30474.3,8016.5,637.5
2025-07-19 22:00:00,30199.0,8160.0,0.0
2025-07-19 23:00:00,28433.0,8240.5,0.0
2025-07-20 00:00:00,26170.5,9535.3,0.0
2025-07-20 01:00:00,24649.0,9374.3,0.0
2025-07-20 02:00:00,23381.0,9205.5,0.0
2025-07-20 03:00:00,22635.0,9057.8,0.0
2025-07-20 04:00:00,22134.3,8884.8,0.0
2025-07-20 05:00:00,21897.3,8563.8,0.0
2025-07-20 06:00:00,21876.0,8029.0,3.3
2025-07-20 07:00:00,21626.8,7412.5,1261.0
2025-07-20 08:00:00,22061.5,6482.0,6779.3
2025-07-20 09:00:00,22823.0,7113.3,12940.8
2025-07-20 10:00:00,23617.5,7295.3,15783.5
2025-07-20 11:00:00,24012.8,7704.3,16747.5
2025-07-20 12:00:00,24529.3,8321.0,17202.5
2025-07-20 13:00:00,25407.3,8988.8,17350.8
2025-07-20 14:00:00,25959.3,9608.0,17087.8
2025-07-20 15:00:00,25564.8,9993.3,16735.8
2025-07-20 16:00:00,25445.8,10804.3,16353.0
2025-07-20 17:00:00,25779.3,11314.0,15923.5
2025-07-20 18:00:00,26802.0,11645.5,14764.3
2025-07-20 19:00:00,28054.8,11405.3,11071.0
2025-07-20 20:00:00,29066.8,11012.0,4932.3
2025-07-20 21:00:00,30194.8,9864.3,666.3
2025-07-20 22:00:00,30438.8,10247.8,0.0
2025-07-20 23:00:00,28417.3,9890.5,0.0
2025-07-21 00:00:00,26314.5,8864.5,0.0
2025-07-21 01:00:00,24782.0,8547.0,0.0
2025-07-21 02:00:00,23496.0,8081.3,0.0
2025-07-21 03:00:00,23017.0,7515.8,0.0
2025-07-21 04:00:00,22816.5,6908.8,0.0
2025-07-21 05:00:00,23405.3,6214.5,0.0
2025-07-21 06:00:00,25787.5,5366.8,5.0
2025-07-21 07:00:00,28136.0,4280.5,1418.3
2025-07-21 08:00:00,29772.5,3319.5,7470.5
2025-07-21 09:00:00,30529.8,2751.8,14528.5
2025-07-21 10:00:00,30782.5,2336.3,18121.5
2025-07-21 11:00:00,30895.3,2206.8,19384.3
2025-07-21 12:00:00,31360.3,2083.3,20186.5
2025-07-21 13:00:00,31839.5,2172.8,20534.0
2025-07-21 14:00:00,31798.3,2283.3,20437.5
2025-07-21 15:00:00,31543.0,2518.3,20116.3
2025-07-21 16:00:00,31605.8,2873.5,19451.0
2025-07-21 17:00:00,31995.3,3287.3,18479.3
2025-07-21 18:00:00,32608.5,3675.8,16764.0
2025-07-21 19:00:00,33401.5,4038.5,12490.0
2025-07-21 20:00:00,33734.0,4231.3,5494.0
2025-07-21 21:00:00,33902.0,4552.5,695.8
2025-07-21 22:00:00,32451.5,4779.3,0.0
2025-07-21 23:00:00,29776.0,4929.3,0.0
2025-07-22 00:00:00,28275.3,4503.3,0.0
2025-07-22 01:00:00,26575.5,4332.0,0.0
2025-07-22 02:00:00,25199.3,4053.5,0.0
2025-07-22 03:00:00,24613.3,3645.0,0.0
2025-07-22 04:00:00,24281.8,3290.5,0.0
2025-07-22 05:00:00,24662.8,2903.5,0.0
2025-07-22 06:00:00,26676.5,2450.5,4.0
2025-07-22 07:00:00,28734.0,2015.5,1292.0
2025-07-22 08:00:00,29954.0,1624.3,7192.8
2025-07-22 09:00:00,30579.5,1394.3,14319.8
2025-07-22 10:00:00,30890.8,1516.5,18169.5
2025-07-22 11:00:00,31074.8,1729.8,19888.0
2025-07-22 12:00:00,31481.8,1974.0,20790.8
2025-07-22 13:00:00,32178.3,2530.8,21394.0
2025-07-22 14:00:00,32213.0,2820.8,21285.5
2025-07-22 15:00:00,31853.5,3242.8,20827.8
2025-07-22 16:00:00,31993.0,3850.8,19970.8
2025-07-22 17:00:00,32412.8,4283.5,19082.8
2025-07-22 18:00:00,32987.5,4670.5,17138.8
2025-07-22 19:00:00,33824.3,5186.3,12395.8
2025-07-22 20:00:00,34244.0,5514.3,5259.8
2025-07-22 21:00:00,33997.5,5824.3,655.0
2025-07-22 22:00:00,32754.8,5894.3,0.0
2025-07-22 23:00:00,30271.3,5775.8,0.0
2025-07-23 00:00:00,28518.3,5627.8,0.0
2025-07-23 01:00:00,26861.0,5179.8,0.0
2025-07-23 02:00:00,25396.5,4585.0,0.0
2025-07-23 03:00:00,24817.0,4036.5,0.0
2025-07-23 04:00:00,24500.5,3776.8,0.0
2025-07-23 05:00:00,24870.0,3645.3,0.0
2025-07-23 06:00:00,26873.8,3519.3,2.5
2025-07-23 07:00:00,29032.5,3401.3,718.0
2025-07-23 08:00:00,30225.8,3372.5,4587.0
2025-07-23 09:00:00,31032.3,3441.0,9888.0
2025-07-23 10:00:00,31305.3,3577.5,13744.8
2025-07-23 11:00:00,31453.0,3895.0,16159.0
2025-07-23 12:00:00,31937.5,4407.0,17648.3
2025-07-23 13:00:00,32549.0,4946.3,18428.8
2025-07-23 14:00:00,32591.3,5331.3,18488.8
2025-07-23 15:00:00,32284.0,5954.3,17843.0
2025-07-23 16:00:00,32251.5,6814.5,16600.5
2025-07-23 17:00:00,32532.3,7800.0,14823.3
2025-07-23 18:00:00,32839.8,8806.0,12085.3
2025-07-23 19:00:00,33531.8,9484.0,8110.3
2025-07-23 20:00:00,33980.3,9928.5,3268.5
2025-07-23 21:00:00,33700.3,10021.3,400.5
2025-07-23 22:00:00,32316.5,9960.8,0.0
2025-07-23 23:00:00,29958.0,10183.0,0.0
2025-07-24 00:00:00,28371.3,9784.3,0.0
2025-07-24 01:00:00,27054.8,9726.8,0.0
2025-07-24 02:00:00,25460.0,9686.0,0.0
2025-07-24 03:00:00,24941.0,9524.5,0.0
2025-07-24 04:00:00,24576.0,9421.0,0.0
2025-07-24 05:00:00,24954.5,9271.8,0.0
2025-07-24 06:00:00,26990.3,9106.3,2.5
2025-07-24 07:00:00,29003.0,8864.0,911.5
2025-07-24 08:00:00,30056.5,7690.5,5668.5
2025-07-24 09:00:00,30874.5,7383.5,11623.0
2025-07-24 10:00:00,30975.5,7626.8,15030.8
2025-07-24 11:00:00,31038.5,7359.0,16699.5
2025-07-24 12:00:00,31300.0,7352.3,17603.0
2025-07-24 13:00:00,31691.8,7585.8,18027.0
2025-07-24 14:00:00,31532.3,7804.5,18006.5
2025-07-24 15:00:00,30949.0,8486.8,17588.8
2025-07-24 16:00:00,30853.0,9175.0,16775.5
2025-07-24 17:00:00,31148.5,10202.5,15890.3
2025-07-24 18:00:00,31431.3,10953.0,14312.0
2025-07-24 19:00:00,32063.3,12002.3,10597.3
2025-07-24 20:00:00,32283.5,12388.0,4458.5
2025-07-24 21:00:00,32240.3,12773.3,557.5
2025-07-24 22:00:00,31224.3,12788.8,0.0
2025-07-24 23:00:00,28984.8,12739.8,0.0
2025-07-25 00:00:00,27247.8,11951.0,0.0
2025-07-25 01:00:00,25692.5,11555.0,0.0
2025-07-25 02:00:00,24551.3,11085.5,0.0
2025-07-25 03:00:00,23857.0,10653.5,0.0
2025-07-25 04:00:00,23490.8,10246.8,0.0
2025-07-25 05:00:00,23727.3,9853.3,0.0
2025-07-25 06:00:00,25175.3,9402.8,3.0
2025-07-25 07:00:00,26466.5,8778.0,1049.0
2025-07-25 08:00:00,27161.5,7685.5,6457.3
2025-07-25 09:00:00,28032.5,6623.3,13289.5
2025-07-25 10:00:00,28498.5,6113.3,17169.0
2025-07-25 11:00:00,28750.8,5840.0,18809.0
2025-07-25 12:00:00,28881.8,5623.3,19779.8
2025-07-25 13:00:00,29210.3,5593.3,20206.5
2025-07-25 14:00:00,29075.8,5790.3,20063.5
2025-07-25 15:00:00,28179.0,6098.0,19735.5
2025-07-25 16:00:00,28044.3,6795.5,19100.5
2025-07-25 17:00:00,28140.3,7654.0,18350.8
2025-07-25 18:00:00,28768.5,8837.3,16472.5
2025-07-25 19:00:00,29421.5,9953.0,12111.5
2025-07-25 20:00:00,29684.3,10981.5,5042.5
2025-07-25 21:00:00,29979.0,11685.8,555.3
2025-07-25 22:00:00,29462.0,11962.5,0.0
2025-07-25 23:00:00,27674.3,11786.8,0.0
2025-07-26 00:00:00,25549.8,11048.8,0.0
2025-07-26 01:00:00,24188.3,10454.8,0.0
2025-07-26 02:00:00,23055.3,9768.8,0.0
2025-07-26 03:00:00,22238.0,9068.0,0.0
2025-07-26 04:00:00,21833.5,8408.5,0.0
2025-07-26 05:00:00,21672.0,7912.8,0.0
2025-07-26 06:00:00,22199.0,7378.5,2.5
2025-07-26 07:00:00,22526.8,6482.5,1242.5
2025-07-26 08:00:00,23296.3,5559.3,6917.0
2025-07-26 09:00:00,24302.3,4797.3,13771.3
2025-07-26 10:00:00,24951.8,4319.0,17165.8
2025-07-26 11:00:00,25180.0,4127.0,18124.5
2025-07-26 12:00:00,25132.8,3933.0,18522.0
2025-07-26 13:00:00,25593.0,4005.0,18816.5
2025-07-26 14:00:00,25569.0,4256.8,18239.8
2025-07-26 15:00:00,24855.5,4620.8,17895.8
2025-07-26 16:00:00,24615.5,5136.8,17171.0
2025-07-26 17:00:00,24971.3,5819.3,16784.8
2025-07-26 18:00:00,25959.8,6625.5,15616.3
2025-07-26 19:00:00,26794.8,7424.5,11640.8
2025-07-26 20:00:00,27402.3,8079.3,4980.0
2025-07-26 21:00:00,27888.0,8429.8,600.8
2025-07-26 22:00:00,27542.3,8636.5,0.0
2025-07-26 23:00:00,25890.5,8623.5,0.0
2025-07-27 00:00:00,24260.8,8357.3,0.0
2025-07-27 01:00:00,22910.3,7986.5,0.0
2025-07-27 02:00:00,21850.3,7546.3,0.0
2025-07-27 03:00:00,21096.0,7219.8,0.0
2025-07-27 04:00:00,20637.3,6929.0,0.0
2025-07-27 05:00:00,20482.8,6617.8,0.0
2025-07-27 06:00:00,20684.5,6232.5,1.8
2025-07-27 07:00:00,20576.0,5588.0,1155.5
2025-07-27 08:00:00,20867.5,4633.5,6776.8
2025-07-27 09:00:00,21521.3,4314.0,13367.8
2025-07-27 10:00:00,22317.0,4071.3,16080.5
2025-07-27 11:00:00,22651.8,4159.0,16534.5
2025-07-27 12:00:00,23007.3,4542.8,16859.5
2025-07-27 13:00:00,23765.0,5162.3,17050.0
2025-07-27 14:00:00,24279.5,5794.3,17033.8
2025-07-27 15:00:00,23722.5,6541.8,16668.8
2025-07-27 16:00:00,23522.3,7214.0,16122.5
2025-07-27 17:00:00,24036.0,7869.8,15937.0
2025-07-27 18:00:00,25242.3,8585.8,14894.3
2025-07-27 19:00:00,26476.0,9077.0,11269.5
2025-07-27 20:00:00,27624.0,9452.8,4753.0
2025-07-27 21:00:00,28484.0,9737.5,519.0
2025-07-27 22:00:00,28582.0,9911.8,0.0
2025-07-27 23:00:00,26627.5,9543.5,0.0
2025-07-28 00:00:00,25212.0,8485.3,0.0
2025-07-28 01:00:00,23592.0,8345.8,0.0
2025-07-28 02:00:00,22528.5,8330.5,0.0
2025-07-28 03:00:00,22072.3,8293.8,0.0
2025-07-28 04:00:00,21917.8,8385.0,0.0
2025-07-28 05:00:00,22495.3,8499.8,0.0
2025-07-28 06:00:00,24944.8,8522.0,3.3
2025-07-28 07:00:00,27136.3,8440.5,988.8
2025-07-28 08:00:00,28473.5,8069.8,6568.8
2025-07-28 09:00:00,29022.5,7659.8,13666.8
2025-07-28 10:00:00,29721.8,7619.5,17189.8
2025-07-28 11:00:00,29903.0,7882.3,18753.3
2025-07-28 12:00:00,30329.0,8370.8,19418.3
2025-07-28 13:00:00,30808.8,8403.5,19918.0
2025-07-28 14:00:00,30880.8,9152.8,19847.5
2025-07-28 15:00:00,30274.0,9326.5,19593.3
2025-07-28 16:00:00,30127.5,9856.3,18409.5
2025-07-28 17:00:00,30420.0,10750.5,17695.5
2025-07-28 18:00:00,30996.3,11857.8,16215.3
2025-07-28 19:00:00,31806.5,12382.8,11733.8
2025-07-28 20:00:00,32339.8,12714.0,4591.3
2025-07-28 21:00:00,32326.5,12917.3,458.5
2025-07-28 22:00:00,31033.0,12707.5,0.0
2025-07-28 23:00:00,28478.5,12506.5,0.0
2025-07-29 00:00:00,27016.3,12046.0,0.0
2025-07-29 01:00:00,25416.8,11831.8,0.0
2025-07-29 02:00:00,24155.5,11611.3,0.0
2025-07-29 03:00:00,23631.5,11418.5,0.0
2025-07-29 04:00:00,23376.5,11225.3,0.0
2025-07-29 05:00:00,23693.8,11009.3,0.0
2025-07-29 06:00:00,25768.8,10695.8,3.3
2025-07-29 07:00:00,27809.5,10099.5,1086.8
2025-07-29 08:00:00,28954.0,9199.5,6374.8
2025-07-29 09:00:00,29165.0,8277.3,13000.5
2025-07-29 10:00:00,29313.0,7542.3,16630.0
2025-07-29 11:00:00,29484.3,7264.0,18130.0
2025-07-29 12:00:00,29798.3,7164.5,19072.5
2025-07-29 13:00:00,30187.8,7233.3,19446.5
2025-07-29 14:00:00,30254.8,7421.3,19122.0
2025-07-29 15:00:00,29697.8,7671.0,18792.0
2025-07-29 16:00:00,29647.5,8170.0,18242.5
2025-07-29 17:00:00,29862.8,9039.8,17556.3
2025-07-29 18:00:00,30571.8,10121.5,15708.8
2025-07-29 19:00:00,31301.3,11281.3,11361.5
2025-07-29 20:00:00,32011.0,12064.8,4634.3
2025-07-29 21:00:00,31996.3,12516.0,501.5
2025-07-29 22:00:00,30849.5,12614.0,0.0
2025-07-29 23:00:00,28497.5,12399.5,0.0
2025-07-30 00:00:00,26945.0,11805.0,0.0
2025-07-30 01:00:00,25405.5,11331.0,0.0
2025-07-30 02:00:00,24266.3,10883.8,0.0
2025-07-30 03:00:00,23671.3,10432.5,0.0
2025-07-30 04:00:00,23400.8,9977.0,0.0
2025-07-30 05:00:00,23753.0,9554.3,0.0
2025-07-30 06:00:00,25944.3,9095.3,2.5
2025-07-30 07:00:00,28016.0,8455.8,910.3
2025-07-30 08:00:00,29209.8,7583.5,6265.3
2025-07-30 09:00:00,29590.8,6687.8,13455.3
2025-07-30 10:00:00,29846.0,6021.5,17513.0
2025-07-30 11:00:00,30070.0,5595.5,19252.0
2025-07-30 12:00:00,30380.0,5382.3,20206.3
2025-07-30 13:00:00,30809.3,5357.5,20664.3
2025-07-30 14:00:00,30751.3,5510.5,20570.5
2025-07-30 15:00:00,30146.0,5840.5,20260.5
2025-07-30 16:00:00,29962.8,6403.8,19656.5
2025-07-30 17:00:00,30312.0,7254.0,18845.8
2025-07-30 18:00:00,30882.8,8360.3,16686.3
2025-07-30 19:00:00,31693.5,9482.5,11869.5
2025-07-30 20:00:00,32131.5,10561.3,4475.5
2025-07-30 21:00:00,32098.5,11580.3,389.5
2025-07-30 22:00:00,30944.8,11641.3,0.0
2025-07-30 23:00:00,28694.3,11624.5,0.0
2025-07-31 00:00:00,27189.5,11091.8,0.0
2025-07-31 01:00:00,25646.5,10646.3,0.0
2025-07-31 02:00:00,24348.8,10129.0,0.0
2025-07-31 03:00:00,23747.3,9570.3,0.0
2025-07-31 04:00:00,23459.5,9104.0,0.0
2025-07-31 05:00:00,23814.5,8617.3,0.0
2025-07-31 06:00:00,25851.8,8055.5,2.3
2025-07-31 07:00:00,27761.8,7149.0,901.0
2025-07-31 08:00:00,28914.5,6199.8,6196.0
2025-07-31 09:00:00,29474.3,5506.0,13487.3
2025-07-31 10:00:00,29742.5,4932.5,17696.3
2025-07-31 11:00:00,29906.0,4566.0,19435.5
2025-07-31 12:00:00,30144.5,4339.0,20406.8
2025-07-31 13:00:00,30579.5,4380.5,20883.3
2025-07-31 14:00:00,30515.8,4554.8,20687.8
2025-07-31 15:00:00,29933.8,4914.0,20167.0
2025-07-31 16:00:00,29903.0,5492.8,19212.5
2025-07-31 17:00:00,30502.3,6310.3,18062.0
2025-07-31 18:00:00,31319.8,7460.0,15622.8
2025-07-31 19:00:00,32226.0,8596.0,10725.5
2025-07-31 20:00:00,32459.3,9680.5,3899.3
2025-07-31 21:00:00,32319.0,11117.5,336.3
2025-07-31 22:00:00,31198.8,10593.8,0.0
2025-07-31 23:00:00,28856.5,10664.5,0.0
2025-08-01 00:00:00,27170.5,10294.8,0.0
2025-08-01 01:00:00,25639.3,9796.8,0.0
2025-08-01 02:00:00,24410.3,9303.8,0.0
2025-08-01 03:00:00,23754.8,8805.0,0.0
2025-08-01 04:00:00,23430.5,8407.8,0.0
2025-08-01 05:00:00,23749.8,7939.0,0.0
2025-08-01 06:00:00,25825.8,7470.0,1.3
2025-08-01 07:00:00,27713.0,6872.8,767.8
2025-08-01 08:00:00,28858.3,5921.5,5447.8
2025-08-01 09:00:00,29350.0,5180.8,12243.5
2025-08-01 10:00:00,29576.5,5009.3,16569.5
2025-08-01 11:00:00,29657.8,4817.8,18699.3
2025-08-01 12:00:00,29907.5,4904.3,19861.3
2025-08-01 13:00:00,30496.8,5180.5,20300.5
2025-08-01 14:00:00,30467.3,5164.8,20146.0
2025-08-01 15:00:00,29765.5,5549.8,19456.5
2025-08-01 16:00:00,29589.8,5921.3,18256.0
2025-08-01 17:00:00,29970.5,6684.8,16932.8
2025-08-01 18:00:00,30601.5,7571.3,14383.8
2025-08-01 19:00:00,31247.8,8580.5,9873.8
2025-08-01 20:00:00,31293.0,9781.5,3598.0
2025-08-01 21:00:00,31145.5,10192.0,308.0
2025-08-01 22:00:00,30099.8,10526.3,0.0
2025-08-01 23:00:00,28083.0,10709.8,0.0
2025-08-02 00:00:00,26390.3,10592.5,0.0
2025-08-02 01:00:00,24802.8,10256.8,0.0
2025-08-02 02:00:00,23553.3,9888.3,0.0
2025-08-02 03:00:00,22737.5,9423.8,0.0
2025-08-02 04:00:00,22182.8,9237.5,0.0
2025-08-02 05:00:00,21946.5,8829.5,0.0
2025-08-02 06:00:00,22496.8,8354.5,0.5
2025-08-02 07:00:00,22689.3,7665.3,733.0
2025-08-02 08:00:00,23310.8,6562.5,5913.5
2025-08-02 09:00:00,24125.0,5946.0,13440.0
2025-08-02 10:00:00,24777.5,5475.8,17920.8
2025-08-02 11:00:00,24956.5,5248.8,20296.0
2025-08-02 12:00:00,25159.8,5136.3,21280.0
2025-08-02 13:00:00,25754.3,5085.5,21791.8
2025-08-02 14:00:00,26025.3,5266.3,21740.0
2025-08-02 15:00:00,25563.5,5686.8,21181.0
2025-08-02 16:00:00,25295.8,6359.5,19987.3
2025-08-02 17:00:00,25650.3,7294.5,18556.8
2025-08-02 18:00:00,26538.0,8384.3,15942.3
2025-08-02 19:00:00,27622.8,9460.5,10898.3
2025-08-02 20:00:00,28275.8,10440.8,3863.3
2025-08-02 21:00:00,28787.3,11073.8,273.3
2025-08-02 22:00:00,28021.5,11350.3,0.0
2025-08-02 23:00:00,26161.8,11507.3,0.0
2025-08-03 00:00:00,24697.3,11246.3,0.0
2025-08-03 01:00:00,23260.3,10760.5,0.0
2025-08-03 02:00:00,22120.8,10206.8,0.0
2025-08-03 03:00:00,21393.5,9683.0,0.0
2025-08-03 04:00:00,20899.8,9245.0,0.0
2025-08-03 05:00:00,20715.5,8874.5,0.0
2025-08-03 06:00:00,20928.8,8429.8,0.5
2025-08-03 07:00:00,20710.0,7664.5,756.5
2025-08-03 08:00:00,20904.5,6705.0,5883.5
2025-08-03 09:00:00,21616.0,5763.5,13221.3
2025-08-03 10:00:00,22253.3,5172.8,17543.3
2025-08-03 11:00:00,22576.3,4777.8,19590.5
2025-08-03 12:00:00,23119.3,4682.8,20544.8
2025-08-03 13:00:00,23932.8,4682.8,21338.0
2025-08-03 14:00:00,24479.0,4908.3,21622.5
2025-08-03 15:00:00,24200.3,5210.5,20800.0
2025-08-03 16:00:00,24166.5,5770.0,19901.3
2025-08-03 17:00:00,24698.0,6552.3,18453.8
2025-08-03 18:00:00,25837.5,7547.0,16250.3
2025-08-03 19:00:00,27037.3,8371.3,11143.3
2025-08-03 20:00:00,27962.5,9280.8,4011.5
2025-08-03 21:00:00,29004.0,9924.8,260.5
2025-08-03 22:00:00,28853.0,10159.5,0.0
2025-08-03 23:00:00,26875.0,9873.3,0.0
2025-08-04 00:00:00,25457.3,9016.5,0.0
2025-08-04 01:00:00,23926.8,7734.0,0.0
2025-08-04 02:00:00,22883.0,6480.0,0.0
2025-08-04 03:00:00,22194.0,5496.8,0.0
2025-08-04 04:00:00,22119.8,4896.5,0.0
2025-08-04 05:00:00,22557.5,4468.3,0.0
2025-08-04 06:00:00,24705.3,3871.8,2.3
2025-08-04 07:00:00,26674.5,3410.8,759.0
2025-08-04 08:00:00,28058.5,2879.3,5764.8
2025-08-04 09:00:00,29117.8,2528.5,13118.5
2025-08-04 10:00:00,29481.3,2404.5,17618.5
2025-08-04 11:00:00,29669.8,2323.0,19503.3
2025-08-04 12:00:00,30242.3,2537.0,20533.3
2025-08-04 13:00:00,31099.0,2717.8,21055.5
2025-08-04 14:00:00,31342.8,2874.3,21097.3
2025-08-04 15:00:00,30969.5,3155.3,20559.5
2025-08-04 16:00:00,31141.8,3477.8,19673.3
2025-08-04 17:00:00,31711.8,3675.3,18441.3
2025-08-04 18:00:00,32423.8,3773.0,15955.3
2025-08-04 19:00:00,32834.3,4051.5,10685.0
2025-08-04 20:00:00,33059.5,4519.8,3799.8
2025-08-04 21:00:00,33365.3,4994.0,252.0
2025-08-04 22:00:00,31930.0,5324.5,0.0
2025-08-04 23:00:00,29361.0,5366.3,0.0
2025-08-05 00:00:00,27738.0,6401.3,0.0
2025-08-05 01:00:00,26071.0,6363.0,0.0
2025-08-05 02:00:00,24789.3,6234.5,0.0
2025-08-05 03:00:00,24052.5,6187.8,0.0
2025-08-05 04:00:00,23789.3,6120.8,0.0
2025-08-05 05:00:00,24131.3,6328.0,0.0
2025-08-05 06:00:00,25998.8,6623.3,1.0
2025-08-05 07:00:00,27848.8,6552.3,763.0
2025-08-05 08:00:00,29019.3,6163.8,5661.5
2025-08-05 09:00:00,29750.8,5804.8,12906.0
2025-08-05 10:00:00,30206.0,5920.0,17386.5
2025-08-05 11:00:00,30612.0,6236.3,19268.3
2025-08-05 12:00:00,31036.8,6567.5,20391.5
2025-08-05 13:00:00,31730.5,6828.3,20767.3
2025-08-05 14:00:00,32144.3,7622.5,20869.0
2025-08-05 15:00:00,31814.8,8185.3,20245.5
2025-08-05 16:00:00,31954.0,7987.3,19182.0
2025-08-05 17:00:00,32499.8,10018.0,17687.5
2025-08-05 18:00:00,32960.0,11499.5,15139.3
2025-08-05 19:00:00,33507.3,12209.3,10067.3
2025-08-05 20:00:00,33476.8,12484.5,3464.5
2025-08-05 21:00:00,33603.0,12370.0,209.5
2025-08-05 22:00:00,32054.8,12006.8,0.0
2025-08-05 23:00:00,29479.5,11491.5,0.0
2025-08-06 00:00:00,27801.5,10379.0,0.0
2025-08-06 01:00:00,26045.8,9387.5,0.0
2025-08-06 02:00:00,24804.3,8373.0,0.0
2025-08-06 03:00:00,24055.3,7281.0,0.0
2025-08-06 04:00:00,23754.5,6332.0,0.0
2025-08-06 05:00:00,23965.8,5553.3,0.0
2025-08-06 06:00:00,25768.5,4859.8,0.8
2025-08-06 07:00:00,27432.0,4074.5,682.5
2025-08-06 08:00:00,28477.5,3211.5,5473.5
2025-08-06 09:00:00,29260.0,2584.3,13017.3
2025-08-06 10:00:00,29758.0,2399.5,17785.3
2025-08-06 11:00:00,30005.0,2494.3,19922.8
2025-08-06 12:00:00,30374.8,2746.3,21082.0
2025-08-06 13:00:00,30933.3,3026.3,21581.0
2025-08-06 14:00:00,31262.8,3299.0,21623.8
2025-08-06 15:00:00,30749.3,3578.8,21052.0
2025-08-06 16:00:00,30841.0,3906.3,20024.0
2025-08-06 17:00:00,31302.0,4168.8,18596.5
2025-08-06 18:00:00,32235.3,4331.8,15993.5
2025-08-06 19:00:00,32901.5,4583.3,10620.5
2025-08-06 20:00:00,33227.0,4818.5,3537.5
2025-08-06 21:00:00,33421.0,4940.0,177.5
2025-08-06 22:00:00,31960.3,5042.3,0.0
2025-08-06 23:00:00,29342.0,4781.5,0.0
2025-08-07 00:00:00,27854.8,3549.3,0.0
2025-08-07 01:00:00,26145.5,3370.0,0.0
2025-08-07 02:00:00,24743.0,2937.8,0.0
2025-08-07 03:00:00,23941.5,2578.3,0.0
2025-08-07 04:00:00,23710.0,2246.5,0.0
2025-08-07 05:00:00,23936.8,1968.0,0.0
2025-08-07 06:00:00,25759.3,1666.5,0.0
2025-08-07 07:00:00,27447.8,1378.0,752.8
2025-08-07 08:00:00,28494.0,891.0,5795.5
2025-08-07 09:00:00,29321.5,658.3,13611.3
2025-08-07 10:00:00,29949.3,786.5,18432.0
2025-08-07 11:00:00,30380.3,997.5,20515.3
2025-08-07 12:00:00,30855.5,1395.3,21663.5
2025-08-07 13:00:00,31619.0,1811.0,22091.8
2025-08-07 14:00:00,31896.5,2182.0,22271.8
2025-08-07 15:00:00,31506.3,2717.5,21724.5
2025-08-07 16:00:00,31645.5,3421.8,20562.3
2025-08-07 17:00:00,32170.0,4062.3,19540.0
2025-08-07 18:00:00,32730.8,4700.8,16481.3
2025-08-07 19:00:00,33282.8,5447.5,10841.0
2025-08-07 20:00:00,33355.0,5559.5,3545.5
2025-08-07 21:00:00,33533.3,5721.8,169.3
2025-08-07 22:00:00,32119.0,5748.5,0.0
2025-08-07 23:00:00,29633.3,5584.0,0.0
2025-08-08 00:00:00,28084.0,5531.8,0.0
2025-08-08 01:00:00,26351.8,5081.5,0.0
2025-08-08 02:00:00,25132.5,4473.3,0.0
2025-08-08 03:00:00,24249.3,3957.8,0.0
2025-08-08 04:00:00,23970.0,3540.5,0.0
2025-08-08 05:00:00,24145.5,3236.0,0.0
2025-08-08 06:00:00,25890.3,2916.5,0.0
2025-08-08 07:00:00,27433.8,2532.0,576.8
2025-08-08 08:00:00,28386.5,1995.0,5384.0
2025-08-08 09:00:00,29466.3,1753.3,12907.5
2025-08-08 10:00:00,30178.8,1842.0,17792.8
2025-08-08 11:00:00,30555.3,2165.5,20203.5
2025-08-08 12:00:00,31112.5,2616.3,21505.3
2025-08-08 13:00:00,31776.8,3195.3,22107.3
2025-08-08 14:00:00,31842.5,3814.3,21910.5
2025-08-08 15:00:00,31238.0,4260.0,20983.8
2025-08-08 16:00:00,31295.5,4640.3,19479.8
2025-08-08 17:00:00,31560.5,4984.8,17668.0
2025-08-08 18:00:00,31957.3,5384.3,14728.8
2025-08-08 19:00:00,32193.8,5659.5,9620.5
2025-08-08 20:00:00,31995.8,5845.5,3152.3
2025-08-08 21:00:00,32319.5,5725.3,146.8
2025-08-08 22:00:00,31150.5,5413.8,0.0
2025-08-08 23:00:00,28944.3,4910.8,0.0
2025-08-09 00:00:00,27535.3,4783.5,0.0
2025-08-09 01:00:00,25908.5,4255.0,0.0
2025-08-09 02:00:00,24695.3,3748.3,0.0
2025-08-09 03:00:00,23672.5,3367.5,0.0
2025-08-09 04:00:00,23156.5,3119.0,0.0
2025-08-09 05:00:00,22893.8,2899.0,0.0
2025-08-09 06:00:00,23277.0,2729.8,0.0
2025-08-09 07:00:00,23748.5,2608.5,549.5
2025-08-09 08:00:00,24256.3,2413.3,5162.5
2025-08-09 09:00:00,25158.8,2226.5,12808.3
2025-08-09 10:00:00,25917.5,2401.5,17805.8
2025-08-09 11:00:00,26272.0,2652.5,20098.8
2025-08-09 12:00:00,26709.8,3329.3,21309.3
2025-08-09 13:00:00,27412.8,3725.3,21753.0
2025-08-09 14:00:00,27748.3,4157.5,21787.8
2025-08-09 15:00:00,27453.3,4824.8,21059.5
2025-08-09 16:00:00,27407.3,5456.5,19743.0
2025-08-09 17:00:00,27808.8,6179.0,17915.8
2025-08-09 18:00:00,28692.0,6819.8,15096.8
2025-08-09 19:00:00,29473.0,7650.5,9841.8
2025-08-09 20:00:00,29916.5,8016.5,3130.3
2025-08-09 21:00:00,30415.0,8139.5,131.0
2025-08-09 22:00:00,29456.3,7938.3,0.0
2025-08-09 23:00:00,27460.0,7581.3,0.0
2025-08-10 00:00:00,26186.0,7545.5,0.0
2025-08-10 01:00:00,24630.8,7074.8,0.0
2025-08-10 02:00:00,23419.0,6582.8,0.0
2025-08-10 03:00:00,22495.0,6126.5,0.0
2025-08-10 04:00:00,22006.8,5489.0,0.0
2025-08-10 05:00:00,21764.8,5079.3,0.0
2025-08-10 06:00:00,21845.0,4639.8,0.0
2025-08-10 07:00:00,21637.3,4154.5,559.3
2025-08-10 08:00:00,21849.5,3407.8,5533.5
2025-08-10 09:00:00,22616.3,3013.3,13222.5
2025-08-10 10:00:00,23339.3,3055.5,18026.8
2025-08-10 11:00:00,23856.5,3251.3,20270.5
2025-08-10 12:00:00,24501.8,3441.0,21508.8
2025-08-10 13:00:00,25455.3,3793.0,21938.5
2025-08-10 14:00:00,26177.5,4004.0,21929.3
2025-08-10 15:00:00,26075.8,4255.3,21310.8
2025-08-10 16:00:00,26139.0,4451.5,20198.8
2025-08-10 17:00:00,26699.8,4440.0,18667.3
2025-08-10 18:00:00,27936.3,4487.5,15914.5
2025-08-10 19:00:00,28937.8,4626.8,10397.5
2025-08-10 20:00:00,29457.0,4663.5,3357.8
2025-08-10 21:00:00,30487.8,4844.8,132.0
2025-08-10 22:00:00,30118.3,4949.0,0.0
2025-08-10 23:00:00,28053.8,5021.8,0.0
2025-08-11 00:00:00,26990.0,5095.5,0.0
2025-08-11 01:00:00,25248.0,4764.3,0.0
2025-08-11 02:00:00,24015.5,4388.3,0.0
2025-08-11 03:00:00,23190.5,4008.5,0.0
2025-08-11 04:00:00,22841.0,3569.3,0.0
2025-08-11 05:00:00,23225.3,3169.3,0.0
2025-08-11 06:00:00,25165.3,2798.3,0.0
2025-08-11 07:00:00,26887.5,2620.3,595.0
2025-08-11 08:00:00,28190.5,2094.0,5364.8
2025-08-11 09:00:00,29512.3,1822.5,12963.3
2025-08-11 10:00:00,30528.5,1897.3,17800.3
2025-08-11 11:00:00,31191.3,2156.8,19857.3
2025-08-11 12:00:00,32040.3,2521.5,20745.0
2025-08-11 13:00:00,33008.0,2803.0,21113.8
2025-08-11 14:00:00,33657.5,3123.0,21017.8
2025-08-11 15:00:00,33352.0,3492.5,20104.0
2025-08-11 16:00:00,33360.5,3851.5,18947.0
2025-08-11 17:00:00,33691.8,4230.5,17383.0
2025-08-11 18:00:00,34220.3,4485.3,14482.3
2025-08-11 19:00:00,34443.0,4534.5,9020.3
2025-08-11 20:00:00,34425.3,4525.0,2776.3
2025-08-11 21:00:00,34938.8,4510.8,80.8
2025-08-11 22:00:00,33317.3,4323.8,0.0
2025-08-11 23:00:00,30746.3,4080.0,0.0
2025-08-12 00:00:00,29321.8,4038.8,0.0
2025-08-12 01:00:00,27382.0,3612.5,0.0
2025-08-12 02:00:00,25854.5,3127.3,0.0
2025-08-12 03:00:00,24862.5,2715.3,0.0
2025-08-12 04:00:00,24367.5,2386.3,0.0
2025-08-12 05:00:00,24472.3,2208.5,0.0
2025-08-12 06:00:00,26001.0,2076.0,0.0
2025-08-12 07:00:00,27561.8,1905.3,505.3
2025-08-12 08:00:00,28542.8,1661.5,5174.5
2025-08-12 09:00:00,29807.3,1459.8,12649.8
2025-08-12 10:00:00,30749.5,1689.5,17516.8
2025-08-12 11:00:00,31405.0,2171.0,19727.8
2025-08-12 12:00:00,32415.3,2812.5,20665.8
2025-08-12 13:00:00,33586.5,3598.0,20732.3
2025-08-12 14:00:00,34409.3,4594.0,20187.5
2025-08-12 15:00:00,34130.8,5218.5,18838.8
2025-08-12 16:00:00,34206.0,5558.3,17076.5
2025-08-12 17:00:00,34686.5,5934.0,14870.0
2025-08-12 18:00:00,35120.5,5396.5,11914.8
2025-08-12 19:00:00,35336.0,5137.5,7158.3
2025-08-12 20:00:00,35443.3,4989.0,2085.0
2025-08-12 21:00:00,35815.8,4898.3,53.5
2025-08-12 22:00:00,34121.8,4704.3,0.0
2025-08-12 23:00:00,31511.8,4511.3,0.0
2025-08-13 00:00:00,29318.3,3923.0,0.0
2025-08-13 01:00:00,27442.0,4140.3,0.0
2025-08-13 02:00:00,26000.0,3835.0,0.0
2025-08-13 03:00:00,25077.8,3301.5,0.0
2025-08-13 04:00:00,24628.3,3103.3,0.0
2025-08-13 05:00:00,24741.0,3032.8,0.0
2025-08-13 06:00:00,26279.5,2943.5,0.0
2025-08-13 07:00:00,27797.8,2984.3,375.3
2025-08-13 08:00:00,28775.3,2470.8,4196.3
2025-08-13 09:00:00,30104.8,2391.0,11026.8
2025-08-13 10:00:00,31167.8,3223.8,15964.0
2025-08-13 11:00:00,31784.5,3324.5,18467.8
2025-08-13 12:00:00,32526.5,3250.0,19685.3
2025-08-13 13:00:00,33354.0,2410.8,20017.3
2025-08-13 14:00:00,33886.5,3436.8,19833.3
2025-08-13 15:00:00,33523.3,3804.0,18913.8
2025-08-13 16:00:00,33508.5,3650.0,17453.5
2025-08-13 17:00:00,33844.0,4418.0,15579.8
2025-08-13 18:00:00,34133.5,4820.3,12689.5
2025-08-13 19:00:00,34347.5,4965.3,7902.3
2025-08-13 20:00:00,34211.3,4792.3,2266.0
2025-08-13 21:00:00,34693.5,4105.0,40.5
2025-08-13 22:00:00,33096.8,4812.8,0.0
2025-08-13 23:00:00,30694.3,4692.0,0.0
2025-08-14 00:00:00,28390.0,4721.5,0.0
2025-08-14 01:00:00,26672.0,4574.5,0.0
2025-08-14 02:00:00,25252.0,4414.5,0.0
2025-08-14 03:00:00,24516.0,4297.3,0.0
2025-08-14 04:00:00,24105.0,4262.8,0.0
2025-08-14 05:00:00,24217.8,4367.8,0.0
2025-08-14 06:00:00,25734.3,4208.3,0.0
2025-08-14 07:00:00,27138.3,3985.5,427.8
2025-08-14 08:00:00,28199.8,3444.3,4958.5
2025-08-14 09:00:00,29117.0,3007.8,12609.8
2025-08-14 10:00:00,29852.5,3079.0,17659.5
2025-08-14 11:00:00,30418.8,3131.5,19916.3
2025-08-14 12:00:00,31091.5,2939.0,21033.3
2025-08-14 13:00:00,32011.8,3168.5,21508.5
2025-08-14 14:00:00,32477.3,3607.0,21442.5
2025-08-14 15:00:00,32180.0,3444.0,20744.5
2025-08-14 16:00:00,32205.0,3615.0,19585.8
2025-08-14 17:00:00,32614.8,4140.0,17808.8
2025-08-14 18:00:00,33214.0,4609.0,14831.0
2025-08-14 19:00:00,33266.0,5338.3,9276.5
2025-08-14 20:00:00,32846.0,6163.5,2688.5
2025-08-14 21:00:00,33345.5,6863.0,43.3
2025-08-14 22:00:00,31994.3,7116.8,0.0
2025-08-14 23:00:00,29887.3,7030.0,0.0
2025-08-15 00:00:00,28510.0,6785.5,0.0
2025-08-15 01:00:00,26940.8,6563.3,0.0
2025-08-15 02:00:00,25538.3,6240.0,0.0
2025-08-15 03:00:00,24619.5,5874.5,0.0
2025-08-15 04:00:00,23946.5,5508.8,0.0
2025-08-15 05:00:00,23504.5,5232.3,0.0
2025-08-15 06:00:00,23662.3,4791.8,0.0
2025-08-15 07:00:00,23233.8,4363.0,421.5
2025-08-15 08:00:00,22965.8,3663.5,4839.3
2025-08-15 09:00:00,23759.0,3235.3,12541.3
2025-08-15 10:00:00,24686.8,3122.5,17730.0
2025-08-15 11:00:00,25397.3,3106.3,19959.8
2025-08-15 12:00:00,26235.0,3186.3,21047.0
2025-08-15 13:00:00,27327.3,3358.3,21549.8
2025-08-15 14:00:00,28305.5,3440.5,21412.0
2025-08-15 15:00:00,27964.5,3515.8,20762.0
2025-08-15 16:00:00,27842.3,3516.0,19773.8
2025-08-15 17:00:00,28307.0,3691.3,18230.8
2025-08-15 18:00:00,28962.8,3722.0,15391.5
2025-08-15 19:00:00,29380.0,3855.8,9497.0
2025-08-15 20:00:00,29837.0,4028.3,2613.0
2025-08-15 21:00:00,30852.0,4123.0,37.0
2025-08-15 22:00:00,30529.0,4081.8,0.0
2025-08-15 23:00:00,28857.3,3954.3,0.0
2025-08-16 00:00:00,27278.8,3282.0,0.0
2025-08-16 01:00:00,25568.3,2982.8,0.0
2025-08-16 02:00:00,24290.0,2600.8,0.0
2025-08-16 03:00:00,23349.0,2155.5,0.0
2025-08-16 04:00:00,22671.5,1920.8,0.0
2025-08-16 05:00:00,22417.3,1824.8,0.0
2025-08-16 06:00:00,22795.8,1704.5,0.0
2025-08-16 07:00:00,23013.3,1549.0,403.3
2025-08-16 08:00:00,23578.3,1333.8,4706.5
2025-08-16 09:00:00,24687.5,1116.3,12004.5
2025-08-16 10:00:00,25438.0,1120.8,16833.0
2025-08-16 11:00:00,25853.8,1247.8,19040.8
2025-08-16 12:00:00,26618.5,1548.0,20134.8
2025-08-16 13:00:00,27650.0,1887.0,20468.8
2025-08-16 14:00:00,28565.8,2211.8,20375.5
2025-08-16 15:00:00,28716.0,2567.5,19657.3
2025-08-16 16:00:00,28867.8,2935.0,18505.0
2025-08-16 17:00:00,29518.0,3386.5,16768.3
2025-08-16 18:00:00,30553.8,3801.5,14000.3
2025-08-16 19:00:00,30964.5,3968.5,8558.5
2025-08-16 20:00:00,30930.0,4079.8,2329.0
2025-08-16 21:00:00,31481.5,4024.5,28.3
2025-08-16 22:00:00,30243.0,3741.3,0.0
2025-08-16 23:00:00,28187.5,3327.8,0.0
2025-08-17 00:00:00,27253.0,2390.5,0.0
2025-08-17 01:00:00,25553.8,2022.3,0.0
2025-08-17 02:00:00,24226.0,1729.0,0.0
2025-08-17 03:00:00,23264.8,1557.3,0.0
2025-08-17 04:00:00,22596.0,1531.3,0.0
2025-08-17 05:00:00,22302.8,1487.5,0.0
2025-08-17 06:00:00,22263.5,1381.5,0.0
2025-08-17 07:00:00,22031.8,1295.0,319.8
2025-08-17 08:00:00,22216.3,1018.8,4176.8
2025-08-17 09:00:00,23033.3,751.3,10930.0
2025-08-17 10:00:00,24143.0,856.0,15632.8
2025-08-17 11:00:00,24876.8,949.5,17347.3
2025-08-17 12:00:00,25919.3,1331.0,18155.3
2025-08-17 13:00:00,27141.8,1921.0,18333.5
2025-08-17 14:00:00,28132.0,2539.0,18017.8
2025-08-17 15:00:00,28221.3,3162.8,17251.0
2025-08-17 16:00:00,28555.8,3714.8,16107.3
2025-08-17 17:00:00,29274.3,4120.0,14584.3
2025-08-17 18:00:00,30201.0,4004.8,12082.5
2025-08-17 19:00:00,30732.3,4082.3,7512.0
2025-08-17 20:00:00,31115.8,3783.0,1972.8
2025-08-17 21:00:00,32176.5,3387.0,15.8
2025-08-17 22:00:00,31673.3,3074.5,0.0
2025-08-17 23:00:00,29716.0,2763.0,0.0
2025-08-18 00:00:00,28093.0,2284.0,0.0
2025-08-18 01:00:00,26192.8,2233.0,0.0
2025-08-18 02:00:00,24856.3,2177.8,0.0
2025-08-18 03:00:00,24013.3,2151.8,0.0
2025-08-18 04:00:00,23598.0,2206.8,0.0
2025-08-18 05:00:00,23874.5,2322.5,0.0
2025-08-18 06:00:00,25717.8,2265.8,0.0
2025-08-18 07:00:00,27555.8,2173.5,240.5
2025-08-18 08:00:00,29041.3,1933.8,3165.8
2025-08-18 09:00:00,30582.8,1781.3,8909.3
2025-08-18 10:00:00,32063.5,1696.5,13631.0
2025-08-18 11:00:00,33109.5,1939.8,16149.8
2025-08-18 12:00:00,34298.8,2493.8,17370.3
2025-08-18 13:00:00,35574.0,3342.0,17559.5
2025-08-18 14:00:00,36073.3,4112.0,17224.5
2025-08-18 15:00:00,35648.8,4874.0,16082.3
2025-08-18 16:00:00,35755.3,5443.5,14335.5
2025-08-18 17:00:00,35931.3,5799.5,12240.8
2025-08-18 18:00:00,35374.0,6129.3,9594.8
2025-08-18 19:00:00,35406.0,6508.5,5784.0
2025-08-18 20:00:00,35468.5,6849.8,1633.3
2025-08-18 21:00:00,35926.3,6958.8,17.5
2025-08-18 22:00:00,33907.3,6932.8,0.0
2025-08-18 23:00:00,31377.3,6625.3,0.0
2025-08-19 00:00:00,28956.5,6282.5,0.0
2025-08-19 01:00:00,27267.8,5972.5,0.0
2025-08-19 02:00:00,25931.8,5657.0,0.0
2025-08-19 03:00:00,25094.8,5438.5,0.0
2025-08-19 04:00:00,24631.0,5281.8,0.0
2025-08-19 05:00:00,24715.0,4988.3,0.0
2025-08-19 06:00:00,26219.0,4503.0,0.0
2025-08-19 07:00:00,27813.8,3864.8,236.5
2025-08-19 08:00:00,28742.3,3051.5,4269.8
2025-08-19 09:00:00,29493.3,2618.5,11798.0
2025-08-19 10:00:00,30285.8,2467.0,16981.8
2025-08-19 11:00:00,30992.0,2681.0,19434.3
2025-08-19 12:00:00,31808.0,3139.8,20699.8
2025-08-19 13:00:00,32741.8,3752.5,21684.5
2025-08-19 14:00:00,32818.3,4385.8,21656.0
2025-08-19 15:00:00,32176.8,4967.8,21150.5
2025-08-19 16:00:00,32216.8,5612.8,19991.0
2025-08-19 17:00:00,32410.8,6419.8,18261.3
2025-08-19 18:00:00,32638.0,7177.5,15191.0
2025-08-19 19:00:00,32914.5,7610.0,9397.0
2025-08-19 20:00:00,33093.5,7908.3,2481.0
2025-08-19 21:00:00,33558.8,8011.8,24.8
2025-08-19 22:00:00,31727.8,7936.0,0.0
2025-08-19 23:00:00,29333.8,7807.8,0.0
2025-08-20 00:00:00,27236.5,7147.5,0.0
2025-08-20 01:00:00,25611.0,6863.3,0.0
2025-08-20 02:00:00,24501.8,6520.5,0.0
2025-08-20 03:00:00,23811.3,6215.5,0.0
2025-08-20 04:00:00,23470.5,5959.5,0.0
2025-08-20 05:00:00,23689.5,5725.0,0.0
2025-08-20 06:00:00,25229.8,5464.5,0.0
2025-08-20 07:00:00,26836.5,5090.3,187.3
2025-08-20 08:00:00,27688.5,4796.8,3979.8
2025-08-20 09:00:00,28563.3,4524.8,11223.3
2025-08-20 10:00:00,29043.3,4454.3,16426.8
2025-08-20 11:00:00,29482.0,4551.3,18694.3
2025-08-20 12:00:00,30022.8,4830.5,19773.8
2025-08-20 13:00:00,30865.0,5350.0,20359.5
2025-08-20 14:00:00,30859.3,5995.3,20305.3
2025-08-20 15:00:00,30217.8,6760.3,19664.0
2025-08-20 16:00:00,30027.0,7535.5,18554.0
2025-08-20 17:00:00,30241.8,8270.3,16882.5
2025-08-20 18:00:00,30621.0,8893.3,13801.8
2025-08-20 19:00:00,31108.5,9174.8,8294.3
2025-08-20 20:00:00,31319.0,9308.8,2026.3
2025-08-20 21:00:00,31919.3,8977.0,12.0
2025-08-20 22:00:00,30118.0,8495.5,0.0
2025-08-20 23:00:00,27887.0,7877.3,0.0
2025-08-21 00:00:00,26037.0,6321.8,0.0
2025-08-21 01:00:00,24592.8,5933.3,0.0
2025-08-21 02:00:00,23481.8,5491.5,0.0
2025-08-21 03:00:00,22950.0,5112.3,0.0
2025-08-21 04:00:00,22687.3,4925.0,0.0
2025-08-21 05:00:00,22950.3,4746.0,0.0
2025-08-21 06:00:00,24438.0,4583.5,0.0
2025-08-21 07:00:00,26079.3,4516.5,182.0
2025-08-21 08:00:00,26880.8,4690.3,4001.8
2025-08-21 09:00:00,27725.3,4806.3,11396.0
2025-08-21 10:00:00,28518.0,4740.8,16590.8
2025-08-21 11:00:00,28467.3,4496.8,18657.5
2025-08-21 12:00:00,28830.3,4637.0,19441.5
2025-08-21 13:00:00,29562.3,4932.5,19779.3
2025-08-21 14:00:00,29469.3,5361.0,19681.8
2025-08-21 15:00:00,28876.3,5855.5,19261.8
2025-08-21 16:00:00,28900.0,6498.3,18321.5
2025-08-21 17:00:00,29416.5,7289.0,16757.3
2025-08-21 18:00:00,29974.8,8025.8,13951.0
2025-08-21 19:00:00,30416.5,8415.5,8310.8
2025-08-21 20:00:00,30596.5,8943.8,2000.5
2025-08-21 21:00:00,31170.8,9170.5,8.8
2025-08-21 22:00:00,29465.3,9147.5,0.0
2025-08-21 23:00:00,27291.0,8940.5,0.0
2025-08-22 00:00:00,25458.5,8096.3,0.0
2025-08-22 01:00:00,24100.3,7462.8,0.0
2025-08-22 02:00:00,23090.8,7374.5,0.0
2025-08-22 03:00:00,22521.3,6909.8,0.0
2025-08-22 04:00:00,22280.3,6617.8,0.0
2025-08-22 05:00:00,22583.0,6477.8,0.0
2025-08-22 06:00:00,24166.5,6318.8,0.0
2025-08-22 07:00:00,25794.8,5912.5,210.0
2025-08-22 08:00:00,26606.8,5399.8,4056.8
2025-08-22 09:00:00,27416.3,4841.5,11467.5
2025-08-22 10:00:00,27869.0,4266.3,16718.5
2025-08-22 11:00:00,27873.5,3877.8,18787.0
2025-08-22 12:00:00,28117.5,3648.5,19686.3
2025-08-22 13:00:00,28578.5,3718.8,20189.5
2025-08-22 14:00:00,28288.5,3961.0,19969.8
2025-08-22 15:00:00,27435.8,4290.0,19226.3
2025-08-22 16:00:00,27282.0,5031.8,18205.8
2025-08-22 17:00:00,27798.5,5718.0,16932.3
2025-08-22 18:00:00,28357.0,6376.0,14210.0
2025-08-22 19:00:00,28845.0,7053.0,8274.8
2025-08-22 20:00:00,28991.0,7862.8,1997.5
2025-08-22 21:00:00,29453.8,8393.0,7.8
2025-08-22 22:00:00,27890.0,8341.5,0.0
2025-08-22 23:00:00,26085.5,7984.8,0.0
2025-08-23 00:00:00,24788.0,7341.5,0.0
2025-08-23 01:00:00,23463.8,6766.5,0.0
2025-08-23 02:00:00,22389.5,5968.0,0.0
2025-08-23 03:00:00,21655.3,5123.0,0.0
2025-08-23 04:00:00,21251.8,4428.0,0.0
2025-08-23 05:00:00,21085.8,3860.3,0.0
2025-08-23 06:00:00,21480.0,3370.0,0.0
2025-08-23 07:00:00,21943.5,2818.5,161.5
2025-08-23 08:00:00,22295.5,2205.3,3798.5
2025-08-23 09:00:00,23020.3,1701.0,11291.8
2025-08-23 10:00:00,23858.5,1496.3,16711.8
2025-08-23 11:00:00,23987.8,1477.3,18833.0
2025-08-23 12:00:00,24363.3,1530.5,19785.3
2025-08-23 13:00:00,24530.3,1669.3,20194.3
2025-08-23 14:00:00,24589.8,1791.0,20225.3
2025-08-23 15:00:00,23938.8,1998.3,19650.8
2025-08-23 16:00:00,23787.0,2208.0,18626.0
2025-08-23 17:00:00,24274.5,2478.8,17125.8
2025-08-23 18:00:00,25097.8,2768.0,14104.5
2025-08-23 19:00:00,26131.0,2909.0,7986.5
2025-08-23 20:00:00,26904.3,3073.0,1774.5
2025-08-23 21:00:00,27800.3,3150.3,5.5
2025-08-23 22:00:00,26525.5,3209.5,0.0
2025-08-23 23:00:00,24839.0,3185.8,0.0
2025-08-24 00:00:00,24201.5,2884.3,0.0
2025-08-24 01:00:00,22879.8,2695.8,0.0
2025-08-24 02:00:00,21811.5,2356.0,0.0
2025-08-24 03:00:00,21078.5,2030.3,0.0
2025-08-24 04:00:00,20661.5,1816.8,0.0
2025-08-24 05:00:00,20505.0,1642.5,0.0
2025-08-24 06:00:00,20743.8,1480.0,0.0
2025-08-24 07:00:00,20701.5,1246.3,124.5
2025-08-24 08:00:00,20629.8,949.3,3458.5
2025-08-24 09:00:00,21288.0,768.3,10446.3
2025-08-24 10:00:00,22137.8,742.3,15418.3
2025-08-24 11:00:00,22586.8,977.5,17660.3
2025-08-24 12:00:00,23106.8,1316.0,18918.3
2025-08-24 13:00:00,23706.5,1663.0,19198.0
2025-08-24 14:00:00,24106.5,1981.8,19128.5
2025-08-24 15:00:00,23551.8,2319.5,18553.5
2025-08-24 16:00:00,23496.5,2609.8,17228.8
2025-08-24 17:00:00,23987.0,2938.3,15767.3
2025-08-24 18:00:00,24540.0,3285.5,12954.0
2025-08-24 19:00:00,25643.8,3810.8,7241.8
2025-08-24 20:00:00,26878.0,4151.8,1597.3
2025-08-24 21:00:00,28304.8,4357.0,3.5
2025-08-24 22:00:00,27607.3,4470.0,0.0
2025-08-24 23:00:00,25752.3,4422.3,0.0
2025-08-25 00:00:00,24999.3,4147.5,0.0
2025-08-25 01:00:00,23600.0,3875.8,0.0
2025-08-25 02:00:00,22684.5,3530.0,0.0
2025-08-25 03:00:00,22111.0,3160.5,0.0
2025-08-25 04:00:00,21950.0,2838.8,0.0
2025-08-25 05:00:00,22593.0,2661.0,0.0
2025-08-25 06:00:00,24905.3,2425.5,0.0
2025-08-25 07:00:00,27246.5,2182.8,66.5
2025-08-25 08:00:00,28655.3,1800.5,2301.8
2025-08-25 09:00:00,29854.3,1689.8,7844.3
2025-08-25 10:00:00,30511.3,1915.3,12576.8
2025-08-25 11:00:00,30746.5,2203.8,15345.8
2025-08-25 12:00:00,31189.8,2877.5,17170.8
2025-08-25 13:00:00,31781.3,3354.5,18248.5
2025-08-25 14:00:00,31761.5,3888.3,18556.8
2025-08-25 15:00:00,31181.3,4450.8,18210.5
2025-08-25 16:00:00,31152.8,4856.3,17020.5
2025-08-25 17:00:00,31662.3,5185.3,15442.8
2025-08-25 18:00:00,31845.5,5219.0,12552.8
2025-08-25 19:00:00,32171.3,5258.0,6985.8
2025-08-25 20:00:00,32368.0,5351.3,1470.3
2025-08-25 21:00:00,33146.5,5128.5,1.8
2025-08-25 22:00:00,30939.8,4856.5,0.0
2025-08-25 23:00:00,28466.0,4604.5,0.0
2025-08-26 00:00:00,26939.0,4348.5,0.0
2025-08-26 01:00:00,25383.8,3835.5,0.0
2025-08-26 02:00:00,24202.8,3314.5,0.0
2025-08-26 03:00:00,23603.5,2839.3,0.0
2025-08-26 04:00:00,23387.8,2427.8,0.0
2025-08-26 05:00:00,23720.5,2067.3,0.0
2025-08-26 06:00:00,25682.3,1681.5,0.0
2025-08-26 07:00:00,27644.3,1391.3,61.5
2025-08-26 08:00:00,28845.0,1051.8,3020.8
2025-08-26 09:00:00,29802.5,903.0,9651.3
2025-08-26 10:00:00,30423.3,985.3,15093.0
2025-08-26 11:00:00,30486.5,1307.0,17653.5
2025-08-26 12:00:00,30969.0,1846.8,18670.0
2025-08-26 13:00:00,31528.3,2667.3,18902.3
2025-08-26 14:00:00,31790.0,3625.8,18642.5
2025-08-26 15:00:00,31386.3,4071.3,17878.3
2025-08-26 16:00:00,31567.3,4576.3,16734.5
2025-08-26 17:00:00,32140.8,5003.8,14746.3
2025-08-26 18:00:00,32861.5,5263.5,11463.3
2025-08-26 19:00:00,33002.0,5475.5,6114.8
2025-08-26 20:00:00,33150.3,5543.0,1253.0
2025-08-26 21:00:00,33871.0,5502.3,1.0
2025-08-26 22:00:00,31649.0,5310.5,0.0
2025-08-26 23:00:00,28972.0,4977.0,0.0
2025-08-27 00:00:00,27483.3,4323.8,0.0
2025-08-27 01:00:00,25874.0,3955.0,0.0
2025-08-27 02:00:00,24737.5,3516.0,0.0
2025-08-27 03:00:00,24068.5,3220.3,0.0
2025-08-27 04:00:00,23818.0,2950.8,0.0
2025-08-27 05:00:00,24146.8,2644.3,0.0
2025-08-27 06:00:00,26132.0,2489.3,0.0
2025-08-27 07:00:00,28156.8,2246.5,51.0
2025-08-27 08:00:00,29207.0,2074.5,2798.5
2025-08-27 09:00:00,30108.5,2016.5,9444.8
2025-08-27 10:00:00,30738.3,2274.0,14798.8
2025-08-27 11:00:00,31100.0,2769.3,17265.5
2025-08-27 12:00:00,31331.3,3557.0,18264.3
2025-08-27 13:00:00,32022.0,4525.3,18392.8
2025-08-27 14:00:00,32113.8,5363.5,18180.0
2025-08-27 15:00:00,31502.8,6212.8,17440.0
2025-08-27 16:00:00,31644.3,7010.3,16321.0
2025-08-27 17:00:00,32122.0,7361.8,14783.8
2025-08-27 18:00:00,32433.5,7424.8,11971.0
2025-08-27 19:00:00,32531.8,7259.3,6590.3
2025-08-27 20:00:00,32869.3,7047.3,1385.5
2025-08-27 21:00:00,33576.3,6865.5,1.0
2025-08-27 22:00:00,31407.5,6833.3,0.0
2025-08-27 23:00:00,28839.3,6832.8,0.0
2025-08-28 00:00:00,27217.5,6447.5,0.0
2025-08-28 01:00:00,25726.5,6751.8,0.0
2025-08-28 02:00:00,24604.8,7073.8,0.0
2025-08-28 03:00:00,24011.0,7293.5,0.0
2025-08-28 04:00:00,23765.0,7591.3,0.0
2025-08-28 05:00:00,24029.0,8064.3,0.0
2025-08-28 06:00:00,25986.0,8151.8,0.0
2025-08-28 07:00:00,27951.3,7977.3,43.5
2025-08-28 08:00:00,28916.3,7745.5,3340.3
2025-08-28 09:00:00,29554.8,7662.0,10672.0
2025-08-28 10:00:00,29860.8,7486.8,15957.8
2025-08-28 11:00:00,29826.5,7372.3,17925.8
2025-08-28 12:00:00,29971.3,7448.3,18683.3
2025-08-28 13:00:00,30335.8,7770.5,18872.8
2025-08-28 14:00:00,30194.8,8128.0,18627.0
2025-08-28 15:00:00,29705.8,8584.8,18086.5
2025-08-28 16:00:00,29716.3,9057.0,17366.0
2025-08-28 17:00:00,30188.8,9385.8,16711.8
2025-08-28 18:00:00,30562.0,9426.0,14399.0
2025-08-28 19:00:00,30872.0,9063.8,8195.8
2025-08-28 20:00:00,31361.3,8572.8,1772.8
2025-08-28 21:00:00,32356.3,8028.8,1.3
2025-08-28 22:00:00,30364.3,7445.0,0.0
2025-08-28 23:00:00,27944.8,6993.0,0.0
2025-08-29 00:00:00,26369.8,7072.8,0.0
2025-08-29 01:00:00,24964.0,6938.5,0.0
2025-08-29 02:00:00,23864.0,7049.0,0.0
2025-08-29 03:00:00,23263.3,7204.3,0.0
2025-08-29 04:00:00,23043.3,7448.3,0.0
2025-08-29 05:00:00,23348.3,7663.0,0.0
2025-08-29 06:00:00,25309.3,7940.3,0.0
2025-08-29 07:00:00,27237.0,7924.3,73.3
2025-08-29 08:00:00,28221.5,7655.8,2877.8
2025-08-29 09:00:00,28828.5,7498.3,9784.0
2025-08-29 10:00:00,29222.5,7301.3,15364.8
2025-08-29 11:00:00,29281.5,7136.5,17849.8
2025-08-29 12:00:00,29365.0,7335.5,19084.3
2025-08-29 13:00:00,29698.3,7831.0,19710.5
2025-08-29 14:00:00,29652.8,8522.8,19791.0
2025-08-29 15:00:00,28888.3,9414.8,19474.5
2025-08-29 16:00:00,28946.5,10307.0,18514.5
2025-08-29 17:00:00,29437.3,10712.3,17135.0
2025-08-29 18:00:00,29994.0,10111.5,13960.8
2025-08-29 19:00:00,30410.0,9125.5,7490.8
2025-08-29 20:00:00,30669.5,7933.5,1313.3
2025-08-29 21:00:00,31275.8,6944.3,1.5
2025-08-29 22:00:00,29174.8,6295.0,0.0
2025-08-29 23:00:00,27190.3,5629.0,0.0
2025-08-30 00:00:00,25401.8,5501.5,0.0
2025-08-30 01:00:00,24024.0,5261.0,0.0
2025-08-30 02:00:00,22894.8,5032.8,0.0
2025-08-30 03:00:00,22190.8,4891.3,0.0
2025-08-30 04:00:00,21766.0,4787.5,0.0
2025-08-30 05:00:00,21607.0,4683.8,0.0
2025-08-30 06:00:00,22153.8,4475.3,0.0
2025-08-30 07:00:00,22687.5,4113.0,68.5
2025-08-30 08:00:00,23264.8,3798.8,3541.5
2025-08-30 09:00:00,24127.5,3635.0,11214.0
2025-08-30 10:00:00,24940.3,3689.0,16864.0
2025-08-30 11:00:00,25134.0,3958.5,18924.5
2025-08-30 12:00:00,25292.0,4171.3,19139.8
2025-08-30 13:00:00,25691.0,4621.3,18929.8
2025-08-30 14:00:00,25700.8,5139.3,18319.8
2025-08-30 15:00:00,25119.3,5366.0,18083.0
2025-08-30 16:00:00,25124.5,5566.5,17503.5
2025-08-30 17:00:00,25832.5,5680.8,16757.8
2025-08-30 18:00:00,26944.0,5643.5,13889.8
2025-08-30 19:00:00,27811.5,5364.8,7466.8
2025-08-30 20:00:00,28719.0,5256.5,1453.8
2025-08-30 21:00:00,29528.8,4745.8,0.0
2025-08-30 22:00:00,27787.0,4287.8,0.0
2025-08-30 23:00:00,25997.0,3972.5,0.0
2025-08-31 00:00:00,24153.5,4178.5,0.0
2025-08-31 01:00:00,22875.0,3992.3,0.0
2025-08-31 02:00:00,21780.3,3910.8,0.0
2025-08-31 03:00:00,21062.5,3861.3,0.0
2025-08-31 04:00:00,20613.5,3919.3,0.0
2025-08-31 05:00:00,20478.5,3943.8,0.0
2025-08-31 06:00:00,20830.3,3991.0,0.0
2025-08-31 07:00:00,20958.3,3890.0,56.0
2025-08-31 08:00:00,21108.5,3922.5,3316.8
2025-08-31 09:00:00,21826.5,4479.8,10452.5
2025-08-31 10:00:00,22562.3,5499.5,15375.3
2025-08-31 11:00:00,22973.3,6451.0,16637.5
2025-08-31 12:00:00,23409.0,7517.3,16718.0
2025-08-31 13:00:00,24106.3,8369.0,16701.8
2025-08-31 14:00:00,24343.5,9138.0,16701.5
2025-08-31 15:00:00,23764.5,10093.0,16309.8
2025-08-31 16:00:00,23800.5,11048.5,15674.0
2025-08-31 17:00:00,24492.3,11786.3,14272.0
2025-08-31 18:00:00,25467.0,12115.0,11342.5
2025-08-31 19:00:00,26502.3,11741.3,5934.5
2025-08-31 20:00:00,27761.5,11277.8,1103.0
2025-08-31 21:00:00,29191.3,10841.0,0.0
2025-08-31 22:00:00,28023.5,10523.8,0.0
2025-08-31 23:00:00,26109.8,10432.8,0.0
2025-09-01 00:00:00,23973.5,10051.0,0.0
2025-09-01 01:00:00,22702.3,9898.0,0.0
2025-09-01 02:00:00,21862.5,9821.3,0.0
2025-09-01 03:00:00,21450.5,9783.5,0.0
2025-09-01 04:00:00,21344.0,9714.0,0.0
2025-09-01 05:00:00,21969.3,9571.8,0.0
2025-09-01 06:00:00,24458.3,9330.5,0.0
2025-09-01 07:00:00,26980.5,8754.3,49.5
2025-09-01 08:00:00,28176.3,8217.8,3494.0
2025-09-01 09:00:00,28660.0,7576.5,11263.5
2025-09-01 10:00:00,28772.8,7185.8,16974.8
2025-09-01 11:00:00,28584.8,6923.3,19322.8
2025-09-01 12:00:00,28627.8,6920.3,20737.0
2025-09-01 13:00:00,28894.8,7251.8,20904.0
2025-09-01 14:00:00,28591.5,7705.5,20498.5
2025-09-01 15:00:00,28055.5,8292.3,19494.8
2025-09-01 16:00:00,28293.0,9040.5,19041.8
2025-09-01 17:00:00,29100.0,9689.0,17364.5
2025-09-01 18:00:00,29769.8,9804.5,14187.3
2025-09-01 19:00:00,30269.8,8830.3,7473.3
2025-09-01 20:00:00,31157.5,8130.5,1359.3
2025-09-01 21:00:00,31774.5,7527.0,0.0
2025-09-01 22:00:00,29157.0,6868.8,0.0
2025-09-01 23:00:00,26727.3,6330.5,0.0
2025-09-02 00:00:00,25171.8,5761.5,0.0
2025-09-02 01:00:00,23919.8,5570.0,0.0
2025-09-02 02:00:00,22934.3,5778.3,0.0
2025-09-02 03:00:00,22424.0,5519.8,0.0
2025-09-02 04:00:00,22251.8,5485.3,0.0
2025-09-02 05:00:00,22627.0,5501.5,0.0
2025-09-02 06:00:00,24839.3,5508.3,0.0
2025-09-02 07:00:00,27174.3,5684.3,41.8
2025-09-02 08:00:00,28153.8,5056.3,3291.5
2025-09-02 09:00:00,28567.0,4741.0,10940.0
2025-09-02 10:00:00,28660.8,4716.8,16847.0
2025-09-02 11:00:00,28543.0,4926.5,19247.3
2025-09-02 12:00:00,28557.8,5153.5,19956.8
2025-09-02 13:00:00,28820.3,5313.0,20278.3
2025-09-02 14:00:00,28503.3,5477.0,20213.5
2025-09-02 15:00:00,27947.5,5503.5,19437.0
2025-09-02 16:00:00,28306.3,5457.8,18872.5
2025-09-02 17:00:00,29110.8,5314.8,17635.5
2025-09-02 18:00:00,29768.3,5028.5,14144.0
2025-09-02 19:00:00,30246.3,4966.8,7356.0
2025-09-02 20:00:00,31119.3,4749.5,1282.8
2025-09-02 21:00:00,31658.5,4386.8,0.0
2025-09-02 22:00:00,29185.3,4329.0,0.0
2025-09-02 23:00:00,26675.3,4333.3,0.0
2025-09-03 00:00:00,25171.5,5174.8,0.0
2025-09-03 01:00:00,23995.3,5204.5,0.0
2025-09-03 02:00:00,23037.5,5338.8,0.0
2025-09-03 03:00:00,22544.8,5403.8,0.0
2025-09-03 04:00:00,22346.0,5559.8,0.0
2025-09-03 05:00:00,22812.0,5976.5,0.0
2025-09-03 06:00:00,25052.5,6157.8,0.0
2025-09-03 07:00:00,27520.8,6352.8,62.0
2025-09-03 08:00:00,28474.0,6212.0,3326.0
2025-09-03 09:00:00,28953.0,5784.0,11377.5
2025-09-03 10:00:00,29075.8,5821.8,17405.8
2025-09-03 11:00:00,28874.5,5914.0,19635.0
2025-09-03 12:00:00,28977.3,5945.0,20478.5
2025-09-03 13:00:00,29235.3,5867.5,20760.8
2025-09-03 14:00:00,28891.5,5811.3,20519.3
2025-09-03 15:00:00,28368.3,6061.0,19909.3
2025-09-03 16:00:00,28769.8,6076.3,19239.3
2025-09-03 17:00:00,29569.0,6046.8,17550.0
2025-09-03 18:00:00,30242.3,5865.0,14131.0
2025-09-03 19:00:00,30794.3,6138.8,7117.8
2025-09-03 20:00:00,31448.3,5760.8,1087.3
2025-09-03 21:00:00,31913.8,5503.5,0.0
2025-09-03 22:00:00,29256.5,5430.5,0.0
2025-09-03 23:00:00,26783.3,5370.3,0.0
2025-09-04 00:00:00,25808.8,5693.0,0.0
2025-09-04 01:00:00,24575.8,5668.0,0.0
2025-09-04 02:00:00,23532.8,5654.3,0.0
2025-09-04 03:00:00,23028.8,5607.0,0.0
2025-09-04 04:00:00,22799.0,5722.5,0.0
2025-09-04 05:00:00,23200.0,5656.8,0.0
2025-09-04 06:00:00,25385.8,5310.3,0.0
2025-09-04 07:00:00,27839.0,4621.3,48.3
2025-09-04 08:00:00,28831.8,3582.3,3232.8
2025-09-04 09:00:00,29218.0,3291.0,11060.0
2025-09-04 10:00:00,29310.8,3318.3,16996.5
2025-09-04 11:00:00,29052.3,3623.5,19493.8
2025-09-04 12:00:00,29043.3,3973.3,20364.0
2025-09-04 13:00:00,29378.8,4384.5,20666.0
2025-09-04 14:00:00,29124.0,4781.8,20436.3
2025-09-04 15:00:00,28597.5,5089.3,19871.8
2025-09-04 16:00:00,29011.3,5387.0,19114.0
2025-09-04 17:00:00,29936.3,5461.5,17570.5
2025-09-04 18:00:00,30542.0,5423.0,14011.3
2025-09-04 19:00:00,31135.0,5457.8,6843.5
2025-09-04 20:00:00,32036.5,5383.0,1089.0
2025-09-04 21:00:00,32382.8,5405.8,0.0
2025-09-04 22:00:00,29728.0,5629.5,0.0
2025-09-04 23:00:00,27253.3,6026.8,0.0
2025-09-05 00:00:00,26194.3,6287.3,0.0
2025-09-05 01:00:00,24850.3,6415.3,0.0
2025-09-05 02:00:00,23881.0,6473.0,0.0
2025-09-05 03:00:00,23294.3,6486.0,0.0
2025-09-05 04:00:00,23069.5,6437.5,0.0
2025-09-05 05:00:00,23473.5,6030.5,0.0
2025-09-05 06:00:00,25603.5,6270.8,0.0
2025-09-05 07:00:00,27935.8,5858.8,28.3
2025-09-05 08:00:00,28893.0,5150.3,2441.8
2025-09-05 09:00:00,29419.5,4498.5,9122.8
2025-09-05 10:00:00,29543.3,4116.0,14665.8
2025-09-05 11:00:00,29480.8,4061.5,17150.3
2025-09-05 12:00:00,29512.8,4265.8,18217.8
2025-09-05 13:00:00,29705.8,4612.8,18682.5
2025-09-05 14:00:00,29281.5,5149.5,18815.0
2025-09-05 15:00:00,28625.3,5740.8,18392.5
2025-09-05 16:00:00,28755.3,6566.8,17595.5
2025-09-05 17:00:00,29535.3,7408.5,16151.5
2025-09-05 18:00:00,29979.3,8086.0,12656.3
2025-09-05 19:00:00,30679.0,8523.8,6100.8
2025-09-05 20:00:00,31329.8,8714.0,895.8
2025-09-05 21:00:00,31395.0,8694.8,0.0
2025-09-05 22:00:00,28906.0,8730.5,0.0
2025-09-05 23:00:00,26770.0,8293.5,0.0
2025-09-06 00:00:00,25851.5,8204.0,0.0
2025-09-06 01:00:00,24503.8,8168.5,0.0
2025-09-06 02:00:00,23426.8,8132.0,0.0
2025-09-06 03:00:00,22667.5,8166.0,0.0
2025-09-06 04:00:00,22197.5,7979.5,0.0
2025-09-06 05:00:00,22013.5,7950.0,0.0
2025-09-06 06:00:00,22512.3,7935.5,0.0
2025-09-06 07:00:00,23101.5,7807.3,25.5
2025-09-06 08:00:00,23901.5,7443.3,2719.5
2025-09-06 09:00:00,24992.3,7257.0,10089.5
2025-09-06 10:00:00,25764.3,7365.8,15568.8
2025-09-06 11:00:00,25722.3,7916.3,17577.5
2025-09-06 12:00:00,25737.0,8805.0,18202.8
2025-09-06 13:00:00,26189.3,9805.5,18435.5
2025-09-06 14:00:00,26161.0,10624.8,18345.0
2025-09-06 15:00:00,25480.0,11413.3,17663.5
2025-09-06 16:00:00,25332.0,12159.8,16930.3
2025-09-06 17:00:00,25958.3,12729.0,15383.8
2025-09-06 18:00:00,26890.8,12782.3,12013.8
2025-09-06 19:00:00,28117.8,12691.5,5664.0
2025-09-06 20:00:00,29332.3,12509.0,767.8
2025-09-06 21:00:00,29645.8,12373.5,0.0
2025-09-06 22:00:00,27813.8,12230.3,0.0
2025-09-06 23:00:00,25930.0,11962.8,0.0
2025-09-07 00:00:00,24517.0,11091.3,0.0
2025-09-07 01:00:00,23209.8,10573.3,0.0
2025-09-07 02:00:00,22093.0,9859.8,0.0
2025-09-07 03:00:00,21309.0,9290.8,0.0
2025-09-07 04:00:00,20918.8,8750.5,0.0
2025-09-07 05:00:00,20778.3,8235.0,0.0
2025-09-07 06:00:00,21161.3,7605.0,0.0
2025-09-07 07:00:00,21437.0,6939.3,16.8
2025-09-07 08:00:00,21594.0,6406.5,1520.8
2025-09-07 09:00:00,22301.3,6255.0,6112.0
2025-09-07 10:00:00,23298.3,6132.8,10094.5
2025-09-07 11:00:00,23776.0,6165.3,12506.5
2025-09-07 12:00:00,24175.3,6328.5,13754.3
2025-09-07 13:00:00,24858.8,6346.8,14317.3
2025-09-07 14:00:00,25106.8,6475.0,14211.3
2025-09-07 15:00:00,24359.8,6461.0,13762.8
2025-09-07 16:00:00,24196.3,6227.5,12606.3
2025-09-07 17:00:00,24724.0,5648.0,10891.0
2025-09-07 18:00:00,25381.5,4924.8,7853.0
2025-09-07 19:00:00,26406.3,4424.8,3431.0
2025-09-07 20:00:00,27888.3,4171.0,489.0
2025-09-07 21:00:00,28803.5,4315.8,0.0
2025-09-07 22:00:00,27574.8,4341.0,0.0
2025-09-07 23:00:00,25700.5,4495.8,0.0
2025-09-08 00:00:00,24199.5,4137.3,0.0
2025-09-08 01:00:00,22999.3,4305.3,0.0
2025-09-08 02:00:00,22179.0,4338.5,0.0
2025-09-08 03:00:00,21723.0,4373.0,0.0
2025-09-08 04:00:00,21658.8,4348.0,0.0
2025-09-08 05:00:00,22297.0,4322.5,0.0
2025-09-08 06:00:00,24856.3,4204.5,0.0
2025-09-08 07:00:00,27515.5,4057.3,8.0
2025-09-08 08:00:00,28531.8,3779.0,1819.0
2025-09-08 09:00:00,29297.0,3448.5,7513.0
2025-09-08 10:00:00,29726.0,3000.5,12947.3
2025-09-08 11:00:00,29574.0,2891.5,15735.0
2025-09-08 12:00:00,29749.3,3096.5,16699.8
2025-09-08 13:00:00,30060.0,3529.5,16848.5
2025-09-08 14:00:00,29827.8,4112.3,16797.8
2025-09-08 15:00:00,29248.3,4836.0,16452.0
2025-09-08 16:00:00,29396.3,5655.5,15546.0
2025-09-08 17:00:00,29769.5,6557.5,13800.3
2025-09-08 18:00:00,29943.8,7314.8,10437.8
2025-09-08 19:00:00,30336.0,7830.0,4661.3
2025-09-08 20:00:00,31280.0,8083.5,601.8
2025-09-08 21:00:00,31850.0,8318.3,0.0
2025-09-08 22:00:00,29143.3,8125.8,0.0
2025-09-08 23:00:00,26837.8,7628.5,0.0
2025-09-09 00:00:00,26119.5,7319.3,0.0
2025-09-09 01:00:00,24838.8,7040.8,0.0
2025-09-09 02:00:00,23884.8,6663.8,0.0
2025-09-09 03:00:00,23432.5,6391.0,0.0
2025-09-09 04:00:00,23251.8,5929.0,0.0
2025-09-09 05:00:00,23704.3,5545.8,0.0
2025-09-09 06:00:00,26069.5,5145.5,0.0
2025-09-09 07:00:00,28877.5,4703.8,8.0
2025-09-09 08:00:00,29916.3,4264.3,2056.3
2025-09-09 09:00:00,30246.3,3913.8,8357.0
2025-09-09 10:00:00,30068.0,3604.8,13862.3
2025-09-09 11:00:00,30062.0,3834.0,16264.5
2025-09-09 12:00:00,30150.5,4054.3,17276.3
2025-09-09 13:00:00,30461.0,4408.3,17732.3
2025-09-09 14:00:00,30207.8,4489.3,17739.8
2025-09-09 15:00:00,29627.8,4938.5,17325.3
2025-09-09 16:00:00,29648.3,5523.3,16704.8
2025-09-09 17:00:00,30202.3,6122.5,15328.0
2025-09-09 18:00:00,30444.8,6561.5,12067.3
2025-09-09 19:00:00,30927.0,6733.5,5545.8
2025-09-09 20:00:00,32149.5,6766.8,637.0
2025-09-09 21:00:00,32666.3,6601.5,0.0
2025-09-09 22:00:00,29809.5,6492.0,0.0
2025-09-09 23:00:00,27316.8,6227.3,0.0
2025-09-10 00:00:00,25568.5,5545.0,0.0
2025-09-10 01:00:00,24322.5,5511.8,0.0
2025-09-10 02:00:00,23448.0,5689.3,0.0
2025-09-10 03:00:00,22942.0,6029.5,0.0
2025-09-10 04:00:00,22844.0,6395.0,0.0
2025-09-10 05:00:00,23273.0,6783.0,0.0
2025-09-10 06:00:00,25600.5,7206.0,0.0
2025-09-10 07:00:00,28272.3,7385.0,16.0
2025-09-10 08:00:00,29356.0,7322.5,2353.8
2025-09-10 09:00:00,29428.0,7471.3,9166.8
2025-09-10 10:00:00,29401.0,7822.8,14876.8
2025-09-10 11:00:00,29491.0,8462.3,17003.5
2025-09-10 12:00:00,29663.5,9051.5,17454.0
2025-09-10 13:00:00,30041.0,9700.3,17498.8
2025-09-10 14:00:00,29735.5,10090.0,17154.3
2025-09-10 15:00:00,29147.0,10286.0,16466.3
2025-09-10 16:00:00,29299.0,10304.8,15513.0
2025-09-10 17:00:00,29776.0,10208.3,13826.8
2025-09-10 18:00:00,30542.0,9110.3,10465.3
2025-09-10 19:00:00,30909.8,8451.8,4595.3
2025-09-10 20:00:00,31939.0,7929.8,515.8
2025-09-10 21:00:00,32065.3,7500.8,0.0
2025-09-10 22:00:00,29143.0,7324.0,0.0
2025-09-10 23:00:00,26884.3,7127.0,0.0
2025-09-11 00:00:00,25461.0,7281.5,0.0
2025-09-11 01:00:00,24241.8,7306.3,0.0
2025-09-11 02:00:00,23218.5,7270.3,0.0
2025-09-11 03:00:00,22765.0,7167.5,0.0
2025-09-11 04:00:00,22594.3,7054.3,0.0
2025-09-11 05:00:00,22988.5,7071.5,0.0
2025-09-11 06:00:00,25043.8,6909.0,0.0
2025-09-11 07:00:00,27444.0,6475.0,27.8
2025-09-11 08:00:00,28256.3,5650.5,2788.0
2025-09-11 09:00:00,28500.5,5296.0,10716.5
2025-09-11 10:00:00,28709.5,5235.8,17045.3
2025-09-11 11:00:00,28570.5,5332.0,19789.8
2025-09-11 12:00:00,28643.3,5454.0,20781.3
2025-09-11 13:00:00,28923.0,5933.0,21118.0
2025-09-11 14:00:00,28712.3,6274.8,20900.0
2025-09-11 15:00:00,28215.5,6524.3,20290.3
2025-09-11 16:00:00,28341.8,6480.0,19435.8
2025-09-11 17:00:00,28983.3,6185.0,17885.3
2025-09-11 18:00:00,29573.5,5524.5,13651.5
2025-09-11 19:00:00,30141.8,4981.0,6013.5
2025-09-11 20:00:00,31403.5,4370.5,608.0
2025-09-11 21:00:00,31648.5,3770.8,0.0
2025-09-11 22:00:00,29016.5,3328.8,0.0
2025-09-11 23:00:00,26757.5,3039.3,0.0
2025-09-12 00:00:00,25362.0,2858.5,0.0
2025-09-12 01:00:00,24172.8,2588.5,0.0
2025-09-12 02:00:00,23162.3,2343.5,0.0
2025-09-12 03:00:00,22729.5,2073.3,0.0
2025-09-12 04:00:00,22595.5,1800.5,0.0
2025-09-12 05:00:00,22986.8,1610.8,0.0
2025-09-12 06:00:00,25258.0,1438.0,0.0
2025-09-12 07:00:00,27840.8,1310.5,15.0
2025-09-12 08:00:00,28988.8,1095.0,2536.3
2025-09-12 09:00:00,29355.0,992.0,10155.5
2025-09-12 10:00:00,29477.5,1098.0,16416.3
2025-09-12 11:00:00,29357.5,1280.3,18872.5
2025-09-12 12:00:00,29512.5,1682.0,19823.0
2025-09-12 13:00:00,29609.3,2373.3,20125.5
2025-09-12 14:00:00,29097.0,2949.5,19880.5
2025-09-12 15:00:00,28400.3,3524.0,19090.5
2025-09-12 16:00:00,28420.0,3980.5,18033.3
2025-09-12 17:00:00,29049.0,4240.3,16250.0
2025-09-12 18:00:00,29745.8,4167.8,12106.5
2025-09-12 19:00:00,30383.5,4088.5,5197.0
2025-09-12 20:00:00,31482.5,4185.8,522.0
2025-09-12 21:00:00,31253.5,4134.0,0.0
2025-09-12 22:00:00,28471.5,4069.8,0.0
2025-09-12 23:00:00,26405.5,3928.0,0.0
2025-09-13 00:00:00,25242.8,3917.8,0.0
2025-09-13 01:00:00,23997.5,3557.8,0.0
2025-09-13 02:00:00,22955.0,3225.5,0.0
2025-09-13 03:00:00,22265.8,2753.5,0.0
2025-09-13 04:00:00,21881.3,2488.5,0.0
2025-09-13 05:00:00,21742.8,2275.3,0.0
2025-09-13 06:00:00,22452.3,2050.8,0.0
2025-09-13 07:00:00,23513.5,1829.8,10.0
2025-09-13 08:00:00,24315.0,1633.0,2034.8
2025-09-13 09:00:00,25139.3,1483.5,8757.8
2025-09-13 10:00:00,25946.5,1490.0,14676.0
2025-09-13 11:00:00,25795.0,1697.3,17483.8
2025-09-13 12:00:00,25959.8,2012.3,19003.3
2025-09-13 13:00:00,26198.5,2462.8,19716.0
2025-09-13 14:00:00,25849.5,3247.8,19755.3
2025-09-13 15:00:00,25075.0,3729.5,19291.0
2025-09-13 16:00:00,24880.3,4132.0,18344.0
2025-09-13 17:00:00,25395.5,4401.0,16502.3
2025-09-13 18:00:00,26231.5,4655.0,12266.8
2025-09-13 19:00:00,27357.5,4752.8,5149.5
2025-09-13 20:00:00,28811.8,4814.0,456.5
2025-09-13 21:00:00,28998.0,4840.8,0.0
2025-09-13 22:00:00,27036.3,4719.0,0.0
2025-09-13 23:00:00,25266.5,4502.3,0.0
2025-09-14 00:00:00,23697.3,4663.5,0.0
2025-09-14 01:00:00,22431.3,4474.0,0.0
2025-09-14 02:00:00,21410.0,4272.8,0.0
2025-09-14 03:00:00,20783.3,4082.5,0.0
2025-09-14 04:00:00,20396.8,3845.5,0.0
2025-09-14 05:00:00,20299.0,3592.0,0.0
2025-09-14 06:00:00,20701.0,3355.0,0.0
2025-09-14 07:00:00,21160.0,3035.3,13.0
2025-09-14 08:00:00,21266.5,2611.5,2630.5
2025-09-14 09:00:00,21986.8,2118.3,10618.8
2025-09-14 10:00:00,22765.3,1747.0,17218.0
2025-09-14 11:00:00,23095.5,1705.8,19936.3
2025-09-14 12:00:00,23278.3,1890.3,21095.3
2025-09-14 13:00:00,23803.8,2036.3,21542.8
2025-09-14 14:00:00,23883.3,2250.0,21423.3
2025-09-14 15:00:00,23221.0,2490.5,20795.8
2025-09-14 16:00:00,23115.3,2692.5,19807.8
2025-09-14 17:00:00,23718.5,2956.8,18033.8
2025-09-14 18:00:00,24953.3,3120.5,13559.3
2025-09-14 19:00:00,26200.8,3283.8,5558.8
2025-09-14 20:00:00,28159.0,3387.3,460.5
2025-09-14 21:00:00,29050.5,3509.3,0.0
2025-09-14 22:00:00,27437.8,3670.5,0.0
2025-09-14 23:00:00,25497.3,3768.0,0.0
2025-09-15 00:00:00,23803.3,3887.3,0.0
2025-09-15 01:00:00,22548.0,3779.3,0.0
2025-09-15 02:00:00,21745.8,3590.8,0.0
2025-09-15 03:00:00,21351.8,3495.8,0.0
2025-09-15 04:00:00,21333.5,3347.8,0.0
2025-09-15 05:00:00,22089.5,3167.8,0.0
2025-09-15 06:00:00,24876.5,2944.0,0.0
2025-09-15 07:00:00,28020.3,2517.0,11.0
2025-09-15 08:00:00,29373.8,2121.0,2419.0
2025-09-15 09:00:00,29846.0,1799.0,10167.5
2025-09-15 10:00:00,29884.0,1565.8,16908.3
2025-09-15 11:00:00,29912.0,1639.3,19794.0
2025-09-15 12:00:00,30152.8,1622.5,21068.5
2025-09-15 13:00:00,30454.0,1727.0,21579.3
2025-09-15 14:00:00,30221.0,2050.3,21499.8
2025-09-15 15:00:00,29657.0,2609.5,20890.3
2025-09-15 16:00:00,29945.8,3443.0,19966.5
2025-09-15 17:00:00,30730.3,4545.0,18023.0
2025-09-15 18:00:00,31201.8,5724.0,13276.0
2025-09-15 19:00:00,31557.5,6872.5,5307.0
2025-09-15 20:00:00,32694.3,7863.8,386.0
2025-09-15 21:00:00,32866.8,8206.3,0.0
2025-09-15 22:00:00,29711.5,8051.3,0.0
2025-09-15 23:00:00,27160.0,7694.0,0.0
2025-09-16 00:00:00,25960.5,7307.5,0.0
2025-09-16 01:00:00,24597.8,6756.3,0.0
2025-09-16 02:00:00,23667.3,6349.0,0.0
2025-09-16 03:00:00,23244.8,5880.0,0.0
2025-09-16 04:00:00,23169.3,5567.5,0.0
2025-09-16 05:00:00,23605.3,5214.3,0.0
2025-09-16 06:00:00,26001.5,4785.0,0.0
2025-09-16 07:00:00,28837.0,4120.0,11.0
2025-09-16 08:00:00,30003.0,3337.8,2470.3
2025-09-16 09:00:00,30452.8,2705.5,10406.0
2025-09-16 10:00:00,30531.5,2302.0,16861.8
2025-09-16 11:00:00,30280.3,2096.3,19644.8
2025-09-16 12:00:00,30427.8,2047.0,20847.5
2025-09-16 13:00:00,30695.8,2121.8,21393.3
2025-09-16 14:00:00,30423.5,2280.8,21324.0
2025-09-16 15:00:00,29980.8,2513.3,20772.0
2025-09-16 16:00:00,30263.8,2765.0,19881.3
2025-09-16 17:00:00,31014.5,2964.5,17960.0
2025-09-16 18:00:00,31316.0,3133.8,13183.3
2025-09-16 19:00:00,31742.3,3514.0,5194.8
2025-09-16 20:00:00,32970.0,3536.3,351.3
2025-09-16 21:00:00,32984.5,3426.8,0.0
2025-09-16 22:00:00,30008.5,3235.3,0.0
2025-09-16 23:00:00,27435.3,3149.8,0.0
2025-09-17 00:00:00,26301.0,2860.0,0.0
2025-09-17 01:00:00,24919.8,2774.5,0.0
2025-09-17 02:00:00,23951.5,2605.8,0.0
2025-09-17 03:00:00,23504.5,2366.0,0.0
2025-09-17 04:00:00,23459.8,2099.5,0.0
2025-09-17 05:00:00,23922.8,1942.8,0.0
2025-09-17 06:00:00,26327.5,1779.3,0.0
2025-09-17 07:00:00,29370.3,1571.5,11.0
2025-09-17 08:00:00,30522.0,1429.0,2439.3
2025-09-17 09:00:00,30931.3,1267.5,10288.0
2025-09-17 10:00:00,30842.3,1223.5,16999.0
2025-09-17 11:00:00,30708.3,1215.3,19738.5
2025-09-17 12:00:00,30947.3,1239.0,20911.0
2025-09-17 13:00:00,31265.8,1324.8,21512.3
2025-09-17 14:00:00,31053.3,1469.5,21515.0
2025-09-17 15:00:00,30739.5,1618.5,20970.5
2025-09-17 16:00:00,30982.3,1787.8,19925.3
2025-09-17 17:00:00,31821.8,2065.0,17966.5
2025-09-17 18:00:00,32184.5,2367.5,13024.8
2025-09-17 19:00:00,32731.8,2699.5,4939.8
2025-09-17 20:00:00,33974.5,2952.5,310.0
2025-09-17 21:00:00,33545.5,3044.3,0.0
2025-09-17 22:00:00,30439.0,3068.8,0.0
2025-09-17 23:00:00,27953.8,3054.0,0.0
2025-09-18 00:00:00,27004.5,2899.0,0.0
2025-09-18 01:00:00,25617.3,2665.8,0.0
2025-09-18 02:00:00,24519.0,2497.3,0.0
2025-09-18 03:00:00,24004.0,2385.3,0.0
2025-09-18 04:00:00,23831.0,2320.0,0.0
2025-09-18 05:00:00,24286.3,2316.0,0.0
2025-09-18 06:00:00,26688.8,2381.0,0.0
2025-09-18 07:00:00,29736.5,2488.8,9.0
2025-09-18 08:00:00,30860.0,2476.5,2289.3
2025-09-18 09:00:00,31217.0,2382.3,9854.5
2025-09-18 10:00:00,31334.8,2399.5,16420.8
2025-09-18 11:00:00,31320.3,2652.3,19051.8
2025-09-18 12:00:00,31673.3,3097.8,20062.3
2025-09-18 13:00:00,32027.0,3603.0,20485.8
2025-09-18 14:00:00,31971.8,4970.8,20239.5
2025-09-18 15:00:00,31806.5,4517.8,19273.0
2025-09-18 16:00:00,32099.3,4897.5,17761.3
2025-09-18 17:00:00,32890.0,5318.8,15307.8
2025-09-18 18:00:00,33322.0,5790.3,10327.0
2025-09-18 19:00:00,33770.8,5929.8,3570.5
2025-09-18 20:00:00,34969.5,5670.5,205.3
2025-09-18 21:00:00,34420.3,5300.5,0.0
2025-09-18 22:00:00,31325.0,4995.5,0.0
2025-09-18 23:00:00,28685.5,4926.0,0.0
2025-09-19 00:00:00,27148.0,5291.8,0.0
2025-09-19 01:00:00,25711.0,5017.3,0.0
2025-09-19 02:00:00,24675.3,4717.0,0.0
2025-09-19 03:00:00,24160.8,4507.0,0.0
2025-09-19 04:00:00,23950.0,4249.8,0.0
2025-09-19 05:00:00,24376.0,4089.0,0.0
2025-09-19 06:00:00,26841.0,4022.0,0.0
2025-09-19 07:00:00,30179.0,3894.3,6.3
2025-09-19 08:00:00,31197.3,3671.5,1755.0
2025-09-19 09:00:00,31560.3,3644.5,8057.8
2025-09-19 10:00:00,31779.8,3839.0,14107.3
2025-09-19 11:00:00,31818.0,4392.3,17335.5
2025-09-19 12:00:00,32105.0,5070.8,18862.0
2025-09-19 13:00:00,32459.8,5981.8,19371.8
2025-09-19 14:00:00,32163.3,6641.3,19046.8
2025-09-19 15:00:00,31842.0,7148.0,17733.0
2025-09-19 16:00:00,32004.3,7358.5,15767.0
2025-09-19 17:00:00,32725.5,7566.8,12965.8
2025-09-19 18:00:00,33316.8,7696.8,8401.3
2025-09-19 19:00:00,33428.8,7941.0,2707.0
2025-09-19 20:00:00,34419.8,8148.3,111.0
2025-09-19 21:00:00,33408.5,8263.3,0.0
2025-09-19 22:00:00,30335.8,8303.8,0.0
2025-09-19 23:00:00,27921.3,8213.0,0.0
2025-09-20 00:00:00,26599.0,7128.8,0.0
2025-09-20 01:00:00,25222.3,6819.3,0.0
2025-09-20 02:00:00,24145.0,6867.0,0.0
2025-09-20 03:00:00,23384.3,6708.5,0.0
2025-09-20 04:00:00,22976.0,6543.0,0.0
2025-09-20 05:00:00,22723.5,6260.8,0.0
2025-09-20 06:00:00,23282.0,6039.5,0.0
2025-09-20 07:00:00,24389.0,5600.5,4.0
2025-09-20 08:00:00,25106.8,4984.8,1540.0
2025-09-20 09:00:00,26052.0,4498.5,7733.3
2025-09-20 10:00:00,26827.8,4332.0,13686.3
2025-09-20 11:00:00,26970.8,4501.5,16913.5
2025-09-20 12:00:00,27159.5,4803.5,18418.3
2025-09-20 13:00:00,27655.5,5162.8,18936.8
2025-09-20 14:00:00,27570.0,5533.5,18758.0
2025-09-20 15:00:00,27068.0,5827.0,17890.3
2025-09-20 16:00:00,26927.3,6167.3,16267.0
2025-09-20 17:00:00,27476.0,6192.5,13697.0
2025-09-20 18:00:00,28215.8,6373.8,9013.0
2025-09-20 19:00:00,29011.3,6449.8,2928.8
2025-09-20 20:00:00,30366.0,6146.5,115.3
2025-09-20 21:00:00,30142.3,5733.3,0.0
2025-09-20 22:00:00,28121.3,5473.8,0.0
2025-09-20 23:00:00,26139.0,5204.0,0.0
2025-09-21 00:00:00,23957.5,4439.3,0.0
2025-09-21 01:00:00,22631.8,4022.3,0.0
2025-09-21 02:00:00,21623.0,4025.0,0.0
2025-09-21 03:00:00,20978.3,4326.3,0.0
2025-09-21 04:00:00,20574.5,4567.8,0.0
2025-09-21 05:00:00,20429.0,4564.3,0.0
2025-09-21 06:00:00,20810.0,4610.5,0.0
2025-09-21 07:00:00,21175.3,4623.3,2.5
2025-09-21 08:00:00,21284.3,4720.5,1442.5
2025-09-21 09:00:00,22277.0,4921.0,7630.0
2025-09-21 10:00:00,23364.8,5235.8,13472.3
2025-09-21 11:00:00,23718.0,5871.8,16356.5
2025-09-21 12:00:00,24062.3,6654.5,18060.8
2025-09-21 13:00:00,24599.3,7444.0,18652.3
2025-09-21 14:00:00,24618.5,8217.8,18567.3
2025-09-21 15:00:00,23890.5,8971.5,18014.8
2025-09-21 16:00:00,23740.3,9743.3,17149.8
2025-09-21 17:00:00,24264.8,10489.0,14850.0
2025-09-21 18:00:00,25224.0,11153.3,10663.5
2025-09-21 19:00:00,26388.0,10899.5,3669.3
2025-09-21 20:00:00,28197.0,10677.3,134.8
2025-09-21 21:00:00,28709.3,10433.5,0.0
2025-09-21 22:00:00,27230.3,10110.8,0.0
2025-09-21 23:00:00,25248.0,9681.3,0.0
2025-09-22 00:00:00,23461.8,9118.8,0.0
2025-09-22 01:00:00,22280.3,8732.3,0.0
2025-09-22 02:00:00,21425.3,8387.0,0.0
2025-09-22 03:00:00,21093.5,8093.0,0.0
2025-09-22 04:00:00,21076.0,7816.0,0.0
2025-09-22 05:00:00,21698.0,7582.3,0.0
2025-09-22 06:00:00,24554.3,7387.3,0.0
2025-09-22 07:00:00,27887.8,7005.3,8.0
2025-09-22 08:00:00,29139.5,6127.8,2426.0
2025-09-22 09:00:00,29320.3,5886.0,10602.8
2025-09-22 10:00:00,29346.5,5780.0,17713.3
2025-09-22 11:00:00,29013.3,5719.0,20252.5
2025-09-22 12:00:00,28964.5,5847.0,21004.3
2025-09-22 13:00:00,29018.0,6014.5,21340.0
2025-09-22 14:00:00,28627.3,6329.8,21185.0
2025-09-22 15:00:00,28133.8,6911.3,20625.8
2025-09-22 16:00:00,28322.8,7615.8,19563.0
2025-09-22 17:00:00,29131.3,8070.0,17613.5
2025-09-22 18:00:00,29689.5,8272.0,12091.5
2025-09-22 19:00:00,30261.3,8681.0,4082.5
2025-09-22 20:00:00,31824.3,8741.0,114.0
2025-09-22 21:00:00,31770.3,8466.8,0.0
2025-09-22 22:00:00,28759.8,8107.8,0.0
2025-09-22 23:00:00,26316.8,7862.8,0.0
2025-09-23 00:00:00,23572.0,6915.5,0.0
2025-09-23 01:00:00,22551.5,6785.5,0.0
2025-09-23 02:00:00,21679.8,6786.8,0.0
2025-09-23 03:00:00,21270.3,6920.5,0.0
2025-09-23 04:00:00,21208.8,7112.8,0.0
2025-09-23 05:00:00,21677.3,7340.3,0.0
2025-09-23 06:00:00,24147.3,7970.3,0.0
2025-09-23 07:00:00,27272.3,8060.3,6.0
2025-09-23 08:00:00,28380.8,7835.8,2012.3
2025-09-23 09:00:00,28387.0,6750.8,9935.0
2025-09-23 10:00:00,28125.8,6023.0,16763.0
2025-09-23 11:00:00,27829.8,5718.3,19169.0
2025-09-23 12:00:00,27697.3,5626.5,20000.5
2025-09-23 13:00:00,27668.3,5525.3,20353.5
2025-09-23 14:00:00,27349.0,5674.8,20310.3
2025-09-23 15:00:00,26799.3,6194.0,19884.8
2025-09-23 16:00:00,26870.8,7298.8,19137.3
2025-09-23 17:00:00,27418.3,8102.0,17379.0
2025-09-23 18:00:00,28491.0,8774.5,12006.8
2025-09-23 19:00:00,28971.0,9495.0,3848.8
2025-09-23 20:00:00,30633.3,9811.8,105.3
2025-09-23 21:00:00,30594.8,10201.3,0.0
2025-09-23 22:00:00,27669.5,9980.0,0.0
2025-09-23 23:00:00,25339.0,9614.3,0.0
2025-09-24 00:00:00,23699.3,9408.0,0.0
2025-09-24 01:00:00,22677.5,8862.5,0.0
2025-09-24 02:00:00,21830.0,8396.8,0.0
2025-09-24 03:00:00,21377.8,8123.8,0.0
2025-09-24 04:00:00,21245.5,7969.3,0.0
2025-09-24 05:00:00,21634.0,7844.3,0.0
2025-09-24 06:00:00,24061.3,7756.3,0.0
2025-09-24 07:00:00,27005.0,7532.8,3.3
2025-09-24 08:00:00,27986.8,6988.0,1779.0
2025-09-24 09:00:00,27894.5,6259.0,8620.5
2025-09-24 10:00:00,27592.8,5571.3,15049.3
2025-09-24 11:00:00,27346.8,5085.5,17653.0
2025-09-24 12:00:00,27159.3,4767.8,18616.5
2025-09-24 13:00:00,27290.5,4636.5,19016.0
2025-09-24 14:00:00,26882.5,4581.5,19005.3
2025-09-24 15:00:00,26372.0,4919.3,18649.5
2025-09-24 16:00:00,26407.0,5417.0,17746.5
2025-09-24 17:00:00,27037.8,5990.0,15626.0
2025-09-24 18:00:00,27645.3,6497.8,10248.5
2025-09-24 19:00:00,28396.8,7203.3,3008.8
2025-09-24 20:00:00,30301.3,7876.8,76.0
2025-09-24 21:00:00,30200.3,7957.3,0.0
2025-09-24 22:00:00,27281.3,7954.0,0.0
2025-09-24 23:00:00,25076.0,7823.5,0.0
2025-09-25 00:00:00,23559.0,7491.0,0.0
2025-09-25 01:00:00,22564.0,7110.5,0.0
2025-09-25 02:00:00,21701.8,6574.0,0.0
2025-09-25 03:00:00,21365.5,6088.5,0.0
2025-09-25 04:00:00,21250.5,5663.0,0.0
2025-09-25 05:00:00,21736.0,5269.0,0.0
2025-09-25 06:00:00,24302.3,4907.3,0.0
2025-09-25 07:00:00,27482.8,4407.3,3.5
2025-09-25 08:00:00,28560.3,3765.5,1758.0
2025-09-25 09:00:00,28397.0,3239.0,8983.5
2025-09-25 10:00:00,27901.8,2858.3,15799.5
2025-09-25 11:00:00,27333.3,2596.3,18587.5
2025-09-25 12:00:00,27214.8,2464.5,19534.0
2025-09-25 13:00:00,27230.0,2448.8,19906.0
2025-09-25 14:00:00,26828.0,2547.8,19791.8
2025-09-25 15:00:00,26427.8,2739.5,19342.5
2025-09-25 16:00:00,26643.0,2987.0,18400.5
2025-09-25 17:00:00,27269.0,3258.3,16338.8
2025-09-25 18:00:00,28073.3,3536.0,10774.3
2025-09-25 19:00:00,29036.3,3585.8,3132.3
2025-09-25 20:00:00,31065.8,3457.0,69.5
2025-09-25 21:00:00,30753.8,3218.5,0.0
2025-09-25 22:00:00,27745.3,2941.5,0.0
2025-09-25 23:00:00,25199.5,2670.8,0.0
2025-09-26 00:00:00,23946.8,2618.0,0.0
2025-09-26 01:00:00,22875.5,2210.8,0.0
2025-09-26 02:00:00,22104.5,1923.0,0.0
2025-09-26 03:00:00,21752.3,1739.5,0.0
2025-09-26 04:00:00,21632.3,1588.8,0.0
2025-09-26 05:00:00,22092.0,1525.8,0.0
2025-09-26 06:00:00,24517.8,1480.8,0.0
2025-09-26 07:00:00,27785.0,1380.8,4.0
2025-09-26 08:00:00,28937.3,1156.8,1963.0
2025-09-26 09:00:00,28766.8,941.0,10156.5
2025-09-26 10:00:00,28138.0,956.5,17419.3
2025-09-26 11:00:00,27683.5,1155.5,20080.3
2025-09-26 12:00:00,27485.0,1556.8,20999.3
2025-09-26 13:00:00,27446.5,1867.3,21445.8
2025-09-26 14:00:00,26948.5,2251.8,21390.0
2025-09-26 15:00:00,26327.0,2522.3,20686.5
2025-09-26 16:00:00,26511.0,2740.3,19565.8
2025-09-26 17:00:00,27181.3,2725.3,17184.3
2025-09-26 18:00:00,27811.8,2627.0,11369.8
2025-09-26 19:00:00,28633.0,2402.5,3195.3
2025-09-26 20:00:00,30215.0,2197.0,64.3
2025-09-26 21:00:00,29723.5,2031.8,0.0
2025-09-26 22:00:00,26913.5,1838.0,0.0
2025-09-26 23:00:00,24737.3,1719.3,0.0
2025-09-27 00:00:00,23941.0,1461.0,0.0
2025-09-27 01:00:00,22767.8,1511.0,0.0
2025-09-27 02:00:00,21818.3,1572.8,0.0
2025-09-27 03:00:00,21211.3,1597.8,0.0
2025-09-27 04:00:00,20870.5,1613.0,0.0
2025-09-27 05:00:00,20751.0,1682.8,0.0
2025-09-27 06:00:00,21440.8,1748.0,0.0
2025-09-27 07:00:00,22588.8,1696.8,1.8
2025-09-27 08:00:00,23344.3,1658.3,1638.3
2025-09-27 09:00:00,24230.0,1441.0,8599.8
2025-09-27 10:00:00,24665.5,1462.3,15144.3
2025-09-27 11:00:00,24369.3,1836.0,17745.3
2025-09-27 12:00:00,24101.8,2426.8,18591.8
2025-09-27 13:00:00,24319.8,2991.0,18870.8
2025-09-27 14:00:00,23950.5,3435.3,18449.0
2025-09-27 15:00:00,23098.5,3743.3,17336.3
2025-09-27 16:00:00,22935.8,3986.8,15481.8
2025-09-27 17:00:00,23472.0,4133.8,12179.3
2025-09-27 18:00:00,24327.5,4490.5,7072.0
2025-09-27 19:00:00,25346.8,4644.3,1750.0
2025-09-27 20:00:00,27142.0,4656.0,17.0
2025-09-27 21:00:00,27222.8,4601.5,0.0
2025-09-27 22:00:00,25095.0,4502.0,0.0
2025-09-27 23:00:00,23296.3,4356.3,0.0
2025-09-28 00:00:00,22296.5,4630.8,0.0
2025-09-28 01:00:00,21163.8,4511.5,0.0
2025-09-28 02:00:00,20241.3,4542.8,0.0
2025-09-28 03:00:00,19656.5,4437.0,0.0
2025-09-28 04:00:00,19325.8,4532.5,0.0
2025-09-28 05:00:00,19285.3,4659.8,0.0
2025-09-28 06:00:00,19781.8,4836.3,0.0
2025-09-28 07:00:00,20463.5,4875.8,0.3
2025-09-28 08:00:00,20731.5,4778.8,836.8
2025-09-28 09:00:00,21571.5,4727.0,4311.3
2025-09-28 10:00:00,22330.3,4685.8,8032.0
2025-09-28 11:00:00,22478.8,4714.5,10403.0
2025-09-28 12:00:00,22635.3,4854.0,11590.3
2025-09-28 13:00:00,23062.3,5165.3,11938.0
2025-09-28 14:00:00,23029.8,5526.5,11583.0
2025-09-28 15:00:00,22126.5,5995.3,10734.5
2025-09-28 16:00:00,21866.3,6482.5,9199.0
2025-09-28 17:00:00,22376.3,6992.0,6987.0
2025-09-28 18:00:00,23296.5,7423.0,4109.3
2025-09-28 19:00:00,24382.8,7750.5,1151.8
2025-09-28 20:00:00,26516.0,8313.3,8.5
2025-09-28 21:00:00,27093.8,8689.3,0.0
2025-09-28 22:00:00,25344.3,8727.3,0.0
2025-09-28 23:00:00,23400.8,8720.0,0.0
2025-09-29 00:00:00,21863.8,8447.3,0.0
2025-09-29 01:00:00,20840.0,8393.0,0.0
2025-09-29 02:00:00,20206.0,8399.8,0.0
2025-09-29 03:00:00,19848.3,8545.3,0.0
2025-09-29 04:00:00,19916.8,8518.3,0.0
2025-09-29 05:00:00,20630.3,8804.8,0.0
2025-09-29 06:00:00,23475.5,8736.8,0.0
2025-09-29 07:00:00,27088.3,8802.5,0.5
2025-09-29 08:00:00,28533.3,8308.5,790.0
2025-09-29 09:00:00,28879.0,7603.8,4247.0
2025-09-29 10:00:00,28569.5,7108.3,8355.5
2025-09-29 11:00:00,28173.8,6218.0,11007.3
2025-09-29 12:00:00,28067.5,5934.8,12636.0
2025-09-29 13:00:00,28127.0,5929.5,13521.3
2025-09-29 14:00:00,27662.5,6193.8,13830.0
2025-09-29 15:00:00,27145.8,6550.8,13423.0
2025-09-29 16:00:00,27251.3,6995.5,12497.5
2025-09-29 17:00:00,27943.5,7286.0,10632.5
2025-09-29 18:00:00,28487.5,7511.5,6637.5
2025-09-29 19:00:00,29256.3,7626.0,1834.3
2025-09-29 20:00:00,31110.5,7437.8,15.5
2025-09-29 21:00:00,30631.0,7474.3,0.0
2025-09-29 22:00:00,27465.8,7309.0,0.0
2025-09-29 23:00:00,24845.8,7193.0,0.0
2025-09-30 00:00:00,23260.0,6516.0,0.0
2025-09-30 01:00:00,22238.0,6330.3,0.0
2025-09-30 02:00:00,21518.3,6083.8,0.0
2025-09-30 03:00:00,21129.0,5805.3,0.0
2025-09-30 04:00:00,21032.3,5563.8,0.0
2025-09-30 05:00:00,21536.0,5344.5,0.0
2025-09-30 06:00:00,24068.8,5147.3,0.0
2025-09-30 07:00:00,27467.3,4821.0,1.8
2025-09-30 08:00:00,28764.3,4246.5,1157.8
2025-09-30 09:00:00,28682.5,3609.3,7464.5
2025-09-30 10:00:00,28235.3,3108.5,13600.8
2025-09-30 11:00:00,27698.0,2615.3,15942.3
2025-09-30 12:00:00,27646.0,2440.0,16907.3
2025-09-30 13:00:00,27663.3,2269.5,17201.0
2025-09-30 14:00:00,27150.0,2285.3,17090.0
2025-09-30 15:00:00,26812.0,2644.0,16495.3
2025-09-30 16:00:00,26951.5,3067.8,15379.0
2025-09-30 17:00:00,27647.5,3411.3,12982.8
2025-09-30 18:00:00,28417.8,3831.5,7888.5
2025-09-30 19:00:00,29509.8,4348.5,2019.5
2025-09-30 20:00:00,31587.8,4787.3,14.5
2025-09-30 21:00:00,30757.3,5056.8,0.0
2025-09-30 22:00:00,27504.5,5177.5,0.0
2025-09-30 23:00:00,24996.0,5124.3,0.0
2025-10-01 00:00:00,23257.0,4756.8,0.0
2025-10-01 01:00:00,22117.0,4526.5,0.0
2025-10-01 02:00:00,21429.5,4223.8,0.0
2025-10-01 03:00:00,21048.5,3887.3,0.0
2025-10-01 04:00:00,20956.8,3717.0,0.0
2025-10-01 05:00:00,21505.3,3569.8,0.0
2025-10-01 06:00:00,24157.8,3528.5,0.0
2025-10-01 07:00:00,27755.8,3446.3,3.3
2025-10-01 08:00:00,29112.3,3175.0,1382.8
2025-10-01 09:00:00,28854.5,2963.3,8926.0
2025-10-01 10:00:00,28292.5,2868.0,16069.5
2025-10-01 11:00:00,27768.5,2298.0,18759.3
2025-10-01 12:00:00,27663.0,2715.3,19663.5
2025-10-01 13:00:00,27696.3,2690.0,19825.5
2025-10-01 14:00:00,27081.0,2739.0,19526.8
2025-10-01 15:00:00,26567.8,3014.5,18795.0
2025-10-01 16:00:00,26575.5,3389.0,17619.8
2025-10-01 17:00:00,27265.5,3820.8,15182.8
2025-10-01 18:00:00,28080.0,3833.8,9274.0
2025-10-01 19:00:00,29482.5,4420.8,2300.5
2025-10-01 20:00:00,31747.0,4864.8,9.5
2025-10-01 21:00:00,30460.5,5382.5,0.0
2025-10-01 22:00:00,27379.8,5335.5,0.0
2025-10-01 23:00:00,25025.5,5138.3,0.0
2025-10-02 00:00:00,23672.0,3992.0,0.0
2025-10-02 01:00:00,22578.0,3455.8,0.0
2025-10-02 02:00:00,21877.8,2861.8,0.0
2025-10-02 03:00:00,21505.3,2339.0,0.0
2025-10-02 04:00:00,21355.5,2028.5,0.0
2025-10-02 05:00:00,21855.3,1762.5,0.0
2025-10-02 06:00:00,24291.5,1577.0,0.0
2025-10-02 07:00:00,27746.0,1387.5,0.0
2025-10-02 08:00:00,29053.0,1220.0,1465.8
2025-10-02 09:00:00,28978.5,1119.5,8967.5
2025-10-02 10:00:00,28537.0,1072.0,16446.0
2025-10-02 11:00:00,27920.0,1084.0,18946.3
2025-10-02 12:00:00,27775.0,1167.3,20021.5
2025-10-02 13:00:00,27821.5,1368.3,20351.0
2025-10-02 14:00:00,27404.8,1565.0,20238.3
2025-10-02 15:00:00,26971.5,1765.0,19623.5
2025-10-02 16:00:00,27063.8,1890.0,18567.5
2025-10-02 17:00:00,27807.5,2073.5,15926.5
2025-10-02 18:00:00,28649.3,2277.5,9608.3
2025-10-02 19:00:00,29981.3,2400.0,2223.5
2025-10-02 20:00:00,31978.3,2641.5,6.3
2025-10-02 21:00:00,30692.0,2515.8,0.0
2025-10-02 22:00:00,27616.5,2113.0,0.0
2025-10-02 23:00:00,25198.5,2016.3,0.0
2025-10-03 00:00:00,23752.0,1880.0,0.0
2025-10-03 01:00:00,22713.5,1789.0,0.0
2025-10-03 02:00:00,21961.0,1645.8,0.0
2025-10-03 03:00:00,21532.8,1528.0,0.0
2025-10-03 04:00:00,21416.3,1439.0,0.0
2025-10-03 05:00:00,21917.8,1427.3,0.0
2025-10-03 06:00:00,24371.3,1432.0,0.0
2025-10-03 07:00:00,27740.3,1376.3,0.0
2025-10-03 08:00:00,29053.0,1247.0,1212.5
2025-10-03 09:00:00,29046.5,1128.5,7537.0
2025-10-03 10:00:00,28825.8,1039.0,14213.8
2025-10-03 11:00:00,28279.0,1072.5,16799.0
2025-10-03 12:00:00,28194.5,1266.0,17952.3
2025-10-03 13:00:00,28279.5,1579.3,18358.8
2025-10-03 14:00:00,27726.5,1853.5,18108.0
2025-10-03 15:00:00,27124.5,2101.8,17388.0
2025-10-03 16:00:00,27121.3,2333.0,15821.3
2025-10-03 17:00:00,27768.0,2487.0,13256.8
2025-10-03 18:00:00,28456.3,2660.8,7561.3
2025-10-03 19:00:00,29360.5,2852.8,1654.5
2025-10-03 20:00:00,30858.0,3063.5,0.0
2025-10-03 21:00:00,29751.5,3270.5,0.0
2025-10-03 22:00:00,26936.5,3496.3,0.0
2025-10-03 23:00:00,24810.8,3639.5,0.0
2025-10-04 00:00:00,23815.8,3674.3,0.0
2025-10-04 01:00:00,22648.3,3744.8,0.0
2025-10-04 02:00:00,21684.0,3877.0,0.0
2025-10-04 03:00:00,21066.3,4062.3,0.0
2025-10-04 04:00:00,20747.0,4222.0,0.0
2025-10-04 05:00:00,20644.8,4207.5,0.0
2025-10-04 06:00:00,21276.8,4332.3,0.0
2025-10-04 07:00:00,22515.8,4313.5,0.0
2025-10-04 08:00:00,23442.8,3980.8,1409.3
2025-10-04 09:00:00,24334.0,3464.5,8550.3
2025-10-04 10:00:00,24940.5,3117.5,15831.3
2025-10-04 11:00:00,24943.8,3116.8,18684.0
2025-10-04 12:00:00,24861.5,3330.3,20138.3
2025-10-04 13:00:00,25101.0,3688.0,20588.8
2025-10-04 14:00:00,24829.5,4120.0,20496.5
2025-10-04 15:00:00,23992.5,4701.3,19987.3
2025-10-04 16:00:00,23784.8,5499.3,18741.0
2025-10-04 17:00:00,24284.0,6471.5,15934.5
2025-10-04 18:00:00,25024.5,7543.0,9553.3
2025-10-04 19:00:00,26122.5,8264.5,2073.3
2025-10-04 20:00:00,27857.3,9234.3,0.0
2025-10-04 21:00:00,27277.8,9712.8,0.0
2025-10-04 22:00:00,25271.5,9582.3,0.0
2025-10-04 23:00:00,23613.8,9609.8,0.0
2025-10-05 00:00:00,22164.0,9276.8,0.0
2025-10-05 01:00:00,20955.5,9140.3,0.0
2025-10-05 02:00:00,20095.3,9038.0,0.0
2025-10-05 03:00:00,19517.3,8926.0,0.0
2025-10-05 04:00:00,19152.3,8819.3,0.0
2025-10-05 05:00:00,19135.5,8703.5,0.0
2025-10-05 06:00:00,19497.5,8578.8,0.0
2025-10-05 07:00:00,20226.0,8475.5,0.0
2025-10-05 08:00:00,20671.5,8241.0,1116.0
2025-10-05 09:00:00,21689.5,7813.3,8156.0
2025-10-05 10:00:00,22461.3,7535.5,15544.5
2025-10-05 11:00:00,22618.5,7364.3,18033.8
2025-10-05 12:00:00,22697.0,7237.8,18924.0
2025-10-05 13:00:00,23039.3,7144.0,19288.3
2025-10-05 14:00:00,22913.5,7262.5,19330.3
2025-10-05 15:00:00,22047.3,7603.8,19111.0
2025-10-05 16:00:00,21690.0,8092.5,18320.8
2025-10-05 17:00:00,22014.5,8728.5,15944.8
2025-10-05 18:00:00,22928.5,9434.5,9274.3
2025-10-05 19:00:00,24258.5,10087.0,1986.3
2025-10-05 20:00:00,26525.5,10539.0,0.0
2025-10-05 21:00:00,26574.5,10632.8,0.0
2025-10-05 22:00:00,24951.8,10524.3,0.0
2025-10-05 23:00:00,23066.5,10258.3,0.0
2025-10-06 00:00:00,21398.0,10470.5,0.0
2025-10-06 01:00:00,20375.5,9900.3,0.0
2025-10-06 02:00:00,19820.5,9229.8,0.0
2025-10-06 03:00:00,19523.3,8451.5,0.0
2025-10-06 04:00:00,19483.0,7614.8,0.0
2025-10-06 05:00:00,20169.8,6810.8,0.0
2025-10-06 06:00:00,22925.3,6151.8,0.0
2025-10-06 07:00:00,26538.0,5315.5,0.0
2025-10-06 08:00:00,28145.5,4539.3,1151.3
2025-10-06 09:00:00,28322.5,3801.0,7085.5
2025-10-06 10:00:00,28177.3,3341.8,13861.0
2025-10-06 11:00:00,27771.3,3032.5,16805.0
2025-10-06 12:00:00,27664.0,2788.5,17928.8
2025-10-06 13:00:00,27727.5,2560.8,18643.8
2025-10-06 14:00:00,27290.3,2409.0,18843.0
2025-10-06 15:00:00,26857.3,2286.5,18558.3
2025-10-06 16:00:00,26739.0,2205.3,17571.3
2025-10-06 17:00:00,27439.5,2169.5,14878.3
2025-10-06 18:00:00,28175.3,2256.3,8237.0
2025-10-06 19:00:00,29113.5,2407.5,1554.8
2025-10-06 20:00:00,30961.0,2433.3,0.0
2025-10-06 21:00:00,30196.5,2379.5,0.0
2025-10-06 22:00:00,27134.8,2317.3,0.0
2025-10-06 23:00:00,24678.8,2275.3,0.0
2025-10-07 00:00:00,23330.0,2380.5,0.0
2025-10-07 01:00:00,22343.5,2331.5,0.0
2025-10-07 02:00:00,21718.8,2284.8,0.0
2025-10-07 03:00:00,21405.8,2341.0,0.0
2025-10-07 04:00:00,21296.5,2253.0,0.0
2025-10-07 05:00:00,21876.0,2152.0,0.0
2025-10-07 06:00:00,24394.8,2056.3,0.0
2025-10-07 07:00:00,27968.3,1905.5,0.0
2025-10-07 08:00:00,29367.0,1716.8,1114.5
2025-10-07 09:00:00,29183.3,1516.8,8052.5
2025-10-07 10:00:00,28864.8,1376.3,15969.0
2025-10-07 11:00:00,28331.8,1256.5,19026.3
2025-10-07 12:00:00,28101.5,1277.8,20218.3
2025-10-07 13:00:00,28182.3,1375.3,20621.8
2025-10-07 14:00:00,27772.0,1399.8,20404.8
2025-10-07 15:00:00,27351.8,1494.8,19783.5
2025-10-07 16:00:00,27409.8,1625.5,18450.5
2025-10-07 17:00:00,28285.5,2069.3,15405.3
2025-10-07 18:00:00,28855.5,1754.3,8567.3
2025-10-07 19:00:00,29859.0,1734.0,1644.0
2025-10-07 20:00:00,31804.3,1835.3,0.0
2025-10-07 21:00:00,30674.5,1773.8,0.0
2025-10-07 22:00:00,27442.8,1853.3,0.0
2025-10-07 23:00:00,25040.8,1858.0,0.0
2025-10-08 00:00:00,23948.5,1613.3,0.0
2025-10-08 01:00:00,22841.0,1538.3,0.0
2025-10-08 02:00:00,22126.5,1382.0,0.0
2025-10-08 03:00:00,21805.3,1319.0,0.0
2025-10-08 04:00:00,21634.3,1329.5,0.0
2025-10-08 05:00:00,22109.5,1357.3,0.0
2025-10-08 06:00:00,24616.5,1347.3,0.0
2025-10-08 07:00:00,28001.0,1283.5,0.0
2025-10-08 08:00:00,29415.3,1152.3,1058.3
2025-10-08 09:00:00,29283.3,995.8,7029.3
2025-10-08 10:00:00,28912.0,914.5,14234.8
2025-10-08 11:00:00,28499.3,1099.8,17279.3
2025-10-08 12:00:00,28265.5,1493.8,18573.8
2025-10-08 13:00:00,28357.0,2098.5,18891.8
2025-10-08 14:00:00,27946.0,2834.3,18468.8
2025-10-08 15:00:00,27433.0,3718.0,17464.5
2025-10-08 16:00:00,27525.8,4759.3,15745.3
2025-10-08 17:00:00,28306.8,5882.8,12575.8
2025-10-08 18:00:00,29002.3,6914.5,6821.5
2025-10-08 19:00:00,30119.5,7791.8,1272.5
2025-10-08 20:00:00,32030.5,8355.5,0.0
2025-10-08 21:00:00,30833.3,8664.3,0.0
2025-10-08 22:00:00,27656.5,8958.3,0.0
2025-10-08 23:00:00,25268.8,9107.3,0.0
2025-10-09 00:00:00,23928.5,8841.5,0.0
2025-10-09 01:00:00,22826.0,8755.5,0.0
2025-10-09 02:00:00,22032.3,8660.0,0.0
2025-10-09 03:00:00,21684.0,8584.5,0.0
2025-10-09 04:00:00,21523.0,8576.3,0.0
2025-10-09 05:00:00,21884.0,8588.3,0.0
2025-10-09 06:00:00,24207.3,8548.3,0.0
2025-10-09 07:00:00,27318.0,8418.5,0.0
2025-10-09 08:00:00,28617.3,8187.3,707.5
2025-10-09 09:00:00,28638.5,7973.3,6053.8
2025-10-09 10:00:00,28386.3,7689.5,12717.0
2025-10-09 11:00:00,28002.0,7417.3,15651.8
2025-10-09 12:00:00,27811.5,7255.5,17017.0
2025-10-09 13:00:00,27790.8,7432.0,17496.0
2025-10-09 14:00:00,27319.8,7814.8,17216.3
2025-10-09 15:00:00,26777.3,8338.0,16253.3
2025-10-09 16:00:00,26868.8,8949.0,14639.3
2025-10-09 17:00:00,27661.0,9510.5,11662.3
2025-10-09 18:00:00,28357.0,10043.5,6282.5
2025-10-09 19:00:00,29533.8,10524.8,1182.5
2025-10-09 20:00:00,31379.3,10675.0,0.0
2025-10-09 21:00:00,30317.8,10684.8,0.0
2025-10-09 22:00:00,27371.5,10543.8,0.0
2025-10-09 23:00:00,25045.0,10252.3,0.0
2025-10-10 00:00:00,23359.8,10475.5,0.0
2025-10-10 01:00:00,22300.0,10175.0,0.0
2025-10-10 02:00:00,21596.8,9833.5,0.0
2025-10-10 03:00:00,21274.5,9475.8,0.0
2025-10-10 04:00:00,21152.5,9178.3,0.0
2025-10-10 05:00:00,21550.8,9022.3,0.0
2025-10-10 06:00:00,23929.8,9056.0,0.0
2025-10-10 07:00:00,27209.5,9109.3,0.0
2025-10-10 08:00:00,28719.5,8877.5,722.0
2025-10-10 09:00:00,28866.5,8349.8,6215.3
2025-10-10 10:00:00,28605.8,7789.5,12791.0
2025-10-10 11:00:00,28277.3,6942.0,15351.0
2025-10-10 12:00:00,28143.0,6308.8,16267.8
2025-10-10 13:00:00,28063.0,5820.5,16311.3
2025-10-10 14:00:00,27452.3,5771.8,15811.3
2025-10-10 15:00:00,26817.5,5814.0,14884.3
2025-10-10 16:00:00,26701.8,6201.0,13558.5
2025-10-10 17:00:00,27347.8,6701.3,11017.8
2025-10-10 18:00:00,27986.3,7295.8,5856.3
2025-10-10 19:00:00,28938.3,7720.0,1138.0
2025-10-10 20:00:00,30523.0,7745.0,0.0
2025-10-10 21:00:00,29397.3,7541.0,0.0
2025-10-10 22:00:00,26547.0,7105.5,0.0
2025-10-10 23:00:00,24454.3,6488.3,0.0
2025-10-11 00:00:00,22908.0,5786.5,0.0
2025-10-11 01:00:00,21726.5,5390.5,0.0
2025-10-11 02:00:00,20786.5,5045.5,0.0
2025-10-11 03:00:00,20248.5,4776.0,0.0
2025-10-11 04:00:00,19920.3,4540.8,0.0
2025-10-11 05:00:00,19846.3,4344.0,0.0
2025-10-11 06:00:00,20582.8,4147.0,0.0
2025-10-11 07:00:00,21840.0,3936.5,0.0
2025-10-11 08:00:00,22916.0,3653.3,662.5
2025-10-11 09:00:00,23941.8,3515.5,6067.8
2025-10-11 10:00:00,24613.8,3608.0,12838.3
2025-10-11 11:00:00,24464.8,3885.8,15378.8
2025-10-11 12:00:00,24148.0,4254.8,16309.5
2025-10-11 13:00:00,24282.3,4522.3,16459.8
2025-10-11 14:00:00,23915.3,4934.3,16015.3
2025-10-11 15:00:00,22970.8,5222.0,15033.8
2025-10-11 16:00:00,22540.5,5520.0,13497.5
2025-10-11 17:00:00,23110.0,5739.0,10769.8
2025-10-11 18:00:00,24013.3,5888.8,5698.8
2025-10-11 19:00:00,25273.0,6092.0,1018.5
2025-10-11 20:00:00,26983.0,5900.5,0.0
2025-10-11 21:00:00,26492.3,5824.8,0.0
2025-10-11 22:00:00,24443.0,5705.8,0.0
2025-10-11 23:00:00,22710.0,5454.3,0.0
2025-10-12 00:00:00,21229.0,5548.3,0.0
2025-10-12 01:00:00,20181.8,5279.8,0.0
2025-10-12 02:00:00,19303.0,5118.8,0.0
2025-10-12 03:00:00,18751.5,5040.8,0.0
2025-10-12 04:00:00,18429.3,4966.8,0.0
2025-10-12 05:00:00,18446.5,4851.8,0.0
2025-10-12 06:00:00,18959.8,4744.8,0.0
2025-10-12 07:00:00,19729.0,4599.0,0.0
2025-10-12 08:00:00,20284.8,4340.8,668.8
2025-10-12 09:00:00,21263.8,4157.8,5497.3
2025-10-12 10:00:00,21907.5,4146.0,11806.5
2025-10-12 11:00:00,21798.0,4248.0,14813.3
2025-10-12 12:00:00,21825.8,4233.0,15997.0
2025-10-12 13:00:00,22243.0,4501.3,16396.5
2025-10-12 14:00:00,22102.5,4516.0,16102.3
2025-10-12 15:00:00,21217.0,4584.0,15203.8
2025-10-12 16:00:00,20897.0,4712.5,13490.0
2025-10-12 17:00:00,21476.3,4847.0,10494.0
2025-10-12 18:00:00,22492.0,5191.8,5161.8
2025-10-12 19:00:00,24035.8,5357.3,813.0
2025-10-12 20:00:00,26224.3,5310.0,0.0
2025-10-12 21:00:00,26177.8,5133.0,0.0
2025-10-12 22:00:00,24560.0,4909.8,0.0
2025-10-12 23:00:00,22642.8,4605.3,0.0
2025-10-13 00:00:00,20977.0,4221.0,0.0
2025-10-13 01:00:00,19950.0,3723.8,0.0
2025-10-13 02:00:00,19270.5,3293.8,0.0
2025-10-13 03:00:00,18934.3,2927.3,0.0
2025-10-13 04:00:00,18862.5,2642.8,0.0
2025-10-13 05:00:00,19463.5,2434.3,0.0
2025-10-13 06:00:00,21815.5,2259.0,0.0
2025-10-13 07:00:00,24763.8,2063.8,0.0
2025-10-13 08:00:00,26042.0,1786.8,458.3
2025-10-13 09:00:00,26366.5,1593.0,4261.0
2025-10-13 10:00:00,26517.3,1595.3,10031.0
2025-10-13 11:00:00,26371.5,1528.3,13346.0
2025-10-13 12:00:00,26247.3,1491.5,15082.0
2025-10-13 13:00:00,26327.5,1472.3,15951.5
2025-10-13 14:00:00,25922.5,1472.0,15982.8
2025-10-13 15:00:00,25359.5,1523.0,15394.0
2025-10-13 16:00:00,25309.8,1593.0,14096.8
2025-10-13 17:00:00,26024.5,1590.3,11411.0
2025-10-13 18:00:00,26887.3,1786.8,5937.8
2025-10-13 19:00:00,28065.3,1790.3,930.0
2025-10-13 20:00:00,29937.0,1714.5,0.0
2025-10-13 21:00:00,29151.8,1577.8,0.0
2025-10-13 22:00:00,26276.3,1450.0,0.0
2025-10-13 23:00:00,24001.8,1311.0,0.0
2025-10-14 00:00:00,22736.5,1055.8,0.0
2025-10-14 01:00:00,21601.3,979.5,0.0
2025-10-14 02:00:00,20910.0,880.5,0.0
2025-10-14 03:00:00,20600.3,827.5,0.0
2025-10-14 04:00:00,20536.3,803.3,0.0
2025-10-14 05:00:00,21125.5,873.5,0.0
2025-10-14 06:00:00,23703.8,788.3,0.0
2025-10-14 07:00:00,27256.0,773.3,0.0
2025-10-14 08:00:00,28946.5,763.3,673.0
2025-10-14 09:00:00,28820.3,729.3,6171.5
2025-10-14 10:00:00,28448.0,666.0,13743.5
2025-10-14 11:00:00,27956.0,613.5,17604.3
2025-10-14 12:00:00,27702.0,608.3,19234.8
2025-10-14 13:00:00,27693.8,721.0,19673.3
2025-10-14 14:00:00,27350.0,865.5,19454.0
2025-10-14 15:00:00,26791.8,1057.3,18779.0
2025-10-14 16:00:00,26974.3,1203.3,17343.3
2025-10-14 17:00:00,27802.8,1424.8,14009.0
2025-10-14 18:00:00,28401.5,1690.5,7103.5
2025-10-14 19:00:00,29579.8,1972.5,1123.8
2025-10-14 20:00:00,31391.8,2357.5,0.0
2025-10-14 21:00:00,30155.3,2410.3,0.0
2025-10-14 22:00:00,26964.3,2536.8,0.0
2025-10-14 23:00:00,24468.0,2548.5,0.0
2025-10-15 00:00:00,23678.8,2105.0,0.0
2025-10-15 01:00:00,22536.0,1828.3,0.0
2025-10-15 02:00:00,21800.5,1613.0,0.0
2025-10-15 03:00:00,21467.5,1475.8,0.0
2025-10-15 04:00:00,21420.8,1444.8,0.0
2025-10-15 05:00:00,21965.3,1503.8,0.0
2025-10-15 06:00:00,24532.5,1537.5,0.0
2025-10-15 07:00:00,28071.3,1477.8,0.0
2025-10-15 08:00:00,29627.8,1377.3,606.3
2025-10-15 09:00:00,29254.0,1288.5,5902.5
2025-10-15 10:00:00,28794.5,1142.5,13648.5
2025-10-15 11:00:00,28420.8,954.3,17362.8
2025-10-15 12:00:00,28193.8,855.5,18885.3
2025-10-15 13:00:00,28173.8,835.0,19279.8
2025-10-15 14:00:00,27754.0,868.8,19011.8
2025-10-15 15:00:00,27192.0,1199.8,18097.0
2025-10-15 16:00:00,27325.8,1222.5,16396.5
2025-10-15 17:00:00,28096.0,1399.0,12705.5
2025-10-15 18:00:00,28632.5,1641.0,6038.8
2025-10-15 19:00:00,29951.0,1838.0,770.8
2025-10-15 20:00:00,31696.3,1987.5,0.0
2025-10-15 21:00:00,30342.5,2118.5,0.0
2025-10-15 22:00:00,27269.5,2111.0,0.0
2025-10-15 23:00:00,24834.8,2133.0,0.0
2025-10-16 00:00:00,23494.8,2317.8,0.0
2025-10-16 01:00:00,22438.3,2238.8,0.0
2025-10-16 02:00:00,21662.5,2176.0,0.0
2025-10-16 03:00:00,21327.0,2022.0,0.0
2025-10-16 04:00:00,21247.8,1839.3,0.0
2025-10-16 05:00:00,21741.0,1756.0,0.0
2025-10-16 06:00:00,24262.8,1675.3,0.0
2025-10-16 07:00:00,27703.8,1603.5,0.0
2025-10-16 08:00:00,29341.8,1666.8,449.3
2025-10-16 09:00:00,29215.3,1572.3,4242.3
2025-10-16 10:00:00,28867.5,1596.3,10541.8
2025-10-16 11:00:00,28357.3,1804.0,14536.0
2025-10-16 12:00:00,28067.8,1639.0,16624.8
2025-10-16 13:00:00,28053.3,1675.8,17438.0
2025-10-16 14:00:00,27668.5,1761.8,17394.5
2025-10-16 15:00:00,27154.0,1892.3,16503.5
2025-10-16 16:00:00,27365.8,2048.5,14663.0
2025-10-16 17:00:00,28096.8,2250.5,11014.0
2025-10-16 18:00:00,28695.0,2474.0,5125.5
2025-10-16 19:00:00,30072.5,2605.8,684.8
2025-10-16 20:00:00,31620.5,2641.0,0.0
2025-10-16 21:00:00,30349.8,2636.5,0.0
2025-10-16 22:00:00,27307.3,2671.8,0.0
2025-10-16 23:00:00,24881.5,2704.8,0.0
2025-10-17 00:00:00,23811.8,2731.3,0.0
2025-10-17 01:00:00,22612.8,2712.8,0.0
2025-10-17 02:00:00,21883.8,2597.5,0.0
2025-10-17 03:00:00,21527.3,2391.8,0.0
2025-10-17 04:00:00,21482.0,2172.0,0.0
2025-10-17 05:00:00,21982.8,1985.0,0.0
2025-10-17 06:00:00,24523.5,1815.8,0.0
2025-10-17 07:00:00,27887.5,1631.3,0.0
2025-10-17 08:00:00,29481.8,1452.8,473.8
2025-10-17 09:00:00,29392.3,1334.3,5329.0
2025-10-17 10:00:00,28871.3,1307.0,12775.0
2025-10-17 11:00:00,28200.3,1325.5,16620.0
2025-10-17 12:00:00,27947.5,1459.8,18433.8
2025-10-17 13:00:00,27869.3,1784.3,19242.5
2025-10-17 14:00:00,27377.8,1895.5,19101.0
2025-10-17 15:00:00,26662.8,2068.8,18267.5
2025-10-17 16:00:00,26779.0,2249.5,16860.8
2025-10-17 17:00:00,27506.3,2148.0,13324.0
2025-10-17 18:00:00,28038.5,2475.8,6368.0
2025-10-17 19:00:00,29222.8,2477.5,776.3
2025-10-17 20:00:00,30726.0,2352.0,0.0
2025-10-17 21:00:00,29562.3,2310.5,0.0
2025-10-17 22:00:00,26761.8,2263.8,0.0
2025-10-17 23:00:00,24546.8,2393.0,0.0
2025-10-18 00:00:00,23441.0,2356.5,0.0
2025-10-18 01:00:00,22189.5,2339.0,0.0
2025-10-18 02:00:00,21221.5,2293.8,0.0
2025-10-18 03:00:00,20668.8,2237.8,0.0
2025-10-18 04:00:00,20344.5,2203.3,0.0
2025-10-18 05:00:00,20273.3,2180.3,0.0
2025-10-18 06:00:00,21020.0,2185.0,0.0
2025-10-18 07:00:00,22219.3,2244.5,0.0
2025-10-18 08:00:00,23351.8,2285.3,481.0
2025-10-18 09:00:00,24241.3,2305.5,6180.5
2025-10-18 10:00:00,24661.5,2311.0,14817.8
2025-10-18 11:00:00,24341.5,2274.0,18355.5
2025-10-18 12:00:00,23884.3,2379.5,19692.8
2025-10-18 13:00:00,23967.5,2669.0,20262.0
2025-10-18 14:00:00,23586.8,2810.3,20190.0
2025-10-18 15:00:00,22641.3,3015.8,19470.5
2025-10-18 16:00:00,22395.0,3248.8,18090.8
2025-10-18 17:00:00,23099.0,3501.0,14483.3
2025-10-18 18:00:00,24115.0,3947.5,6728.5
2025-10-18 19:00:00,25502.0,4240.8,743.3
2025-10-18 20:00:00,27148.5,4571.3,0.0
2025-10-18 21:00:00,26717.0,5063.8,0.0
2025-10-18 22:00:00,24596.8,5564.5,0.0
2025-10-18 23:00:00,22815.8,6225.3,0.0
2025-10-19 00:00:00,21548.5,7511.8,0.0
2025-10-19 01:00:00,20368.0,8058.5,0.0
2025-10-19 02:00:00,19501.0,8321.3,0.0
2025-10-19 03:00:00,18960.0,8433.0,0.0
2025-10-19 04:00:00,18682.3,8170.0,0.0
2025-10-19 05:00:00,18651.3,8369.8,0.0
2025-10-19 06:00:00,19100.5,8480.5,0.0
2025-10-19 07:00:00,19846.5,8465.8,0.0
2025-10-19 08:00:00,20483.3,8566.0,330.3
2025-10-19 09:00:00,21354.3,8411.5,3644.8
2025-10-19 10:00:00,22225.5,8388.0,9408.5
2025-10-19 11:00:00,22299.8,9396.0,13079.5
2025-10-19 12:00:00,22219.5,9960.0,14783.3
2025-10-19 13:00:00,22532.5,10343.3,15354.3
2025-10-19 14:00:00,22390.3,10520.3,15145.5
2025-10-19 15:00:00,21368.8,10559.0,14161.3
2025-10-19 16:00:00,21116.8,10496.8,12470.3
2025-10-19 17:00:00,21720.5,10280.0,9067.3
2025-10-19 18:00:00,22799.0,10186.5,3861.8
2025-10-19 19:00:00,24422.5,10190.0,427.8
2025-10-19 20:00:00,26594.5,10249.3,0.0
2025-10-19 21:00:00,26552.5,10227.3,0.0
2025-10-19 22:00:00,24733.0,10230.3,0.0
2025-10-19 23:00:00,22818.5,10263.0,0.0
2025-10-20 00:00:00,21155.0,10584.5,0.0
2025-10-20 01:00:00,20077.3,10626.0,0.0
2025-10-20 02:00:00,19502.0,10680.0,0.0
2025-10-20 03:00:00,19303.5,10615.5,0.0
2025-10-20 04:00:00,19331.5,10459.5,0.0
2025-10-20 05:00:00,20043.5,10326.8,0.0
2025-10-20 06:00:00,22954.8,10241.8,0.0
2025-10-20 07:00:00,26843.8,10274.3,0.0
2025-10-20 08:00:00,28859.8,10265.3,298.0
2025-10-20 09:00:00,28849.3,10524.8,3441.0
2025-10-20 10:00:00,28741.3,11221.8,8804.8
2025-10-20 11:00:00,28223.5,12225.0,12190.0
2025-10-20 12:00:00,27881.3,13109.0,14114.3
2025-10-20 13:00:00,27883.5,13759.3,15105.3
2025-10-20 14:00:00,27421.0,14069.0,15428.3
2025-10-20 15:00:00,26920.5,13969.3,15158.3
2025-10-20 16:00:00,27152.3,13369.3,14188.0
2025-10-20 17:00:00,28045.8,12645.8,11187.3
2025-10-20 18:00:00,28800.3,11996.5,4874.5
2025-10-20 19:00:00,30069.3,11560.0,492.3
2025-10-20 20:00:00,31690.0,11512.0,0.0
2025-10-20 21:00:00,30472.8,11703.8,0.0
2025-10-20 22:00:00,27252.0,11937.0,0.0
2025-10-20 23:00:00,24646.8,12149.8,0.0
2025-10-21 00:00:00,23254.3,12603.0,0.0
2025-10-21 01:00:00,22209.0,12663.8,0.0
2025-10-21 02:00:00,21448.8,12578.8,0.0
2025-10-21 03:00:00,21094.0,12524.3,0.0
2025-10-21 04:00:00,21018.3,12531.0,0.0
2025-10-21 05:00:00,21591.8,12563.0,0.0
2025-10-21 06:00:00,24138.3,12596.8,0.0
2025-10-21 07:00:00,27765.5,12544.0,0.0
2025-10-21 08:00:00,29477.3,12431.5,315.0
2025-10-21 09:00:00,29152.0,12695.3,3376.5
2025-10-21 10:00:00,29047.0,13133.5,8288.0
2025-10-21 11:00:00,28582.0,13475.3,11321.8
2025-10-21 12:00:00,28255.0,14008.5,12869.8
2025-10-21 13:00:00,28243.5,14286.3,13703.5
2025-10-21 14:00:00,28065.0,14428.8,13737.8
2025-10-21 15:00:00,27588.8,14266.0,13192.0
2025-10-21 16:00:00,27815.5,13814.3,12099.0
2025-10-21 17:00:00,28716.8,13178.3,9253.8
2025-10-21 18:00:00,29212.0,12712.8,3859.0
2025-10-21 19:00:00,30573.5,12712.0,420.8
2025-10-21 20:00:00,32087.3,13235.0,0.0
2025-10-21 21:00:00,30705.8,13661.3,0.0
2025-10-21 22:00:00,27563.0,13967.3,0.0
2025-10-21 23:00:00,25024.3,14385.5,0.0
2025-10-22 00:00:00,23353.3,15054.5,0.0
2025-10-22 01:00:00,22265.8,14998.5,0.0
2025-10-22 02:00:00,21540.0,14956.0,0.0
2025-10-22 03:00:00,21183.3,14979.0,0.0
2025-10-22 04:00:00,21116.5,14954.0,0.0
2025-10-22 05:00:00,21686.8,14973.8,0.0
2025-10-22 06:00:00,24114.3,14958.8,0.0
2025-10-22 07:00:00,27757.3,14816.3,0.0
2025-10-22 08:00:00,29509.8,14701.5,290.8
2025-10-22 09:00:00,29416.8,14983.0,3339.3
2025-10-22 10:00:00,28979.5,15171.3,8818.3
2025-10-22 11:00:00,28533.3,15292.3,12275.5
2025-10-22 12:00:00,28397.0,15589.5,14048.5
2025-10-22 13:00:00,28541.5,15955.5,14851.0
2025-10-22 14:00:00,28277.8,16388.5,14818.8
2025-10-22 15:00:00,27738.8,16497.5,14166.5
2025-10-22 16:00:00,27765.8,16454.3,12993.0
2025-10-22 17:00:00,28541.0,16218.8,10106.3
2025-10-22 18:00:00,29101.0,16160.3,4244.0
2025-10-22 19:00:00,30499.8,16261.8,401.3
2025-10-22 20:00:00,32065.5,16497.3,0.0
2025-10-22 21:00:00,30782.3,16607.5,0.0
2025-10-22 22:00:00,27549.3,16733.0,0.0
2025-10-22 23:00:00,25044.0,16893.8,0.0
2025-10-23 00:00:00,23523.3,16913.0,0.0
2025-10-23 01:00:00,22435.0,17074.5,0.0
2025-10-23 02:00:00,21671.8,17255.8,0.0
2025-10-23 03:00:00,21238.8,17458.5,0.0
2025-10-23 04:00:00,21093.5,17510.0,0.0
2025-10-23 05:00:00,21642.5,17644.0,0.0
2025-10-23 06:00:00,24100.5,17669.0,0.0
2025-10-23 07:00:00,27727.0,17467.5,0.0
2025-10-23 08:00:00,29501.5,17018.8,286.3
2025-10-23 09:00:00,29361.0,16545.3,3513.3
2025-10-23 10:00:00,29054.0,16032.3,9354.3
2025-10-23 11:00:00,28568.0,15700.5,13225.8
2025-10-23 12:00:00,28136.5,15343.5,15393.5
2025-10-23 13:00:00,28051.5,15008.8,16633.8
2025-10-23 14:00:00,27687.5,14734.3,17110.8
2025-10-23 15:00:00,27239.8,14410.5,16989.3
2025-10-23 16:00:00,27508.0,13821.5,15906.5
2025-10-23 17:00:00,28391.0,12700.5,12537.3
2025-10-23 18:00:00,29115.3,11481.5,5215.8
2025-10-23 19:00:00,30557.0,10184.5,444.5
2025-10-23 20:00:00,31996.5,9259.8,0.0
2025-10-23 21:00:00,30679.5,8483.8,0.0
2025-10-23 22:00:00,27558.3,7886.8,0.0
2025-10-23 23:00:00,25058.5,7380.8,0.0
2025-10-24 00:00:00,23401.3,6656.8,0.0
2025-10-24 01:00:00,22302.8,6410.5,0.0
2025-10-24 02:00:00,21606.0,6180.3,0.0
2025-10-24 03:00:00,21194.5,5880.8,0.0
2025-10-24 04:00:00,20979.3,5549.3,0.0
2025-10-24 05:00:00,21473.3,5155.0,0.0
2025-10-24 06:00:00,23927.3,4829.5,0.0
2025-10-24 07:00:00,27377.8,4430.5,0.0
2025-10-24 08:00:00,29044.5,4061.0,305.0
2025-10-24 09:00:00,28935.0,3536.8,3795.0
2025-10-24 10:00:00,28652.3,3617.0,9697.0
2025-10-24 11:00:00,28092.0,4083.5,12689.0
2025-10-24 12:00:00,27913.5,4792.5,14019.8
2025-10-24 13:00:00,27798.0,5314.0,14693.3
2025-10-24 14:00:00,27304.5,5795.5,14619.3
2025-10-24 15:00:00,26705.0,5853.5,14134.3
2025-10-24 16:00:00,26718.0,5341.3,12822.3
2025-10-24 17:00:00,27388.0,4585.3,9874.3
2025-10-24 18:00:00,28063.8,4321.8,4030.0
2025-10-24 19:00:00,29422.8,4058.5,336.3
2025-10-24 20:00:00,30565.0,3732.5,0.0
2025-10-24 21:00:00,29394.8,3605.0,0.0
2025-10-24 22:00:00,26564.5,3471.5,0.0
2025-10-24 23:00:00,24407.5,3399.3,0.0
2025-10-25 00:00:00,23239.0,6285.0,0.0
2025-10-25 01:00:00,22015.5,6309.0,0.0
2025-10-25 02:00:00,21059.8,6238.0,0.0
2025-10-25 03:00:00,20521.5,6030.0,0.0
2025-10-25 04:00:00,20119.0,5667.3,0.0
2025-10-25 05:00:00,20021.8,5160.5,0.0
2025-10-25 06:00:00,20701.3,4633.5,0.0
2025-10-25 07:00:00,22078.3,4033.3,0.0
2025-10-25 08:00:00,23404.3,3273.0,216.0
2025-10-25 09:00:00,24410.5,2681.0,3257.8
2025-10-25 10:00:00,25092.0,2632.8,8983.5
2025-10-25 11:00:00,24845.8,2684.3,12500.8
2025-10-25 12:00:00,24429.8,3134.8,14160.5
2025-10-25 13:00:00,24573.8,3426.5,14704.8
2025-10-25 14:00:00,24112.8,3811.8,14557.0
2025-10-25 15:00:00,23130.8,4213.3,13784.5
2025-10-25 16:00:00,22821.3,4486.8,12017.0
2025-10-25 17:00:00,23431.5,4579.8,8946.3
2025-10-25 18:00:00,24134.8,4738.5,3504.0
2025-10-25 19:00:00,25518.3,4916.5,270.0
2025-10-25 20:00:00,26785.8,5162.3,0.0
2025-10-25 21:00:00,26268.8,5304.3,0.0
2025-10-25 22:00:00,24202.5,5511.8,0.0
2025-10-25 23:00:00,22463.3,5828.8,0.0
2025-10-26 00:00:00,21009.5,6876.3,0.0
2025-10-26 01:00:00,19370.3,7203.8,0.0
2025-10-26 02:00:00,18469.3,7560.3,0.0
2025-10-26 03:00:00,18133.0,8048.5,0.0
2025-10-26 04:00:00,17971.0,8359.8,0.0
2025-10-26 05:00:00,18101.5,8672.8,0.0
2025-10-26 06:00:00,18660.3,8831.3,0.0
2025-10-26 07:00:00,19324.3,8679.5,88.5
2025-10-26 08:00:00,20678.0,8759.3,1583.0
2025-10-26 09:00:00,22184.0,8772.5,4940.5
2025-10-26 10:00:00,22621.8,8621.0,8030.0
2025-10-26 11:00:00,22328.0,8491.8,10250.3
2025-10-26 12:00:00,22143.8,8371.8,11514.5
2025-10-26 13:00:00,22519.0,8303.5,12001.5
2025-10-26 14:00:00,22271.8,8201.3,11916.8
2025-10-26 15:00:00,21226.0,8237.0,10615.0
2025-10-26 16:00:00,21147.5,8297.8,8068.5
2025-10-26 17:00:00,21896.3,8468.5,3079.0
2025-10-26 18:00:00,24035.5,8582.8,222.8
2025-10-26 19:00:00,25913.0,8423.8,0.0
2025-10-26 20:00:00,26405.3,8086.5,0.0
2025-10-26 21:00:00,25652.8,7703.0,0.0
2025-10-26 22:00:00,24035.5,7154.5,0.0
2025-10-26 23:00:00,22014.5,6752.0,0.0
2025-10-27 00:00:00,20789.5,6281.8,0.0
2025-10-27 01:00:00,19925.8,5918.0,0.0
2025-10-27 02:00:00,19290.8,5533.3,0.0
2025-10-27 03:00:00,19146.8,5041.8,0.0
2025-10-27 04:00:00,19328.8,4774.8,0.0
2025-10-27 05:00:00,20159.3,4478.8,0.0
2025-10-27 06:00:00,23139.5,4183.3,0.0
2025-10-27 07:00:00,26692.0,4003.3,230.0
2025-10-27 08:00:00,28554.3,3819.3,4452.0
2025-10-27 09:00:00,28744.3,3560.5,11835.5
2025-10-27 10:00:00,28305.8,3685.3,15701.5
2025-10-27 11:00:00,27690.5,3808.3,17122.8
2025-10-27 12:00:00,27378.5,3908.0,17757.3
2025-10-27 13:00:00,27327.5,3961.5,17816.3
2025-10-27 14:00:00,26957.3,3971.5,17526.8
2025-10-27 15:00:00,26664.0,3956.8,16193.0
2025-10-27 16:00:00,26920.3,3956.0,12300.5
2025-10-27 17:00:00,27869.8,4130.8,4740.5
2025-10-27 18:00:00,29636.3,4521.0,297.3
2025-10-27 19:00:00,31372.0,4521.3,0.0
2025-10-27 20:00:00,31575.5,4378.5,0.0
2025-10-27 21:00:00,29970.8,4165.5,0.0
2025-10-27 22:00:00,26876.3,3937.5,0.0
2025-10-27 23:00:00,24439.5,3616.3,0.0
2025-10-28 00:00:00,22785.5,2917.3,0.0
2025-10-28 01:00:00,21683.0,2603.3,0.0
2025-10-28 02:00:00,21005.5,2365.5,0.0
2025-10-28 03:00:00,20789.5,2205.0,0.0
2025-10-28 04:00:00,20733.0,2149.3,0.0
2025-10-28 05:00:00,21451.5,2208.3,0.0
2025-10-28 06:00:00,24205.0,2295.0,0.0
2025-10-28 07:00:00,27611.5,2391.3,225.8
2025-10-28 08:00:00,29079.8,2469.3,4077.3
2025-10-28 09:00:00,28789.8,2525.3,10798.3
2025-10-28 10:00:00,28335.3,2525.0,14505.0
2025-10-28 11:00:00,27781.3,2713.5,15766.3
2025-10-28 12:00:00,27461.3,2915.0,15971.8
2025-10-28 13:00:00,27606.5,3168.8,15407.8
2025-10-28 14:00:00,27392.5,3437.3,14147.3
2025-10-28 15:00:00,27096.5,3799.5,11746.8
2025-10-28 16:00:00,27305.3,4396.8,7592.0
2025-10-28 17:00:00,28486.0,4553.3,2392.3
2025-10-28 18:00:00,30115.0,5077.0,99.5
2025-10-28 19:00:00,31639.8,5812.3,0.0
2025-10-28 20:00:00,32060.3,6194.5,0.0
2025-10-28 21:00:00,30376.3,6526.0,0.0
2025-10-28 22:00:00,27282.8,6809.8,0.0
2025-10-28 23:00:00,24665.3,6959.5,0.0
2025-10-29 00:00:00,23225.8,7980.5,0.0
2025-10-29 01:00:00,22120.5,7939.8,0.0
2025-10-29 02:00:00,21440.3,7877.8,0.0
2025-10-29 03:00:00,21157.8,7886.0,0.0
2025-10-29 04:00:00,21178.8,7709.5,0.0
2025-10-29 05:00:00,21775.5,7866.0,0.0
2025-10-29 06:00:00,24365.0,8048.3,0.0
2025-10-29 07:00:00,27705.0,7985.5,86.0
2025-10-29 08:00:00,29202.5,7690.8,1406.3
2025-10-29 09:00:00,29134.5,7502.0,4097.8
2025-10-29 10:00:00,28788.3,7684.3,6172.5
2025-10-29 11:00:00,28359.3,7547.5,7364.0
2025-10-29 12:00:00,28463.8,7261.0,7841.5
2025-10-29 13:00:00,29000.5,6728.8,7740.3
2025-10-29 14:00:00,28835.0,6057.5,7165.3
2025-10-29 15:00:00,28505.3,5289.0,6029.3
2025-10-29 16:00:00,28538.5,4559.5,4155.8
2025-10-29 17:00:00,29457.5,3969.0,1534.3
2025-10-29 18:00:00,30239.3,3568.5,139.0
2025-10-29 19:00:00,31230.5,3162.3,0.0
2025-10-29 20:00:00,32002.5,3032.0,0.0
2025-10-29 21:00:00,30445.5,2906.5,0.0
2025-10-29 22:00:00,27438.0,2763.8,0.0
2025-10-29 23:00:00,25031.3,2678.3,0.0
2025-10-30 00:00:00,23329.0,2956.8,0.0
2025-10-30 01:00:00,22253.8,3010.3,0.0
2025-10-30 02:00:00,21396.5,3836.5,0.0
2025-10-30 03:00:00,21014.0,4067.8,0.0
2025-10-30 04:00:00,20925.5,4312.8,0.0
2025-10-30 05:00:00,21508.0,4541.0,0.0
2025-10-30 06:00:00,24106.5,4672.8,0.0
2025-10-30 07:00:00,27309.8,4563.3,137.8
2025-10-30 08:00:00,28675.0,4585.5,3026.3
2025-10-30 09:00:00,28620.0,4994.3,8644.5
2025-10-30 10:00:00,28111.3,5634.0,12534.8
2025-10-30 11:00:00,27611.0,6355.8,14304.0
2025-10-30 12:00:00,27460.3,7253.0,14982.3
2025-10-30 13:00:00,27784.0,7970.0,15106.8
2025-10-30 14:00:00,27619.0,8595.5,14756.0
2025-10-30 15:00:00,27349.0,9360.8,13295.0
2025-10-30 16:00:00,27707.5,9710.0,9458.0
2025-10-30 17:00:00,28653.0,9667.0,3321.5
2025-10-30 18:00:00,30061.8,9602.3,188.0
2025-10-30 19:00:00,31005.0,9439.3,0.0
2025-10-30 20:00:00,31852.3,9224.0,0.0
2025-10-30 21:00:00,30361.5,8988.8,0.0
2025-10-30 22:00:00,27444.0,8820.5,0.0
2025-10-30 23:00:00,24994.5,8726.5,0.0
2025-10-31 00:00:00,23279.0,9289.3,0.0
2025-10-31 01:00:00,22043.8,9343.5,0.0
2025-10-31 02:00:00,21303.8,9400.5,0.0
2025-10-31 03:00:00,20999.0,9332.3,0.0
2025-10-31 04:00:00,20961.5,9283.3,0.0
2025-10-31 05:00:00,21508.5,9337.0,0.0
2025-10-31 06:00:00,24075.3,9340.3,0.0
2025-10-31 07:00:00,27431.5,9150.5,104.5
2025-10-31 08:00:00,29045.8,8948.8,2215.0
2025-10-31 09:00:00,28948.0,8937.3,6642.8
2025-10-31 10:00:00,28541.3,9080.0,9814.3
2025-10-31 11:00:00,28236.8,9202.5,11412.5
2025-10-31 12:00:00,28244.3,9408.0,11953.5
2025-10-31 13:00:00,28468.5,9525.5,11833.0
2025-10-31 14:00:00,28283.0,9609.0,11052.0
2025-10-31 15:00:00,27829.8,9713.0,9478.8
2025-10-31 16:00:00,27773.5,10077.0,6355.3
2025-10-31 17:00:00,28732.8,10404.8,2109.0
2025-10-31 18:00:00,29998.8,10526.5,99.3
2025-10-31 19:00:00,30815.8,10652.5,0.0
2025-10-31 20:00:00,30946.8,10764.0,0.0
2025-10-31 21:00:00,29518.5,10885.8,0.0
2025-10-31 22:00:00,26848.3,10899.5,0.0
2025-10-31 23:00:00,24457.0,10867.8,0.0
2025-11-01 00:00:00,22859.8,9886.5,0.0
2025-11-01 01:00:00,21443.5,9705.0,0.0
2025-11-01 02:00:00,20401.3,9508.5,0.0
2025-11-01 03:00:00,19910.3,9454.3,0.0
2025-11-01 04:00:00,19593.0,9333.8,0.0
2025-11-01 05:00:00,19432.0,9067.3,0.0
2025-11-01 06:00:00,19948.5,8781.3,0.0
2025-11-01 07:00:00,20959.8,8388.8,112.3
2025-11-01 08:00:00,21760.0,8020.3,2338.5
2025-11-01 09:00:00,22723.5,7684.5,7079.5
2025-11-01 10:00:00,23373.5,7455.5,10504.8
2025-11-01 11:00:00,23242.3,7389.5,12040.0
2025-11-01 12:00:00,22921.8,7398.8,12585.3
2025-11-01 13:00:00,23203.8,7374.5,12514.0
2025-11-01 14:00:00,23198.3,7236.3,11747.3
2025-11-01 15:00:00,22521.8,6958.0,10142.3
2025-11-01 16:00:00,22112.5,6682.0,6782.0
2025-11-01 17:00:00,22932.5,6487.3,2237.0
2025-11-01 18:00:00,24818.3,6540.5,103.5
2025-11-01 19:00:00,26049.8,6658.8,0.0
2025-11-01 20:00:00,26446.5,6842.0,0.0
2025-11-01 21:00:00,25967.0,7099.3,0.0
2025-11-01 22:00:00,24257.8,7341.5,0.0
2025-11-01 23:00:00,22620.3,7650.3,0.0
2025-11-02 00:00:00,21084.0,7746.5,0.0
2025-11-02 01:00:00,19893.5,7924.3,0.0
2025-11-02 02:00:00,18989.8,8173.3,0.0
2025-11-02 03:00:00,18391.5,8504.0,0.0
2025-11-02 04:00:00,18073.0,8937.8,0.0
2025-11-02 05:00:00,18154.0,9158.5,0.0
2025-11-02 06:00:00,18779.5,9055.5,0.0
2025-11-02 07:00:00,19504.8,8693.8,78.5
2025-11-02 08:00:00,19876.5,8319.5,3122.0
2025-11-02 09:00:00,20954.8,8032.5,10007.8
2025-11-02 10:00:00,21808.8,8211.8,14631.5
2025-11-02 11:00:00,22031.0,8129.8,16306.8
2025-11-02 12:00:00,21948.3,8260.8,16963.0
2025-11-02 13:00:00,22512.0,7939.8,17006.5
2025-11-02 14:00:00,22617.5,7992.8,16775.0
2025-11-02 15:00:00,21757.3,7483.3,15573.8
2025-11-02 16:00:00,21645.5,6977.3,11459.0
2025-11-02 17:00:00,22590.0,6711.3,3931.5
2025-11-02 18:00:00,24309.8,6433.8,125.8
2025-11-02 19:00:00,25770.8,6113.5,0.0
2025-11-02 20:00:00,26637.0,5716.5,0.0
2025-11-02 21:00:00,26266.3,5386.5,0.0
2025-11-02 22:00:00,24663.0,5100.5,0.0
2025-11-02 23:00:00,22745.0,4836.5,0.0
2025-11-03 00:00:00,21024.0,4259.8,0.0
2025-11-03 01:00:00,19963.0,4042.3,0.0
2025-11-03 02:00:00,19352.0,3771.5,0.0
2025-11-03 03:00:00,19078.5,3407.5,0.0
2025-11-03 04:00:00,19165.3,3185.5,0.0
2025-11-03 05:00:00,19985.8,2965.0,0.0
2025-11-03 06:00:00,23015.0,2633.5,0.0
2025-11-03 07:00:00,26677.8,2497.3,92.3
2025-11-03 08:00:00,28139.3,2285.5,3982.5
2025-11-03 09:00:00,28156.5,2152.3,12751.5
2025-11-03 10:00:00,27653.3,2110.0,17365.0
2025-11-03 11:00:00,27152.8,2304.5,18428.5
2025-11-03 12:00:00,27279.3,2484.8,18623.0
2025-11-03 13:00:00,27481.3,2636.3,18668.3
2025-11-03 14:00:00,27479.8,2842.0,18510.0
2025-11-03 15:00:00,27333.0,3154.5,17416.3
2025-11-03 16:00:00,27640.8,3562.0,12885.3
2025-11-03 17:00:00,28435.3,4231.0,4200.0
2025-11-03 18:00:00,29811.3,5050.3,78.3
2025-11-03 19:00:00,30779.8,5593.3,0.0
2025-11-03 20:00:00,31606.0,6095.3,0.0
2025-11-03 21:00:00,30406.3,6540.3,0.0
2025-11-03 22:00:00,27626.5,6932.8,0.0
2025-11-03 23:00:00,24924.0,7252.5,0.0
2025-11-04 00:00:00,23007.0,7769.5,0.0
2025-11-04 01:00:00,21928.5,7829.8,0.0
2025-11-04 02:00:00,21232.0,7970.8,0.0
2025-11-04 03:00:00,20912.3,7979.3,0.0
2025-11-04 04:00:00,20894.8,7950.5,0.0
2025-11-04 05:00:00,21552.5,7937.0,0.0
2025-11-04 06:00:00,24268.5,7923.8,0.0
2025-11-04 07:00:00,27606.3,8045.3,73.0
2025-11-04 08:00:00,28740.0,8056.5,3166.8
2025-11-04 09:00:00,28412.0,8057.5,10186.3
2025-11-04 10:00:00,28012.3,8215.8,14851.0
2025-11-04 11:00:00,27578.5,8510.5,16549.0
2025-11-04 12:00:00,27570.8,8922.8,17093.8
2025-11-04 13:00:00,27854.3,9198.0,16891.3
2025-11-04 14:00:00,27828.8,9384.3,16061.3
2025-11-04 15:00:00,27843.3,9670.0,14083.8
2025-11-04 16:00:00,28154.0,10095.3,9610.3
2025-11-04 17:00:00,29096.0,10558.0,2985.8
2025-11-04 18:00:00,30533.3,11026.5,70.0
2025-11-04 19:00:00,31459.3,11384.8,0.0
2025-11-04 20:00:00,32032.3,11655.8,0.0
2025-11-04 21:00:00,30543.5,11944.5,0.0
2025-11-04 22:00:00,27662.0,12135.0,0.0
2025-11-04 23:00:00,25091.5,12238.3,0.0
2025-11-05 00:00:00,23450.8,12719.5,0.0
2025-11-05 01:00:00,22297.8,12873.0,0.0
2025-11-05 02:00:00,21559.0,13046.3,0.0
2025-11-05 03:00:00,21168.8,13276.3,0.0
2025-11-05 04:00:00,21109.3,13497.8,0.0
2025-11-05 05:00:00,21763.3,13709.8,0.0
2025-11-05 06:00:00,24476.8,13919.3,0.0
2025-11-05 07:00:00,27949.3,14083.5,37.8
2025-11-05 08:00:00,29279.5,14188.0,1964.0
2025-11-05 09:00:00,28984.8,14355.5,6856.8
2025-11-05 10:00:00,28568.0,14639.0,10296.3
2025-11-05 11:00:00,28239.0,15028.5,11437.5
2025-11-05 12:00:00,28310.0,15264.5,11473.8
2025-11-05 13:00:00,28727.3,15422.5,10655.3
2025-11-05 14:00:00,28751.3,15668.5,9256.8
2025-11-05 15:00:00,28540.5,15780.5,7257.5
2025-11-05 16:00:00,28785.0,15785.3,4499.5
2025-11-05 17:00:00,29698.0,15684.8,1443.3
2025-11-05 18:00:00,30826.0,15393.8,77.3
2025-11-05 19:00:00,31629.3,14992.5,0.0
2025-11-05 20:00:00,32157.8,14533.3,0.0
2025-11-05 21:00:00,30864.5,14394.5,0.0
2025-11-05 22:00:00,27894.3,13732.5,0.0
2025-11-05 23:00:00,25246.3,13328.8,0.0
2025-11-06 00:00:00,23313.8,14031.5,0.0
2025-11-06 01:00:00,22095.0,14243.5,0.0
2025-11-06 02:00:00,21263.8,14288.3,0.0
2025-11-06 03:00:00,20923.5,14322.0,0.0
2025-11-06 04:00:00,20843.8,14391.3,0.0
2025-11-06 05:00:00,21511.5,14639.0,0.0
2025-11-06 06:00:00,24232.0,15048.5,0.0
2025-11-06 07:00:00,27758.3,15412.3,30.5
2025-11-06 08:00:00,29119.5,15608.8,2410.0
2025-11-06 09:00:00,28852.8,15696.5,8416.8
2025-11-06 10:00:00,28552.8,15811.8,12353.3
2025-11-06 11:00:00,28162.8,15825.8,13698.0
2025-11-06 12:00:00,28331.8,15992.3,13936.3
2025-11-06 13:00:00,28482.3,15968.5,13601.3
2025-11-06 14:00:00,28423.0,15678.8,12873.0
2025-11-06 15:00:00,28409.3,15021.0,11419.3
2025-11-06 16:00:00,28679.8,14212.8,7673.5
2025-11-06 17:00:00,29571.3,13665.0,2273.8
2025-11-06 18:00:00,31190.8,13415.8,41.8
2025-11-06 19:00:00,31772.5,13163.0,0.0
2025-11-06 20:00:00,32074.5,12981.0,0.0
2025-11-06 21:00:00,30873.5,12769.8,0.0
2025-11-06 22:00:00,27958.5,12542.5,0.0
2025-11-06 23:00:00,25468.5,12323.0,0.0
2025-11-07 00:00:00,23430.5,12592.3,0.0
2025-11-07 01:00:00,22120.5,12325.5,0.0
2025-11-07 02:00:00,21282.3,12099.0,0.0
2025-11-07 03:00:00,20903.8,12001.3,0.0
2025-11-07 04:00:00,20792.0,11793.0,0.0
2025-11-07 05:00:00,21391.8,11583.0,0.0
2025-11-07 06:00:00,24194.3,11236.5,0.0
2025-11-07 07:00:00,27759.5,10797.8,27.5
2025-11-07 08:00:00,29090.5,10217.3,1824.5
2025-11-07 09:00:00,28792.0,9921.0,6572.5
2025-11-07 10:00:00,28665.3,9837.8,9687.0
2025-11-07 11:00:00,28551.5,9793.5,10804.0
2025-11-07 12:00:00,28669.0,9961.0,11448.3
2025-11-07 13:00:00,28932.5,9843.0,10983.8
2025-11-07 14:00:00,28772.3,9467.5,9721.0
2025-11-07 15:00:00,28463.0,9083.8,7931.8
2025-11-07 16:00:00,28480.3,8669.8,4901.5
2025-11-07 17:00:00,29142.5,8325.5,1366.8
2025-11-07 18:00:00,30593.0,7976.8,53.5
2025-11-07 19:00:00,31123.8,7952.0,0.0
2025-11-07 20:00:00,31151.3,8231.5,0.0
2025-11-07 21:00:00,29980.8,8529.0,0.0
2025-11-07 22:00:00,27434.0,8800.0,0.0
2025-11-07 23:00:00,24996.8,9119.8,0.0
2025-11-08 00:00:00,23816.3,10912.8,0.0
2025-11-08 01:00:00,22411.3,11675.5,0.0
2025-11-08 02:00:00,21343.8,12461.5,0.0
2025-11-08 03:00:00,20729.8,12888.0,0.0
2025-11-08 04:00:00,20332.3,12968.8,0.0
2025-11-08 05:00:00,20286.8,13131.3,0.0
2025-11-08 06:00:00,21190.0,12887.5,0.0
2025-11-08 07:00:00,22403.0,12902.3,38.8
2025-11-08 08:00:00,23407.8,12733.5,2855.5
2025-11-08 09:00:00,24619.0,12479.8,9873.5
2025-11-08 10:00:00,25288.3,12383.5,14658.5
2025-11-08 11:00:00,25276.5,12236.5,16062.5
2025-11-08 12:00:00,25185.3,12062.3,16476.0
2025-11-08 13:00:00,25426.8,11981.8,16593.3
2025-11-08 14:00:00,25290.5,11750.0,16258.8
2025-11-08 15:00:00,24575.0,11253.8,15207.0
2025-11-08 16:00:00,24303.8,10746.8,10690.3
2025-11-08 17:00:00,24928.5,10550.3,3417.8
2025-11-08 18:00:00,26288.8,10414.0,93.3
2025-11-08 19:00:00,27311.8,10132.5,0.0
2025-11-08 20:00:00,27648.3,9761.8,0.0
2025-11-08 21:00:00,27159.5,9369.0,0.0
2025-11-08 22:00:00,25291.0,9050.0,0.0
2025-11-08 23:00:00,23414.3,8776.0,0.0
2025-11-09 00:00:00,21997.5,7652.3,0.0
2025-11-09 01:00:00,20573.3,7348.5,0.0
2025-11-09 02:00:00,19569.3,7081.5,0.0
2025-11-09 03:00:00,19060.3,6708.5,0.0
2025-11-09 04:00:00,18681.5,6371.3,0.0
2025-11-09 05:00:00,18748.8,6114.5,0.0
2025-11-09 06:00:00,19393.3,5870.3,0.0
2025-11-09 07:00:00,20093.5,5253.0,62.8
2025-11-09 08:00:00,20714.8,4758.3,2934.5
2025-11-09 09:00:00,21669.0,4128.5,11066.5
2025-11-09 10:00:00,22458.3,3754.8,15850.5
2025-11-09 11:00:00,22570.5,3620.0,16948.5
2025-11-09 12:00:00,22690.8,3684.0,17146.0
2025-11-09 13:00:00,23185.8,3458.0,17067.3
2025-11-09 14:00:00,23582.0,3392.3,16567.3
2025-11-09 15:00:00,22908.3,3467.0,14992.8
2025-11-09 16:00:00,22749.5,3816.8,9919.0
2025-11-09 17:00:00,23631.3,3811.0,2596.8
2025-11-09 18:00:00,25376.5,3908.5,57.0
2025-11-09 19:00:00,26623.8,3993.8,0.0
2025-11-09 20:00:00,27551.0,4175.3,0.0
2025-11-09 21:00:00,27380.3,4199.5,0.0
2025-11-09 22:00:00,25847.8,4457.3,0.0
2025-11-09 23:00:00,23759.3,4755.0,0.0
2025-11-10 00:00:00,22024.3,5217.0,0.0
2025-11-10 01:00:00,20756.0,5292.8,0.0
2025-11-10 02:00:00,19998.8,5399.0,0.0
2025-11-10 03:00:00,19716.3,5607.5,0.0
2025-11-10 04:00:00,19664.0,5781.0,0.0
2025-11-10 05:00:00,20502.0,5826.0,0.0
2025-11-10 06:00:00,23455.3,5676.8,0.0
2025-11-10 07:00:00,27109.0,5467.8,39.8
2025-11-10 08:00:00,28708.3,5086.0,2700.3
2025-11-10 09:00:00,28629.5,4633.8,9706.5
2025-11-10 10:00:00,28237.0,4626.8,14596.5
2025-11-10 11:00:00,27742.8,4856.8,16279.8
2025-11-10 12:00:00,27678.5,5033.3,16921.5
2025-11-10 13:00:00,27899.8,5106.0,16993.0
2025-11-10 14:00:00,28063.5,4945.0,16428.8
2025-11-10 15:00:00,28035.3,4625.5,14708.5
2025-11-10 16:00:00,28283.3,4598.0,9909.0
2025-11-10 17:00:00,29202.8,4796.8,2818.8
2025-11-10 18:00:00,30822.3,4899.3,58.3
2025-11-10 19:00:00,31632.5,5052.8,0.0
2025-11-10 20:00:00,32249.3,5221.0,0.0
2025-11-10 21:00:00,31248.0,5341.3,0.0
2025-11-10 22:00:00,28416.3,5509.8,0.0
2025-11-10 23:00:00,25515.5,5773.8,0.0
2025-11-11 00:00:00,23902.8,6232.8,0.0
2025-11-11 01:00:00,22593.8,6403.8,0.0
2025-11-11 02:00:00,21763.3,6446.8,0.0
2025-11-11 03:00:00,21452.8,6544.5,0.0
2025-11-11 04:00:00,21388.8,6758.0,0.0
2025-11-11 05:00:00,22127.5,7009.8,0.0
2025-11-11 06:00:00,24970.8,7283.8,0.0
2025-11-11 07:00:00,28881.5,7529.5,40.3
2025-11-11 08:00:00,30495.5,7619.0,2797.5
2025-11-11 09:00:00,30323.5,7509.0,9943.8
2025-11-11 10:00:00,29748.3,7655.8,15075.3
2025-11-11 11:00:00,29065.3,8008.8,16934.0
2025-11-11 12:00:00,28976.3,8367.0,17618.5
2025-11-11 13:00:00,29057.8,8620.5,17341.5
2025-11-11 14:00:00,28891.3,8819.0,16750.3
2025-11-11 15:00:00,28992.3,8976.3,15239.0
2025-11-11 16:00:00,29493.3,9282.3,10276.8
2025-11-11 17:00:00,30436.0,9852.8,2923.3
2025-11-11 18:00:00,32096.8,10496.0,49.5
2025-11-11 19:00:00,32926.8,11121.5,0.0
2025-11-11 20:00:00,33223.5,11483.3,0.0
2025-11-11 21:00:00,31787.5,11708.0,0.0
2025-11-11 22:00:00,28694.3,11887.5,0.0
2025-11-11 23:00:00,25943.8,12045.0,0.0
2025-11-12 00:00:00,24427.8,12824.3,0.0
2025-11-12 01:00:00,23103.3,12939.5,0.0
2025-11-12 02:00:00,22252.5,13003.5,0.0
2025-11-12 03:00:00,21933.0,13096.8,0.0
2025-11-12 04:00:00,21922.3,13479.3,0.0
2025-11-12 05:00:00,22607.0,13719.3,0.0
2025-11-12 06:00:00,25453.3,13942.3,0.0
2025-11-12 07:00:00,29469.5,13975.5,34.3
2025-11-12 08:00:00,30657.0,14087.3,2142.8
2025-11-12 09:00:00,30056.0,13673.3,8689.5
2025-11-12 10:00:00,29386.5,13692.0,13326.5
2025-11-12 11:00:00,28746.0,13903.3,14868.0
2025-11-12 12:00:00,28715.0,14269.8,15383.3
2025-11-12 13:00:00,28985.3,14565.8,15260.8
2025-11-12 14:00:00,29105.0,14657.8,14613.5
2025-11-12 15:00:00,29259.8,14662.5,13161.3
2025-11-12 16:00:00,29657.5,14675.0,8621.8
2025-11-12 17:00:00,30725.0,14599.8,2181.0
2025-11-12 18:00:00,32414.0,14593.3,21.3
2025-11-12 19:00:00,33170.8,14293.5,0.0
2025-11-12 20:00:00,33694.8,14110.0,0.0
2025-11-12 21:00:00,32463.0,14016.5,0.0
2025-11-12 22:00:00,29183.3,13904.3,0.0
2025-11-12 23:00:00,26240.5,13675.8,0.0
2025-11-13 00:00:00,24020.0,14048.0,0.0
2025-11-13 01:00:00,22713.3,13662.0,0.0
2025-11-13 02:00:00,21819.3,13363.5,0.0
2025-11-13 03:00:00,21424.8,13189.8,0.0
2025-11-13 04:00:00,21355.8,12982.5,0.0
2025-11-13 05:00:00,22010.0,12658.5,0.0
2025-11-13 06:00:00,24720.5,13574.3,0.0
2025-11-13 07:00:00,28383.3,13654.0,13.5
2025-11-13 08:00:00,29788.0,13775.3,985.0
2025-11-13 09:00:00,29772.0,13480.0,3912.8
2025-11-13 10:00:00,29424.3,14064.3,6554.8
2025-11-13 11:00:00,29163.8,14717.5,7977.0
2025-11-13 12:00:00,29017.5,15411.3,8459.0
2025-11-13 13:00:00,29111.5,15671.5,8131.0
2025-11-13 14:00:00,28987.5,16297.0,7245.5
2025-11-13 15:00:00,29228.8,16487.5,5482.8
2025-11-13 16:00:00,29510.3,16763.5,2807.3
2025-11-13 17:00:00,30361.8,16743.3,605.3
2025-11-13 18:00:00,32052.3,16908.5,8.0
2025-11-13 19:00:00,32622.0,17087.8,0.0
2025-11-13 20:00:00,32790.0,17222.3,0.0
2025-11-13 21:00:00,31459.3,17052.8,0.0
2025-11-13 22:00:00,28483.3,16713.3,0.0
2025-11-13 23:00:00,25745.8,16296.5,0.0
2025-11-14 00:00:00,24266.8,16265.8,0.0
2025-11-14 01:00:00,22919.3,15848.3,0.0
2025-11-14 02:00:00,22066.8,15778.0,0.0
2025-11-14 03:00:00,21645.5,15634.5,0.0
2025-11-14 04:00:00,21549.8,15437.8,0.0
2025-11-14 05:00:00,22111.5,14897.0,0.0
2025-11-14 06:00:00,24889.3,14517.8,0.0
2025-11-14 07:00:00,28691.3,13850.8,15.5
2025-11-14 08:00:00,30282.8,13289.3,1027.8
2025-11-14 09:00:00,30429.8,13175.3,4178.0
2025-11-14 10:00:00,30111.5,13389.3,7153.8
2025-11-14 11:00:00,29677.8,13622.5,8816.8
2025-11-14 12:00:00,29495.8,13932.5,9451.3
2025-11-14 13:00:00,29484.3,14019.0,9280.8
2025-11-14 14:00:00,29193.8,13966.0,8638.0
2025-11-14 15:00:00,29037.8,13829.8,7031.8
2025-11-14 16:00:00,29149.3,13775.8,4165.5
2025-11-14 17:00:00,29884.5,13877.8,1073.5
2025-11-14 18:00:00,31488.5,14178.0,21.8
2025-11-14 19:00:00,31906.8,14532.3,0.0
2025-11-14 20:00:00,31864.8,14899.8,0.0
2025-11-14 21:00:00,30639.8,15156.5,0.0
2025-11-14 22:00:00,27887.0,15223.0,0.0
2025-11-14 23:00:00,25464.0,15192.0,0.0
2025-11-15 00:00:00,23808.5,14272.8,0.0
2025-11-15 01:00:00,22415.5,13797.0,0.0
2025-11-15 02:00:00,21402.8,13349.3,0.0
2025-11-15 03:00:00,20808.5,13023.5,0.0
2025-11-15 04:00:00,20415.8,12782.0,0.0
2025-11-15 05:00:00,20374.8,12569.0,0.0
2025-11-15 06:00:00,21196.3,12497.5,0.0
2025-11-15 07:00:00,22490.8,12384.3,19.5
2025-11-15 08:00:00,23651.3,12346.0,1312.3
2025-11-15 09:00:00,25098.0,12443.3,4600.0
2025-11-15 10:00:00,26039.3,12847.5,6836.5
2025-11-15 11:00:00,26085.3,13078.5,7635.0
2025-11-15 12:00:00,26209.3,12808.3,7493.3
2025-11-15 13:00:00,26618.5,12158.3,6465.0
2025-11-15 14:00:00,26460.3,11398.0,5386.3
2025-11-15 15:00:00,25653.0,10968.0,4081.3
2025-11-15 16:00:00,25330.0,10994.5,2353.0
2025-11-15 17:00:00,25911.8,11275.0,660.8
2025-11-15 18:00:00,27496.0,11759.3,15.0
2025-11-15 19:00:00,28091.5,11950.3,0.0
2025-11-15 20:00:00,28309.3,12133.8,0.0
2025-11-15 21:00:00,27828.5,12103.3,0.0
2025-11-15 22:00:00,25650.8,11567.0,0.0
2025-11-15 23:00:00,23761.8,11163.0,0.0
2025-11-16 00:00:00,22183.5,9205.0,0.0
2025-11-16 01:00:00,20786.5,8955.8,0.0
2025-11-16 02:00:00,19785.0,8909.3,0.0
2025-11-16 03:00:00,19128.3,9037.5,0.0
2025-11-16 04:00:00,18863.8,9661.0,0.0
2025-11-16 05:00:00,18935.0,9329.5,0.0
2025-11-16 06:00:00,19421.0,9432.8,0.0
2025-11-16 07:00:00,20179.8,9486.3,9.5
2025-11-16 08:00:00,20635.5,9631.8,1398.5
2025-11-16 09:00:00,21822.3,9912.5,5496.0
2025-11-16 10:00:00,22889.3,10462.0,9002.3
2025-11-16 11:00:00,23155.5,11154.0,10921.0
2025-11-16 12:00:00,23290.0,10850.0,11997.0
2025-11-16 13:00:00,23784.3,10220.3,12277.3
2025-11-16 14:00:00,24081.8,9182.5,11860.8
2025-11-16 15:00:00,23460.0,7810.3,10375.5
2025-11-16 16:00:00,23445.5,6842.0,6593.8
2025-11-16 17:00:00,24186.3,6428.3,1727.0
2025-11-16 18:00:00,26095.8,6216.0,19.0
2025-11-16 19:00:00,27247.8,6098.0,0.0
2025-11-16 20:00:00,28073.8,5968.5,0.0
2025-11-16 21:00:00,27754.0,5793.0,0.0
2025-11-16 22:00:00,26021.3,5540.0,0.0
2025-11-16 23:00:00,23830.0,5150.3,0.0
2025-11-17 00:00:00,21825.8,4731.3,0.0
2025-11-17 01:00:00,20563.0,4369.5,0.0
2025-11-17 02:00:00,19833.0,4178.0,0.0
2025-11-17 03:00:00,19517.0,4055.8,0.0
2025-11-17 04:00:00,19691.0,3911.0,0.0
2025-11-17 05:00:00,20541.8,3800.0,0.0
2025-11-17 06:00:00,23634.0,3761.5,0.0
2025-11-17 07:00:00,27887.0,3758.8,9.3
2025-11-17 08:00:00,29923.8,3788.8,1299.0
2025-11-17 09:00:00,29893.8,3919.8,5567.0
2025-11-17 10:00:00,29675.0,4392.0,9410.0
2025-11-17 11:00:00,29445.8,5154.8,11516.5
2025-11-17 12:00:00,29525.5,6015.0,12594.8
2025-11-17 13:00:00,29832.5,6926.8,13014.0
2025-11-17 14:00:00,29897.5,7571.0,12538.0
2025-11-17 15:00:00,29765.5,7928.0,10999.3
2025-11-17 16:00:00,30026.5,8601.5,7067.3
2025-11-17 17:00:00,30750.5,9638.8,1696.8
2025-11-17 18:00:00,32353.8,10399.0,10.5
2025-11-17 19:00:00,32917.3,10910.5,0.0
2025-11-17 20:00:00,33281.8,11210.3,0.0
2025-11-17 21:00:00,31949.8,11293.8,0.0
2025-11-17 22:00:00,28754.8,11308.8,0.0
2025-11-17 23:00:00,25897.5,11060.0,0.0
2025-11-18 00:00:00,24197.5,10405.0,0.0
2025-11-18 01:00:00,22920.0,10277.0,0.0
2025-11-18 02:00:00,22063.0,10049.0,0.0
2025-11-18 03:00:00,21709.5,9775.8,0.0
2025-11-18 04:00:00,21725.0,9586.5,0.0
2025-11-18 05:00:00,22438.3,9648.0,0.0
2025-11-18 06:00:00,25370.8,9346.8,0.0
2025-11-18 07:00:00,29502.3,8877.5,12.3
2025-11-18 08:00:00,31166.0,8203.8,2126.0
2025-11-18 09:00:00,30969.0,7372.0,9852.5
2025-11-18 10:00:00,30591.8,6882.8,15635.8
2025-11-18 11:00:00,30099.3,6421.5,17339.5
2025-11-18 12:00:00,29888.8,6038.5,18085.5
2025-11-18 13:00:00,30052.8,5774.3,18606.8
2025-11-18 14:00:00,30020.3,5587.5,17966.5
2025-11-18 15:00:00,29934.5,5543.8,16172.8
2025-11-18 16:00:00,30328.5,5598.3,10467.8
2025-11-18 17:00:00,31379.0,5598.0,2696.3
2025-11-18 18:00:00,33043.0,5536.5,28.5
2025-11-18 19:00:00,33709.8,5095.3,0.0
2025-11-18 20:00:00,34066.8,4814.3,0.0
2025-11-18 21:00:00,32680.3,4538.8,0.0
2025-11-18 22:00:00,29579.8,4258.8,0.0
2025-11-18 23:00:00,26608.5,3987.0,0.0
2025-11-19 00:00:00,24512.5,2787.5,0.0
2025-11-19 01:00:00,23019.5,2781.8,0.0
2025-11-19 02:00:00,22108.8,2789.5,0.0
2025-11-19 03:00:00,21729.3,2920.5,0.0
2025-11-19 04:00:00,21727.5,3151.5,0.0
2025-11-19 05:00:00,22479.3,3443.0,0.0
2025-11-19 06:00:00,25464.0,3673.5,0.0
2025-11-19 07:00:00,29596.8,3676.0,12.0
2025-11-19 08:00:00,31442.5,3455.3,2074.0
2025-11-19 09:00:00,31460.5,3486.5,8852.0
2025-11-19 10:00:00,31014.8,4064.3,14171.8
2025-11-19 11:00:00,30293.3,4911.8,15721.5
2025-11-19 12:00:00,30188.0,5615.0,16177.0
2025-11-19 13:00:00,30465.5,6109.8,16045.8
2025-11-19 14:00:00,30605.3,6488.0,15173.3
2025-11-19 15:00:00,30598.0,6608.5,13215.3
2025-11-19 16:00:00,30818.3,6838.8,8127.5
2025-11-19 17:00:00,31664.0,7249.8,1909.0
2025-11-19 18:00:00,33429.5,7637.8,17.5
2025-11-19 19:00:00,33973.5,8002.8,0.0
2025-11-19 20:00:00,34415.5,8305.0,0.0
2025-11-19 21:00:00,33320.8,8359.8,0.0
2025-11-19 22:00:00,30173.0,8271.5,0.0
2025-11-19 23:00:00,27106.3,8256.8,0.0
2025-11-20 00:00:00,25488.5,8518.0,0.0
2025-11-20 01:00:00,23979.3,8379.8,0.0
2025-11-20 02:00:00,22909.3,8298.8,0.0
2025-11-20 03:00:00,22438.8,8262.3,0.0
2025-11-20 04:00:00,22380.0,8344.3,0.0
2025-11-20 05:00:00,23103.8,8326.0,0.0
2025-11-20 06:00:00,26145.5,8064.8,0.0
2025-11-20 07:00:00,30539.5,7697.3,11.8
2025-11-20 08:00:00,32420.3,7267.0,1994.3
2025-11-20 09:00:00,32354.8,7039.5,8836.0
2025-11-20 10:00:00,31851.8,7184.0,14345.3
2025-11-20 11:00:00,31468.0,7733.5,15944.8
2025-11-20 12:00:00,31351.5,8641.0,16352.0
2025-11-20 13:00:00,31439.3,9574.8,16087.8
2025-11-20 14:00:00,31579.0,10320.8,15329.5
2025-11-20 15:00:00,31656.5,10579.5,13356.5
2025-11-20 16:00:00,31968.0,10583.0,8519.8
2025-11-20 17:00:00,32777.8,10769.8,2171.3
2025-11-20 18:00:00,34355.0,10955.8,21.5
2025-11-20 19:00:00,34945.3,10939.3,0.0
2025-11-20 20:00:00,35358.3,11041.8,0.0
2025-11-20 21:00:00,34189.5,11203.5,0.0
2025-11-20 22:00:00,31065.5,11322.3,0.0
2025-11-20 23:00:00,27934.5,11529.3,0.0
2025-11-21 00:00:00,25889.0,12312.5,0.0
2025-11-21 01:00:00,24315.5,12665.5,0.0
2025-11-21 02:00:00,23316.8,12922.0,0.0
2025-11-21 03:00:00,22770.5,13064.0,0.0
2025-11-21 04:00:00,22674.5,13040.5,0.0
2025-11-21 05:00:00,23465.5,12757.0,0.0
2025-11-21 06:00:00,26492.5,12301.3,0.0
2025-11-21 07:00:00,30871.3,11721.0,7.8
2025-11-21 08:00:00,33039.5,11172.0,1986.8
2025-11-21 09:00:00,33218.5,10840.5,9107.0
2025-11-21 10:00:00,32767.8,10882.5,14505.0
2025-11-21 11:00:00,32289.0,10974.3,15833.8
2025-11-21 12:00:00,32071.0,11029.3,16076.8
2025-11-21 13:00:00,32053.8,10967.8,15756.0
2025-11-21 14:00:00,32025.3,10812.5,14975.8
2025-11-21 15:00:00,31854.8,10334.3,13388.3
2025-11-21 16:00:00,31943.8,9880.5,8650.3
2025-11-21 17:00:00,32759.8,9596.8,2160.0
2025-11-21 18:00:00,34514.0,9314.5,0.0
2025-11-21 19:00:00,34944.0,9105.5,0.0
2025-11-21 20:00:00,34987.8,9118.0,0.0
2025-11-21 21:00:00,33868.0,9109.3,0.0
2025-11-21 22:00:00,30940.5,9078.8,0.0
2025-11-21 23:00:00,28097.3,9100.3,0.0
2025-11-22 00:00:00,26270.8,9449.5,0.0
2025-11-22 01:00:00,24368.5,9489.3,0.0
2025-11-22 02:00:00,23080.5,9415.3,0.0
2025-11-22 03:00:00,22317.0,9564.0,0.0
2025-11-22 04:00:00,21986.3,9648.3,0.0
2025-11-22 05:00:00,22078.8,9740.5,0.0
2025-11-22 06:00:00,23062.3,9797.8,0.0
2025-11-22 07:00:00,24697.8,9675.5,0.0
2025-11-22 08:00:00,25928.0,9268.0,2105.0
2025-11-22 09:00:00,27373.8,8954.8,9990.5
2025-11-22 10:00:00,28389.8,8731.5,16232.3
2025-11-22 11:00:00,28132.0,8618.8,17879.8
2025-11-22 12:00:00,27825.8,8489.5,18402.0
2025-11-22 13:00:00,28221.5,8355.5,18335.8
2025-11-22 14:00:00,28358.5,7996.3,17783.8
2025-11-22 15:00:00,27932.3,8365.3,15839.3
2025-11-22 16:00:00,27847.3,8522.3,10003.3
2025-11-22 17:00:00,28516.5,8788.3,2343.8
2025-11-22 18:00:00,30346.0,9043.3,0.0
2025-11-22 19:00:00,31109.8,9191.5,0.0
2025-11-22 20:00:00,31504.0,9473.3,0.0
2025-11-22 21:00:00,31079.0,9872.5,0.0
2025-11-22 22:00:00,28884.3,10264.5,0.0
2025-11-22 23:00:00,26421.5,10620.0,0.0
2025-11-23 00:00:00,24397.0,11071.5,0.0
2025-11-23 01:00:00,22604.8,11321.5,0.0
2025-11-23 02:00:00,21373.5,11515.0,0.0
2025-11-23 03:00:00,20773.0,11562.5,0.0
2025-11-23 04:00:00,20442.0,11389.8,0.0
2025-11-23 05:00:00,20486.8,11250.0,0.0
2025-11-23 06:00:00,21058.8,11097.5,0.0
2025-11-23 07:00:00,22003.3,11012.8,0.0
2025-11-23 08:00:00,22771.3,10468.3,1605.5
2025-11-23 09:00:00,23937.5,9763.5,8244.0
2025-11-23 10:00:00,24917.0,9721.8,13821.5
2025-11-23 11:00:00,25034.0,10108.8,15470.3
2025-11-23 12:00:00,24972.0,10793.0,15805.8
2025-11-23 13:00:00,25562.3,11225.5,15653.0
2025-11-23 14:00:00,26115.0,11478.5,14918.5
2025-11-23 15:00:00,25561.3,11597.8,12954.0
2025-11-23 16:00:00,25595.3,11883.5,7918.5
2025-11-23 17:00:00,26569.8,12295.0,1825.8
2025-11-23 18:00:00,28672.3,12887.5,0.0
2025-11-23 19:00:00,29981.5,13392.3,0.0
2025-11-23 20:00:00,30924.0,13902.0,0.0
2025-11-23 21:00:00,30618.8,14392.8,0.0
2025-11-23 22:00:00,28797.3,14711.8,0.0
2025-11-23 23:00:00,26281.5,15042.5,0.0
2025-11-24 00:00:00,23900.0,15883.0,0.0
2025-11-24 01:00:00,22359.0,16329.3,0.0
2025-11-24 02:00:00,21394.0,16695.8,0.0
2025-11-24 03:00:00,20984.8,17012.5,0.0
2025-11-24 04:00:00,20998.0,17304.5,0.0
2025-11-24 05:00:00,22004.3,17377.8,0.0
2025-11-24 06:00:00,25419.0,17092.8,0.0
2025-11-24 07:00:00,30000.0,16926.0,0.0
2025-11-24 08:00:00,32495.8,16626.0,697.5
2025-11-24 09:00:00,32295.5,16387.8,3019.3
2025-11-24 10:00:00,31796.8,16391.0,5447.3
2025-11-24 11:00:00,31219.5,16657.3,6659.3
2025-11-24 12:00:00,31154.0,16947.3,6989.8
2025-11-24 13:00:00,31436.8,16898.5,6535.8
2025-11-24 14:00:00,31684.3,16722.3,5692.8
2025-11-24 15:00:00,31838.5,16621.0,4348.3
2025-11-24 16:00:00,32109.5,16533.5,2313.5
2025-11-24 17:00:00,33083.3,16454.3,646.5
2025-11-24 18:00:00,34470.5,16230.8,0.0
2025-11-24 19:00:00,35139.3,15774.5,0.0
2025-11-24 20:00:00,35350.8,15428.5,0.0
2025-11-24 21:00:00,34197.0,15021.0,0.0
2025-11-24 22:00:00,30908.5,14650.5,0.0
2025-11-24 23:00:00,27894.3,14323.5,0.0
2025-11-25 00:00:00,25368.0,15068.8,0.0
2025-11-25 01:00:00,23731.3,14974.0,0.0
2025-11-25 02:00:00,22783.5,15193.8,0.0
2025-11-25 03:00:00,22329.0,14565.5,0.0
2025-11-25 04:00:00,22294.0,14174.8,0.0
2025-11-25 05:00:00,23151.3,13946.3,0.0
2025-11-25 06:00:00,26201.3,13567.5,0.0
2025-11-25 07:00:00,30624.8,13176.5,0.0
2025-11-25 08:00:00,32624.0,12725.3,1544.3
2025-11-25 09:00:00,32547.3,12323.3,7885.5
2025-11-25 10:00:00,31840.3,12396.8,13716.3
2025-11-25 11:00:00,31073.3,12711.8,15346.5
2025-11-25 12:00:00,30712.5,13041.0,15610.8
2025-11-25 13:00:00,30894.5,13172.5,15787.5
2025-11-25 14:00:00,30981.8,13353.5,15563.5
2025-11-25 15:00:00,31531.5,13373.0,14113.0
2025-11-25 16:00:00,31943.8,12967.3,8761.8
2025-11-25 17:00:00,33156.8,12836.3,2164.3
2025-11-25 18:00:00,34780.5,12662.0,0.0
2025-11-25 19:00:00,35548.3,12374.8,0.0
2025-11-25 20:00:00,35842.8,12126.3,0.0
2025-11-25 21:00:00,34516.8,11939.8,0.0
2025-11-25 22:00:00,31018.8,11771.5,0.0
2025-11-25 23:00:00,27866.5,11597.8,0.0
2025-11-26 00:00:00,25840.3,11610.3,0.0
2025-11-26 01:00:00,24143.0,11455.8,0.0
2025-11-26 02:00:00,23165.5,11388.5,0.0
2025-11-26 03:00:00,22760.3,11435.8,0.0
2025-11-26 04:00:00,22753.0,11467.3,0.0
2025-11-26 05:00:00,23541.5,11494.8,0.0
2025-11-26 06:00:00,26696.0,11371.8,0.0
2025-11-26 07:00:00,31258.0,11242.0,0.0
2025-11-26 08:00:00,33387.5,11003.3,1563.3
2025-11-26 09:00:00,33245.8,11023.0,8671.8
2025-11-26 10:00:00,32622.0,11160.8,15086.3
2025-11-26 11:00:00,31885.8,11402.5,16755.8
2025-11-26 12:00:00,31614.8,11645.0,17116.8
2025-11-26 13:00:00,31834.0,11684.0,16874.8
2025-11-26 14:00:00,31985.8,11626.8,16399.0
2025-11-26 15:00:00,32218.5,11381.5,14764.0
2025-11-26 16:00:00,32485.8,11005.5,9289.5
2025-11-26 17:00:00,33470.8,10841.3,2135.8
2025-11-26 18:00:00,34829.8,10770.5,0.0
2025-11-26 19:00:00,35624.5,10630.5,0.0
2025-11-26 20:00:00,36117.3,10547.5,0.0
2025-11-26 21:00:00,34911.0,10353.0,0.0
2025-11-26 22:00:00,31502.8,10209.0,0.0
2025-11-26 23:00:00,28246.5,10142.5,0.0
2025-11-27 00:00:00,26347.5,10018.0,0.0
2025-11-27 01:00:00,24645.8,9983.8,0.0
2025-11-27 02:00:00,23550.5,9969.0,0.0
2025-11-27 03:00:00,23149.8,9890.0,0.0
2025-11-27 04:00:00,23075.5,9216.5,0.0
2025-11-27 05:00:00,23864.0,9022.8,0.0
2025-11-27 06:00:00,27044.3,8822.0,0.0
2025-11-27 07:00:00,31703.8,8567.5,0.0
2025-11-27 08:00:00,33856.5,8054.3,1615.5
2025-11-27 09:00:00,33603.3,7360.5,9271.0
2025-11-27 10:00:00,32831.8,6936.8,16004.8
2025-11-27 11:00:00,31985.5,6584.0,17791.0
2025-11-27 12:00:00,31627.3,6267.3,18169.5
2025-11-27 13:00:00,31766.8,5991.8,18114.8
2025-11-27 14:00:00,31888.0,5809.5,17706.3
2025-11-27 15:00:00,32190.5,5681.0,15914.5
2025-11-27 16:00:00,32686.3,5812.3,9885.8
2025-11-27 17:00:00,33753.5,6371.8,2223.3
2025-11-27 18:00:00,35192.0,6382.0,0.0
2025-11-27 19:00:00,36061.3,5669.3,0.0
2025-11-27 20:00:00,36667.8,5387.8,0.0
2025-11-27 21:00:00,35400.5,5034.5,0.0
2025-11-27 22:00:00,32032.0,4664.0,0.0
2025-11-27 23:00:00,28684.3,4440.8,0.0
2025-11-28 00:00:00,26902.3,4416.8,0.0
2025-11-28 01:00:00,25093.8,3986.5,0.0
2025-11-28 02:00:00,24017.8,3878.5,0.0
2025-11-28 03:00:00,23573.0,3782.8,0.0
2025-11-28 04:00:00,23529.3,3713.3,0.0
2025-11-28 05:00:00,24280.5,3666.8,0.0
2025-11-28 06:00:00,27400.5,3460.8,0.0
2025-11-28 07:00:00,32213.5,3295.0,0.0
2025-11-28 08:00:00,34355.3,3049.8,1440.5
2025-11-28 09:00:00,34135.0,2519.5,8250.5
2025-11-28 10:00:00,33468.0,2197.5,14593.3
2025-11-28 11:00:00,32527.3,2160.8,16750.8
2025-11-28 12:00:00,32023.8,2233.5,17468.8
2025-11-28 13:00:00,31957.0,2353.3,17617.3
2025-11-28 14:00:00,31974.3,2505.8,17201.5
2025-11-28 15:00:00,32217.5,2659.0,15458.0
2025-11-28 16:00:00,32630.5,3030.3,9547.3
2025-11-28 17:00:00,33733.5,3438.3,2126.3
2025-11-28 18:00:00,35033.3,3575.5,0.0
2025-11-28 19:00:00,35695.8,3605.0,0.0
2025-11-28 20:00:00,35965.5,3582.8,0.0
2025-11-28 21:00:00,34778.0,3510.3,0.0
2025-11-28 22:00:00,31570.5,3508.5,0.0
2025-11-28 23:00:00,28517.0,3542.0,0.0
2025-11-29 00:00:00,27248.8,3119.0,0.0
2025-11-29 01:00:00,25248.0,3182.5,0.0
2025-11-29 02:00:00,23874.0,3241.0,0.0
2025-11-29 03:00:00,23071.8,3325.0,0.0
2025-11-29 04:00:00,22713.3,3427.5,0.0
2025-11-29 05:00:00,22694.3,3501.8,0.0
2025-11-29 06:00:00,23735.8,3582.0,0.0
2025-11-29 07:00:00,25552.0,3705.5,0.0
2025-11-29 08:00:00,26991.8,3644.3,1231.8
2025-11-29 09:00:00,28402.5,3571.3,6870.0
2025-11-29 10:00:00,29115.8,3544.3,12344.8
2025-11-29 11:00:00,28708.8,3692.5,14362.8
2025-11-29 12:00:00,28252.5,3986.8,14907.3
2025-11-29 13:00:00,28567.0,4202.5,14823.5
2025-11-29 14:00:00,28818.0,4427.5,14091.8
2025-11-29 15:00:00,28543.3,4560.0,11912.3
2025-11-29 16:00:00,28526.5,4805.3,6742.5
2025-11-29 17:00:00,29438.5,5198.5,1336.5
2025-11-29 18:00:00,31161.3,5641.3,0.0
2025-11-29 19:00:00,31727.3,6001.8,0.0
2025-11-29 20:00:00,32166.8,6196.5,0.0
2025-11-29 21:00:00,31793.3,6364.5,0.0
2025-11-29 22:00:00,29571.3,6450.5,0.0
2025-11-29 23:00:00,27021.8,6378.3,0.0
2025-11-30 00:00:00,24979.5,6235.3,0.0
2025-11-30 01:00:00,23084.5,6688.5,0.0
2025-11-30 02:00:00,21698.0,7171.8,0.0
2025-11-30 03:00:00,20931.8,7732.3,0.0
2025-11-30 04:00:00,20633.0,8231.3,0.0
2025-11-30 05:00:00,20690.0,8674.3,0.0
2025-11-30 06:00:00,21376.3,8553.5,0.0
2025-11-30 07:00:00,22362.5,8668.3,0.0
2025-11-30 08:00:00,23060.3,8803.5,488.5
2025-11-30 09:00:00,24679.0,8730.0,3202.3
2025-11-30 10:00:00,26137.8,8747.3,6761.5
2025-11-30 11:00:00,26395.3,8756.3,9053.5
2025-11-30 12:00:00,26242.8,8518.0,10303.3
2025-11-30 13:00:00,26835.0,8211.8,10681.5
2025-11-30 14:00:00,27187.3,7949.5,10374.8
2025-11-30 15:00:00,26731.5,7814.3,9177.0
2025-11-30 16:00:00,26810.0,7984.0,5520.3
2025-11-30 17:00:00,27653.5,8301.0,1217.5
2025-11-30 18:00:00,29854.3,8345.5,0.0
2025-11-30 19:00:00,31098.3,8331.0,0.0
2025-11-30 20:00:00,31837.5,8007.0,0.0
2025-11-30 21:00:00,31596.3,7579.5,0.0
2025-11-30 22:00:00,29727.0,6902.3,0.0
2025-11-30 23:00:00,26999.3,6309.3,0.0
2025-12-01 00:00:00,24262.0,5445.5,0.0
2025-12-01 01:00:00,22521.8,4972.3,0.0
2025-12-01 02:00:00,21505.8,4577.0,0.0
2025-12-01 03:00:00,21049.5,4287.3,0.0
2025-12-01 04:00:00,21036.0,4207.0,0.0
2025-12-01 05:00:00,21984.5,4321.3,0.0
2025-12-01 06:00:00,25550.5,4482.3,0.0
2025-12-01 07:00:00,30319.8,4556.0,0.0
2025-12-01 08:00:00,33229.3,4494.3,1078.3
2025-12-01 09:00:00,33700.3,4399.0,7597.0
2025-12-01 10:00:00,32917.5,4378.3,14190.0
2025-12-01 11:00:00,32002.0,4433.3,16185.5
2025-12-01 12:00:00,31624.8,4527.8,16755.0
2025-12-01 13:00:00,31716.8,4741.8,16799.8
2025-12-01 14:00:00,31891.0,5074.5,16195.8
2025-12-01 15:00:00,32160.8,5442.8,14335.3
2025-12-01 16:00:00,32666.3,5838.5,8460.3
2025-12-01 17:00:00,33745.8,6237.5,1764.0
2025-12-01 18:00:00,35536.3,6523.0,0.0
2025-12-01 19:00:00,36400.5,6703.8,0.0
2025-12-01 20:00:00,36816.0,6805.5,0.0
2025-12-01 21:00:00,35712.3,6883.0,0.0
2025-12-01 22:00:00,32390.8,6893.5,0.0
2025-12-01 23:00:00,29066.5,6829.0,0.0
2025-12-02 00:00:00,27108.0,7623.5,0.0
2025-12-02 01:00:00,25383.0,7566.3,0.0
2025-12-02 02:00:00,24220.8,7586.3,0.0
2025-12-02 03:00:00,23781.3,7632.8,0.0
2025-12-02 04:00:00,23669.0,7538.0,0.0
2025-12-02 05:00:00,24378.8,7532.0,0.0
2025-12-02 06:00:00,27686.0,7662.5,0.0
2025-12-02 07:00:00,32693.8,7826.5,0.0
2025-12-02 08:00:00,35201.5,7891.8,567.3
2025-12-02 09:00:00,35523.3,8119.8,3843.8
2025-12-02 10:00:00,35073.8,8625.3,7622.5
2025-12-02 11:00:00,34095.5,8995.3,9223.5
2025-12-02 12:00:00,33728.3,9311.5,10173.3
2025-12-02 13:00:00,33743.5,9112.3,10476.8
2025-12-02 14:00:00,33643.8,8663.8,10420.3
2025-12-02 15:00:00,34085.5,7733.8,9359.8
2025-12-02 16:00:00,34515.5,7784.3,5749.5
2025-12-02 17:00:00,35623.8,7763.0,1316.3
2025-12-02 18:00:00,36518.8,8009.3,0.0
2025-12-02 19:00:00,37211.3,8160.0,0.0
2025-12-02 20:00:00,37688.5,8175.3,0.0
2025-12-02 21:00:00,36300.3,8444.5,0.0
2025-12-02 22:00:00,32890.5,8743.5,0.0
2025-12-02 23:00:00,29504.0,9107.3,0.0
2025-12-03 00:00:00,26890.5,8747.8,0.0
2025-12-03 01:00:00,25135.8,8859.5,0.0
2025-12-03 02:00:00,23989.8,9207.5,0.0
2025-12-03 03:00:00,23526.0,9610.8,0.0
2025-12-03 04:00:00,23468.3,9908.8,0.0
2025-12-03 05:00:00,24267.3,10213.3,0.0
2025-12-03 06:00:00,27438.5,10399.5,0.0
2025-12-03 07:00:00,32221.0,10510.8,0.0
2025-12-03 08:00:00,34730.0,10503.8,893.0
2025-12-03 09:00:00,34886.8,10430.3,6435.8
2025-12-03 10:00:00,34281.3,10584.3,12604.0
2025-12-03 11:00:00,33370.0,10963.8,15095.3
2025-12-03 12:00:00,32780.0,11461.3,15790.0
2025-12-03 13:00:00,32884.5,11806.8,16017.3
2025-12-03 14:00:00,32991.5,12222.5,15583.3
2025-12-03 15:00:00,33331.5,12387.3,13649.0
2025-12-03 16:00:00,33758.3,12810.3,8147.0
2025-12-03 17:00:00,34908.8,13355.8,1805.0
2025-12-03 18:00:00,36782.3,13775.3,0.0
2025-12-03 19:00:00,37543.3,14093.5,0.0
2025-12-03 20:00:00,38195.3,14411.0,0.0
2025-12-03 21:00:00,36888.0,14675.0,0.0
2025-12-03 22:00:00,33218.5,14819.3,0.0
2025-12-03 23:00:00,29676.3,14908.0,0.0
2025-12-04 00:00:00,26982.0,14276.8,0.0
2025-12-04 01:00:00,25136.8,14251.0,0.0
2025-12-04 02:00:00,23939.3,14277.3,0.0
2025-12-04 03:00:00,23435.0,14294.0,0.0
2025-12-04 04:00:00,23369.3,14313.0,0.0
2025-12-04 05:00:00,24191.8,14296.0,0.0
2025-12-04 06:00:00,27516.8,14220.5,0.0
2025-12-04 07:00:00,32422.8,14233.0,0.0
2025-12-04 08:00:00,34849.5,14694.8,372.8
2025-12-04 09:00:00,34956.5,14457.3,2220.5
2025-12-04 10:00:00,34573.0,14781.0,4754.3
2025-12-04 11:00:00,33845.3,15262.5,6392.0
2025-12-04 12:00:00,33406.0,15692.5,7232.8
2025-12-04 13:00:00,33538.3,15952.8,7501.3
2025-12-04 14:00:00,33618.8,15974.5,7283.8
2025-12-04 15:00:00,33912.3,15913.5,6056.8
2025-12-04 16:00:00,34197.8,15826.3,3287.5
2025-12-04 17:00:00,35198.8,15751.3,690.5
2025-12-04 18:00:00,36567.5,15778.3,0.0
2025-12-04 19:00:00,37033.0,15851.5,0.0
2025-12-04 20:00:00,37465.3,15921.5,0.0
2025-12-04 21:00:00,36363.5,15959.0,0.0
2025-12-04 22:00:00,33045.0,15953.5,0.0
2025-12-04 23:00:00,29626.5,15941.8,0.0
2025-12-05 00:00:00,26826.3,15389.0,0.0
2025-12-05 01:00:00,24936.3,15142.8,0.0
2025-12-05 02:00:00,23773.8,14879.3,0.0
2025-12-05 03:00:00,23284.0,14686.5,0.0
2025-12-05 04:00:00,23152.3,14397.5,0.0
2025-12-05 05:00:00,23879.0,13997.5,0.0
2025-12-05 06:00:00,27058.8,13553.0,0.0
2025-12-05 07:00:00,31643.8,13300.0,0.0
2025-12-05 08:00:00,33856.0,12987.3,427.8
2025-12-05 09:00:00,34360.8,12899.8,3192.0
2025-12-05 10:00:00,33979.8,13210.3,6584.8
2025-12-05 11:00:00,33144.5,13880.3,8282.0
2025-12-05 12:00:00,32772.8,14292.0,8810.0
2025-12-05 13:00:00,32807.8,14378.0,8807.3
2025-12-05 14:00:00,32748.8,14160.5,8457.8
2025-12-05 15:00:00,32762.5,13694.0,7038.3
2025-12-05 16:00:00,33024.5,13617.8,3835.0
2025-12-05 17:00:00,33789.8,13784.5,702.5
2025-12-05 18:00:00,35165.5,14083.0,0.0
2025-12-05 19:00:00,35402.3,14334.8,0.0
2025-12-05 20:00:00,35459.3,14521.0,0.0
2025-12-05 21:00:00,34452.3,14606.8,0.0
2025-12-05 22:00:00,31452.8,14567.3,0.0
2025-12-05 23:00:00,28398.0,14546.3,0.0
2025-12-06 00:00:00,26500.5,14295.0,0.0
2025-12-06 01:00:00,24480.5,14142.3,0.0
2025-12-06 02:00:00,23043.8,14094.3,0.0
2025-12-06 03:00:00,22146.3,13916.5,0.0
2025-12-06 04:00:00,21836.3,13748.0,0.0
2025-12-06 05:00:00,21762.0,13510.0,0.0
2025-12-06 06:00:00,22501.8,13155.0,0.0
2025-12-06 07:00:00,23842.8,12722.8,0.0
2025-12-06 08:00:00,24730.8,12287.0,382.3
2025-12-06 09:00:00,26134.0,11991.8,2991.8
2025-12-06 10:00:00,27146.8,11935.3,6413.5
2025-12-06 11:00:00,27045.0,11951.5,8318.8
2025-12-06 12:00:00,26983.3,11791.5,9412.3
2025-12-06 13:00:00,27321.0,11412.3,9602.5
2025-12-06 14:00:00,27559.0,10945.8,9452.8
2025-12-06 15:00:00,26978.8,10574.5,8257.5
2025-12-06 16:00:00,26719.0,10504.3,4654.3
2025-12-06 17:00:00,27310.0,10650.3,820.0
2025-12-06 18:00:00,28994.0,10925.8,0.0
2025-12-06 19:00:00,29512.3,11087.8,0.0
2025-12-06 20:00:00,29967.8,11177.8,0.0
2025-12-06 21:00:00,29981.0,11237.8,0.0
2025-12-06 22:00:00,28147.8,11185.8,0.0
2025-12-06 23:00:00,25925.0,11069.0,0.0
2025-12-07 00:00:00,24009.5,11189.0,0.0
2025-12-07 01:00:00,22449.0,10760.8,0.0
2025-12-07 02:00:00,21158.8,10401.8,0.0
2025-12-07 03:00:00,20363.0,10106.3,0.0
2025-12-07 04:00:00,19934.3,9868.3,0.0
2025-12-07 05:00:00,19938.0,9727.3,0.0
2025-12-07 06:00:00,20512.3,9667.8,0.0
2025-12-07 07:00:00,21392.5,9656.8,0.0
2025-12-07 08:00:00,22232.3,9558.3,536.8
2025-12-07 09:00:00,24030.0,9414.3,4093.8
2025-12-07 10:00:00,25099.5,9361.3,8670.0
2025-12-07 11:00:00,25076.3,9309.0,11277.8
2025-12-07 12:00:00,24730.0,9243.3,12545.3
2025-12-07 13:00:00,25012.0,8997.3,13262.3
2025-12-07 14:00:00,25246.8,8585.3,13340.3
2025-12-07 15:00:00,24928.5,8212.8,11927.0
2025-12-07 16:00:00,24853.5,8103.8,7115.3
2025-12-07 17:00:00,25571.0,8180.3,1509.8
2025-12-07 18:00:00,27468.8,8225.8,0.0
2025-12-07 19:00:00,28438.5,8196.5,0.0
2025-12-07 20:00:00,28947.5,8064.8,0.0
2025-12-07 21:00:00,28822.8,7830.3,0.0
2025-12-07 22:00:00,27302.5,7618.3,0.0
2025-12-07 23:00:00,25002.5,7287.5,0.0
2025-12-08 00:00:00,23026.0,6710.8,0.0
2025-12-08 01:00:00,21466.8,6200.3,0.0
2025-12-08 02:00:00,20430.3,5829.0,0.0
2025-12-08 03:00:00,19944.0,5370.3,0.0
2025-12-08 04:00:00,19705.3,5174.3,0.0
2025-12-08 05:00:00,20023.8,5104.0,0.0
2025-12-08 06:00:00,21440.8,5023.5,0.0
2025-12-08 07:00:00,23039.0,4948.0,0.0
2025-12-08 08:00:00,23363.8,4847.3,570.0
2025-12-08 09:00:00,24350.3,4693.0,4582.8
2025-12-08 10:00:00,25059.0,4708.3,9669.3
2025-12-08 11:00:00,25104.3,4842.0,12595.3
2025-12-08 12:00:00,24902.0,5070.3,14169.0
2025-12-08 13:00:00,25358.5,5298.0,14892.3
2025-12-08 14:00:00,26144.5,5334.5,14889.8
2025-12-08 15:00:00,25648.5,5458.0,13065.3
2025-12-08 16:00:00,25449.5,5753.8,7718.0
2025-12-08 17:00:00,26233.3,5893.0,1675.8
2025-12-08 18:00:00,28339.3,6409.8,0.0
2025-12-08 19:00:00,29837.0,6631.8,0.0
2025-12-08 20:00:00,31124.0,6872.8,0.0
2025-12-08 21:00:00,30706.0,7087.8,0.0
2025-12-08 22:00:00,28521.0,7267.3,0.0
2025-12-08 23:00:00,25859.8,7392.5,0.0
2025-12-09 00:00:00,24021.0,7646.3,0.0
2025-12-09 01:00:00,22416.5,7635.0,0.0
2025-12-09 02:00:00,21612.0,7692.0,0.0
2025-12-09 03:00:00,21259.3,7893.3,0.0
2025-12-09 04:00:00,21327.5,8107.3,0.0
2025-12-09 05:00:00,22324.5,8293.8,0.0
2025-12-09 06:00:00,25710.5,8491.0,0.0
2025-12-09 07:00:00,30290.8,8615.3,0.0
2025-12-09 08:00:00,32775.3,8741.3,683.3
2025-12-09 09:00:00,33074.0,8646.8,6052.5
2025-12-09 10:00:00,32533.8,8380.0,12279.8
2025-12-09 11:00:00,31772.0,8711.8,14452.5
2025-12-09 12:00:00,31530.8,8755.3,14848.8
2025-12-09 13:00:00,31765.5,8868.5,14531.5
2025-12-09 14:00:00,31916.0,8692.3,13555.8
2025-12-09 15:00:00,32120.3,8485.8,11168.3
2025-12-09 16:00:00,32809.3,8004.0,5843.0
2025-12-09 17:00:00,33880.8,7533.0,1090.3
2025-12-09 18:00:00,34807.8,7171.5,0.0
2025-12-09 19:00:00,35373.3,6907.8,0.0
2025-12-09 20:00:00,35823.0,6627.0,0.0
2025-12-09 21:00:00,34726.0,6331.0,0.0
2025-12-09 22:00:00,31235.5,6048.0,0.0
2025-12-09 23:00:00,28083.3,5677.0,0.0
2025-12-10 00:00:00,25974.5,4843.8,0.0
2025-12-10 01:00:00,24234.5,4422.5,0.0
2025-12-10 02:00:00,23414.8,3936.5,0.0
2025-12-10 03:00:00,22973.0,3720.3,0.0
2025-12-10 04:00:00,22936.8,3493.8,0.0
2025-12-10 05:00:00,23693.8,3283.8,0.0
2025-12-10 06:00:00,26733.3,3081.8,0.0
2025-12-10 07:00:00,31385.5,2972.3,0.0
2025-12-10 08:00:00,33866.5,2589.5,224.8
2025-12-10 09:00:00,34200.0,2253.3,1656.8
2025-12-10 10:00:00,33968.3,1893.8,3793.0
2025-12-10 11:00:00,33482.0,1762.0,5206.3
2025-12-10 12:00:00,33483.5,1640.8,5989.3
2025-12-10 13:00:00,33683.8,1504.8,6023.8
2025-12-10 14:00:00,33359.8,1414.0,5647.0
2025-12-10 15:00:00,33598.0,1568.3,4446.8
2025-12-10 16:00:00,34179.0,1548.3,2359.3
2025-12-10 17:00:00,35202.0,1700.8,554.8
2025-12-10 18:00:00,36463.8,1733.5,0.0
2025-12-10 19:00:00,36182.3,1695.5,0.0
2025-12-10 20:00:00,36365.5,1701.5,0.0
2025-12-10 21:00:00,35123.0,1788.5,0.0
2025-12-10 22:00:00,31592.5,1940.8,0.0
2025-12-10 23:00:00,28430.3,2064.3,0.0
2025-12-11 00:00:00,26325.3,2796.0,0.0
2025-12-11 01:00:00,24623.8,3056.3,0.0
2025-12-11 02:00:00,23679.0,3354.8,0.0
2025-12-11 03:00:00,23294.8,3661.8,0.0
2025-12-11 04:00:00,23208.5,3901.0,0.0
2025-12-11 05:00:00,23949.8,4161.8,0.0
2025-12-11 06:00:00,27014.0,4167.5,0.0
2025-12-11 07:00:00,31750.0,4282.0,0.0
2025-12-11 08:00:00,34165.8,4326.3,559.0
2025-12-11 09:00:00,34087.5,4430.8,4728.5
2025-12-11 10:00:00,33310.3,4528.5,10633.5
2025-12-11 11:00:00,32652.8,4823.5,13434.3
2025-12-11 12:00:00,32232.0,5009.5,13990.8
2025-12-11 13:00:00,32136.8,5218.8,14149.8
2025-12-11 14:00:00,31952.3,5260.0,13869.8
2025-12-11 15:00:00,32047.3,5322.8,12199.0
2025-12-11 16:00:00,32541.8,5493.8,6926.8
2025-12-11 17:00:00,33781.8,5897.0,1419.0
2025-12-11 18:00:00,35318.5,5827.3,0.0
2025-12-11 19:00:00,35723.3,5945.0,0.0
2025-12-11 20:00:00,36531.3,5933.8,0.0
2025-12-11 21:00:00,35449.8,5998.0,0.0
2025-12-11 22:00:00,32179.8,6013.8,0.0
2025-12-11 23:00:00,28714.0,5825.3,0.0
2025-12-12 00:00:00,26602.3,6195.3,0.0
2025-12-12 01:00:00,24980.3,5859.0,0.0
2025-12-12 02:00:00,23888.8,5389.8,0.0
2025-12-12 03:00:00,23391.0,4885.0,0.0
2025-12-12 04:00:00,23341.0,4373.3,0.0
2025-12-12 05:00:00,24077.0,3952.5,0.0
2025-12-12 06:00:00,27026.5,3929.0,0.0
2025-12-12 07:00:00,31676.5,3987.0,0.0
2025-12-12 08:00:00,34173.0,3902.5,321.0
2025-12-12 09:00:00,35114.3,3789.3,2584.0
2025-12-12 10:00:00,35767.5,3815.8,5991.5
2025-12-12 11:00:00,35576.8,3919.0,8029.5
2025-12-12 12:00:00,35452.5,4124.3,9187.8
2025-12-12 13:00:00,35309.3,4341.3,9081.3
2025-12-12 14:00:00,35085.3,4577.0,8743.5
2025-12-12 15:00:00,34712.3,4936.8,6974.5
2025-12-12 16:00:00,34096.0,5609.3,3553.5
2025-12-12 17:00:00,33945.0,6187.3,593.5
2025-12-12 18:00:00,34941.3,6506.5,0.0
2025-12-12 19:00:00,35211.3,6680.3,0.0
2025-12-12 20:00:00,35435.5,6729.0,0.0
2025-12-12 21:00:00,34414.3,6731.0,0.0
2025-12-12 22:00:00,31364.0,6919.0,0.0
2025-12-12 23:00:00,28372.5,6989.3,0.0
2025-12-13 00:00:00,26588.8,6778.5,0.0
2025-12-13 01:00:00,24799.8,6795.0,0.0
2025-12-13 02:00:00,23480.8,6749.8,0.0
2025-12-13 03:00:00,22638.8,6664.0,0.0
2025-12-13 04:00:00,22280.3,6460.5,0.0
2025-12-13 05:00:00,22319.8,6417.5,0.0
2025-12-13 06:00:00,23210.5,6350.5,0.0
2025-12-13 07:00:00,24825.8,6232.8,0.0
2025-12-13 08:00:00,26556.8,6007.8,348.8
2025-12-13 09:00:00,28876.3,5718.3,4125.0
2025-12-13 10:00:00,30671.3,5382.3,10042.5
2025-12-13 11:00:00,31009.0,5252.0,13517.3
2025-12-13 12:00:00,30885.0,5374.3,14979.3
2025-12-13 13:00:00,31005.3,5412.3,15513.3
2025-12-13 14:00:00,30854.0,5421.5,15330.3
2025-12-13 15:00:00,30061.3,5468.3,13386.0
2025-12-13 16:00:00,29128.3,5619.0,7935.0
2025-12-13 17:00:00,28873.5,5966.0,1932.5
2025-12-13 18:00:00,30163.0,6060.5,0.0
2025-12-13 19:00:00,30598.5,6002.8,0.0
2025-12-13 20:00:00,30952.5,5882.8,0.0
2025-12-13 21:00:00,30737.0,5827.3,0.0
2025-12-13 22:00:00,28577.8,5790.5,0.0
2025-12-13 23:00:00,26229.0,5738.3,0.0
2025-12-14 00:00:00,24237.5,5121.0,0.0
2025-12-14 01:00:00,22505.3,5043.8,0.0
2025-12-14 02:00:00,21331.8,4968.3,0.0
2025-12-14 03:00:00,20592.0,4858.5,0.0
2025-12-14 04:00:00,20217.8,4760.3,0.0
2025-12-14 05:00:00,20275.3,4706.3,0.0
2025-12-14 06:00:00,20981.8,4690.0,0.0
2025-12-14 07:00:00,22072.0,4664.0,0.0
2025-12-14 08:00:00,22994.5,4647.5,294.0
2025-12-14 09:00:00,25174.8,4601.0,4029.5
2025-12-14 10:00:00,27382.0,4559.8,9706.0
2025-12-14 11:00:00,28160.8,4553.3,12494.8
2025-12-14 12:00:00,28344.0,4595.5,13404.0
2025-12-14 13:00:00,28952.3,4676.3,13449.0
2025-12-14 14:00:00,29198.0,4765.3,12949.5
2025-12-14 15:00:00,28315.8,4890.8,11325.0
2025-12-14 16:00:00,27413.0,4982.0,6930.8
2025-12-14 17:00:00,27192.3,5357.5,1639.3
2025-12-14 18:00:00,28744.0,5699.3,0.0
2025-12-14 19:00:00,29595.3,6246.5,0.0
2025-12-14 20:00:00,30511.5,6510.3,0.0
2025-12-14 21:00:00,30411.3,6744.3,0.0
2025-12-14 22:00:00,28568.8,6936.5,0.0
2025-12-14 23:00:00,26076.8,6995.8,0.0
2025-12-15 00:00:00,24155.8,7278.5,0.0
2025-12-15 01:00:00,22532.5,7371.8,0.0
2025-12-15 02:00:00,21574.8,7414.3,0.0
2025-12-15 03:00:00,21189.8,7338.0,0.0
2025-12-15 04:00:00,21243.8,7314.0,0.0
2025-12-15 05:00:00,22211.5,7251.8,0.0
2025-12-15 06:00:00,25639.8,7172.5,0.0
2025-12-15 07:00:00,30627.3,7067.8,0.0
2025-12-15 08:00:00,33633.5,6866.0,237.8
2025-12-15 09:00:00,34510.3,6771.3,2943.5
2025-12-15 10:00:00,35544.8,6896.8,7203.5
2025-12-15 11:00:00,35593.0,7089.3,9335.5
2025-12-15 12:00:00,35411.0,7133.5,9861.8
2025-12-15 13:00:00,35559.8,6991.3,9384.0
2025-12-15 14:00:00,35495.8,6932.3,8500.3
2025-12-15 15:00:00,35207.8,6704.8,6634.8
2025-12-15 16:00:00,34621.5,6588.3,3344.0
2025-12-15 17:00:00,34386.5,6307.0,621.0
2025-12-15 18:00:00,35391.5,6100.8,0.0
2025-12-15 19:00:00,35924.0,5911.8,0.0
2025-12-15 20:00:00,36320.8,5782.8,0.0
2025-12-15 21:00:00,35068.0,5690.5,0.0
2025-12-15 22:00:00,31673.8,5562.3,0.0
2025-12-15 23:00:00,28508.5,5405.3,0.0
2025-12-16 00:00:00,26082.5,5023.3,0.0
2025-12-16 01:00:00,24451.5,4945.3,0.0
2025-12-16 02:00:00,23403.3,4943.0,0.0
2025-12-16 03:00:00,22951.0,5011.8,0.0
2025-12-16 04:00:00,22869.5,5285.5,0.0
2025-12-16 05:00:00,23709.0,5682.5,0.0
2025-12-16 06:00:00,26850.5,6045.3,0.0
2025-12-16 07:00:00,31609.3,6217.5,0.0
2025-12-16 08:00:00,34310.5,6299.3,237.5
2025-12-16 09:00:00,35159.5,6246.0,2002.0
2025-12-16 10:00:00,36038.3,6310.5,4925.8
2025-12-16 11:00:00,36117.3,6365.8,6929.3
2025-12-16 12:00:00,36134.8,6641.0,7970.0
2025-12-16 13:00:00,36407.8,6762.3,8383.3
2025-12-16 14:00:00,36300.3,6812.3,7828.8
2025-12-16 15:00:00,36027.8,6800.0,6009.8
2025-12-16 16:00:00,35354.0,6859.3,3460.5
2025-12-16 17:00:00,35169.5,6951.8,932.0
2025-12-16 18:00:00,36181.0,6958.8,0.0
2025-12-16 19:00:00,36705.3,6895.5,0.0
2025-12-16 20:00:00,37170.3,6681.3,0.0
2025-12-16 21:00:00,35780.8,6417.8,0.0
2025-12-16 22:00:00,32402.3,6126.0,0.0
2025-12-16 23:00:00,29065.8,5833.8,0.0
2025-12-17 00:00:00,26377.5,5696.0,0.0
2025-12-17 01:00:00,24635.3,5512.8,0.0
2025-12-17 02:00:00,23542.5,5305.3,0.0
2025-12-17 03:00:00,23065.8,5041.0,0.0
2025-12-17 04:00:00,22999.5,4689.5,0.0
2025-12-17 05:00:00,23828.5,4382.0,0.0
2025-12-17 06:00:00,26952.8,3937.3,0.0
2025-12-17 07:00:00,31559.0,3577.8,0.0
2025-12-17 08:00:00,34158.3,3189.8,326.8
2025-12-17 09:00:00,35051.0,2763.0,4758.3
2025-12-17 10:00:00,35799.5,2521.0,11693.5
2025-12-17 11:00:00,35596.0,2358.3,15022.8
2025-12-17 12:00:00,35385.8,2390.8,15789.3
2025-12-17 13:00:00,35527.5,2381.3,15870.5
2025-12-17 14:00:00,35344.3,2445.5,15476.8
2025-12-17 15:00:00,35064.8,2630.5,13584.8
2025-12-17 16:00:00,34367.0,2906.0,8385.8
2025-12-17 17:00:00,34287.0,3299.5,1972.0
2025-12-17 18:00:00,35364.3,3615.3,0.0
2025-12-17 19:00:00,36006.8,3933.0,0.0
2025-12-17 20:00:00,36627.0,4374.0,0.0
2025-12-17 21:00:00,35462.0,4717.8,0.0
2025-12-17 22:00:00,32141.3,5109.8,0.0
2025-12-17 23:00:00,28989.3,5430.5,0.0
2025-12-18 00:00:00,26468.0,5817.8,0.0
2025-12-18 01:00:00,24635.0,6175.8,0.0
2025-12-18 02:00:00,23569.8,6447.8,0.0
2025-12-18 03:00:00,23029.5,6689.0,0.0
2025-12-18 04:00:00,23000.8,6933.5,0.0
2025-12-18 05:00:00,23779.8,7236.0,0.0
2025-12-18 06:00:00,26873.3,7429.0,0.0
2025-12-18 07:00:00,31407.0,7512.3,0.0
2025-12-18 08:00:00,33930.8,7496.3,401.0
2025-12-18 09:00:00,34817.3,7431.8,4798.3
2025-12-18 10:00:00,35611.0,7475.8,11559.3
2025-12-18 11:00:00,35566.5,7734.3,15022.0
2025-12-18 12:00:00,35356.5,8167.8,16428.5
2025-12-18 13:00:00,35458.3,8544.8,17017.3
2025-12-18 14:00:00,35281.8,8679.3,16655.3
2025-12-18 15:00:00,34948.8,8581.0,14374.5
2025-12-18 16:00:00,34326.5,8301.0,8382.8
2025-12-18 17:00:00,34259.5,7845.0,1769.0
2025-12-18 18:00:00,35334.5,7322.0,0.0
2025-12-18 19:00:00,36046.5,7010.8,0.0
2025-12-18 20:00:00,36641.5,6511.8,0.0
2025-12-18 21:00:00,35441.3,5751.5,0.0
2025-12-18 22:00:00,32172.5,5291.8,0.0
2025-12-18 23:00:00,28892.5,4672.8,0.0
2025-12-19 00:00:00,26669.0,5021.3,0.0
2025-12-19 01:00:00,24875.3,4454.5,0.0
2025-12-19 02:00:00,23726.5,3881.5,0.0
2025-12-19 03:00:00,23188.8,3387.0,0.0
2025-12-19 04:00:00,23095.5,3258.3,0.0
2025-12-19 05:00:00,23847.3,2854.3,0.0
2025-12-19 06:00:00,26875.5,2273.8,0.0
2025-12-19 07:00:00,31455.5,2106.5,0.0
2025-12-19 08:00:00,34032.0,1964.0,242.3
2025-12-19 09:00:00,34988.3,1887.5,2286.5
2025-12-19 10:00:00,36017.5,1803.5,5370.0
2025-12-19 11:00:00,36153.0,1772.3,7749.5
2025-12-19 12:00:00,35996.3,1692.8,8744.3
2025-12-19 13:00:00,35999.8,1742.5,8091.3
2025-12-19 14:00:00,35788.8,1793.0,6976.0
2025-12-19 15:00:00,35340.0,1896.0,4808.8
2025-12-19 16:00:00,34790.3,1817.0,2361.3
2025-12-19 17:00:00,34438.0,1899.3,593.0
2025-12-19 18:00:00,35310.3,1899.3,0.0
2025-12-19 19:00:00,35531.3,1871.5,0.0
2025-12-19 20:00:00,35584.3,1761.3,0.0
2025-12-19 21:00:00,34608.5,1758.8,0.0
2025-12-19 22:00:00,31726.0,1685.0,0.0
2025-12-19 23:00:00,28584.3,1714.3,0.0
2025-12-20 00:00:00,26272.5,1615.8,0.0
2025-12-20 01:00:00,24310.5,2029.5,0.0
2025-12-20 02:00:00,22794.3,2631.0,0.0
2025-12-20 03:00:00,21980.0,3357.8,0.0
2025-12-20 04:00:00,21629.0,4031.0,0.0
2025-12-20 05:00:00,21636.8,4597.5,0.0
2025-12-20 06:00:00,22565.8,5025.8,0.0
2025-12-20 07:00:00,24164.3,5343.5,0.0
2025-12-20 08:00:00,25956.0,5574.5,260.5
2025-12-20 09:00:00,28479.3,5863.3,2957.0
2025-12-20 10:00:00,30643.8,6317.5,7771.8
2025-12-20 11:00:00,30991.3,7029.3,11024.5
2025-12-20 12:00:00,30892.3,7724.0,12526.0
2025-12-20 13:00:00,30946.0,8284.8,12957.8
2025-12-20 14:00:00,30856.5,8635.0,12255.8
2025-12-20 15:00:00,30116.0,8774.0,10110.3
2025-12-20 16:00:00,29496.3,8872.0,5807.0
2025-12-20 17:00:00,28818.5,9097.8,1320.0
2025-12-20 18:00:00,30020.0,9435.3,0.0
2025-12-20 19:00:00,30315.3,9867.8,0.0
2025-12-20 20:00:00,30822.0,10276.5,0.0
2025-12-20 21:00:00,30770.0,10534.0,0.0
2025-12-20 22:00:00,28724.3,10672.3,0.0
2025-12-20 23:00:00,26470.3,10649.5,0.0
2025-12-21 00:00:00,24281.0,9484.8,0.0
2025-12-21 01:00:00,22478.0,9380.8,0.0
2025-12-21 02:00:00,21178.8,9054.0,0.0
2025-12-21 03:00:00,20342.3,8724.0,0.0
2025-12-21 04:00:00,19909.8,8909.0,0.0
2025-12-21 05:00:00,20016.0,8501.5,0.0
2025-12-21 06:00:00,20800.0,8749.5,0.0
2025-12-21 07:00:00,22007.8,8672.0,0.0
2025-12-21 08:00:00,23188.0,7939.0,226.8
2025-12-21 09:00:00,25536.5,7640.3,2237.3
2025-12-21 10:00:00,28201.8,7869.8,5663.0
2025-12-21 11:00:00,29259.8,8367.3,8351.8
2025-12-21 12:00:00,29537.3,9261.8,10146.5
2025-12-21 13:00:00,30217.0,9038.8,10545.5
2025-12-21 14:00:00,30336.5,9160.5,10092.8
2025-12-21 15:00:00,29493.0,9149.5,8528.3
2025-12-21 16:00:00,28612.0,9246.3,5053.3
2025-12-21 17:00:00,28433.3,9671.0,1197.3
2025-12-21 18:00:00,29975.3,9533.8,0.0
2025-12-21 19:00:00,30894.0,9682.8,0.0
2025-12-21 20:00:00,31722.3,9574.8,0.0
2025-12-21 21:00:00,31532.8,9399.5,0.0
2025-12-21 22:00:00,29645.0,9282.3,0.0
2025-12-21 23:00:00,26859.0,9166.5,0.0
2025-12-22 00:00:00,24049.0,8384.8,0.0
2025-12-22 01:00:00,22251.0,8563.5,0.0
2025-12-22 02:00:00,21132.8,8751.3,0.0
2025-12-22 03:00:00,20632.8,8934.5,0.0
2025-12-22 04:00:00,20716.8,9167.0,0.0
2025-12-22 05:00:00,21704.8,9342.8,0.0
2025-12-22 06:00:00,25043.8,9364.3,0.0
2025-12-22 07:00:00,29534.0,9406.8,0.0
2025-12-22 08:00:00,33014.8,9467.8,309.0
2025-12-22 09:00:00,34807.8,9509.5,3918.0
2025-12-22 10:00:00,35934.0,9645.3,9743.3
2025-12-22 11:00:00,35998.0,9771.5,12725.0
2025-12-22 12:00:00,35856.0,10030.3,13760.0
2025-12-22 13:00:00,35915.0,10298.3,13667.8
2025-12-22 14:00:00,35629.8,9970.0,12963.3
2025-12-22 15:00:00,35352.3,9756.3,10916.8
2025-12-22 16:00:00,34825.5,9535.8,6435.0
2025-12-22 17:00:00,34654.0,9633.0,1526.0
2025-12-22 18:00:00,35693.3,9903.3,0.0
2025-12-22 19:00:00,36331.0,10107.5,0.0
2025-12-22 20:00:00,36877.3,10336.5,0.0
2025-12-22 21:00:00,35752.5,10493.3,0.0
2025-12-22 22:00:00,32452.0,10460.5,0.0
2025-12-22 23:00:00,29006.5,10289.3,0.0
2025-12-23 00:00:00,25495.8,10888.5,0.0
2025-12-23 01:00:00,23394.0,10635.3,0.0
2025-12-23 02:00:00,22011.8,10240.0,0.0
2025-12-23 03:00:00,21318.3,10101.8,0.0
2025-12-23 04:00:00,21267.5,9800.3,0.0
2025-12-23 05:00:00,21957.8,9509.5,0.0
2025-12-23 06:00:00,24514.0,9251.0,0.0
2025-12-23 07:00:00,28122.5,9073.3,0.0
2025-12-23 08:00:00,31175.0,8963.5,229.3
2025-12-23 09:00:00,33152.5,8926.5,2415.8
2025-12-23 10:00:00,34310.0,8894.8,5969.5
2025-12-23 11:00:00,34471.5,9610.8,8211.3
2025-12-23 12:00:00,34258.0,9759.5,9100.3
2025-12-23 13:00:00,34385.0,9907.3,9099.0
2025-12-23 14:00:00,34257.0,9734.3,8563.8
2025-12-23 15:00:00,33860.8,9353.5,6994.8
2025-12-23 16:00:00,33320.5,9204.3,4038.3
2025-12-23 17:00:00,33311.5,9070.5,922.8
2025-12-23 18:00:00,34183.0,8822.5,2.8
2025-12-23 19:00:00,34756.8,8295.0,0.0
2025-12-23 20:00:00,35217.3,7923.0,0.0
2025-12-23 21:00:00,34297.8,7514.0,0.0
2025-12-23 22:00:00,31520.5,7434.0,0.0
2025-12-23 23:00:00,27993.5,7920.0,0.0
2025-12-24 00:00:00,25489.0,6865.8,0.0
2025-12-24 01:00:00,23286.5,6744.3,0.0
2025-12-24 02:00:00,21803.3,6673.5,0.0
2025-12-24 03:00:00,20959.3,6704.5,0.0
2025-12-24 04:00:00,20708.8,6814.3,0.0
2025-12-24 05:00:00,21000.3,6884.8,0.0
2025-12-24 06:00:00,22535.8,6971.3,0.0
2025-12-24 07:00:00,24815.8,7041.5,0.0
2025-12-24 08:00:00,26863.3,6892.5,260.8
2025-12-24 09:00:00,29175.3,6650.3,3794.3
2025-12-24 10:00:00,30712.3,6640.3,9826.5
2025-12-24 11:00:00,30955.8,6822.5,12974.8
2025-12-24 12:00:00,30495.3,7010.8,13948.8
2025-12-24 13:00:00,30352.8,7584.5,14274.8
2025-12-24 14:00:00,30250.3,7736.3,13795.0
2025-12-24 15:00:00,29479.5,8226.0,12046.5
2025-12-24 16:00:00,28722.3,9229.5,7543.0
2025-12-24 17:00:00,28699.0,10104.3,1684.0
2025-12-24 18:00:00,30002.0,10694.5,10.8
2025-12-24 19:00:00,30361.0,11011.5,0.0
2025-12-24 20:00:00,29673.3,10962.3,0.0
2025-12-24 21:00:00,27947.0,10980.5,0.0
2025-12-24 22:00:00,25406.8,10927.0,0.0
2025-12-24 23:00:00,23754.3,11477.0,0.0
2025-12-25 00:00:00,23153.3,10700.5,0.0
2025-12-25 01:00:00,22151.0,10360.3,0.0
2025-12-25 02:00:00,20654.3,9876.8,0.0
2025-12-25 03:00:00,19404.5,9270.5,0.0
2025-12-25 04:00:00,18730.3,8735.3,0.0
2025-12-25 05:00:00,18545.3,8109.8,0.0
2025-12-25 06:00:00,19074.0,7207.0,0.0
2025-12-25 07:00:00,19764.0,6221.8,0.0
2025-12-25 08:00:00,19848.0,5248.0,264.3
2025-12-25 09:00:00,21138.3,4392.8,3883.5
2025-12-25 10:00:00,23340.0,3628.0,10112.3
2025-12-25 11:00:00,24814.0,2970.8,13443.8
2025-12-25 12:00:00,25428.0,2419.5,14210.5
2025-12-25 13:00:00,25935.5,2160.3,14107.5
2025-12-25 14:00:00,26077.3,1720.0,13283.3
2025-12-25 15:00:00,24643.3,1736.0,11254.3
2025-12-25 16:00:00,23856.0,1606.5,7111.0
2025-12-25 17:00:00,23864.8,1747.5,1812.5
2025-12-25 18:00:00,25366.5,1876.3,17.5
2025-12-25 19:00:00,26355.5,1979.3,0.0
2025-12-25 20:00:00,27495.3,2116.5,0.0
2025-12-25 21:00:00,28018.0,2294.5,0.0
2025-12-25 22:00:00,27131.8,2525.8,0.0
2025-12-25 23:00:00,24695.5,2304.5,0.0
2025-12-26 00:00:00,22398.0,2490.5,0.0
2025-12-26 01:00:00,20504.3,2784.0,0.0
2025-12-26 02:00:00,19320.0,3066.5,0.0
2025-12-26 03:00:00,18573.3,3278.8,0.0
2025-12-26 04:00:00,18417.3,3342.3,0.0
2025-12-26 05:00:00,18894.3,3500.3,0.0
2025-12-26 06:00:00,20847.0,3355.8,0.0
2025-12-26 07:00:00,23382.5,3112.8,0.0
2025-12-26 08:00:00,25948.8,2745.0,217.0
2025-12-26 09:00:00,28830.0,2395.0,3562.8
2025-12-26 10:00:00,30732.3,2077.8,9383.8
2025-12-26 11:00:00,31291.3,2019.8,12983.8
2025-12-26 12:00:00,31231.3,1954.0,14311.3
2025-12-26 13:00:00,31665.5,1783.0,14752.3
2025-12-26 14:00:00,31678.8,1782.5,14290.8
2025-12-26 15:00:00,30697.8,1769.0,12352.0
2025-12-26 16:00:00,30006.0,1826.3,7800.5
2025-12-26 17:00:00,30017.8,1972.0,2085.0
2025-12-26 18:00:00,31113.3,1922.5,18.5
2025-12-26 19:00:00,31373.0,1881.8,0.0
2025-12-26 20:00:00,31775.3,1756.0,0.0
2025-12-26 21:00:00,31758.5,1766.8,0.0
2025-12-26 22:00:00,29701.3,1834.8,0.0
2025-12-26 23:00:00,26456.8,1636.0,0.0
2025-12-27 00:00:00,25011.0,2345.5,0.0
2025-12-27 01:00:00,22879.3,2700.0,0.0
2025-12-27 02:00:00,21354.0,3090.3,0.0
2025-12-27 03:00:00,20347.8,3490.5,0.0
2025-12-27 04:00:00,19940.8,3941.0,0.0
2025-12-27 05:00:00,20004.3,4429.3,0.0
2025-12-27 06:00:00,20960.0,4919.0,0.0
2025-12-27 07:00:00,22583.3,5376.5,0.0
2025-12-27 08:00:00,24539.5,5662.5,270.5
2025-12-27 09:00:00,27360.0,5801.5,4070.8
2025-12-27 10:00:00,29721.8,5987.3,10607.5
2025-12-27 11:00:00,30487.5,6199.5,13533.5
2025-12-27 12:00:00,30596.0,6592.0,13639.5
2025-12-27 13:00:00,31032.8,7079.5,13245.5
2025-12-27 14:00:00,30996.0,7276.0,11917.5
2025-12-27 15:00:00,30174.5,7481.0,9617.8
2025-12-27 16:00:00,29289.0,7842.3,5761.0
2025-12-27 17:00:00,29043.8,8448.3,1404.3
2025-12-27 18:00:00,30226.3,8621.8,10.0
2025-12-27 19:00:00,30468.3,8598.8,0.0
2025-12-27 20:00:00,30663.8,8606.3,0.0
2025-12-27 21:00:00,30791.3,8543.5,0.0
2025-12-27 22:00:00,28692.0,8600.3,0.0
2025-12-27 23:00:00,26185.8,8075.3,0.0
2025-12-28 00:00:00,23643.0,9315.3,0.0
2025-12-28 01:00:00,21657.0,8935.8,0.0
2025-12-28 02:00:00,20284.8,8591.0,0.0
2025-12-28 03:00:00,19390.8,8340.0,0.0
2025-12-28 04:00:00,18957.0,7916.0,0.0
2025-12-28 05:00:00,18909.5,7685.8,0.0
2025-12-28 06:00:00,19421.0,7376.3,0.0
2025-12-28 07:00:00,20210.0,7099.0,0.0
2025-12-28 08:00:00,21375.8,6927.3,186.3
2025-12-28 09:00:00,23766.5,6606.3,2501.5
2025-12-28 10:00:00,26409.3,6089.5,6783.5
2025-12-28 11:00:00,27567.8,5917.5,9770.3
2025-12-28 12:00:00,27917.8,5655.8,11020.3
2025-12-28 13:00:00,28584.0,5341.0,11238.0
2025-12-28 14:00:00,28754.3,5024.3,10529.5
2025-12-28 15:00:00,27920.3,4818.0,8933.5
2025-12-28 16:00:00,27028.8,4740.5,5807.3
2025-12-28 17:00:00,26763.0,4834.0,1577.3
2025-12-28 18:00:00,28241.0,4872.3,16.5
2025-12-28 19:00:00,28957.5,4718.0,0.0
2025-12-28 20:00:00,29658.0,4602.3,0.0
2025-12-28 21:00:00,29742.5,4218.5,0.0
2025-12-28 22:00:00,28087.3,4114.5,0.0
2025-12-28 23:00:00,25481.5,3606.5,0.0
2025-12-29 00:00:00,23059.0,2930.3,0.0
2025-12-29 01:00:00,21306.5,2653.5,0.0
2025-12-29 02:00:00,20097.0,2342.5,0.0
2025-12-29 03:00:00,19559.3,1989.3,0.0
2025-12-29 04:00:00,19507.0,1695.5,0.0
2025-12-29 05:00:00,20212.8,1490.5,0.0
2025-12-29 06:00:00,22859.0,1391.8,0.0
2025-12-29 07:00:00,26644.8,1261.3,0.0
2025-12-29 08:00:00,29849.8,1090.0,264.5
2025-12-29 09:00:00,32009.0,870.5,3893.0
2025-12-29 10:00:00,33687.5,715.3,10272.5
2025-12-29 11:00:00,34044.0,599.8,14106.8
2025-12-29 12:00:00,33969.8,507.8,15154.3
2025-12-29 13:00:00,34235.0,457.0,15517.3
2025-12-29 14:00:00,34152.3,458.8,14979.0
2025-12-29 15:00:00,33486.3,530.3,13334.0
2025-12-29 16:00:00,32690.3,648.3,8815.5
2025-12-29 17:00:00,32448.5,701.5,2396.3
2025-12-29 18:00:00,33258.8,752.0,34.0
2025-12-29 19:00:00,33612.3,845.3,0.0
2025-12-29 20:00:00,33953.5,987.0,0.0
2025-12-29 21:00:00,33256.5,1173.8,0.0
2025-12-29 22:00:00,30443.8,1418.3,0.0
2025-12-29 23:00:00,27125.8,1923.5,0.0
2025-12-30 00:00:00,24473.5,1730.3,0.0
2025-12-30 01:00:00,22523.8,2168.5,0.0
2025-12-30 02:00:00,21268.8,2679.5,0.0
2025-12-30 03:00:00,20545.0,3204.0,0.0
2025-12-30 04:00:00,20389.0,3668.0,0.0
2025-12-30 05:00:00,20972.8,4131.5,0.0
2025-12-30 06:00:00,23265.5,4518.0,0.0
2025-12-30 07:00:00,26578.3,4864.0,0.0
2025-12-30 08:00:00,29568.0,5042.3,402.3
2025-12-30 09:00:00,31578.3,4950.8,4541.8
2025-12-30 10:00:00,32981.0,5108.3,11430.8
2025-12-30 11:00:00,33180.3,5483.0,15307.0
2025-12-30 12:00:00,32937.0,5989.8,16533.3
2025-12-30 13:00:00,33038.3,6443.3,16752.5
2025-12-30 14:00:00,32940.8,6768.0,16421.8
2025-12-30 15:00:00,32439.3,6980.8,14811.3
2025-12-30 16:00:00,31788.0,7341.0,9746.3
2025-12-30 17:00:00,31582.3,7728.0,2539.8
2025-12-30 18:00:00,32604.0,7925.0,40.5
2025-12-30 19:00:00,33075.5,7952.8,0.0
2025-12-30 20:00:00,33562.5,7831.0,0.0
2025-12-30 21:00:00,33044.3,7678.8,0.0
2025-12-30 22:00:00,30290.8,7458.8,0.0
2025-12-30 23:00:00,27313.3,7440.3,0.0
2025-12-31 00:00:00,25383.3,6645.8,0.0
2025-12-31 01:00:00,23104.8,6420.3,0.0
2025-12-31 02:00:00,21662.3,6221.8,0.0
2025-12-31 03:00:00,20844.3,6011.5,0.0
2025-12-31 04:00:00,20518.3,5769.5,0.0
2025-12-31 05:00:00,20722.8,5280.5,0.0
2025-12-31 06:00:00,22191.5,4754.5,0.0
2025-12-31 07:00:00,24264.3,4230.3,0.0
2025-12-31 08:00:00,26415.0,3466.0,359.3
2025-12-31 09:00:00,28761.0,2843.5,4432.8
2025-12-31 10:00:00,30499.5,2388.8,11180.5
2025-12-31 11:00:00,30996.0,2050.0,15183.0
2025-12-31 12:00:00,30817.8,1744.0,16428.5
2025-12-31 13:00:00,30848.0,1512.5,16620.3
2025-12-31 14:00:00,30813.3,1354.5,16223.0
2025-12-31 15:00:00,30161.8,1267.0,14736.5
2025-12-31 16:00:00,29363.8,1295.5,9832.3
2025-12-31 17:00:00,29246.5,1297.5,2520.8
2025-12-31 18:00:00,30939.8,1125.5,36.5
2025-12-31 19:00:00,31789.3,1185.0,0.0
2025-12-31 20:00:00,31252.5,1188.3,0.0
2025-12-31 21:00:00,29487.5,1415.3,0.0
2025-12-31 22:00:00,26342.0,1622.5,0.0
2025-12-31 23:00:00,24644.3,1886.3,0.0
2026-01-01 00:00:00,24139.3,2752.8,0.0
2026-01-01 01:00:00,23286.5,3079.0,0.0
2026-01-01 02:00:00,21987.0,3299.8,0.0
2026-01-01 03:00:00,20631.8,3427.0,0.0
2026-01-01 04:00:00,19820.3,3547.8,0.0
2026-01-01 05:00:00,19557.3,3648.8,0.0
2026-01-01 06:00:00,19663.8,3750.0,0.0
2026-01-01 07:00:00,20014.3,3872.8,0.0
2026-01-01 08:00:00,20119.0,3909.5,334.3
2026-01-01 09:00:00,20686.8,3819.8,3278.8
2026-01-01 10:00:00,22604.5,3732.5,8025.8
2026-01-01 11:00:00,24387.8,3649.0,11041.5
2026-01-01 12:00:00,25196.3,3562.3,12173.3
2026-01-01 13:00:00,25989.8,3459.3,11976.3
2026-01-01 14:00:00,26733.3,3372.8,11054.3
2026-01-01 15:00:00,25646.8,3432.0,8788.3
2026-01-01 16:00:00,24742.8,3649.5,5025.5
2026-01-01 17:00:00,24632.8,3819.3,1337.3
2026-01-01 18:00:00,26491.5,4173.3,26.5
2026-01-01 19:00:00,27789.8,4399.0,0.0
2026-01-01 20:00:00,28961.5,4640.5,0.0
2026-01-01 21:00:00,29200.5,4472.3,0.0
2026-01-01 22:00:00,27985.3,4939.3,0.0
2026-01-01 23:00:00,25366.3,5311.0,0.0
2026-01-02 00:00:00,23384.3,5303.3,0.0
2026-01-02 01:00:00,21364.3,5369.0,0.0
2026-01-02 02:00:00,20159.5,5438.3,0.0
2026-01-02 03:00:00,19487.3,5539.3,0.0
2026-01-02 04:00:00,19316.8,5643.5,0.0
2026-01-02 05:00:00,19843.3,5725.5,0.0
2026-01-02 06:00:00,21916.3,5609.8,0.0
2026-01-02 07:00:00,24653.5,5700.5,0.0
2026-01-02 08:00:00,27233.5,5693.8,265.5
2026-01-02 09:00:00,30297.8,5451.0,2718.3
2026-01-02 10:00:00,32197.3,5142.0,7235.0
2026-01-02 11:00:00,32601.0,4801.3,10140.3
2026-01-02 12:00:00,32613.5,4542.8,11246.8
2026-01-02 13:00:00,32985.0,4361.3,11109.5
2026-01-02 14:00:00,33028.5,4297.5,10172.3
2026-01-02 15:00:00,32243.8,4153.5,8067.5
2026-01-02 16:00:00,31521.0,4467.5,4553.5
2026-01-02 17:00:00,31293.5,4773.3,1112.8
2026-01-02 18:00:00,32127.5,5007.0,14.3
2026-01-02 19:00:00,32399.3,5244.3,0.0
2026-01-02 20:00:00,32795.0,5338.8,0.0
2026-01-02 21:00:00,32599.5,5408.0,0.0
2026-01-02 22:00:00,30349.0,5334.3,0.0
2026-01-02 23:00:00,27544.8,5271.5,0.0
2026-01-03 00:00:00,24992.0,5149.5,0.0
2026-01-03 01:00:00,23108.3,4971.3,0.0
2026-01-03 02:00:00,21740.5,4893.0,0.0
2026-01-03 03:00:00,20979.0,4839.3,0.0
2026-01-03 04:00:00,20573.0,4888.3,0.0
2026-01-03 05:00:00,20598.8,4857.3,0.0
2026-01-03 06:00:00,21430.3,4908.0,0.0
2026-01-03 07:00:00,22985.0,4894.5,0.0
2026-01-03 08:00:00,24978.3,4898.8,95.0
2026-01-03 09:00:00,27663.0,4965.5,1485.0
2026-01-03 10:00:00,30100.5,5056.3,4315.3
2026-01-03 11:00:00,31004.8,4960.8,6246.5
2026-01-03 12:00:00,31390.3,4986.3,7179.0
2026-01-03 13:00:00,32284.8,5231.0,6964.3
2026-01-03 14:00:00,32259.3,5700.8,6332.3
2026-01-03 15:00:00,31195.3,6442.3,5012.5
2026-01-03 16:00:00,30148.3,7386.0,2804.0
2026-01-03 17:00:00,29933.8,8334.3,669.3
2026-01-03 18:00:00,30639.3,9065.5,6.3
2026-01-03 19:00:00,30916.8,9687.0,0.0
2026-01-03 20:00:00,31123.3,10606.5,0.0
2026-01-03 21:00:00,30922.3,10999.3,0.0
2026-01-03 22:00:00,28919.3,11310.5,0.0
2026-01-03 23:00:00,26429.5,11815.0,0.0
2026-01-04 00:00:00,24601.0,11140.3,0.0
2026-01-04 01:00:00,22695.3,11406.0,0.0
2026-01-04 02:00:00,21378.8,11716.5,0.0
2026-01-04 03:00:00,20518.8,11987.0,0.0
2026-01-04 04:00:00,20171.0,12271.8,0.0
2026-01-04 05:00:00,20170.5,12527.5,0.0
2026-01-04 06:00:00,20654.8,12767.8,0.0
2026-01-04 07:00:00,21703.0,13012.5,0.0
2026-01-04 08:00:00,23061.8,13043.5,103.5
2026-01-04 09:00:00,25569.3,13086.5,1528.3
2026-01-04 10:00:00,28449.8,13055.3,4571.0
2026-01-04 11:00:00,29580.3,12917.5,6725.5
2026-01-04 12:00:00,30248.5,12738.8,7733.3
2026-01-04 13:00:00,31272.5,12742.8,7645.5
2026-01-04 14:00:00,31578.3,12876.3,6882.0
2026-01-04 15:00:00,30641.8,13135.8,5604.8
2026-01-04 16:00:00,29798.0,13405.5,3527.3
2026-01-04 17:00:00,29488.8,13590.5,1009.0
2026-01-04 18:00:00,30631.3,13653.8,12.5
2026-01-04 19:00:00,31467.3,13674.8,0.0
2026-01-04 20:00:00,32334.0,13578.0,0.0
2026-01-04 21:00:00,32095.0,13383.5,0.0
2026-01-04 22:00:00,30298.5,13115.3,0.0
2026-01-04 23:00:00,27627.5,12932.8,0.0
2026-01-05 00:00:00,24251.8,12090.3,0.0
2026-01-05 01:00:00,22042.0,11836.0,0.0
2026-01-05 02:00:00,20832.8,11597.0,0.0
2026-01-05 03:00:00,20169.3,11333.3,0.0
2026-01-05 04:00:00,19995.8,10973.3,0.0
2026-01-05 05:00:00,20515.8,10648.8,0.0
2026-01-05 06:00:00,22617.5,10346.3,0.0
2026-01-05 07:00:00,25318.8,10084.0,0.0
2026-01-05 08:00:00,28153.8,9681.8,188.3
2026-01-05 09:00:00,30956.8,9376.0,2657.3
2026-01-05 10:00:00,32642.5,9147.5,7219.5
2026-01-05 11:00:00,33040.0,8938.0,10336.5
2026-01-05 12:00:00,32955.0,8890.8,11618.0
2026-01-05 13:00:00,33283.3,8891.5,12072.0
2026-01-05 14:00:00,33265.8,9119.5,12166.0
2026-01-05 15:00:00,32524.3,9462.0,10878.5
2026-01-05 16:00:00,31809.3,9865.0,7714.8
2026-01-05 17:00:00,31337.0,10268.0,2378.5
2026-01-05 18:00:00,31570.8,10666.3,71.3
2026-01-05 19:00:00,31308.5,10864.5,0.0
2026-01-05 20:00:00,31709.5,10935.8,0.0
2026-01-05 21:00:00,31514.0,10905.5,0.0
2026-01-05 22:00:00,29693.5,10899.0,0.0
2026-01-05 23:00:00,27599.3,10793.5,0.0
2026-01-06 00:00:00,25755.8,11169.8,0.0
2026-01-06 01:00:00,23971.8,11420.5,0.0
2026-01-06 02:00:00,22211.8,11789.8,0.0
2026-01-06 03:00:00,21228.0,12102.0,0.0
2026-01-06 04:00:00,20733.8,12480.3,0.0
2026-01-06 05:00:00,20752.3,12673.5,0.0
2026-01-06 06:00:00,21467.0,12926.8,0.0
2026-01-06 07:00:00,22521.8,13106.5,0.0
2026-01-06 08:00:00,23042.3,13358.3,326.8
2026-01-06 09:00:00,24716.8,12584.3,5844.5
2026-01-06 10:00:00,26871.8,12766.0,14925.8
2026-01-06 11:00:00,27958.8,12913.3,18859.3
2026-01-06 12:00:00,28274.5,12988.8,19717.0
2026-01-06 13:00:00,28728.0,12975.8,19550.5
2026-01-06 14:00:00,29090.0,12957.0,18937.0
2026-01-06 15:00:00,28019.8,12781.3,17364.3
2026-01-06 16:00:00,27242.5,12392.5,12235.3
2026-01-06 17:00:00,27082.8,12060.0,3603.8
2026-01-06 18:00:00,28565.5,11644.0,112.3
2026-01-06 19:00:00,29886.0,11427.0,0.0
2026-01-06 20:00:00,31167.5,11159.0,0.0
2026-01-06 21:00:00,31533.3,10976.0,0.0
2026-01-06 22:00:00,30268.0,10849.0,0.0
2026-01-06 23:00:00,27630.8,10700.0,0.0
2026-01-07 00:00:00,25252.5,11398.0,0.0
2026-01-07 01:00:00,23175.0,11283.0,0.0
2026-01-07 02:00:00,21955.5,11112.5,0.0
2026-01-07 03:00:00,21391.8,11068.5,0.0
2026-01-07 04:00:00,21326.8,10872.3,0.0
2026-01-07 05:00:00,22191.8,10768.0,0.0
2026-01-07 06:00:00,25443.0,10614.3,0.0
2026-01-07 07:00:00,30374.5,10282.5,0.0
2026-01-07 08:00:00,34433.8,9929.0,501.3
2026-01-07 09:00:00,36869.8,9407.5,4992.5
2026-01-07 10:00:00,38651.0,9421.0,11631.5
2026-01-07 11:00:00,39157.3,9726.8,15107.3
2026-01-07 12:00:00,39213.8,10198.5,16055.3
2026-01-07 13:00:00,39627.8,10741.8,15985.5
2026-01-07 14:00:00,39684.5,11133.8,15313.8
2026-01-07 15:00:00,39149.5,11415.8,13518.5
2026-01-07 16:00:00,38743.3,11955.5,8946.0
2026-01-07 17:00:00,38384.3,12441.0,2243.5
2026-01-07 18:00:00,39317.5,12747.0,68.5
2026-01-07 19:00:00,39987.3,12841.3,0.0
2026-01-07 20:00:00,39870.0,12938.8,0.0
2026-01-07 21:00:00,38664.0,13136.8,0.0
2026-01-07 22:00:00,35304.5,13210.3,0.0
2026-01-07 23:00:00,31287.8,13356.8,0.0
2026-01-08 00:00:00,28407.3,13317.0,0.0
2026-01-08 01:00:00,26069.8,13377.8,0.0
2026-01-08 02:00:00,24579.8,13376.0,0.0
2026-01-08 03:00:00,24126.8,13339.5,0.0
2026-01-08 04:00:00,23950.0,13249.0,0.0
2026-01-08 05:00:00,24591.5,13085.0,0.0
2026-01-08 06:00:00,27443.8,12926.3,0.0
2026-01-08 07:00:00,32315.5,12796.8,0.0
2026-01-08 08:00:00,36135.5,12697.0,321.3
2026-01-08 09:00:00,38106.0,12401.3,4269.8
2026-01-08 10:00:00,39541.8,12344.5,10719.8
2026-01-08 11:00:00,39500.5,12709.5,14267.5
2026-01-08 12:00:00,39673.3,13224.3,15246.0
2026-01-08 13:00:00,39745.3,13732.3,15587.0
2026-01-08 14:00:00,39332.5,14114.5,15193.3
2026-01-08 15:00:00,38811.0,14489.8,13464.8
2026-01-08 16:00:00,38504.8,14970.0,9031.3
2026-01-08 17:00:00,38094.0,15590.8,2563.5
2026-01-08 18:00:00,39187.8,16207.3,72.0
2026-01-08 19:00:00,40003.5,16677.5,0.0
2026-01-08 20:00:00,40011.8,16814.3,0.0
2026-01-08 21:00:00,38507.5,17127.8,0.0
2026-01-08 22:00:00,35171.8,17146.8,0.0
2026-01-08 23:00:00,31236.8,17406.8,0.0
2026-01-09 00:00:00,28060.8,17347.5,0.0
2026-01-09 01:00:00,25908.3,17445.8,0.0
2026-01-09 02:00:00,24479.5,17513.0,0.0
2026-01-09 03:00:00,24105.8,17539.3,0.0
2026-01-09 04:00:00,23932.0,17522.0,0.0
2026-01-09 05:00:00,24588.8,17559.0,0.0
2026-01-09 06:00:00,27651.5,17567.3,0.0
2026-01-09 07:00:00,32763.3,17416.3,0.0
2026-01-09 08:00:00,36205.8,17507.8,235.3
2026-01-09 09:00:00,37428.5,17499.8,3233.5
2026-01-09 10:00:00,38449.8,17625.8,8225.5
2026-01-09 11:00:00,38500.0,17798.8,11501.8
2026-01-09 12:00:00,38400.5,18066.3,13121.8
2026-01-09 13:00:00,38340.8,18228.0,13645.0
2026-01-09 14:00:00,38044.3,18272.5,13701.8
2026-01-09 15:00:00,37487.8,18062.5,12716.0
2026-01-09 16:00:00,37009.8,17675.5,8936.3
2026-01-09 17:00:00,36530.0,17148.5,2703.3
2026-01-09 18:00:00,37199.5,16537.5,74.5
2026-01-09 19:00:00,37672.3,16058.5,0.0
2026-01-09 20:00:00,37790.3,15725.0,0.0
2026-01-09 21:00:00,36556.3,15583.0,0.0
2026-01-09 22:00:00,33428.0,15312.0,0.0
2026-01-09 23:00:00,30071.8,15111.8,0.0
2026-01-10 00:00:00,27754.8,14640.3,0.0
2026-01-10 01:00:00,25547.5,14329.5,0.0
2026-01-10 02:00:00,23860.8,13996.3,0.0
2026-01-10 03:00:00,23086.0,13651.3,0.0
2026-01-10 04:00:00,22589.5,13269.5,0.0
2026-01-10 05:00:00,22559.8,12854.0,0.0
2026-01-10 06:00:00,23619.5,12430.3,0.0
2026-01-10 07:00:00,25456.5,11995.8,0.0
2026-01-10 08:00:00,27263.8,11553.5,382.3
2026-01-10 09:00:00,29893.3,11231.5,5498.5
2026-01-10 10:00:00,32322.3,11233.3,13871.3
2026-01-10 11:00:00,32875.0,11356.3,18117.5
2026-01-10 12:00:00,32862.3,11536.0,19002.5
2026-01-10 13:00:00,33197.5,11552.3,18999.0
2026-01-10 14:00:00,33194.0,11369.3,18451.8
2026-01-10 15:00:00,32235.5,11059.3,16764.0
2026-01-10 16:00:00,31409.3,10875.5,11447.8
2026-01-10 17:00:00,30931.5,10743.8,3657.3
2026-01-10 18:00:00,32213.5,10794.5,125.0
2026-01-10 19:00:00,32804.3,10943.5,0.0
2026-01-10 20:00:00,33523.5,11121.0,0.0
2026-01-10 21:00:00,33131.0,11005.0,0.0
2026-01-10 22:00:00,30714.3,11024.8,0.0
2026-01-10 23:00:00,27938.5,11028.8,0.0
2026-01-11 00:00:00,25347.8,10497.5,0.0
2026-01-11 01:00:00,23166.8,10274.8,0.0
2026-01-11 02:00:00,21742.5,9978.0,0.0
2026-01-11 03:00:00,20809.5,9607.0,0.0
2026-01-11 04:00:00,20428.8,9219.3,0.0
2026-01-11 05:00:00,20481.0,8900.3,0.0
2026-01-11 06:00:00,21192.5,8708.3,0.0
2026-01-11 07:00:00,22355.0,8483.5,0.0
2026-01-11 08:00:00,23752.0,8173.5,410.0
2026-01-11 09:00:00,26192.3,7162.0,6190.3
2026-01-11 10:00:00,28766.3,6763.0,14464.3
2026-01-11 11:00:00,29964.0,6711.8,18487.0
2026-01-11 12:00:00,30134.3,6719.3,19615.3
2026-01-11 13:00:00,30758.3,6742.0,19838.0
2026-01-11 14:00:00,30875.3,6664.8,19541.8
2026-01-11 15:00:00,30060.5,6626.3,17903.0
2026-01-11 16:00:00,29411.5,6873.8,12722.5
2026-01-11 17:00:00,29095.8,7185.0,4406.0
2026-01-11 18:00:00,30629.0,7620.3,159.5
2026-01-11 19:00:00,32027.8,7972.5,0.0
2026-01-11 20:00:00,33171.3,8027.8,0.0
2026-01-11 21:00:00,33164.3,8138.8,0.0
2026-01-11 22:00:00,30880.0,8285.3,0.0
2026-01-11 23:00:00,27691.3,8401.0,0.0
2026-01-12 00:00:00,25301.3,8291.3,0.0
2026-01-12 01:00:00,23307.5,8097.8,0.0
2026-01-12 02:00:00,22025.0,7947.3,0.0
2026-01-12 03:00:00,21501.5,7875.0,0.0
2026-01-12 04:00:00,21529.5,7901.0,0.0
2026-01-12 05:00:00,22567.5,7996.8,0.0
2026-01-12 06:00:00,25912.5,8106.3,0.0
2026-01-12 07:00:00,30796.0,7994.5,0.0
2026-01-12 08:00:00,34273.8,8087.0,360.5
2026-01-12 09:00:00,35600.0,7962.0,5174.3
2026-01-12 10:00:00,36827.3,7699.8,12231.5
2026-01-12 11:00:00,37005.0,7605.3,16000.3
2026-01-12 12:00:00,36831.8,7647.3,17462.3
2026-01-12 13:00:00,36526.0,7647.0,17947.0
2026-01-12 14:00:00,36483.8,7612.3,17795.5
2026-01-12 15:00:00,36278.8,7588.3,16322.8
2026-01-12 16:00:00,35927.0,7739.3,11531.5
2026-01-12 17:00:00,35385.5,7996.8,3909.5
2026-01-12 18:00:00,36200.5,8335.0,137.8
2026-01-12 19:00:00,37278.5,8672.5,0.0
2026-01-12 20:00:00,37923.3,9048.0,0.0
2026-01-12 21:00:00,37032.3,9382.0,0.0
2026-01-12 22:00:00,33421.0,9627.3,0.0
2026-01-12 23:00:00,29758.8,9850.3,0.0
2026-01-13 00:00:00,27515.8,10387.0,0.0
2026-01-13 01:00:00,25565.8,10685.0,0.0
2026-01-13 02:00:00,24334.5,10909.0,0.0
2026-01-13 03:00:00,23743.5,11129.5,0.0
2026-01-13 04:00:00,23589.3,11188.8,0.0
2026-01-13 05:00:00,24388.0,11194.0,0.0
2026-01-13 06:00:00,27485.3,11292.8,0.0
2026-01-13 07:00:00,32431.3,11526.5,0.0
2026-01-13 08:00:00,35763.3,11553.5,277.5
2026-01-13 09:00:00,37014.0,11357.8,3807.5
2026-01-13 10:00:00,38113.8,10879.0,8836.0
2026-01-13 11:00:00,38084.3,10766.3,11330.8
2026-01-13 12:00:00,37859.0,10745.5,12079.8
2026-01-13 13:00:00,37778.0,10587.5,11853.8
2026-01-13 14:00:00,37362.5,10002.0,11164.5
2026-01-13 15:00:00,37221.0,9281.5,9216.5
2026-01-13 16:00:00,36855.0,8667.0,5806.8
2026-01-13 17:00:00,36472.3,8158.5,1668.0
2026-01-13 18:00:00,37617.0,7491.8,48.3
2026-01-13 19:00:00,38809.0,6840.5,0.0
2026-01-13 20:00:00,39222.8,6502.5,0.0
2026-01-13 21:00:00,37628.8,6145.5,0.0
2026-01-13 22:00:00,33865.0,5718.5,0.0
2026-01-13 23:00:00,30078.8,5271.0,0.0
2026-01-14 00:00:00,27524.0,5738.5,0.0
2026-01-14 01:00:00,25462.3,5307.3,0.0
2026-01-14 02:00:00,24277.0,4815.3,0.0
2026-01-14 03:00:00,23782.0,4264.0,0.0
2026-01-14 04:00:00,23676.3,3697.8,0.0
2026-01-14 05:00:00,24477.8,3224.0,0.0
2026-01-14 06:00:00,27657.3,2851.8,0.0
2026-01-14 07:00:00,32779.0,2610.8,0.0
2026-01-14 08:00:00,36157.5,2394.5,225.0
2026-01-14 09:00:00,36903.3,2044.5,2691.5
2026-01-14 10:00:00,37607.8,1859.3,7170.0
2026-01-14 11:00:00,37544.0,1847.0,10509.0
2026-01-14 12:00:00,37354.8,1822.0,13071.8
2026-01-14 13:00:00,37281.0,1749.0,13657.3
2026-01-14 14:00:00,37144.8,1660.0,14059.5
2026-01-14 15:00:00,36853.8,1625.5,13097.3
2026-01-14 16:00:00,36415.3,1738.3,9537.8
2026-01-14 17:00:00,36123.5,1987.3,3361.0
2026-01-14 18:00:00,37411.8,2329.3,149.3
2026-01-14 19:00:00,38485.5,2740.8,0.0
2026-01-14 20:00:00,39036.3,3236.3,0.0
2026-01-14 21:00:00,37753.8,3611.5,0.0
2026-01-14 22:00:00,33997.5,4033.8,0.0
2026-01-14 23:00:00,30342.5,4417.8,0.0
2026-01-15 00:00:00,27478.0,5654.5,0.0
2026-01-15 01:00:00,25387.5,5622.0,0.0
2026-01-15 02:00:00,24216.5,6300.5,0.0
2026-01-15 03:00:00,23699.5,6582.8,0.0
2026-01-15 04:00:00,23594.8,7185.5,0.0
2026-01-15 05:00:00,24411.8,7603.8,0.0
2026-01-15 06:00:00,27693.8,8009.3,0.0
2026-01-15 07:00:00,32690.8,8335.0,0.0
2026-01-15 08:00:00,35853.8,8627.5,284.5
2026-01-15 09:00:00,36815.8,8830.0,3457.0
2026-01-15 10:00:00,37667.5,9056.8,8097.3
2026-01-15 11:00:00,37504.0,9512.0,11003.5
2026-01-15 12:00:00,37313.5,9873.5,12414.5
2026-01-15 13:00:00,37378.8,10146.5,12653.8
2026-01-15 14:00:00,37154.0,10201.5,11988.8
2026-01-15 15:00:00,36772.0,10057.5,9949.8
2026-01-15 16:00:00,36393.8,9860.8,6177.0
2026-01-15 17:00:00,36095.0,9630.0,1875.8
2026-01-15 18:00:00,37430.3,9522.8,68.0
2026-01-15 19:00:00,38608.0,9325.0,0.0
2026-01-15 20:00:00,39254.3,9097.3,0.0
2026-01-15 21:00:00,37914.5,8783.8,0.0
2026-01-15 22:00:00,34138.5,8540.5,0.0
2026-01-15 23:00:00,30436.8,8363.3,0.0
2026-01-16 00:00:00,27895.8,7728.0,0.0
2026-01-16 01:00:00,25903.5,7451.3,0.0
2026-01-16 02:00:00,24601.3,7186.0,0.0
2026-01-16 03:00:00,24027.3,6965.3,0.0
2026-01-16 04:00:00,23969.0,6619.3,0.0
2026-01-16 05:00:00,24796.8,6173.8,0.0
2026-01-16 06:00:00,28064.5,5657.8,0.0
2026-01-16 07:00:00,33010.3,5142.8,0.0
2026-01-16 08:00:00,35966.8,4657.8,255.0
2026-01-16 09:00:00,36811.5,4230.0,3244.3
2026-01-16 10:00:00,37569.3,4095.0,8591.5
2026-01-16 11:00:00,37343.8,4259.8,12333.8
2026-01-16 12:00:00,37049.8,4477.0,14060.5
2026-01-16 13:00:00,37037.0,4466.0,14275.8
2026-01-16 14:00:00,36849.3,4381.5,13465.3
2026-01-16 15:00:00,36494.5,4220.5,11430.5
2026-01-16 16:00:00,35953.5,4046.0,7564.0
2026-01-16 17:00:00,35443.8,3822.3,2630.8
2026-01-16 18:00:00,36387.5,3569.3,129.0
2026-01-16 19:00:00,37314.3,3438.8,0.0
2026-01-16 20:00:00,37825.3,3433.0,0.0
2026-01-16 21:00:00,36617.3,3277.5,0.0
2026-01-16 22:00:00,33204.5,3101.3,0.0
2026-01-16 23:00:00,30090.8,3017.3,0.0
2026-01-17 00:00:00,28072.5,2733.8,0.0
2026-01-17 01:00:00,25985.8,2570.8,0.0
2026-01-17 02:00:00,24367.8,2372.0,0.0
2026-01-17 03:00:00,23459.8,2169.3,0.0
2026-01-17 04:00:00,22998.3,1917.0,0.0
2026-01-17 05:00:00,23018.0,1730.0,0.0
2026-01-17 06:00:00,24088.0,1547.3,0.0
2026-01-17 07:00:00,25801.0,1426.8,0.0
2026-01-17 08:00:00,27780.3,1346.5,212.0
2026-01-17 09:00:00,30346.8,1196.8,2648.0
2026-01-17 10:00:00,32654.8,1194.3,7073.3
2026-01-17 11:00:00,33129.0,1274.5,10298.0
2026-01-17 12:00:00,33007.0,1351.5,12133.0
2026-01-17 13:00:00,33289.5,1419.5,12673.3
2026-01-17 14:00:00,33420.5,1478.5,12474.5
2026-01-17 15:00:00,32579.8,1452.5,11086.5
2026-01-17 16:00:00,31790.5,1398.5,7991.5
2026-01-17 17:00:00,31393.0,1367.3,3150.5
2026-01-17 18:00:00,32618.8,1424.8,179.8
2026-01-17 19:00:00,33375.5,1497.8,0.0
2026-01-17 20:00:00,34064.3,1663.0,0.0
2026-01-17 21:00:00,33761.0,1954.8,0.0
2026-01-17 22:00:00,31330.5,2187.5,0.0
2026-01-17 23:00:00,28611.8,2401.3,0.0
2026-01-18 00:00:00,25966.3,2677.5,0.0
2026-01-18 01:00:00,23869.8,2653.3,0.0
2026-01-18 02:00:00,22398.0,2668.8,0.0
2026-01-18 03:00:00,21473.0,2695.8,0.0
2026-01-18 04:00:00,21047.3,2748.0,0.0
2026-01-18 05:00:00,21063.5,2743.8,0.0
2026-01-18 06:00:00,21783.0,2706.5,0.0
2026-01-18 07:00:00,22832.5,2628.0,0.0
2026-01-18 08:00:00,24163.5,2456.3,260.8
2026-01-18 09:00:00,26465.5,2207.3,4514.5
2026-01-18 10:00:00,29081.5,2056.8,11790.3
2026-01-18 11:00:00,30109.5,2009.3,15707.8
2026-01-18 12:00:00,30408.0,1971.5,17232.3
2026-01-18 13:00:00,31119.0,1943.5,17318.0
2026-01-18 14:00:00,31401.3,1923.8,17102.5
2026-01-18 15:00:00,30537.5,1982.5,15759.8
2026-01-18 16:00:00,29786.3,2132.8,11719.0
2026-01-18 17:00:00,29475.8,2407.3,4482.8
2026-01-18 18:00:00,31077.3,2598.0,282.3
2026-01-18 19:00:00,32484.3,2755.3,0.0
2026-01-18 20:00:00,33678.0,2774.3,0.0
2026-01-18 21:00:00,33537.5,2885.3,0.0
2026-01-18 22:00:00,31448.0,2955.8,0.0
2026-01-18 23:00:00,28368.5,3054.5,0.0
2026-01-19 00:00:00,25700.8,3451.0,0.0
2026-01-19 01:00:00,23692.0,3715.5,0.0
2026-01-19 02:00:00,22548.5,4034.3,0.0
2026-01-19 03:00:00,22088.8,4529.5,0.0
2026-01-19 04:00:00,22174.8,4561.8,0.0
2026-01-19 05:00:00,23232.0,4872.0,0.0
2026-01-19 06:00:00,26830.3,5108.0,0.0
2026-01-19 07:00:00,32139.0,5404.8,0.0
2026-01-19 08:00:00,35584.8,5468.8,386.5
2026-01-19 09:00:00,36884.0,5306.8,5374.5
2026-01-19 10:00:00,37995.8,5351.5,13148.5
2026-01-19 11:00:00,37940.3,5574.3,16667.5
2026-01-19 12:00:00,37849.3,5846.5,17558.0
2026-01-19 13:00:00,38069.5,6009.3,17400.8
2026-01-19 14:00:00,37668.5,6197.3,16695.5
2026-01-19 15:00:00,37361.3,6448.0,15105.0
2026-01-19 16:00:00,36829.5,6957.5,11551.3
2026-01-19 17:00:00,36432.0,7735.8,4841.8
2026-01-19 18:00:00,37390.0,8389.0,324.8
2026-01-19 19:00:00,38551.8,8900.0,0.0
2026-01-19 20:00:00,39180.5,9463.8,0.0
2026-01-19 21:00:00,37908.5,9859.8,0.0
2026-01-19 22:00:00,34218.5,10128.3,0.0
2026-01-19 23:00:00,30670.3,10238.5,0.0
2026-01-20 00:00:00,28142.5,10402.5,0.0
2026-01-20 01:00:00,26067.0,10781.0,0.0
2026-01-20 02:00:00,24872.8,11049.8,0.0
2026-01-20 03:00:00,24320.3,11118.5,0.0
2026-01-20 04:00:00,24267.8,11382.5,0.0
2026-01-20 05:00:00,25126.5,11411.0,0.0
2026-01-20 06:00:00,28400.5,11073.5,0.0
2026-01-20 07:00:00,33485.5,10654.8,0.0
2026-01-20 08:00:00,36621.5,10083.5,487.0
2026-01-20 09:00:00,37808.0,9278.8,5415.0
2026-01-20 10:00:00,38698.8,8799.8,12914.5
2026-01-20 11:00:00,38556.8,8727.0,16779.5
2026-01-20 12:00:00,38356.0,8808.3,18036.8
2026-01-20 13:00:00,38663.5,9134.5,18328.5
2026-01-20 14:00:00,38360.5,9398.0,17872.3
2026-01-20 15:00:00,37967.3,9467.3,16363.3
2026-01-20 16:00:00,37482.3,9384.3,11987.8
2026-01-20 17:00:00,37051.0,9612.8,4639.3
2026-01-20 18:00:00,38148.8,9685.8,328.5
2026-01-20 19:00:00,39426.8,9874.0,0.0
2026-01-20 20:00:00,40034.8,10070.5,0.0
2026-01-20 21:00:00,38503.5,10267.8,0.0
2026-01-20 22:00:00,34871.0,10460.8,0.0
2026-01-20 23:00:00,31244.0,10833.5,0.0
2026-01-21 00:00:00,28257.8,10779.3,0.0
2026-01-21 01:00:00,26185.3,10904.0,0.0
2026-01-21 02:00:00,24955.3,10816.8,0.0
2026-01-21 03:00:00,24333.3,10925.3,0.0
2026-01-21 04:00:00,24264.8,11130.8,0.0
2026-01-21 05:00:00,25117.5,11435.8,0.0
2026-01-21 06:00:00,28387.5,11697.0,0.0
2026-01-21 07:00:00,33363.5,11899.0,0.0
2026-01-21 08:00:00,36572.0,12134.0,297.8
2026-01-21 09:00:00,37697.3,12485.0,2182.3
2026-01-21 10:00:00,38728.3,12945.8,4714.8
2026-01-21 11:00:00,38628.5,13550.5,6500.5
2026-01-21 12:00:00,38456.5,14018.8,7248.5
2026-01-21 13:00:00,38664.3,14540.8,7163.8
2026-01-21 14:00:00,38606.3,15142.8,6584.8
2026-01-21 15:00:00,38202.0,15417.3,5034.3
2026-01-21 16:00:00,37583.3,15685.3,2983.8
2026-01-21 17:00:00,36987.8,15997.0,1113.3
2026-01-21 18:00:00,37678.8,15925.5,100.5
2026-01-21 19:00:00,38806.0,15859.5,0.0
2026-01-21 20:00:00,39379.8,15859.0,0.0
2026-01-21 21:00:00,38109.5,15815.5,0.0
2026-01-21 22:00:00,34572.0,15595.0,0.0
2026-01-21 23:00:00,30996.0,15506.0,0.0
2026-01-22 00:00:00,27733.8,15750.5,0.0
2026-01-22 01:00:00,25759.3,16053.5,0.0
2026-01-22 02:00:00,24517.0,16234.0,0.0
2026-01-22 03:00:00,23944.8,16339.5,0.0
2026-01-22 04:00:00,23906.5,16200.8,0.0
2026-01-22 05:00:00,24739.5,15909.0,0.0
2026-01-22 06:00:00,27971.3,15649.0,0.0
2026-01-22 07:00:00,32897.5,15404.8,0.0
2026-01-22 08:00:00,35825.3,15121.3,457.0
2026-01-22 09:00:00,36769.8,14869.0,4749.3
2026-01-22 10:00:00,37693.3,14906.0,11273.0
2026-01-22 11:00:00,37698.3,15150.3,14339.3
2026-01-22 12:00:00,37580.3,15438.0,14895.8
2026-01-22 13:00:00,37707.8,15704.0,13915.8
2026-01-22 14:00:00,37444.8,15815.5,12348.3
2026-01-22 15:00:00,37020.3,15658.5,9809.8
2026-01-22 16:00:00,36549.3,15450.5,6179.8
2026-01-22 17:00:00,35980.8,15372.0,2149.8
2026-01-22 18:00:00,36778.0,15656.0,147.5
2026-01-22 19:00:00,38187.0,16152.5,0.0
2026-01-22 20:00:00,38916.5,16617.5,0.0
2026-01-22 21:00:00,37608.0,16904.8,0.0
2026-01-22 22:00:00,34036.0,16930.5,0.0
2026-01-22 23:00:00,30628.0,16868.8,0.0
2026-01-23 00:00:00,27508.8,16163.5,0.0
2026-01-23 01:00:00,25618.3,16181.8,0.0
2026-01-23 02:00:00,24363.8,16154.3,0.0
2026-01-23 03:00:00,23731.0,16095.5,0.0
2026-01-23 04:00:00,23669.8,16004.0,0.0
2026-01-23 05:00:00,24519.0,16103.8,0.0
2026-01-23 06:00:00,27715.5,16417.3,0.0
2026-01-23 07:00:00,32495.0,16823.3,0.0
2026-01-23 08:00:00,35372.8,16812.3,456.5
2026-01-23 09:00:00,36377.0,17017.3,5313.3
2026-01-23 10:00:00,37193.0,17113.0,12154.0
2026-01-23 11:00:00,37074.5,17683.8,15224.0
2026-01-23 12:00:00,37024.3,17091.5,15760.8
2026-01-23 13:00:00,37251.3,16837.8,15220.8
2026-01-23 14:00:00,36951.8,16546.0,14011.5
2026-01-23 15:00:00,36251.8,15715.8,11719.8
2026-01-23 16:00:00,35584.0,14511.3,7944.0
2026-01-23 17:00:00,35159.3,13374.3,2933.8
2026-01-23 18:00:00,36001.5,12657.3,212.3
2026-01-23 19:00:00,37050.0,12320.0,0.0
2026-01-23 20:00:00,37417.0,12030.5,0.0
2026-01-23 21:00:00,36260.5,11797.0,0.0
2026-01-23 22:00:00,33021.0,11699.8,0.0
2026-01-23 23:00:00,29978.8,11773.0,0.0
2026-01-24 00:00:00,28199.0,12865.0,0.0
2026-01-24 01:00:00,26195.3,13237.0,0.0
2026-01-24 02:00:00,24572.5,13562.8,0.0
2026-01-24 03:00:00,23573.5,14033.0,0.0
2026-01-24 04:00:00,23160.8,14615.8,0.0
2026-01-24 05:00:00,23181.3,14886.0,0.0
2026-01-24 06:00:00,24303.3,14947.3,0.0
2026-01-24 07:00:00,26017.8,15077.8,0.0
2026-01-24 08:00:00,27840.3,15562.3,339.5
2026-01-24 09:00:00,30387.3,15936.0,3679.5
2026-01-24 10:00:00,32874.5,16201.8,8734.3
2026-01-24 11:00:00,33485.3,15913.0,11764.8
2026-01-24 12:00:00,33496.3,16201.0,13379.0
2026-01-24 13:00:00,33785.5,16524.8,14006.5
2026-01-24 14:00:00,33778.3,17236.3,13885.8
2026-01-24 15:00:00,32965.8,17179.3,12633.5
2026-01-24 16:00:00,32081.8,17194.3,9676.0
2026-01-24 17:00:00,31615.3,17243.0,4089.3
2026-01-24 18:00:00,32713.8,17363.3,340.0
2026-01-24 19:00:00,33510.0,17571.0,0.0
2026-01-24 20:00:00,34126.5,17638.5,0.0
2026-01-24 21:00:00,33878.3,17644.3,0.0
2026-01-24 22:00:00,31382.3,17579.5,0.0
2026-01-24 23:00:00,28685.5,17526.0,0.0
2026-01-25 00:00:00,26017.3,17693.5,0.0
2026-01-25 01:00:00,23878.0,17569.3,0.0
2026-01-25 02:00:00,22421.8,17511.5,0.0
2026-01-25 03:00:00,21565.5,17586.0,0.0
2026-01-25 04:00:00,21137.5,17708.5,0.0
2026-01-25 05:00:00,21141.8,18171.8,0.0
2026-01-25 06:00:00,21785.8,18368.0,0.0
2026-01-25 07:00:00,22800.8,17908.0,0.0
2026-01-25 08:00:00,24071.0,18170.3,280.3
2026-01-25 09:00:00,26388.0,18119.5,2866.5
2026-01-25 10:00:00,28940.5,18244.8,6766.5
2026-01-25 11:00:00,29933.0,18615.0,9666.3
2026-01-25 12:00:00,30283.8,18689.3,11587.3
2026-01-25 13:00:00,31058.3,18668.3,12522.8
2026-01-25 14:00:00,31289.5,18848.8,12592.3
2026-01-25 15:00:00,30115.8,19044.5,11420.5
2026-01-25 16:00:00,29396.5,19047.5,8739.3
2026-01-25 17:00:00,29198.0,18701.8,3701.5
2026-01-25 18:00:00,30537.0,18804.0,332.8
2026-01-25 19:00:00,32094.3,18651.5,0.0
2026-01-25 20:00:00,33232.5,18320.5,0.0
2026-01-25 21:00:00,33173.0,18069.0,0.0
2026-01-25 22:00:00,30856.8,18110.8,0.0
2026-01-25 23:00:00,27933.3,18127.3,0.0
2026-01-26 00:00:00,25262.0,17616.3,0.0
2026-01-26 01:00:00,23371.5,17548.5,0.0
2026-01-26 02:00:00,22277.5,17420.3,0.0
2026-01-26 03:00:00,21859.0,17155.8,0.0
2026-01-26 04:00:00,21893.3,16796.5,0.0
2026-01-26 05:00:00,22917.3,16414.0,0.0
2026-01-26 06:00:00,26354.3,16051.3,0.0
2026-01-26 07:00:00,31351.5,15519.3,0.0
2026-01-26 08:00:00,34390.3,15008.5,266.8
2026-01-26 09:00:00,35491.8,14644.3,2230.3
2026-01-26 10:00:00,36378.3,14574.8,5008.0
2026-01-26 11:00:00,36533.8,14640.0,6921.8
2026-01-26 12:00:00,36679.5,14839.0,7979.0
2026-01-26 13:00:00,36832.5,15047.5,7874.8
2026-01-26 14:00:00,36521.5,15210.3,7211.0
2026-01-26 15:00:00,35895.3,15361.0,5997.8
2026-01-26 16:00:00,35511.3,15512.5,4273.8
2026-01-26 17:00:00,35205.5,15632.0,1925.0
2026-01-26 18:00:00,36110.3,15610.0,236.5
2026-01-26 19:00:00,37411.3,15743.8,0.0
2026-01-26 20:00:00,38081.5,15814.8,0.0
2026-01-26 21:00:00,36657.5,15896.0,0.0
2026-01-26 22:00:00,33057.5,16057.5,0.0
2026-01-26 23:00:00,29548.3,16272.5,0.0
2026-01-27 00:00:00,27186.0,16262.3,0.0
2026-01-27 01:00:00,25367.5,16673.5,0.0
2026-01-27 02:00:00,24208.8,16814.3,0.0
2026-01-27 03:00:00,23705.8,16719.0,0.0
2026-01-27 04:00:00,23631.5,16613.8,0.0
2026-01-27 05:00:00,24456.5,16448.8,0.0
2026-01-27 06:00:00,27635.0,16282.8,0.0
2026-01-27 07:00:00,32596.3,16014.8,0.0
2026-01-27 08:00:00,35294.5,15554.8,270.3
2026-01-27 09:00:00,36113.8,14819.0,1799.3
2026-01-27 10:00:00,36806.0,14321.3,4218.5
2026-01-27 11:00:00,36917.3,14116.8,6475.8
2026-01-27 12:00:00,36940.3,13964.5,8215.3
2026-01-27 13:00:00,37066.5,13942.0,8919.5
2026-01-27 14:00:00,36764.8,14185.8,8794.0
2026-01-27 15:00:00,36272.0,14594.3,7947.5
2026-01-27 16:00:00,35893.8,15261.5,6427.5
2026-01-27 17:00:00,35612.3,15993.3,3017.5
2026-01-27 18:00:00,36657.3,16577.3,366.0
2026-01-27 19:00:00,37902.0,16940.5,0.0
2026-01-27 20:00:00,38443.3,17247.0,0.0
2026-01-27 21:00:00,36772.3,17378.3,0.0
2026-01-27 22:00:00,33125.3,17395.8,0.0
2026-01-27 23:00:00,29672.8,17502.5,0.0
2026-01-28 00:00:00,27308.0,16327.5,0.0
2026-01-28 01:00:00,25460.3,16132.0,0.0
2026-01-28 02:00:00,24303.0,15492.5,0.0
2026-01-28 03:00:00,23806.8,14177.0,0.0
2026-01-28 04:00:00,23716.3,13201.3,0.0
2026-01-28 05:00:00,24552.8,12148.5,0.0
2026-01-28 06:00:00,27800.5,11380.8,0.0
2026-01-28 07:00:00,32648.5,11093.0,0.0
2026-01-28 08:00:00,35475.3,11380.8,200.8
2026-01-28 09:00:00,36277.3,11621.5,1567.0
2026-01-28 10:00:00,36827.0,12199.3,4182.0
2026-01-28 11:00:00,36779.5,12550.0,6910.0
2026-01-28 12:00:00,36872.5,12943.8,9221.8
2026-01-28 13:00:00,37158.0,13361.5,10455.0
2026-01-28 14:00:00,37051.8,14258.5,11170.0
2026-01-28 15:00:00,36537.3,15365.8,10727.8
2026-01-28 16:00:00,36091.3,15884.3,8529.5
2026-01-28 17:00:00,35888.5,16088.5,3774.0
2026-01-28 18:00:00,36950.0,16124.0,399.3
2026-01-28 19:00:00,38064.3,16060.3,0.0
2026-01-28 20:00:00,38541.5,16062.5,0.0
2026-01-28 21:00:00,37061.0,16424.8,0.0
2026-01-28 22:00:00,33380.8,16318.0,0.0
2026-01-28 23:00:00,29815.3,15612.0,0.0
2026-01-29 00:00:00,27148.3,15111.0,0.0
2026-01-29 01:00:00,25357.3,14804.0,0.0
2026-01-29 02:00:00,24186.5,14631.0,0.0
2026-01-29 03:00:00,23724.0,14584.3,0.0
2026-01-29 04:00:00,23697.5,14774.8,0.0
2026-01-29 05:00:00,24497.8,14964.8,0.0
2026-01-29 06:00:00,27815.0,15033.5,0.0
2026-01-29 07:00:00,32542.8,14901.8,0.0
2026-01-29 08:00:00,35234.0,14687.5,196.5
2026-01-29 09:00:00,36054.0,14439.5,1422.0
2026-01-29 10:00:00,36482.3,14362.5,3544.8
2026-01-29 11:00:00,36331.5,14602.3,5598.8
2026-01-29 12:00:00,36265.8,15051.8,6695.0
2026-01-29 13:00:00,36240.3,15521.3,7323.3
2026-01-29 14:00:00,35929.5,15934.5,7415.3
2026-01-29 15:00:00,35467.0,16276.8,6956.3
2026-01-29 16:00:00,35100.0,17212.0,5609.3
2026-01-29 17:00:00,34912.5,16749.3,2678.3
2026-01-29 18:00:00,35718.3,18074.3,364.3
2026-01-29 19:00:00,36923.8,18569.0,0.0
2026-01-29 20:00:00,37559.0,18291.5,0.0
2026-01-29 21:00:00,36104.0,19056.5,0.0
2026-01-29 22:00:00,32592.8,18980.5,0.0
2026-01-29 23:00:00,29292.8,18381.8,0.0
2026-01-30 00:00:00,27255.5,18124.0,0.0
2026-01-30 01:00:00,25462.8,17817.8,0.0
2026-01-30 02:00:00,24180.8,17307.0,0.0
2026-01-30 03:00:00,23710.0,16753.0,0.0
2026-01-30 04:00:00,23646.8,16281.3,0.0
2026-01-30 05:00:00,24427.5,15933.3,0.0
2026-01-30 06:00:00,27558.8,15754.3,0.0
2026-01-30 07:00:00,32261.8,15723.8,0.0
2026-01-30 08:00:00,34553.5,16163.5,540.5
2026-01-30 09:00:00,35308.3,16105.0,3964.0
2026-01-30 10:00:00,36095.5,16201.0,8506.3
2026-01-30 11:00:00,36145.5,16447.0,11017.3
2026-01-30 12:00:00,36037.3,16660.5,12029.8
2026-01-30 13:00:00,36109.5,16736.8,11784.8
2026-01-30 14:00:00,35698.5,16607.0,10855.5
2026-01-30 15:00:00,34754.5,16334.3,9234.0
2026-01-30 16:00:00,34294.5,16754.3,6742.8
2026-01-30 17:00:00,34097.8,16767.8,3128.0
2026-01-30 18:00:00,34878.3,16545.0,433.8
2026-01-30 19:00:00,35979.5,16710.3,0.0
2026-01-30 20:00:00,36392.3,17050.3,0.0
2026-01-30 21:00:00,35209.0,17601.5,0.0
2026-01-30 22:00:00,31837.0,18133.5,0.0
2026-01-30 23:00:00,28974.5,18926.3,0.0
2026-01-31 00:00:00,26976.3,18475.5,0.0
2026-01-31 01:00:00,25029.3,18630.0,0.0
2026-01-31 02:00:00,23614.3,18624.0,0.0
2026-01-31 03:00:00,22807.0,18604.0,0.0
2026-01-31 04:00:00,22378.0,18517.0,0.0
2026-01-31 05:00:00,22364.3,18413.3,0.0
2026-01-31 06:00:00,23372.8,18273.8,0.0
2026-01-31 07:00:00,24990.0,18078.8,0.0
2026-01-31 08:00:00,26610.8,17758.3,852.0
2026-01-31 09:00:00,29041.8,17815.3,6633.8
2026-01-31 10:00:00,31033.0,17541.3,13937.3
2026-01-31 11:00:00,31555.8,17430.8,16823.3
2026-01-31 12:00:00,31680.3,17406.0,17305.3
2026-01-31 13:00:00,32028.5,17448.5,16988.8
2026-01-31 14:00:00,31858.5,17353.0,16169.8
2026-01-31 15:00:00,30636.5,17100.5,14758.0
2026-01-31 16:00:00,29702.5,16539.3,11365.3
2026-01-31 17:00:00,29377.5,16010.3,5403.8
2026-01-31 18:00:00,30422.0,15653.5,835.0
2026-01-31 19:00:00,31457.3,15478.8,0.0
2026-01-31 20:00:00,32180.8,15023.3,0.0
2026-01-31 21:00:00,32029.3,14356.0,0.0
2026-01-31 22:00:00,29589.5,13655.3,0.0
2026-01-31 23:00:00,27059.5,12992.8,0.0
2026-02-01 00:00:00,24936.3,12655.3,0.0
2026-02-01 01:00:00,22993.0,12072.0,0.0
2026-02-01 02:00:00,21640.0,11449.5,0.0
2026-02-01 03:00:00,20875.3,10963.8,0.0
2026-02-01 04:00:00,20427.3,10627.5,0.0
2026-02-01 05:00:00,20423.0,10292.5,0.0
2026-02-01 06:00:00,21115.5,10032.3,0.0
2026-02-01 07:00:00,22104.8,9661.5,0.0
2026-02-01 08:00:00,23033.5,9240.8,322.8
2026-02-01 09:00:00,25337.8,8644.0,2156.5
2026-02-01 10:00:00,27450.3,8154.5,4665.8
2026-02-01 11:00:00,28547.3,8075.8,6802.0
2026-02-01 12:00:00,29027.8,8145.8,8455.0
2026-02-01 13:00:00,29847.3,8223.3,9080.5
2026-02-01 14:00:00,29992.3,8121.3,8927.3
2026-02-01 15:00:00,28776.3,8062.8,7850.8
2026-02-01 16:00:00,28011.5,8009.0,5865.0
2026-02-01 17:00:00,27805.8,8110.5,2578.8
2026-02-01 18:00:00,29049.5,8443.8,348.8
2026-02-01 19:00:00,30659.3,8873.3,0.0
2026-02-01 20:00:00,31886.3,9310.0,0.0
2026-02-01 21:00:00,31795.3,9863.0,0.0
2026-02-01 22:00:00,29722.0,10374.3,0.0
2026-02-01 23:00:00,26843.5,10896.3,0.0
2026-02-02 00:00:00,24791.0,11590.0,0.0
2026-02-02 01:00:00,23085.5,12200.3,0.0
2026-02-02 02:00:00,22018.3,12883.0,0.0
2026-02-02 03:00:00,21624.5,13517.8,0.0
2026-02-02 04:00:00,21704.5,14073.5,0.0
2026-02-02 05:00:00,22706.8,14388.0,0.0
2026-02-02 06:00:00,26146.5,14612.5,0.0
2026-02-02 07:00:00,31195.8,14934.0,0.0
2026-02-02 08:00:00,34121.3,15156.8,435.8
2026-02-02 09:00:00,35241.5,15329.0,2764.8
2026-02-02 10:00:00,35901.8,15395.3,6040.3
2026-02-02 11:00:00,35925.0,15790.8,8498.8
2026-02-02 12:00:00,35928.8,16362.3,10099.8
2026-02-02 13:00:00,36016.3,16679.0,10907.3
2026-02-02 14:00:00,35697.8,16682.0,11100.8
2026-02-02 15:00:00,35074.8,16570.8,10578.3
2026-02-02 16:00:00,34764.3,16418.5,8498.3
2026-02-02 17:00:00,34549.5,16236.8,4289.5
2026-02-02 18:00:00,35143.0,16031.0,699.0
2026-02-02 19:00:00,36794.3,15831.5,0.0
2026-02-02 20:00:00,37674.3,15717.8,0.0
2026-02-02 21:00:00,36055.8,15630.3,0.0
2026-02-02 22:00:00,32609.3,15477.3,0.0
2026-02-02 23:00:00,29201.3,15284.0,0.0
2026-02-03 00:00:00,26912.8,15154.8,0.0
2026-02-03 01:00:00,25031.8,14326.8,0.0
2026-02-03 02:00:00,23832.3,13461.8,0.0
2026-02-03 03:00:00,23387.3,12614.5,0.0
2026-02-03 04:00:00,23335.0,11656.0,0.0
2026-02-03 05:00:00,24170.0,11081.3,0.0
2026-02-03 06:00:00,27415.5,10547.5,0.0
2026-02-03 07:00:00,32222.3,10207.3,0.0
2026-02-03 08:00:00,34863.8,10070.3,490.0
2026-02-03 09:00:00,36051.0,10166.3,3604.3
2026-02-03 10:00:00,36574.0,10472.3,7810.5
2026-02-03 11:00:00,36731.5,10756.5,10425.0
2026-02-03 12:00:00,36715.8,10961.5,11854.5
2026-02-03 13:00:00,36783.0,10995.5,12347.8
2026-02-03 14:00:00,36216.0,11054.3,11931.5
2026-02-03 15:00:00,35506.8,10501.3,10623.3
2026-02-03 16:00:00,35113.5,10205.8,8209.5
2026-02-03 17:00:00,34977.3,10333.5,3843.5
2026-02-03 18:00:00,35764.3,10783.8,491.3
2026-02-03 19:00:00,37490.0,11261.3,0.0
2026-02-03 20:00:00,38336.5,11498.8,0.0
2026-02-03 21:00:00,36711.8,11601.8,0.0
2026-02-03 22:00:00,33243.0,11498.3,0.0
2026-02-03 23:00:00,29674.5,11237.3,0.0
2026-02-04 00:00:00,27509.0,11830.8,0.0
2026-02-04 01:00:00,25589.3,11692.0,0.0
2026-02-04 02:00:00,24391.5,12023.0,0.0
2026-02-04 03:00:00,23969.5,12681.0,0.0
2026-02-04 04:00:00,23913.5,13407.3,0.0
2026-02-04 05:00:00,24740.8,13943.8,0.0
2026-02-04 06:00:00,28183.0,14098.0,0.0
2026-02-04 07:00:00,33197.0,14196.3,0.0
2026-02-04 08:00:00,35801.0,14308.3,279.5
2026-02-04 09:00:00,36671.0,14487.3,1636.5
2026-02-04 10:00:00,37216.8,14679.8,3710.5
2026-02-04 11:00:00,37499.0,14943.8,5563.0
2026-02-04 12:00:00,37511.8,15194.3,7020.5
2026-02-04 13:00:00,37611.0,15249.3,7174.0
2026-02-04 14:00:00,37172.3,15178.5,6843.3
2026-02-04 15:00:00,36418.0,14512.8,5741.5
2026-02-04 16:00:00,35915.8,14154.8,3941.8
2026-02-04 17:00:00,35652.5,13948.8,1762.3
2026-02-04 18:00:00,36276.8,13698.0,351.8
2026-02-04 19:00:00,37638.8,13551.8,0.0
2026-02-04 20:00:00,38521.0,13208.3,0.0
2026-02-04 21:00:00,37172.8,12959.5,0.0
2026-02-04 22:00:00,33477.3,12826.3,0.0
2026-02-04 23:00:00,29968.3,12873.8,0.0
2026-02-05 00:00:00,27473.8,12507.3,0.0
2026-02-05 01:00:00,25572.5,12686.8,0.0
2026-02-05 02:00:00,24318.0,13045.0,0.0
2026-02-05 03:00:00,23822.3,13653.5,0.0
2026-02-05 04:00:00,23762.0,14431.3,0.0
2026-02-05 05:00:00,24446.0,15077.5,0.0
2026-02-05 06:00:00,27557.0,15569.0,0.0
2026-02-05 07:00:00,31985.8,16137.8,0.0
2026-02-05 08:00:00,34404.3,16597.8,338.3
2026-02-05 09:00:00,35435.0,16836.5,2139.5
2026-02-05 10:00:00,35792.0,16886.3,4748.8
2026-02-05 11:00:00,35677.3,16922.0,7352.5
2026-02-05 12:00:00,35623.3,16965.3,9684.5
2026-02-05 13:00:00,35570.5,17182.8,11453.0
2026-02-05 14:00:00,35087.8,17545.8,12543.0
2026-02-05 15:00:00,34436.8,17895.3,12462.0
2026-02-05 16:00:00,34008.3,18184.3,10875.0
2026-02-05 17:00:00,33761.5,18163.8,5811.5
2026-02-05 18:00:00,34612.3,18095.8,1000.8
2026-02-05 19:00:00,36156.3,18048.5,0.0
2026-02-05 20:00:00,37092.0,18059.0,0.0
2026-02-05 21:00:00,35911.3,18043.3,0.0
2026-02-05 22:00:00,32619.3,17925.0,0.0
2026-02-05 23:00:00,29278.5,17909.3,0.0
2026-02-06 00:00:00,26949.0,17638.8,0.0
2026-02-06 01:00:00,25231.0,17431.5,0.0
2026-02-06 02:00:00,24105.5,17156.5,0.0
2026-02-06 03:00:00,23678.8,16924.5,0.0
2026-02-06 04:00:00,23600.8,16562.0,0.0
2026-02-06 05:00:00,24308.8,16067.3,0.0
2026-02-06 06:00:00,27409.8,15530.8,0.0
2026-02-06 07:00:00,31818.3,14847.8,0.0
2026-02-06 08:00:00,34099.5,14064.0,839.8
2026-02-06 09:00:00,35055.5,13651.8,4998.0
2026-02-06 10:00:00,35486.0,13423.5,9782.8
2026-02-06 11:00:00,35287.5,13246.0,12244.0
2026-02-06 12:00:00,35166.3,13107.8,13512.3
2026-02-06 13:00:00,35101.3,13021.5,13535.5
2026-02-06 14:00:00,34678.8,13061.8,12882.5
2026-02-06 15:00:00,33894.3,13195.8,11768.5
2026-02-06 16:00:00,33458.8,13589.5,9497.0
2026-02-06 17:00:00,33281.8,14001.3,5087.0
2026-02-06 18:00:00,34018.0,14454.5,899.8
2026-02-06 19:00:00,35298.8,14941.8,0.0
2026-02-06 20:00:00,35908.0,15461.8,0.0
2026-02-06 21:00:00,34816.3,15947.0,0.0
2026-02-06 22:00:00,31584.5,16347.8,0.0
2026-02-06 23:00:00,28802.8,16658.3,0.0
2026-02-07 00:00:00,26824.5,16097.5,0.0
2026-02-07 01:00:00,24922.8,16224.0,0.0
2026-02-07 02:00:00,23547.8,16303.5,0.0
2026-02-07 03:00:00,22803.3,16334.3,0.0
2026-02-07 04:00:00,22381.0,16282.8,0.0
2026-02-07 05:00:00,22363.5,16131.8,0.0
2026-02-07 06:00:00,23253.5,15773.5,0.0
2026-02-07 07:00:00,24777.8,15337.0,0.0
2026-02-07 08:00:00,26413.0,14881.0,803.3
2026-02-07 09:00:00,28948.3,14509.0,4012.5
2026-02-07 10:00:00,30867.0,13984.8,7219.0
2026-02-07 11:00:00,31391.0,13032.8,8720.8
2026-02-07 12:00:00,31499.5,11852.5,9086.8
2026-02-07 13:00:00,31823.8,10689.5,8551.3
2026-02-07 14:00:00,31728.8,10166.3,7466.3
2026-02-07 15:00:00,30400.8,10266.3,5969.0
2026-02-07 16:00:00,29658.3,10978.0,4105.5
2026-02-07 17:00:00,29490.0,11861.0,2048.8
2026-02-07 18:00:00,30142.0,12364.8,423.3
2026-02-07 19:00:00,31346.8,12657.0,0.0
2026-02-07 20:00:00,32142.5,12790.3,0.0
2026-02-07 21:00:00,31940.5,12760.8,0.0
2026-02-07 22:00:00,29707.0,12393.0,0.0
2026-02-07 23:00:00,27314.5,11963.3,0.0
2026-02-08 00:00:00,24975.5,12543.8,0.0
2026-02-08 01:00:00,23066.5,12012.0,0.0
2026-02-08 02:00:00,21757.3,11429.8,0.0
2026-02-08 03:00:00,20995.3,10970.3,0.0
2026-02-08 04:00:00,20574.3,10748.0,0.0
2026-02-08 05:00:00,20519.5,10610.8,0.0
2026-02-08 06:00:00,21237.8,10771.5,0.0
2026-02-08 07:00:00,22239.8,11348.8,0.0
2026-02-08 08:00:00,23251.0,12090.8,915.0
2026-02-08 09:00:00,25490.5,12826.0,5647.0
2026-02-08 10:00:00,27684.0,13454.0,11518.8
2026-02-08 11:00:00,28734.3,14298.0,14746.0
2026-02-08 12:00:00,29069.0,14899.3,16039.0
2026-02-08 13:00:00,29783.5,15353.8,15968.5
2026-02-08 14:00:00,29835.5,15627.8,15039.8
2026-02-08 15:00:00,28679.5,15788.0,13370.3
2026-02-08 16:00:00,27942.8,15632.0,10240.5
2026-02-08 17:00:00,27666.8,15010.0,5073.0
2026-02-08 18:00:00,28978.3,14454.5,864.0
2026-02-08 19:00:00,30884.3,14036.5,0.0
2026-02-08 20:00:00,32181.0,13654.0,0.0
2026-02-08 21:00:00,32064.0,13353.5,0.0
2026-02-08 22:00:00,30054.5,13181.3,0.0
2026-02-08 23:00:00,27124.5,12948.3,0.0
2026-02-09 00:00:00,24855.3,12734.0,0.0
2026-02-09 01:00:00,23178.3,12442.3,0.0
2026-02-09 02:00:00,22190.8,12053.8,0.0
2026-02-09 03:00:00,21798.0,11752.0,0.0
2026-02-09 04:00:00,21862.8,11497.3,0.0
2026-02-09 05:00:00,22838.0,11256.8,0.0
2026-02-09 06:00:00,26312.0,11181.0,0.0
2026-02-09 07:00:00,31040.3,11173.0,0.0
2026-02-09 08:00:00,33722.3,11147.8,500.8
2026-02-09 09:00:00,35009.0,11115.3,3151.3
2026-02-09 10:00:00,35684.5,11323.0,6811.3
2026-02-09 11:00:00,35741.5,11808.3,9826.5
2026-02-09 12:00:00,35690.5,12349.3,11759.5
2026-02-09 13:00:00,35879.3,12895.3,12284.8
2026-02-09 14:00:00,35565.0,13401.0,11711.3
2026-02-09 15:00:00,34893.8,13780.0,10355.0
2026-02-09 16:00:00,34371.0,14036.0,7847.8
2026-02-09 17:00:00,34081.5,14214.5,3735.8
2026-02-09 18:00:00,34750.3,14427.0,583.8
2026-02-09 19:00:00,36188.8,14737.5,0.0
2026-02-09 20:00:00,37087.0,14988.0,0.0
2026-02-09 21:00:00,35802.0,15234.8,0.0
2026-02-09 22:00:00,32158.3,15544.0,0.0
2026-02-09 23:00:00,28869.8,15816.8,0.0
2026-02-10 00:00:00,26686.5,15936.0,0.0
2026-02-10 01:00:00,25074.0,16002.8,0.0
2026-02-10 02:00:00,23949.0,16060.0,0.0
2026-02-10 03:00:00,23524.0,16209.3,0.0
2026-02-10 04:00:00,23500.3,16397.8,0.0
2026-02-10 05:00:00,24251.5,16475.3,0.0
2026-02-10 06:00:00,27455.5,16678.5,0.0
2026-02-10 07:00:00,32036.3,16801.0,0.0
2026-02-10 08:00:00,34208.0,16985.3,458.5
2026-02-10 09:00:00,34938.0,16763.0,2348.5
2026-02-10 10:00:00,35315.8,17056.8,4676.3
2026-02-10 11:00:00,35235.0,17036.8,6464.3
2026-02-10 12:00:00,35106.3,17387.5,7607.3
2026-02-10 13:00:00,35001.8,17576.5,7916.0
2026-02-10 14:00:00,34629.5,17798.8,7661.0
2026-02-10 15:00:00,34043.3,17812.5,6520.0
2026-02-10 16:00:00,33687.3,18003.8,4582.3
2026-02-10 17:00:00,33428.0,18109.3,2257.3
2026-02-10 18:00:00,34117.8,18218.8,474.3
2026-02-10 19:00:00,35531.8,18038.8,0.0
2026-02-10 20:00:00,36391.3,18009.3,0.0
2026-02-10 21:00:00,35142.0,18151.8,0.0
2026-02-10 22:00:00,31677.3,18061.5,0.0
2026-02-10 23:00:00,28601.5,18058.3,0.0
2026-02-11 00:00:00,26185.5,18170.5,0.0
2026-02-11 01:00:00,24654.0,17999.5,0.0
2026-02-11 02:00:00,23576.8,17842.3,0.0
2026-02-11 03:00:00,23175.0,17669.5,0.0
2026-02-11 04:00:00,23102.8,17501.3,0.0
2026-02-11 05:00:00,23774.8,17323.0,0.0
2026-02-11 06:00:00,26818.0,17083.8,0.0
2026-02-11 07:00:00,30927.8,16939.3,0.0
2026-02-11 08:00:00,33043.8,16883.3,713.5
2026-02-11 09:00:00,33970.3,16831.5,3018.3
2026-02-11 10:00:00,34527.0,16772.5,5567.8
2026-02-11 11:00:00,34384.0,16770.0,7174.3
2026-02-11 12:00:00,34338.3,16792.0,8038.0
2026-02-11 13:00:00,34467.0,16647.0,8185.0
2026-02-11 14:00:00,34221.5,16481.5,7765.5
2026-02-11 15:00:00,33559.0,16386.3,6554.8
2026-02-11 16:00:00,33110.8,16423.3,4677.8
2026-02-11 17:00:00,32888.8,16540.8,2488.0
2026-02-11 18:00:00,33511.0,16757.3,536.3
2026-02-11 19:00:00,34879.0,17137.0,0.0
2026-02-11 20:00:00,35755.3,17551.5,0.0
2026-02-11 21:00:00,34469.0,17877.0,0.0
2026-02-11 22:00:00,31013.3,18140.8,0.0
2026-02-11 23:00:00,28067.3,18300.8,0.0
2026-02-12 00:00:00,25494.0,18549.3,0.0
2026-02-12 01:00:00,23958.5,18621.0,0.0
2026-02-12 02:00:00,22970.0,18618.5,0.0
2026-02-12 03:00:00,22598.0,18641.8,0.0
2026-02-12 04:00:00,22539.5,18652.3,0.0
2026-02-12 05:00:00,23224.3,18603.0,0.0
2026-02-12 06:00:00,26107.8,18617.8,0.0
2026-02-12 07:00:00,30190.8,18584.3,0.0
2026-02-12 08:00:00,32219.8,18404.3,1618.8
2026-02-12 09:00:00,33046.0,18281.0,8892.3
2026-02-12 10:00:00,33362.5,18142.0,16035.8
2026-02-12 11:00:00,33206.0,18019.3,19355.0
2026-02-12 12:00:00,33191.0,17950.8,20909.5
2026-02-12 13:00:00,33312.8,18010.3,21198.8
2026-02-12 14:00:00,33029.0,17991.5,20498.3
2026-02-12 15:00:00,32288.8,17702.0,18764.8
2026-02-12 16:00:00,31826.5,16972.3,15130.5
2026-02-12 17:00:00,31479.3,16346.3,8216.5
2026-02-12 18:00:00,32227.0,15848.3,1597.0
2026-02-12 19:00:00,33799.5,15497.5,0.0
2026-02-12 20:00:00,34989.3,15063.0,0.0
2026-02-12 21:00:00,33810.3,14588.3,0.0
2026-02-12 22:00:00,30309.5,13952.5,0.0
2026-02-12 23:00:00,27492.0,13237.5,0.0
2026-02-13 00:00:00,25452.0,13259.5,0.0
2026-02-13 01:00:00,23908.0,12771.5,0.0
2026-02-13 02:00:00,22888.8,12364.5,0.0
2026-02-13 03:00:00,22482.8,12020.8,0.0
2026-02-13 04:00:00,22385.5,11922.8,0.0
2026-02-13 05:00:00,23173.3,12090.8,0.0
2026-02-13 06:00:00,26063.0,12500.0,0.0
2026-02-13 07:00:00,30225.0,12978.8,0.0
2026-02-13 08:00:00,32339.8,13527.3,635.3
2026-02-13 09:00:00,33235.8,13847.5,3667.5
2026-02-13 10:00:00,33794.5,14052.8,7363.3
2026-02-13 11:00:00,33820.5,14189.3,10033.3
2026-02-13 12:00:00,33815.5,14425.5,11615.0
2026-02-13 13:00:00,34019.5,14960.3,12435.0
2026-02-13 14:00:00,33793.8,15737.5,12100.5
2026-02-13 15:00:00,32997.8,16562.0,10992.0
2026-02-13 16:00:00,32494.3,17560.8,8960.8
2026-02-13 17:00:00,32121.0,18300.8,5103.5
2026-02-13 18:00:00,32535.3,18662.8,1068.3
2026-02-13 19:00:00,33709.3,18679.3,0.0
2026-02-13 20:00:00,34453.8,18627.3,0.0
2026-02-13 21:00:00,33421.8,18586.8,0.0
2026-02-13 22:00:00,30193.8,18573.3,0.0
2026-02-13 23:00:00,27528.3,18493.5,0.0
2026-02-14 00:00:00,26166.0,18637.0,0.0
2026-02-14 01:00:00,24413.3,18623.3,0.0
2026-02-14 02:00:00,23108.5,18667.0,0.0
2026-02-14 03:00:00,22370.8,18640.8,0.0
2026-02-14 04:00:00,21934.8,18548.3,0.0
2026-02-14 05:00:00,21860.5,18419.5,0.0
2026-02-14 06:00:00,22652.0,18162.0,0.0
2026-02-14 07:00:00,24123.3,17806.3,10.5
2026-02-14 08:00:00,25520.8,17397.5,1883.3
2026-02-14 09:00:00,27857.0,16917.5,9494.0
2026-02-14 10:00:00,29499.8,16645.3,16603.3
2026-02-14 11:00:00,29835.8,16747.8,19275.3
2026-02-14 12:00:00,29930.8,16450.0,20207.8
2026-02-14 13:00:00,30323.0,16418.3,20265.0
2026-02-14 14:00:00,30299.5,16326.5,19693.8
2026-02-14 15:00:00,29174.0,16189.0,18608.0
2026-02-14 16:00:00,28416.8,15891.5,16033.5
2026-02-14 17:00:00,28028.5,15560.8,9718.3
2026-02-14 18:00:00,28570.8,15192.3,2212.5
2026-02-14 19:00:00,29872.3,14875.3,0.0
2026-02-14 20:00:00,30962.3,14656.3,0.0
2026-02-14 21:00:00,30705.5,14474.3,0.0
2026-02-14 22:00:00,28519.0,14610.0,0.0
2026-02-14 23:00:00,26232.5,14776.8,0.0
2026-02-15 00:00:00,24420.8,14534.0,0.0
2026-02-15 01:00:00,22639.0,14649.0,0.0
2026-02-15 02:00:00,21404.5,14797.5,0.0
2026-02-15 03:00:00,20710.5,14952.5,0.0
2026-02-15 04:00:00,20313.0,14979.5,0.0
2026-02-15 05:00:00,20336.8,14886.0,0.0
2026-02-15 06:00:00,21012.8,14697.5,0.0
2026-02-15 07:00:00,22085.3,14537.0,10.0
2026-02-15 08:00:00,23027.0,14232.0,1956.8
2026-02-15 09:00:00,25070.3,13937.5,10344.8
2026-02-15 10:00:00,26839.0,13956.8,17675.5
2026-02-15 11:00:00,27631.3,14188.0,20048.3
2026-02-15 12:00:00,27838.0,14537.8,21121.8
2026-02-15 13:00:00,28407.5,14973.8,21350.8
2026-02-15 14:00:00,28512.3,15429.5,20972.5
2026-02-15 15:00:00,27367.3,15787.3,19398.5
2026-02-15 16:00:00,26704.8,15974.5,16149.3
2026-02-15 17:00:00,26399.5,16138.5,9282.3
2026-02-15 18:00:00,27385.5,16210.0,1773.0
2026-02-15 19:00:00,29363.3,16329.8,0.0
2026-02-15 20:00:00,31010.5,16434.5,0.0
2026-02-15 21:00:00,31007.3,16506.3,0.0
2026-02-15 22:00:00,28914.8,16483.5,0.0
2026-02-15 23:00:00,26289.5,16440.5,0.0
2026-02-16 00:00:00,24392.0,16989.8,0.0
2026-02-16 01:00:00,22806.8,17029.3,0.0
2026-02-16 02:00:00,21801.5,17099.8,0.0
2026-02-16 03:00:00,21391.8,17197.0,0.0
2026-02-16 04:00:00,21450.0,17285.0,0.0
2026-02-16 05:00:00,22380.8,17336.0,0.0
2026-02-16 06:00:00,25742.5,17338.8,0.0
2026-02-16 07:00:00,30099.3,17217.5,4.5
2026-02-16 08:00:00,32539.5,17083.0,1101.3
2026-02-16 09:00:00,33863.3,17040.8,5493.8
2026-02-16 10:00:00,34325.8,17040.5,10330.8
2026-02-16 11:00:00,34282.8,17022.3,13355.0
2026-02-16 12:00:00,34118.3,17100.5,14860.5
2026-02-16 13:00:00,34328.0,17103.0,15179.3
2026-02-16 14:00:00,33972.3,17088.3,14775.5
2026-02-16 15:00:00,33283.5,17080.3,13486.8
2026-02-16 16:00:00,32986.5,16921.8,10823.0
2026-02-16 17:00:00,32727.8,16668.5,6070.3
2026-02-16 18:00:00,33084.8,16458.3,1304.5
2026-02-16 19:00:00,34631.0,16404.3,0.0
2026-02-16 20:00:00,35684.5,16344.8,0.0
2026-02-16 21:00:00,34596.8,16284.3,0.0
2026-02-16 22:00:00,31099.8,16332.3,0.0
2026-02-16 23:00:00,28003.8,16350.5,0.0
2026-02-17 00:00:00,25577.0,15696.3,0.0
2026-02-17 01:00:00,23989.0,15642.0,0.0
2026-02-17 02:00:00,22929.3,15441.5,0.0
2026-02-17 03:00:00,22507.0,15079.0,0.0
2026-02-17 04:00:00,22481.5,14697.8,0.0
2026-02-17 05:00:00,23190.5,14277.5,0.0
2026-02-17 06:00:00,26255.8,13803.0,0.0
2026-02-17 07:00:00,30292.8,13220.5,6.8
2026-02-17 08:00:00,32357.0,12591.5,1477.0
2026-02-17 09:00:00,33593.5,12216.3,6778.8
2026-02-17 10:00:00,33829.3,11753.3,12585.5
2026-02-17 11:00:00,33687.5,11428.3,16104.8
2026-02-17 12:00:00,33596.0,11215.0,18499.8
2026-02-17 13:00:00,33581.8,10933.8,19885.8
2026-02-17 14:00:00,33200.5,10419.3,20302.5
2026-02-17 15:00:00,32520.5,9597.0,19680.3
2026-02-17 16:00:00,32207.5,9172.8,17175.0
2026-02-17 17:00:00,31871.5,9093.0,10304.0
2026-02-17 18:00:00,32292.0,9120.8,2224.3
2026-02-17 19:00:00,34010.5,9398.0,0.0
2026-02-17 20:00:00,35244.5,9703.8,0.0
2026-02-17 21:00:00,34178.0,9894.3,0.0
2026-02-17 22:00:00,30801.5,10012.0,0.0
2026-02-17 23:00:00,27721.0,10116.8,0.0
2026-02-18 00:00:00,25578.8,9011.5,0.0
2026-02-18 01:00:00,23935.8,9047.3,0.0
2026-02-18 02:00:00,22929.5,9296.3,0.0
2026-02-18 03:00:00,22517.8,9346.0,0.0
2026-02-18 04:00:00,22490.0,9587.5,0.0
2026-02-18 05:00:00,23249.5,10034.5,0.0
2026-02-18 06:00:00,26385.8,10188.0,0.0
2026-02-18 07:00:00,30364.8,10244.0,6.0
2026-02-18 08:00:00,32384.0,10584.3,1643.5
2026-02-18 09:00:00,33481.5,11109.8,6983.5
2026-02-18 10:00:00,33690.8,11960.8,12469.0
2026-02-18 11:00:00,33630.0,12807.5,15770.0
2026-02-18 12:00:00,33512.5,13774.5,17732.0
2026-02-18 13:00:00,33596.8,14816.8,18391.5
2026-02-18 14:00:00,33312.0,15655.0,17909.5
2026-02-18 15:00:00,32700.8,16017.5,16319.0
2026-02-18 16:00:00,32389.0,16145.0,13224.3
2026-02-18 17:00:00,32346.0,16435.3,7449.5
2026-02-18 18:00:00,32833.3,16912.5,1644.3
2026-02-18 19:00:00,34207.8,17421.0,0.0
2026-02-18 20:00:00,35383.3,17769.5,0.0
2026-02-18 21:00:00,34345.0,17964.5,0.0
2026-02-18 22:00:00,30875.5,18042.5,0.0
2026-02-18 23:00:00,27773.8,17991.8,0.0
2026-02-19 00:00:00,26091.3,18661.5,0.0
2026-02-19 01:00:00,24456.0,18392.5,0.0
2026-02-19 02:00:00,23328.5,18165.0,0.0
2026-02-19 03:00:00,22901.8,18080.3,0.0
2026-02-19 04:00:00,22864.8,17763.8,0.0
2026-02-19 05:00:00,23609.3,17426.0,0.0
2026-02-19 06:00:00,26668.8,17017.8,0.0
2026-02-19 07:00:00,30693.3,16459.3,12.5
2026-02-19 08:00:00,32772.8,16049.3,2875.0
2026-02-19 09:00:00,33854.3,15697.8,12476.8
2026-02-19 10:00:00,34245.3,15373.5,19662.8
2026-02-19 11:00:00,34168.3,15226.5,22035.3
2026-02-19 12:00:00,34070.8,15348.5,23058.8
2026-02-19 13:00:00,34099.3,15228.3,22942.0
2026-02-19 14:00:00,33813.0,15002.8,22483.3
2026-02-19 15:00:00,33193.3,14699.5,21139.8
2026-02-19 16:00:00,32929.8,14127.0,18101.5
2026-02-19 17:00:00,32853.0,13451.3,11103.3
2026-02-19 18:00:00,33174.0,12929.5,2524.3
2026-02-19 19:00:00,34772.0,12416.8,0.0
2026-02-19 20:00:00,35959.5,11953.8,0.0
2026-02-19 21:00:00,34878.8,11528.8,0.0
2026-02-19 22:00:00,31567.5,11218.5,0.0
2026-02-19 23:00:00,28382.3,10937.8,0.0
2026-02-20 00:00:00,26026.3,10658.0,0.0
2026-02-20 01:00:00,24371.5,10463.0,0.0
2026-02-20 02:00:00,23267.3,10338.0,0.0
2026-02-20 03:00:00,22846.8,10224.0,0.0
2026-02-20 04:00:00,22799.5,10074.3,0.0
2026-02-20 05:00:00,23495.0,9947.8,0.0
2026-02-20 06:00:00,26582.8,9809.3,0.0
2026-02-20 07:00:00,31004.8,9591.8,23.5
2026-02-20 08:00:00,33161.3,9083.5,3059.0
2026-02-20 09:00:00,34027.8,8467.5,13363.8
2026-02-20 10:00:00,34206.0,7884.0,21319.3
2026-02-20 11:00:00,34007.8,7339.5,23928.8
2026-02-20 12:00:00,33556.5,6935.5,25129.5
2026-02-20 13:00:00,33476.3,6357.8,25513.3
2026-02-20 14:00:00,32988.5,6184.0,25270.5
2026-02-20 15:00:00,32233.5,5927.0,23873.3
2026-02-20 16:00:00,31896.0,5811.0,20652.0
2026-02-20 17:00:00,31840.8,5788.3,12954.3
2026-02-20 18:00:00,32137.3,5949.8,3188.5
2026-02-20 19:00:00,33610.0,5963.3,0.0
2026-02-20 20:00:00,34769.0,5801.5,0.0
2026-02-20 21:00:00,33848.0,5563.3,0.0
2026-02-20 22:00:00,30907.3,5215.0,0.0
2026-02-20 23:00:00,27876.5,4819.0,0.0
2026-02-21 00:00:00,26454.8,5765.5,0.0
2026-02-21 01:00:00,24602.0,5255.3,0.0
2026-02-21 02:00:00,23272.0,4786.8,0.0
2026-02-21 03:00:00,22553.8,4299.5,0.0
2026-02-21 04:00:00,22194.8,3844.5,0.0
2026-02-21 05:00:00,22120.8,3452.3,0.0
2026-02-21 06:00:00,23062.5,3027.0,0.0
2026-02-21 07:00:00,24595.0,2615.8,23.8
2026-02-21 08:00:00,26095.8,2228.5,3762.8
2026-02-21 09:00:00,28399.5,1893.5,14702.8
2026-02-21 10:00:00,29845.8,1747.5,22801.8
2026-02-21 11:00:00,29737.5,1716.5,25656.8
2026-02-21 12:00:00,29181.0,1682.5,26808.8
2026-02-21 13:00:00,29302.5,1629.5,27056.0
2026-02-21 14:00:00,29034.8,1507.8,26684.8
2026-02-21 15:00:00,27980.8,1527.3,25328.3
2026-02-21 16:00:00,27637.8,1524.0,22027.3
2026-02-21 17:00:00,27289.0,1563.8,14043.8
2026-02-21 18:00:00,27636.3,1634.0,3672.0
2026-02-21 19:00:00,29202.0,1688.0,0.0
2026-02-21 20:00:00,30391.0,1760.8,0.0
2026-02-21 21:00:00,30504.0,1835.0,0.0
2026-02-21 22:00:00,28403.5,1921.8,0.0
2026-02-21 23:00:00,26254.5,2005.5,0.0
2026-02-22 00:00:00,24513.3,2059.8,0.0
2026-02-22 01:00:00,22808.8,2161.3,0.0
2026-02-22 02:00:00,21590.0,2218.5,0.0
2026-02-22 03:00:00,20932.8,2195.8,0.0
2026-02-22 04:00:00,20578.5,2145.5,0.0
2026-02-22 05:00:00,20651.5,2162.3,0.0
2026-02-22 06:00:00,21315.8,2162.0,0.0
2026-02-22 07:00:00,22115.8,2124.0,33.5
2026-02-22 08:00:00,23042.0,2031.8,3766.8
2026-02-22 09:00:00,25145.3,1763.3,14401.3
2026-02-22 10:00:00,26730.3,1527.5,22109.5
2026-02-22 11:00:00,27045.0,1407.3,24726.8
2026-02-22 12:00:00,26837.3,1324.3,25869.5
2026-02-22 13:00:00,27192.5,1287.3,26149.8
2026-02-22 14:00:00,27191.5,1239.5,25997.8
2026-02-22 15:00:00,26219.5,1194.0,24755.5
2026-02-22 16:00:00,25901.5,1214.8,21624.5
2026-02-22 17:00:00,25648.3,1252.3,13711.3
2026-02-22 18:00:00,26303.3,1296.0,3496.3
2026-02-22 19:00:00,28396.5,1254.0,55.8
2026-02-22 20:00:00,30139.0,1434.5,0.0
2026-02-22 21:00:00,30257.8,1528.8,0.0
2026-02-22 22:00:00,28274.0,1631.3,0.0
2026-02-22 23:00:00,25769.0,1757.5,0.0
2026-02-23 00:00:00,23870.8,1967.8,0.0
2026-02-23 01:00:00,22349.8,2062.5,0.0
2026-02-23 02:00:00,21535.3,2071.0,0.0
2026-02-23 03:00:00,21228.5,2152.0,0.0
2026-02-23 04:00:00,21372.3,2167.5,0.0
2026-02-23 05:00:00,22352.0,2104.0,0.0
2026-02-23 06:00:00,25891.3,1955.0,0.0
2026-02-23 07:00:00,30170.0,1801.5,34.8
2026-02-23 08:00:00,32512.8,1594.5,4085.0
2026-02-23 09:00:00,33782.3,1240.8,14669.0
2026-02-23 10:00:00,33916.8,1014.0,22376.3
2026-02-23 11:00:00,33391.3,885.3,25030.3
2026-02-23 12:00:00,32881.8,882.8,26060.8
2026-02-23 13:00:00,33044.3,894.5,26295.5
2026-02-23 14:00:00,32656.8,938.0,25919.0
2026-02-23 15:00:00,32045.3,999.5,24613.0
2026-02-23 16:00:00,31927.5,1128.8,21542.0
2026-02-23 17:00:00,32002.5,1314.8,13533.8
2026-02-23 18:00:00,32126.3,1628.0,3485.8
2026-02-23 19:00:00,33716.3,1877.5,52.0
2026-02-23 20:00:00,35014.3,2393.8,0.0
2026-02-23 21:00:00,34049.8,2877.0,0.0
2026-02-23 22:00:00,30799.3,3306.5,0.0
2026-02-23 23:00:00,27635.0,3675.3,0.0
2026-02-24 00:00:00,25943.8,3710.5,0.0
2026-02-24 01:00:00,24430.3,4076.8,0.0
2026-02-24 02:00:00,23480.3,4331.3,0.0
2026-02-24 03:00:00,23125.5,4459.3,0.0
2026-02-24 04:00:00,23169.3,4591.0,0.0
2026-02-24 05:00:00,23956.8,4729.5,0.0
2026-02-24 06:00:00,27103.5,4873.8,0.0
2026-02-24 07:00:00,31257.5,4910.0,38.0
2026-02-24 08:00:00,33199.0,4945.3,3915.3
2026-02-24 09:00:00,34208.5,4787.8,13863.0
2026-02-24 10:00:00,34312.5,4581.0,21277.3
2026-02-24 11:00:00,33676.8,4613.5,24437.0
2026-02-24 12:00:00,33174.5,4898.8,25849.0
2026-02-24 13:00:00,33149.0,5184.8,26377.5
2026-02-24 14:00:00,32680.5,5261.3,26060.3
2026-02-24 15:00:00,32183.3,5178.8,24378.3
2026-02-24 16:00:00,32273.5,5090.8,21079.3
2026-02-24 17:00:00,32161.0,5272.8,13316.8
2026-02-24 18:00:00,31927.8,5573.5,3653.3
2026-02-24 19:00:00,33931.0,5819.3,42.0
2026-02-24 20:00:00,35400.0,5971.5,0.0
2026-02-24 21:00:00,34186.8,6001.8,0.0
2026-02-24 22:00:00,30986.5,5942.5,0.0
2026-02-24 23:00:00,27923.3,5878.5,0.0
2026-02-25 00:00:00,25792.3,5049.5,0.0
2026-02-25 01:00:00,24343.5,4861.5,0.0
2026-02-25 02:00:00,23360.0,4655.0,0.0
2026-02-25 03:00:00,22958.5,4442.8,0.0
2026-02-25 04:00:00,22962.5,4241.0,0.0
2026-02-25 05:00:00,23803.0,4102.5,0.0
2026-02-25 06:00:00,26960.3,4239.5,0.0
2026-02-25 07:00:00,31065.8,4115.5,21.8
2026-02-25 08:00:00,33028.8,3346.5,3057.5
2026-02-25 09:00:00,33863.8,3128.0,11174.3
2026-02-25 10:00:00,33880.0,2986.3,17730.8
2026-02-25 11:00:00,33395.5,3083.0,21138.0
2026-02-25 12:00:00,32865.0,3287.3,22825.0
2026-02-25 13:00:00,32879.5,3437.8,23292.5
2026-02-25 14:00:00,32396.5,3510.8,23062.5
2026-02-25 15:00:00,31815.0,3482.8,20923.8
2026-02-25 16:00:00,31857.3,3495.8,17490.8
2026-02-25 17:00:00,31864.8,3563.0,10692.3
2026-02-25 18:00:00,31656.8,3476.3,2909.5
2026-02-25 19:00:00,33461.5,3426.0,22.8
2026-02-25 20:00:00,34889.3,3244.8,0.0
2026-02-25 21:00:00,33802.0,3147.8,0.0
2026-02-25 22:00:00,30583.0,2987.0,0.0
2026-02-25 23:00:00,27628.0,2854.3,0.0
2026-02-26 00:00:00,25706.5,3157.5,0.0
2026-02-26 01:00:00,24150.8,2972.5,0.0
2026-02-26 02:00:00,23166.3,2790.3,0.0
2026-02-26 03:00:00,22761.0,2641.0,0.0
2026-02-26 04:00:00,22814.0,2531.0,0.0
2026-02-26 05:00:00,23626.8,2468.5,0.0
2026-02-26 06:00:00,26623.3,2437.5,0.0
2026-02-26 07:00:00,30676.3,2386.5,38.5
2026-02-26 08:00:00,32571.5,2413.5,3967.3
2026-02-26 09:00:00,33352.8,2334.8,14586.0
2026-02-26 10:00:00,33349.3,2379.0,22058.3
2026-02-26 11:00:00,32688.5,2577.0,25491.3
2026-02-26 12:00:00,32072.3,2806.0,27006.5
2026-02-26 13:00:00,32115.5,3025.5,27307.0
2026-02-26 14:00:00,31747.3,3203.5,26913.0
2026-02-26 15:00:00,31268.3,3226.0,25275.5
2026-02-26 16:00:00,31266.0,3355.0,22436.3
2026-02-26 17:00:00,31293.8,3657.5,14790.0
2026-02-26 18:00:00,31323.3,4033.8,4139.3
2026-02-26 19:00:00,32897.8,4458.3,65.3
2026-02-26 20:00:00,34404.8,4763.0,0.0
2026-02-26 21:00:00,33665.8,5234.8,0.0
2026-02-26 22:00:00,30485.3,5596.0,0.0
2026-02-26 23:00:00,27561.3,5819.0,0.0
2026-02-27 00:00:00,25951.8,6429.8,0.0
2026-02-27 01:00:00,24429.3,6622.8,0.0
2026-02-27 02:00:00,23398.3,6621.3,0.0
2026-02-27 03:00:00,22992.3,6525.5,0.0
2026-02-27 04:00:00,22984.8,6430.8,0.0
2026-02-27 05:00:00,23798.5,6249.3,0.0
2026-02-27 06:00:00,26844.5,5957.3,0.0
2026-02-27 07:00:00,31012.0,5528.8,33.5
2026-02-27 08:00:00,32917.8,4805.3,3533.3
2026-02-27 09:00:00,33694.0,4063.8,12330.8
2026-02-27 10:00:00,33863.3,3634.0,18993.3
2026-02-27 11:00:00,33370.5,3527.8,21966.8
2026-02-27 12:00:00,32913.8,3711.0,23273.8
2026-02-27 13:00:00,32701.3,3780.3,23355.3
2026-02-27 14:00:00,32340.8,3531.5,22385.5
2026-02-27 15:00:00,31717.8,3462.8,20075.8
2026-02-27 16:00:00,31488.3,3401.5,16509.0
2026-02-27 17:00:00,31311.8,3464.8,10193.3
2026-02-27 18:00:00,31158.0,3593.5,2721.3
2026-02-27 19:00:00,32469.8,3758.0,35.3
2026-02-27 20:00:00,33487.3,4055.8,0.0
2026-02-27 21:00:00,32763.3,4383.5,0.0
2026-02-27 22:00:00,29897.0,4724.8,0.0
2026-02-27 23:00:00,27371.8,5056.8,0.0
2026-02-28 00:00:00,25647.5,5908.0,0.0
2026-02-28 01:00:00,23910.0,6113.8,0.0
2026-02-28 02:00:00,22654.0,6262.0,0.0
2026-02-28 03:00:00,21936.8,6334.8,0.0
2026-02-28 04:00:00,21626.3,6396.3,0.0
2026-02-28 05:00:00,21728.0,6447.5,0.0
2026-02-28 06:00:00,22597.0,6310.3,0.0
2026-02-28 07:00:00,23869.5,6028.5,22.5
2026-02-28 08:00:00,25261.8,5456.5,3103.5
2026-02-28 09:00:00,27766.8,4943.5,11391.8
2026-02-28 10:00:00,29117.5,4471.5,17763.0
2026-02-28 11:00:00,28848.3,3938.8,20553.8
2026-02-28 12:00:00,28364.3,3574.0,22261.8
2026-02-28 13:00:00,28535.5,3441.5,22772.0
2026-02-28 14:00:00,28332.3,3420.3,22453.8
2026-02-28 15:00:00,27310.8,3593.5,20967.3
2026-02-28 16:00:00,26942.3,4181.8,18276.5
2026-02-28 17:00:00,26872.8,4795.3,12163.8
2026-02-28 18:00:00,26681.3,5595.5,3706.0
2026-02-28 19:00:00,27959.0,6226.3,77.3
2026-02-28 20:00:00,29214.8,6399.5,0.0
2026-02-28 21:00:00,29272.5,6237.0,0.0
2026-02-28 22:00:00,27369.5,5883.3,0.0
2026-02-28 23:00:00,25388.8,5427.0,0.0
2026-03-01 00:00:00,24024.3,4792.3,0.0
2026-03-01 01:00:00,22301.8,4348.3,0.0
2026-03-01 02:00:00,21126.5,3989.3,0.0
2026-03-01 03:00:00,20438.8,3720.5,0.0
2026-03-01 04:00:00,20136.5,3590.0,0.0
2026-03-01 05:00:00,20198.8,3515.3,0.0
2026-03-01 06:00:00,20860.8,3578.3,0.0
2026-03-01 07:00:00,21501.5,3742.5,39.8
2026-03-01 08:00:00,22537.8,3885.8,3614.5
2026-03-01 09:00:00,24992.8,3826.0,12580.0
2026-03-01 10:00:00,26794.8,4228.5,19131.0
2026-03-01 11:00:00,27055.8,4654.3,22193.3
2026-03-01 12:00:00,26955.3,5142.0,23593.3
2026-03-01 13:00:00,27332.5,5497.3,24176.5
2026-03-01 14:00:00,27250.8,6008.0,24188.0
2026-03-01 15:00:00,26267.0,6619.0,22829.3
2026-03-01 16:00:00,26021.0,7160.0,20363.5
2026-03-01 17:00:00,25793.0,7784.8,13345.5
2026-03-01 18:00:00,26003.3,8474.5,3987.3
2026-03-01 19:00:00,28003.8,9074.3,102.3
2026-03-01 20:00:00,29758.8,9654.5,0.0
2026-03-01 21:00:00,29858.8,10194.8,0.0
2026-03-01 22:00:00,28204.5,10562.3,0.0
2026-03-01 23:00:00,25806.3,10498.8,0.0
2026-03-02 00:00:00,23559.8,10216.8,0.0
2026-03-02 01:00:00,22145.8,10062.8,0.0
2026-03-02 02:00:00,21340.3,9897.0,0.0
2026-03-02 03:00:00,21005.0,9765.5,0.0
2026-03-02 04:00:00,21083.0,9657.3,0.0
2026-03-02 05:00:00,22175.0,9605.3,0.0
2026-03-02 06:00:00,25649.3,9571.0,0.0
2026-03-02 07:00:00,29850.3,9301.0,37.5
2026-03-02 08:00:00,32489.5,8845.5,3248.8
2026-03-02 09:00:00,33865.0,8655.0,11267.3
2026-03-02 10:00:00,34232.8,8927.3,17020.8
2026-03-02 11:00:00,34038.3,9235.5,20209.0
2026-03-02 12:00:00,33762.8,9470.0,21610.8
2026-03-02 13:00:00,33756.0,9572.3,21830.5
2026-03-02 14:00:00,33413.3,9622.3,20881.0
2026-03-02 15:00:00,32999.8,9593.5,18655.3
2026-03-02 16:00:00,32928.0,9304.5,15320.5
2026-03-02 17:00:00,32701.5,9543.0,9664.8
2026-03-02 18:00:00,32173.5,9625.0,2710.3
2026-03-02 19:00:00,33439.8,9727.8,26.8
2026-03-02 20:00:00,34790.8,9834.0,0.0
2026-03-02 21:00:00,33603.0,9850.3,0.0
2026-03-02 22:00:00,30459.5,9694.3,0.0
2026-03-02 23:00:00,27424.3,9414.3,0.0
2026-03-03 00:00:00,25404.5,8868.0,0.0
2026-03-03 01:00:00,23923.0,8471.3,0.0
2026-03-03 02:00:00,22939.3,8238.5,0.0
2026-03-03 03:00:00,22594.0,8087.8,0.0
2026-03-03 04:00:00,22616.3,7951.3,0.0
2026-03-03 05:00:00,23567.8,7863.5,0.0
2026-03-03 06:00:00,26671.5,7849.8,0.0
2026-03-03 07:00:00,30696.0,7830.5,26.3
2026-03-03 08:00:00,32863.0,7543.8,2495.0
2026-03-03 09:00:00,33960.8,7343.3,9109.8
2026-03-03 10:00:00,34223.3,7299.5,13900.0
2026-03-03 11:00:00,33747.3,7450.8,16982.5
2026-03-03 12:00:00,33477.0,7882.5,18996.0
2026-03-03 13:00:00,33415.0,8260.3,19374.0
2026-03-03 14:00:00,32952.3,8318.3,18925.3
2026-03-03 15:00:00,32534.0,8468.3,17612.5
2026-03-03 16:00:00,32446.3,8550.5,14761.5
2026-03-03 17:00:00,32258.5,8781.3,9642.0
2026-03-03 18:00:00,31834.3,9095.3,2856.8
2026-03-03 19:00:00,33422.5,9306.5,58.5
2026-03-03 20:00:00,34694.3,9282.8,0.0
2026-03-03 21:00:00,33692.8,9050.5,0.0
2026-03-03 22:00:00,30616.5,8694.8,0.0
2026-03-03 23:00:00,27614.0,8445.8,0.0
2026-03-04 00:00:00,25731.3,7624.3,0.0
2026-03-04 01:00:00,24199.0,7576.3,0.0
2026-03-04 02:00:00,23190.5,7443.0,0.0
2026-03-04 03:00:00,22849.5,7398.3,0.0
2026-03-04 04:00:00,22842.3,7631.3,0.0
2026-03-04 05:00:00,23673.8,7731.8,0.0
2026-03-04 06:00:00,26630.8,8040.8,0.0
2026-03-04 07:00:00,30473.3,7637.0,36.3
2026-03-04 08:00:00,32703.8,7674.3,2291.0
2026-03-04 09:00:00,33872.3,7755.0,7854.3
2026-03-04 10:00:00,34313.8,7910.0,12098.0
2026-03-04 11:00:00,34031.8,8274.8,14334.5
2026-03-04 12:00:00,33703.8,8431.8,15611.0
2026-03-04 13:00:00,33749.8,8466.3,15742.8
2026-03-04 14:00:00,33481.8,8582.5,14843.3
2026-03-04 15:00:00,32938.3,8475.0,13083.3
2026-03-04 16:00:00,32671.8,8292.5,10181.3
2026-03-04 17:00:00,32382.0,8313.3,6221.5
2026-03-04 18:00:00,31961.5,8340.0,1945.5
2026-03-04 19:00:00,33492.5,8058.8,40.5
2026-03-04 20:00:00,34664.8,7855.5,0.0
2026-03-04 21:00:00,33641.5,7738.0,0.0
2026-03-04 22:00:00,30609.5,7493.8,0.0
2026-03-04 23:00:00,27550.3,7040.5,0.0
2026-03-05 00:00:00,25745.8,6461.5,0.0
2026-03-05 01:00:00,24170.5,5630.8,0.0
2026-03-05 02:00:00,23208.8,5021.3,0.0
2026-03-05 03:00:00,22836.0,4653.0,0.0
2026-03-05 04:00:00,22808.5,4264.5,0.0
2026-03-05 05:00:00,23677.0,3911.3,0.0
2026-03-05 06:00:00,26667.8,3668.5,0.0
2026-03-05 07:00:00,30584.8,3352.3,48.0
2026-03-05 08:00:00,32773.0,3024.3,1980.3
2026-03-05 09:00:00,33838.8,2964.0,6891.5
2026-03-05 10:00:00,34368.5,3062.5,10939.5
2026-03-05 11:00:00,34354.5,3347.8,13413.8
2026-03-05 12:00:00,34274.8,3772.8,14900.3
2026-03-05 13:00:00,34377.5,4284.3,15247.3
2026-03-05 14:00:00,34234.0,4770.3,14487.5
2026-03-05 15:00:00,33380.3,5154.0,13052.8
2026-03-05 16:00:00,33487.5,5629.3,10505.8
2026-03-05 17:00:00,32820.5,6018.8,6787.3
2026-03-05 18:00:00,32340.8,6730.5,2089.3
2026-03-05 19:00:00,33722.3,7597.5,45.0
2026-03-05 20:00:00,34946.0,8192.8,0.0
2026-03-05 21:00:00,33950.8,8741.8,0.0
2026-03-05 22:00:00,30886.3,9081.0,0.0
2026-03-05 23:00:00,27941.5,9138.5,0.0
2026-03-06 00:00:00,26403.8,9965.5,0.0
2026-03-06 01:00:00,24686.8,10177.3,0.0
2026-03-06 02:00:00,23609.5,10358.0,0.0
2026-03-06 03:00:00,23342.3,10634.3,0.0
2026-03-06 04:00:00,23276.8,10851.3,0.0
2026-03-06 05:00:00,24015.0,11046.0,0.0
2026-03-06 06:00:00,26845.3,11302.8,0.0
2026-03-06 07:00:00,30931.3,11390.0,43.8
2026-03-06 08:00:00,33400.8,11423.8,1080.3
2026-03-06 09:00:00,34667.5,11569.3,3592.0
2026-03-06 10:00:00,35442.8,11423.0,5900.3
2026-03-06 11:00:00,35462.5,11516.8,7798.5
2026-03-06 12:00:00,35559.3,12288.0,9206.5
2026-03-06 13:00:00,35790.5,12524.3,9649.3
2026-03-06 14:00:00,35522.8,12705.0,9328.0
2026-03-06 15:00:00,34544.8,12483.8,8389.3
2026-03-06 16:00:00,34304.8,12784.8,6664.8
2026-03-06 17:00:00,33631.8,12368.5,4195.0
2026-03-06 18:00:00,32775.5,12062.0,1263.3
2026-03-06 19:00:00,33538.3,11608.0,45.8
2026-03-06 20:00:00,34492.5,11034.3,0.0
2026-03-06 21:00:00,33459.5,10444.8,0.0
2026-03-06 22:00:00,30931.0,9769.0,0.0
2026-03-06 23:00:00,28269.8,8971.0,0.0
2026-03-07 00:00:00,26238.0,8557.8,0.0
2026-03-07 01:00:00,24437.0,8075.5,0.0
2026-03-07 02:00:00,23089.8,7721.3,0.0
2026-03-07 03:00:00,22434.8,7334.5,0.0
2026-03-07 04:00:00,22040.0,6773.5,0.0
2026-03-07 05:00:00,22018.5,6384.8,0.0
2026-03-07 06:00:00,22802.3,6237.5,0.0
2026-03-07 07:00:00,24147.8,5922.8,122.5
2026-03-07 08:00:00,25865.0,5612.5,2447.3
2026-03-07 09:00:00,28631.5,5494.8,7671.8
2026-03-07 10:00:00,30420.3,5468.5,11936.5
2026-03-07 11:00:00,30487.5,5320.8,14124.3
2026-03-07 12:00:00,30384.0,5150.5,15384.3
2026-03-07 13:00:00,30703.0,5126.5,15710.3
2026-03-07 14:00:00,30553.8,4964.8,15189.0
2026-03-07 15:00:00,29568.3,4750.8,13784.3
2026-03-07 16:00:00,28894.5,4411.5,11362.0
2026-03-07 17:00:00,28459.3,4084.3,7529.5
2026-03-07 18:00:00,28170.3,3802.5,2565.3
2026-03-07 19:00:00,28979.0,3536.8,103.3
2026-03-07 20:00:00,30027.5,3223.5,0.0
2026-03-07 21:00:00,30098.3,2919.3,0.0
2026-03-07 22:00:00,28179.0,2667.5,0.0
2026-03-07 23:00:00,25958.0,2359.5,0.0
2026-03-08 00:00:00,24347.5,2729.3,0.0
2026-03-08 01:00:00,22558.8,2317.5,0.0
2026-03-08 02:00:00,21391.8,1972.0,0.0
2026-03-08 03:00:00,20810.3,1684.5,0.0
2026-03-08 04:00:00,20534.5,1502.0,0.0
2026-03-08 05:00:00,20584.0,1359.0,0.0
2026-03-08 06:00:00,21079.5,1229.8,0.0
2026-03-08 07:00:00,21752.5,1047.5,121.8
2026-03-08 08:00:00,22685.0,883.0,3092.3
2026-03-08 09:00:00,25149.8,838.5,9722.3
2026-03-08 10:00:00,27263.0,846.5,14355.0
2026-03-08 11:00:00,27908.3,743.3,16609.5
2026-03-08 12:00:00,28139.5,711.0,17910.8
2026-03-08 13:00:00,28614.8,791.5,18435.0
2026-03-08 14:00:00,28559.0,850.3,18007.0
2026-03-08 15:00:00,27431.5,856.0,16820.8
2026-03-08 16:00:00,26932.8,844.3,14413.0
2026-03-08 17:00:00,26526.8,1157.5,9970.3
2026-03-08 18:00:00,26999.8,1284.8,3402.5
2026-03-08 19:00:00,28905.3,1243.3,91.5
2026-03-08 20:00:00,30569.3,1305.8,0.0
2026-03-08 21:00:00,30547.3,1481.0,0.0
2026-03-08 22:00:00,28804.0,1767.3,0.0
2026-03-08 23:00:00,26217.8,2087.5,0.0
2026-03-09 00:00:00,24477.0,2155.3,0.0
2026-03-09 01:00:00,22864.3,2592.3,0.0
2026-03-09 02:00:00,21996.0,2895.0,0.0
2026-03-09 03:00:00,21709.3,3116.8,0.0
2026-03-09 04:00:00,21887.0,3261.5,0.0
2026-03-09 05:00:00,22830.3,3269.8,0.0
2026-03-09 06:00:00,26158.8,3065.0,0.0
2026-03-09 07:00:00,30297.8,2703.8,203.5
2026-03-09 08:00:00,33155.0,2290.3,3275.5
2026-03-09 09:00:00,34604.8,2068.8,9038.0
2026-03-09 10:00:00,35087.8,2089.0,12855.8
2026-03-09 11:00:00,35237.8,2281.3,15082.8
2026-03-09 12:00:00,35082.8,2489.5,15961.5
2026-03-09 13:00:00,35168.3,2552.3,15661.5
2026-03-09 14:00:00,34812.0,2830.5,14713.5
2026-03-09 15:00:00,34343.8,3138.0,12735.3
2026-03-09 16:00:00,33993.0,3396.8,9709.8
2026-03-09 17:00:00,33565.0,3838.5,6026.3
2026-03-09 18:00:00,33657.5,4022.3,2052.8
2026-03-09 19:00:00,34928.3,3954.0,84.8
2026-03-09 20:00:00,35982.5,3870.8,0.0
2026-03-09 21:00:00,34996.8,3886.0,0.0
2026-03-09 22:00:00,31795.0,3940.0,0.0
2026-03-09 23:00:00,28581.0,3881.0,0.0
2026-03-10 00:00:00,26311.8,3135.0,0.0
2026-03-10 01:00:00,24601.8,2999.8,0.0
2026-03-10 02:00:00,23589.8,2979.5,0.0
2026-03-10 03:00:00,23194.0,2913.3,0.0
2026-03-10 04:00:00,23278.3,2808.8,0.0
2026-03-10 05:00:00,24131.0,2685.8,0.0
2026-03-10 06:00:00,27105.0,2538.8,0.0
2026-03-10 07:00:00,31057.0,2351.0,195.8
2026-03-10 08:00:00,33429.5,2215.0,2801.5
2026-03-10 09:00:00,34685.0,2277.8,7944.5
2026-03-10 10:00:00,35220.8,2379.3,12061.0
2026-03-10 11:00:00,35165.5,2430.3,14491.3
2026-03-10 12:00:00,35112.8,2553.8,15961.3
2026-03-10 13:00:00,35229.5,2839.5,16468.0
2026-03-10 14:00:00,34895.3,2834.5,16157.5
2026-03-10 15:00:00,34416.3,2914.8,14941.8
2026-03-10 16:00:00,34087.3,2865.8,12831.3
2026-03-10 17:00:00,33994.0,2791.3,8774.0
2026-03-10 18:00:00,33737.8,2697.8,3124.8
2026-03-10 19:00:00,35205.5,2608.0,191.0
2026-03-10 20:00:00,36474.5,2516.5,0.0
2026-03-10 21:00:00,35261.0,2407.0,0.0
2026-03-10 22:00:00,32118.8,2305.3,0.0
2026-03-10 23:00:00,28890.0,2223.0,0.0
2026-03-11 00:00:00,26658.0,2380.8,0.0
2026-03-11 01:00:00,25068.5,2423.0,0.0
2026-03-11 02:00:00,23980.3,2366.0,0.0
2026-03-11 03:00:00,23506.8,2281.8,0.0
2026-03-11 04:00:00,23524.0,2220.3,0.0
2026-03-11 05:00:00,24236.0,2170.8,0.0
2026-03-11 06:00:00,27316.0,2070.5,0.0
2026-03-11 07:00:00,31341.0,1888.5,215.5
2026-03-11 08:00:00,33698.3,1638.3,4984.0
2026-03-11 09:00:00,34751.8,1401.8,13805.5
2026-03-11 10:00:00,34893.3,1321.8,18889.8
2026-03-11 11:00:00,34473.3,1394.5,20956.5
2026-03-11 12:00:00,34244.3,1367.8,21658.3
2026-03-11 13:00:00,34255.3,1371.3,21592.5
2026-03-11 14:00:00,34005.0,1372.3,20923.3
2026-03-11 15:00:00,33607.8,1306.3,19261.5
2026-03-11 16:00:00,33219.3,1306.8,16465.3
2026-03-11 17:00:00,32902.8,1462.5,11519.3
2026-03-11 18:00:00,32620.5,1866.0,4237.0
2026-03-11 19:00:00,34081.5,2374.5,232.3
2026-03-11 20:00:00,35627.5,2715.8,0.0
2026-03-11 21:00:00,34754.8,3095.0,0.0
2026-03-11 22:00:00,31758.0,3382.3,0.0
2026-03-11 23:00:00,28643.0,3438.5,0.0
2026-03-12 00:00:00,26481.0,3101.3,0.0
2026-03-12 01:00:00,24773.0,2938.3,0.0
2026-03-12 02:00:00,23709.3,2783.5,0.0
2026-03-12 03:00:00,23300.0,2655.5,0.0
2026-03-12 04:00:00,23253.0,2554.8,0.0
2026-03-12 05:00:00,23904.3,2459.8,0.0
2026-03-12 06:00:00,26970.0,2450.0,0.0
2026-03-12 07:00:00,30978.8,2422.3,429.3
2026-03-12 08:00:00,33203.5,2333.0,6090.5
2026-03-12 09:00:00,34262.0,2334.0,15620.3
2026-03-12 10:00:00,34313.5,2447.8,21338.8
2026-03-12 11:00:00,33834.5,2680.3,23568.3
2026-03-12 12:00:00,33542.8,2869.5,24497.5
2026-03-12 13:00:00,33588.0,2964.5,24796.8
2026-03-12 14:00:00,33281.3,3006.3,24302.0
2026-03-12 15:00:00,32758.3,3054.8,23052.8
2026-03-12 16:00:00,32291.8,3091.5,20348.5
2026-03-12 17:00:00,32240.5,3268.5,14476.0
2026-03-12 18:00:00,31954.8,3483.0,5619.5
2026-03-12 19:00:00,33489.5,3698.8,304.8
2026-03-12 20:00:00,35006.0,3918.0,0.0
2026-03-12 21:00:00,34339.3,4114.8,0.0
2026-03-12 22:00:00,31264.3,4330.8,0.0
2026-03-12 23:00:00,28255.8,4519.5,0.0
2026-03-13 00:00:00,25935.0,5178.3,0.0
2026-03-13 01:00:00,24390.8,5450.5,0.0
2026-03-13 02:00:00,23365.3,5592.0,0.0
2026-03-13 03:00:00,22929.5,5525.8,0.0
2026-03-13 04:00:00,22938.0,5425.3,0.0
2026-03-13 05:00:00,23670.3,5552.3,0.0
2026-03-13 06:00:00,26609.5,5526.0,0.0
2026-03-13 07:00:00,30333.8,5297.8,664.3
2026-03-13 08:00:00,32344.5,4973.3,7905.5
2026-03-13 09:00:00,33556.8,4862.8,18599.5
2026-03-13 10:00:00,33917.3,5283.3,23672.5
2026-03-13 11:00:00,33485.8,5947.0,25630.0
2026-03-13 12:00:00,33096.0,6588.0,26244.3
2026-03-13 13:00:00,33077.5,7091.3,25988.8
2026-03-13 14:00:00,32731.3,7781.0,25153.5
2026-03-13 15:00:00,32038.5,8330.5,23338.8
2026-03-13 16:00:00,31590.8,8772.0,20081.5
2026-03-13 17:00:00,31239.3,9369.8,13966.5
2026-03-13 18:00:00,30737.8,10243.3,5080.8
2026-03-13 19:00:00,32122.3,10952.3,259.8
2026-03-13 20:00:00,33368.8,11184.5,0.0
2026-03-13 21:00:00,32585.3,11741.8,0.0
2026-03-13 22:00:00,29941.3,12082.8,0.0
2026-03-13 23:00:00,27328.3,12738.8,0.0
2026-03-14 00:00:00,26096.0,13124.0,0.0
2026-03-14 01:00:00,24396.3,13224.5,0.0
2026-03-14 02:00:00,23152.0,13312.5,0.0
2026-03-14 03:00:00,22518.0,13323.3,0.0
2026-03-14 04:00:00,22174.3,13447.8,0.0
2026-03-14 05:00:00,22241.3,13423.8,0.0
2026-03-14 06:00:00,23150.3,13328.8,0.0
2026-03-14 07:00:00,24399.8,13431.8,260.8
2026-03-14 08:00:00,26096.3,13812.3,3277.8
2026-03-14 09:00:00,28853.3,14202.0,9177.5
2026-03-14 10:00:00,30778.5,14581.5,13613.8
2026-03-14 11:00:00,31072.3,14754.3,15721.5
2026-03-14 12:00:00,30790.3,14886.5,16738.8
2026-03-14 13:00:00,30859.3,14973.8,16715.3
2026-03-14 14:00:00,30594.5,14958.5,15821.8
2026-03-14 15:00:00,29719.5,14573.5,14172.5
2026-03-14 16:00:00,29158.8,13772.0,11546.0
2026-03-14 17:00:00,28870.3,12844.8,7562.8
2026-03-14 18:00:00,28548.3,12296.0,2659.8
2026-03-14 19:00:00,29391.0,11943.0,143.0
2026-03-14 20:00:00,30499.3,11693.3,0.0
2026-03-14 21:00:00,30303.0,11320.5,0.0
2026-03-14 22:00:00,28345.3,11126.0,0.0
2026-03-14 23:00:00,26152.8,10937.8,0.0
2026-03-15 00:00:00,23378.8,10649.8,0.0
2026-03-15 01:00:00,21821.5,10770.3,0.0
2026-03-15 02:00:00,20755.0,10968.0,0.0
2026-03-15 03:00:00,20136.5,11172.0,0.0
2026-03-15 04:00:00,19850.5,11650.5,0.0
2026-03-15 05:00:00,19962.5,11792.3,0.0
2026-03-15 06:00:00,20563.3,11776.8,0.0
2026-03-15 07:00:00,20937.3,11761.0,551.3
2026-03-15 08:00:00,22249.5,11967.3,6448.0
2026-03-15 09:00:00,24806.3,12225.8,15228.3
2026-03-15 10:00:00,26591.0,12569.8,19591.5
2026-03-15 11:00:00,26982.3,12802.8,21191.5
2026-03-15 12:00:00,27009.8,12909.3,22093.3
2026-03-15 13:00:00,27469.8,12972.8,22442.5
2026-03-15 14:00:00,27481.3,13012.0,22331.5
2026-03-15 15:00:00,26482.5,12975.0,21610.3
2026-03-15 16:00:00,26014.0,12769.8,19641.8
2026-03-15 17:00:00,25788.8,12378.3,14878.5
2026-03-15 18:00:00,25884.5,11897.3,6027.8
2026-03-15 19:00:00,27662.8,11411.5,414.8
2026-03-15 20:00:00,29470.0,10982.5,0.0
2026-03-15 21:00:00,29410.5,10541.8,0.0
2026-03-15 22:00:00,27654.3,10254.8,0.0
2026-03-15 23:00:00,25071.0,10037.8,0.0
2026-03-16 00:00:00,23496.5,10438.8,0.0
2026-03-16 01:00:00,22034.5,10184.8,0.0
2026-03-16 02:00:00,21211.3,9978.8,0.0
2026-03-16 03:00:00,20891.0,9574.8,0.0
2026-03-16 04:00:00,21040.8,9579.5,0.0
2026-03-16 05:00:00,22046.8,9329.5,0.0
2026-03-16 06:00:00,25325.3,8887.3,0.0
2026-03-16 07:00:00,29393.8,8019.8,748.3
2026-03-16 08:00:00,32134.8,7451.0,9103.8
2026-03-16 09:00:00,33429.0,7023.8,20085.3
2026-03-16 10:00:00,33802.3,6644.0,24783.8
2026-03-16 11:00:00,33445.5,6202.3,26348.0
2026-03-16 12:00:00,33251.5,5705.3,27313.8
2026-03-16 13:00:00,33154.3,5233.0,27829.3
2026-03-16 14:00:00,32768.8,4981.8,27722.3
2026-03-16 15:00:00,32273.0,4842.5,26814.0
2026-03-16 16:00:00,31954.5,4724.5,24196.3
2026-03-16 17:00:00,31682.8,4800.5,18209.8
2026-03-16 18:00:00,31575.0,4794.0,7484.8
2026-03-16 19:00:00,33016.0,4809.3,464.3
2026-03-16 20:00:00,34480.3,4770.8,0.0
2026-03-16 21:00:00,33495.5,4654.8,0.0
2026-03-16 22:00:00,30361.5,4512.5,0.0
2026-03-16 23:00:00,27307.5,4334.0,0.0
2026-03-17 00:00:00,25655.5,4334.5,0.0
2026-03-17 01:00:00,24184.5,4368.5,0.0
2026-03-17 02:00:00,23236.8,4405.0,0.0
2026-03-17 03:00:00,22870.3,4448.3,0.0
2026-03-17 04:00:00,22897.3,4496.0,0.0
2026-03-17 05:00:00,23720.8,4532.5,0.0
2026-03-17 06:00:00,26688.5,4508.5,0.0
2026-03-17 07:00:00,30600.0,4317.8,1112.3
2026-03-17 08:00:00,33121.8,4050.5,10172.5
2026-03-17 09:00:00,34218.5,3613.0,21209.8
2026-03-17 10:00:00,34080.5,3493.0,25738.8
2026-03-17 11:00:00,33429.5,3587.8,27123.3
2026-03-17 12:00:00,33038.0,3615.8,28147.3
2026-03-17 13:00:00,32958.3,3767.5,28249.5
2026-03-17 14:00:00,32554.5,3907.0,27876.3
2026-03-17 15:00:00,31932.8,4056.3,26776.3
2026-03-17 16:00:00,31734.8,4271.0,24440.0
2026-03-17 17:00:00,31694.5,4808.3,18351.8
2026-03-17 18:00:00,31255.3,5410.5,7522.0
2026-03-17 19:00:00,32651.0,5876.3,551.8
2026-03-17 20:00:00,34306.0,6260.8,0.0
2026-03-17 21:00:00,33374.8,6397.0,0.0
2026-03-17 22:00:00,30388.3,6472.8,0.0
2026-03-17 23:00:00,27353.3,6354.8,0.0
2026-03-18 00:00:00,25414.0,6692.3,0.0
2026-03-18 01:00:00,23930.0,6229.8,0.0
2026-03-18 02:00:00,22976.0,5702.0,0.0
2026-03-18 03:00:00,22653.8,5514.0,0.0
2026-03-18 04:00:00,22738.5,5401.5,0.0
2026-03-18 05:00:00,23487.0,5425.3,0.0
2026-03-18 06:00:00,26422.5,5312.5,0.0
2026-03-18 07:00:00,30118.5,5127.0,817.5
2026-03-18 08:00:00,32528.0,4608.3,6197.0
2026-03-18 09:00:00,33756.5,4090.3,13309.5
2026-03-18 10:00:00,33720.8,3845.8,17720.0
2026-03-18 11:00:00,33181.3,3820.0,20019.3
2026-03-18 12:00:00,32844.0,3904.0,21553.8
2026-03-18 13:00:00,32906.3,3942.5,21984.8
2026-03-18 14:00:00,32604.3,3913.5,21448.5
2026-03-18 15:00:00,32046.5,4024.3,20113.5
2026-03-18 16:00:00,31924.3,4088.0,17882.5
2026-03-18 17:00:00,31885.3,4769.3,13303.5
2026-03-18 18:00:00,31157.8,5458.8,5375.8
2026-03-18 19:00:00,32234.3,6250.0,409.3
2026-03-18 20:00:00,33870.5,7106.3,0.0
2026-03-18 21:00:00,33006.5,7826.3,0.0
2026-03-18 22:00:00,29999.0,8218.5,0.0
2026-03-18 23:00:00,26987.3,8604.5,0.0
2026-03-19 00:00:00,24780.3,8549.0,0.0
2026-03-19 01:00:00,23301.8,8614.8,0.0
2026-03-19 02:00:00,22345.3,8681.0,0.0
2026-03-19 03:00:00,21963.5,8789.0,0.0
2026-03-19 04:00:00,21989.3,8948.5,0.0
2026-03-19 05:00:00,22728.0,8983.5,0.0
2026-03-19 06:00:00,25424.0,8952.5,0.0
2026-03-19 07:00:00,28816.0,8871.3,841.0
2026-03-19 08:00:00,30795.5,8671.8,7082.8
2026-03-19 09:00:00,32289.8,8370.3,15158.0
2026-03-19 10:00:00,32400.8,7937.0,19794.0
2026-03-19 11:00:00,32008.0,7584.5,21992.0
2026-03-19 12:00:00,31803.0,7343.8,23179.5
2026-03-19 13:00:00,31531.8,7285.5,23492.5
2026-03-19 14:00:00,31047.0,7403.3,23176.5
2026-03-19 15:00:00,30530.3,7682.0,21871.8
2026-03-19 16:00:00,30467.5,8109.8,19172.5
2026-03-19 17:00:00,30436.8,8630.3,13820.3
2026-03-19 18:00:00,29919.8,9129.3,5444.0
2026-03-19 19:00:00,30867.0,9446.8,406.0
2026-03-19 20:00:00,32489.8,9455.5,0.0
2026-03-19 21:00:00,31871.0,9223.8,0.0
2026-03-19 22:00:00,29086.0,8904.0,0.0
2026-03-19 23:00:00,26357.3,8569.5,0.0
2026-03-20 00:00:00,24291.0,8860.5,0.0
2026-03-20 01:00:00,22871.0,8436.0,0.0
2026-03-20 02:00:00,21975.0,8114.5,0.0
2026-03-20 03:00:00,21579.0,8052.3,0.0
2026-03-20 04:00:00,21546.3,7782.0,0.0
2026-03-20 05:00:00,22296.3,7526.5,0.0
2026-03-20 06:00:00,24935.3,7161.0,0.0
2026-03-20 07:00:00,28279.5,6688.0,581.0
2026-03-20 08:00:00,30713.3,6305.0,3990.3
2026-03-20 09:00:00,32026.5,6380.5,8532.8
2026-03-20 10:00:00,32504.3,6618.0,11795.0
2026-03-20 11:00:00,32335.3,6972.8,14799.3
2026-03-20 12:00:00,32141.8,7252.5,16358.3
2026-03-20 13:00:00,32156.3,7425.0,16563.3
2026-03-20 14:00:00,31739.8,7580.3,15814.0
2026-03-20 15:00:00,31098.3,7656.5,13832.8
2026-03-20 16:00:00,30829.3,7493.0,11025.8
2026-03-20 17:00:00,30683.0,7396.0,7206.5
2026-03-20 18:00:00,29984.0,7007.0,2769.5
2026-03-20 19:00:00,30887.5,6734.8,282.3
2026-03-20 20:00:00,32045.5,6336.3,0.0
2026-03-20 21:00:00,31404.3,5925.5,0.0
2026-03-20 22:00:00,28743.8,5680.5,0.0
2026-03-20 23:00:00,26160.3,5349.5,0.0
2026-03-21 00:00:00,24521.5,5382.3,0.0
2026-03-21 01:00:00,22922.3,4747.0,0.0
2026-03-21 02:00:00,21880.5,4218.5,0.0
2026-03-21 03:00:00,21263.0,3664.3,0.0
2026-03-21 04:00:00,20916.3,3420.3,0.0
2026-03-21 05:00:00,21005.8,3325.5,0.0
2026-03-21 06:00:00,21643.0,3140.3,0.0
2026-03-21 07:00:00,22617.5,2943.0,578.3
2026-03-21 08:00:00,24559.5,2769.5,3780.5
2026-03-21 09:00:00,27403.0,2727.5,8176.5
2026-03-21 10:00:00,29086.0,2778.8,11434.8
2026-03-21 11:00:00,29309.5,2852.3,13933.3
2026-03-21 12:00:00,29261.8,2563.5,15625.3
2026-03-21 13:00:00,29384.0,2609.0,16162.3
2026-03-21 14:00:00,29148.3,2694.5,15758.5
2026-03-21 15:00:00,28094.8,2839.3,14975.0
2026-03-21 16:00:00,27444.8,3040.5,13274.3
2026-03-21 17:00:00,27170.3,3098.5,9810.0
2026-03-21 18:00:00,26868.0,3462.0,4088.0
2026-03-21 19:00:00,27609.8,3729.5,385.5
2026-03-21 20:00:00,28707.5,3865.0,0.0
2026-03-21 21:00:00,28583.8,3813.5,0.0
2026-03-21 22:00:00,26746.3,3800.8,0.0
2026-03-21 23:00:00,24695.0,3746.8,0.0
2026-03-22 00:00:00,23872.5,3316.5,0.0
2026-03-22 01:00:00,22285.5,3263.8,0.0
2026-03-22 02:00:00,21228.5,3189.3,0.0
2026-03-22 03:00:00,20602.5,3127.8,0.0
2026-03-22 04:00:00,20360.3,3119.0,0.0
2026-03-22 05:00:00,20480.3,3139.8,0.0
2026-03-22 06:00:00,21045.8,3172.8,0.0
2026-03-22 07:00:00,21543.0,3143.8,1244.3
2026-03-22 08:00:00,22846.5,3046.0,8981.0
2026-03-22 09:00:00,25149.3,3238.3,18033.3
2026-03-22 10:00:00,26569.3,3705.3,23014.3
2026-03-22 11:00:00,26806.3,4242.0,24847.3
2026-03-22 12:00:00,26846.0,4868.3,25728.8
2026-03-22 13:00:00,27135.5,5379.5,25945.3
2026-03-22 14:00:00,27089.3,6043.3,25467.3
2026-03-22 15:00:00,26212.5,6541.8,24216.8
2026-03-22 16:00:00,25864.3,7361.5,21163.5
2026-03-22 17:00:00,25837.3,7986.3,16258.0
2026-03-22 18:00:00,25870.5,8870.5,6906.3
2026-03-22 19:00:00,27390.8,9425.0,491.8
2026-03-22 20:00:00,29257.0,9605.3,0.0
2026-03-22 21:00:00,29382.3,9744.8,0.0
2026-03-22 22:00:00,27835.3,9772.8,0.0
2026-03-22 23:00:00,25417.0,9581.0,0.0
2026-03-23 00:00:00,23558.3,9136.0,0.0
2026-03-23 01:00:00,22138.5,8615.5,0.0
2026-03-23 02:00:00,21406.5,8329.0,0.0
2026-03-23 03:00:00,21094.8,8193.3,0.0
2026-03-23 04:00:00,21266.8,8064.5,0.0
2026-03-23 05:00:00,22247.5,7917.0,0.0
2026-03-23 06:00:00,25634.5,7580.3,0.0
2026-03-23 07:00:00,29599.5,7003.8,1395.0
2026-03-23 08:00:00,32822.0,6434.5,10175.8
2026-03-23 09:00:00,33888.0,5904.0,19484.8
2026-03-23 10:00:00,33528.5,5460.3,23461.3
2026-03-23 11:00:00,33313.5,5211.5,24801.0
2026-03-23 12:00:00,33242.5,5022.0,25179.5
2026-03-23 13:00:00,33263.3,4926.5,24874.8
2026-03-23 14:00:00,32913.5,4991.8,24061.3
2026-03-23 15:00:00,32433.3,5243.8,22475.8
2026-03-23 16:00:00,32342.5,5662.5,19884.0
2026-03-23 17:00:00,32150.8,6178.0,15172.5
2026-03-23 18:00:00,31427.0,6746.0,6808.3
2026-03-23 19:00:00,32791.3,7179.3,727.3
2026-03-23 20:00:00,34507.8,7371.5,0.0
2026-03-23 21:00:00,33407.8,7294.0,0.0
2026-03-23 22:00:00,30551.8,7671.3,0.0
2026-03-23 23:00:00,27551.0,6497.3,0.0
2026-03-24 00:00:00,25009.3,6390.0,0.0
2026-03-24 01:00:00,23613.8,5668.5,0.0
2026-03-24 02:00:00,22706.5,4912.0,0.0
2026-03-24 03:00:00,22387.8,4284.3,0.0
2026-03-24 04:00:00,22488.5,3841.8,0.0
2026-03-24 05:00:00,23338.3,3507.3,0.0
2026-03-24 06:00:00,26431.3,3290.3,3.8
2026-03-24 07:00:00,30109.8,2976.8,1915.0
2026-03-24 08:00:00,32634.0,2661.0,11377.0
2026-03-24 09:00:00,33835.0,2474.3,21046.0
2026-03-24 10:00:00,33761.8,2447.0,25063.5
2026-03-24 11:00:00,32943.0,2466.8,26570.8
2026-03-24 12:00:00,33145.5,2442.3,27398.8
2026-03-24 13:00:00,32899.5,2389.5,27248.3
2026-03-24 14:00:00,32395.8,2346.8,26630.5
2026-03-24 15:00:00,32061.0,2331.8,25423.5
2026-03-24 16:00:00,31970.8,2360.3,23014.8
2026-03-24 17:00:00,31957.8,2533.0,17841.8
2026-03-24 18:00:00,31322.3,2732.8,8104.0
2026-03-24 19:00:00,32360.5,2875.0,901.3
2026-03-24 20:00:00,33909.0,2857.5,0.0
2026-03-24 21:00:00,33099.0,2778.5,0.0
2026-03-24 22:00:00,30147.8,2726.5,0.0
2026-03-24 23:00:00,27199.3,2755.8,0.0
2026-03-25 00:00:00,25580.8,2972.8,0.0
2026-03-25 01:00:00,24171.8,3164.0,0.0
2026-03-25 02:00:00,23307.5,3371.3,0.0
2026-03-25 03:00:00,22945.0,3654.0,0.0
2026-03-25 04:00:00,22967.5,4062.8,0.0
2026-03-25 05:00:00,23850.0,4687.0,0.0
2026-03-25 06:00:00,26770.3,5522.8,5.5
2026-03-25 07:00:00,30322.8,6319.3,1986.0
2026-03-25 08:00:00,32727.5,7068.3,11821.3
2026-03-25 09:00:00,33661.8,7976.8,21295.0
2026-03-25 10:00:00,33522.5,8666.5,24840.3
2026-03-25 11:00:00,33159.3,9078.8,25967.5
2026-03-25 12:00:00,33011.0,9389.8,26693.3
2026-03-25 13:00:00,33067.0,9789.3,26597.8
2026-03-25 14:00:00,32751.5,10323.5,25965.5
2026-03-25 15:00:00,32248.0,10989.3,24384.0
2026-03-25 16:00:00,32060.8,11856.3,21552.0
2026-03-25 17:00:00,31926.5,12643.8,16119.3
2026-03-25 18:00:00,31188.0,13411.3,7006.0
2026-03-25 19:00:00,32345.8,13499.5,760.0
2026-03-25 20:00:00,33984.3,13944.5,0.0
2026-03-25 21:00:00,33077.5,14043.5,0.0
2026-03-25 22:00:00,30094.8,14064.5,0.0
2026-03-25 23:00:00,27237.5,14081.8,0.0
2026-03-26 00:00:00,25424.5,13999.8,0.0
2026-03-26 01:00:00,24017.8,13785.3,0.0
2026-03-26 02:00:00,23146.5,13694.0,0.0
2026-03-26 03:00:00,22763.0,13708.5,0.0
2026-03-26 04:00:00,22760.5,13686.3,0.0
2026-03-26 05:00:00,23537.3,13804.8,0.0
2026-03-26 06:00:00,26345.5,13781.5,3.3
2026-03-26 07:00:00,29676.8,13672.5,1923.5
2026-03-26 08:00:00,32295.8,13147.5,11212.5
2026-03-26 09:00:00,33508.5,13215.8,19916.0
2026-03-26 10:00:00,33307.0,13142.0,23320.0
2026-03-26 11:00:00,32761.3,13292.0,24674.8
2026-03-26 12:00:00,32681.8,13757.3,25471.0
2026-03-26 13:00:00,32748.5,13491.3,25586.3
2026-03-26 14:00:00,32499.3,13560.0,25411.3
2026-03-26 15:00:00,31899.5,13789.5,24557.8
2026-03-26 16:00:00,31864.3,14363.3,22433.8
2026-03-26 17:00:00,31855.8,14332.5,17860.5
2026-03-26 18:00:00,31201.0,15156.0,8515.5
2026-03-26 19:00:00,32209.8,14852.8,946.5
2026-03-26 20:00:00,33867.5,14780.5,0.0
2026-03-26 21:00:00,33079.8,15036.5,0.0
2026-03-26 22:00:00,30198.5,14710.8,0.0
2026-03-26 23:00:00,27344.8,14550.0,0.0
2026-03-27 00:00:00,24954.8,13976.8,0.0
2026-03-27 01:00:00,23592.8,13725.5,0.0
2026-03-27 02:00:00,22686.3,13426.0,0.0
2026-03-27 03:00:00,22285.5,13257.8,0.0
2026-03-27 04:00:00,22302.8,13109.8,0.0
2026-03-27 05:00:00,23068.5,13003.0,0.0
2026-03-27 06:00:00,25835.5,12740.0,4.5
2026-03-27 07:00:00,29429.0,12231.8,2046.5
2026-03-27 08:00:00,31795.3,11570.5,11488.8
2026-03-27 09:00:00,32838.8,11133.3,20036.0
2026-03-27 10:00:00,32599.5,10888.3,23417.3
2026-03-27 11:00:00,32209.0,10639.3,24961.5
2026-03-27 12:00:00,31990.5,10489.5,25863.5
2026-03-27 13:00:00,32026.0,10721.3,26170.8
2026-03-27 14:00:00,31715.0,11032.8,26119.5
2026-03-27 15:00:00,30948.3,11157.3,25155.0
2026-03-27 16:00:00,30664.0,11472.5,22784.5
2026-03-27 17:00:00,30518.8,11850.0,18350.0
2026-03-27 18:00:00,29910.8,12320.5,8772.3
2026-03-27 19:00:00,30948.8,12567.3,907.0
2026-03-27 20:00:00,32334.0,12561.0,0.0
2026-03-27 21:00:00,31680.8,12496.3,0.0
2026-03-27 22:00:00,29168.8,12309.3,0.0
2026-03-27 23:00:00,26608.0,11987.5,0.0
2026-03-28 00:00:00,25603.8,11835.8,0.0
2026-03-28 01:00:00,24042.8,11602.3,0.0
2026-03-28 02:00:00,22881.8,11409.5,0.0
2026-03-28 03:00:00,22179.3,11307.8,0.0
2026-03-28 04:00:00,21918.3,11293.0,0.0
2026-03-28 05:00:00,22018.0,11285.0,0.0
2026-03-28 06:00:00,22834.8,11242.0,5.5
2026-03-28 07:00:00,23892.8,11051.5,2228.5
2026-03-28 08:00:00,25917.3,11396.8,11695.8
2026-03-28 09:00:00,28344.0,11518.5,20181.8
2026-03-28 10:00:00,29369.0,11802.8,23219.5
2026-03-28 11:00:00,29300.3,11977.8,24506.8
2026-03-28 12:00:00,29006.5,12260.5,25082.0
2026-03-28 13:00:00,29252.5,12531.5,25044.0
2026-03-28 14:00:00,29058.0,12983.8,24529.8
2026-03-28 15:00:00,27973.0,13515.3,23266.0
2026-03-28 16:00:00,27438.8,14070.0,20881.0
2026-03-28 17:00:00,27265.5,14488.3,16574.3
2026-03-28 18:00:00,26830.3,14945.8,7954.5
2026-03-28 19:00:00,27608.5,15203.3,926.3
2026-03-28 20:00:00,29218.3,15319.0,0.0
2026-03-28 21:00:00,29257.0,15472.0,0.0
2026-03-28 22:00:00,27411.5,15596.5,0.0
2026-03-28 23:00:00,25449.5,15634.5,0.0
2026-03-29 00:00:00,23623.0,15497.8,0.0
2026-03-29 01:00:00,21642.8,15396.0,0.0
2026-03-29 02:00:00,21259.05,15355.5,0.0
2026-03-29 03:00:00,20875.3,15315.0,0.0
2026-03-29 04:00:00,20325.5,15288.3,0.0
2026-03-29 05:00:00,20226.5,15397.5,0.0
2026-03-29 06:00:00,20681.5,15120.5,0.0
2026-03-29 07:00:00,21637.3,15467.0,8.5
2026-03-29 08:00:00,22643.8,15969.5,2342.0
2026-03-29 09:00:00,24680.5,16484.0,11942.3
2026-03-29 10:00:00,26079.5,16640.5,20090.3
2026-03-29 11:00:00,26595.3,16897.0,22890.3
2026-03-29 12:00:00,26741.5,16769.3,24315.5
2026-03-29 13:00:00,27073.5,16818.3,24987.5
2026-03-29 14:00:00,27257.8,17504.5,24815.3
2026-03-29 15:00:00,26360.0,17323.5,24360.8
2026-03-29 16:00:00,25980.0,17030.8,23284.5
2026-03-29 17:00:00,25914.5,16595.0,21223.3
2026-03-29 18:00:00,25323.5,16605.3,17107.8
2026-03-29 19:00:00,25461.0,16322.5,8265.3
2026-03-29 20:00:00,27503.5,15662.3,1039.5
2026-03-29 21:00:00,29198.3,15260.3,0.0
2026-03-29 22:00:00,27748.8,14864.5,0.0
2026-03-29 23:00:00,25525.3,14291.5,0.0
2026-03-30 00:00:00,23445.3,13768.8,0.0
2026-03-30 01:00:00,21984.8,13575.0,0.0
2026-03-30 02:00:00,21001.0,13260.5,0.0
2026-03-30 03:00:00,20506.5,12880.8,0.0
2026-03-30 04:00:00,20553.5,12574.0,0.0
2026-03-30 05:00:00,21365.5,12309.3,0.0
2026-03-30 06:00:00,24252.5,11984.0,0.0
2026-03-30 07:00:00,28054.8,12106.8,8.0
2026-03-30 08:00:00,30414.0,11680.5,2405.8
2026-03-30 09:00:00,32106.3,11362.5,12184.3
2026-03-30 10:00:00,32422.5,11164.3,20659.8
2026-03-30 11:00:00,32130.3,11047.8,23902.5
2026-03-30 12:00:00,32083.5,11102.5,25476.3
2026-03-30 13:00:00,32214.0,11241.3,26283.3
2026-03-30 14:00:00,31893.3,11530.8,26513.0
2026-03-30 15:00:00,30980.5,11861.5,26296.0
2026-03-30 16:00:00,30890.3,12186.8,25075.3
2026-03-30 17:00:00,30636.3,12222.5,22382.5
2026-03-30 18:00:00,29564.0,12431.5,17902.3
2026-03-30 19:00:00,29193.0,12817.3,8626.3
2026-03-30 20:00:00,30844.5,13373.5,1054.0
2026-03-30 21:00:00,32065.5,13749.5,0.0
2026-03-30 22:00:00,29292.8,13991.5,0.0
2026-03-30 23:00:00,26582.8,14022.3,0.0
2026-03-31 00:00:00,25278.3,14336.3,0.0
2026-03-31 01:00:00,23740.3,14355.8,0.0
2026-03-31 02:00:00,22590.5,14254.0,0.0
2026-03-31 03:00:00,22041.5,14107.0,0.0
2026-03-31 04:00:00,21926.5,13966.5,0.0
2026-03-31 05:00:00,22637.5,13859.0,0.0
2026-03-31 06:00:00,25310.8,13829.3,0.0
2026-03-31 07:00:00,28926.8,13770.8,13.5
2026-03-31 08:00:00,31026.5,13668.0,2822.5
2026-03-31 09:00:00,32545.8,13504.8,13043.8
2026-03-31 10:00:00,32769.0,13322.3,21525.3
2026-03-31 11:00:00,32293.3,13246.5,24495.0
2026-03-31 12:00:00,31814.8,12968.3,25890.3
2026-03-31 13:00:00,31818.0,13061.5,26541.5
2026-03-31 14:00:00,31399.5,13408.8,26543.8
2026-03-31 15:00:00,30738.8,13629.3,26190.5
2026-03-31 16:00:00,30464.3,13859.0,25145.0
2026-03-31 17:00:00,30294.8,14072.5,23097.8
2026-03-31 18:00:00,29249.0,14211.5,18491.8
2026-03-31 19:00:00,28982.3,14265.5,9037.3
2026-03-31 20:00:00,30234.8,14324.0,1366.8
2026-03-31 21:00:00,31753.0,14290.8,0.0
2026-03-31 22:00:00,29293.8,14194.0,0.0
2026-03-31 23:00:00,26787.0,14081.0,0.0
2026-04-01 00:00:00,25074.8,13852.3,0.0
2026-04-01 01:00:00,23468.8,13595.0,0.0
2026-04-01 02:00:00,22486.5,13282.0,0.0
2026-04-01 03:00:00,21984.5,12999.0,0.0
2026-04-01 04:00:00,21845.0,12701.5,0.0
2026-04-01 05:00:00,22391.5,12536.0,0.0
2026-04-01 06:00:00,24731.8,12295.8,0.0
2026-04-01 07:00:00,27641.0,12119.8,18.8
2026-04-01 08:00:00,29459.0,11795.3,2885.8
2026-04-01 09:00:00,31079.0,11464.5,12985.3
2026-04-01 10:00:00,31502.0,11311.5,21295.0
2026-04-01 11:00:00,31079.3,11274.3,24251.5
2026-04-01 12:00:00,30774.8,11501.5,25576.3
2026-04-01 13:00:00,30798.5,11849.5,26140.0
2026-04-01 14:00:00,30397.8,12181.0,26132.8
2026-04-01 15:00:00,29629.0,12660.5,25595.8
2026-04-01 16:00:00,29350.3,13112.5,24612.5
2026-04-01 17:00:00,29249.8,13543.3,22855.8
2026-04-01 18:00:00,28611.8,13818.5,18407.0
2026-04-01 19:00:00,28362.8,13960.0,9152.0
2026-04-01 20:00:00,29459.5,14142.8,1409.8
2026-04-01 21:00:00,30441.3,14000.5,0.0
2026-04-01 22:00:00,28130.5,13761.3,0.0
2026-04-01 23:00:00,25681.3,13474.0,0.0
2026-04-02 00:00:00,24281.8,13334.3,0.0
2026-04-02 01:00:00,22695.8,13354.0,0.0
2026-04-02 02:00:00,21585.0,13329.5,0.0
2026-04-02 03:00:00,20922.5,13254.3,0.0
2026-04-02 04:00:00,20622.3,13192.8,0.0
2026-04-02 05:00:00,20684.0,13113.5,0.0
2026-04-02 06:00:00,21748.0,12971.8,0.0
2026-04-02 07:00:00,23070.3,12752.3,16.5
2026-04-02 08:00:00,23731.3,12378.5,2727.5
2026-04-02 09:00:00,25532.0,12286.8,11662.0
2026-04-02 10:00:00,26516.5,12129.0,19313.5
2026-04-02 11:00:00,26581.5,12496.8,22352.0
2026-04-02 12:00:00,26371.3,12596.0,23972.0
2026-04-02 13:00:00,26503.5,12691.5,24740.3
2026-04-02 14:00:00,26469.0,12871.8,24821.8
2026-04-02 15:00:00,25398.8,12967.5,24382.5
2026-04-02 16:00:00,24857.3,13213.0,23481.0
2026-04-02 17:00:00,24742.5,13293.0,21905.5
2026-04-02 18:00:00,24557.8,13619.8,17794.3
2026-04-02 19:00:00,24800.5,13800.8,9100.5
2026-04-02 20:00:00,25930.3,13635.5,1462.5
2026-04-02 21:00:00,27328.8,13056.5,0.0
2026-04-02 22:00:00,26011.8,12601.0,0.0
2026-04-02 23:00:00,24030.5,12043.3,0.0
2026-04-03 00:00:00,22802.5,10931.3,0.0
2026-04-03 01:00:00,21285.5,10358.3,0.0
2026-04-03 02:00:00,20060.5,9872.3,0.0
2026-04-03 03:00:00,19337.0,9465.0,0.0
2026-04-03 04:00:00,18989.3,9118.5,0.0
2026-04-03 05:00:00,18995.0,8849.5,0.0
2026-04-03 06:00:00,19713.3,8645.5,0.0
2026-04-03 07:00:00,20528.8,8308.3,26.0
2026-04-03 08:00:00,20785.0,7799.8,3238.3
2026-04-03 09:00:00,22410.8,7203.8,13867.8
2026-04-03 10:00:00,23534.5,6812.8,22177.0
2026-04-03 11:00:00,23703.8,6676.5,25196.5
2026-04-03 12:00:00,23583.3,6664.5,26603.0
2026-04-03 13:00:00,23772.3,6672.3,27305.5
2026-04-03 14:00:00,23937.8,6741.8,27396.3
2026-04-03 15:00:00,23038.5,6921.0,27152.5
2026-04-03 16:00:00,22506.5,7122.5,26202.8
2026-04-03 17:00:00,22259.8,7286.3,24060.8
2026-04-03 18:00:00,22339.5,7392.3,19327.0
2026-04-03 19:00:00,22915.8,7350.8,9684.0
2026-04-03 20:00:00,24091.5,7344.5,1454.0
2026-04-03 21:00:00,25554.5,7221.3,0.0
2026-04-03 22:00:00,24888.8,6929.3,0.0
2026-04-03 23:00:00,23256.5,6559.0,0.0
2026-04-04 00:00:00,22034.5,6426.0,0.0
2026-04-04 01:00:00,20453.0,5914.0,0.0
2026-04-04 02:00:00,19460.3,5472.5,0.0
2026-04-04 03:00:00,18769.5,5137.5,0.0
2026-04-04 04:00:00,18564.3,4831.8,0.0
2026-04-04 05:00:00,18676.3,4485.0,0.0
2026-04-04 06:00:00,19444.3,4357.3,0.0
2026-04-04 07:00:00,20448.3,3806.5,29.8
2026-04-04 08:00:00,21852.3,3283.5,3658.0
2026-04-04 09:00:00,24644.8,2808.5,14980.0
2026-04-04 10:00:00,25876.5,2676.3,23671.3
2026-04-04 11:00:00,25793.5,2876.3,26692.3
2026-04-04 12:00:00,25580.0,3170.8,28094.5
2026-04-04 13:00:00,25729.0,3372.3,28817.3
2026-04-04 14:00:00,25879.8,3438.8,28879.0
2026-04-04 15:00:00,25115.0,3441.5,28558.8
2026-04-04 16:00:00,24607.0,3394.3,27574.8
2026-04-04 17:00:00,24469.8,3350.5,25434.0
2026-04-04 18:00:00,24432.5,3347.3,20548.5
2026-04-04 19:00:00,24382.3,3446.5,10386.0
2026-04-04 20:00:00,25024.3,3499.0,1596.3
2026-04-04 21:00:00,26597.3,3445.5,0.0
2026-04-04 22:00:00,25313.0,3308.5,0.0
2026-04-04 23:00:00,23378.3,3118.3,0.0
2026-04-05 00:00:00,22149.8,3091.0,0.0
2026-04-05 01:00:00,20647.0,2948.8,0.0
2026-04-05 02:00:00,19567.0,2844.8,0.0
2026-04-05 03:00:00,18912.0,2619.8,0.0
2026-04-05 04:00:00,18673.8,2384.0,0.0
2026-04-05 05:00:00,18688.5,2246.0,0.0
2026-04-05 06:00:00,19090.3,2190.3,0.0
2026-04-05 07:00:00,19642.3,2045.0,41.8
2026-04-05 08:00:00,20599.3,2001.5,4029.5
2026-04-05 09:00:00,23430.0,2008.0,15399.5
2026-04-05 10:00:00,24770.3,2019.3,23763.5
2026-04-05 11:00:00,24764.0,2347.5,26751.8
2026-04-05 12:00:00,24480.5,2835.5,27936.5
2026-04-05 13:00:00,24488.3,3175.5,28662.8
2026-04-05 14:00:00,24345.0,3471.3,28589.3
2026-04-05 15:00:00,23573.5,3805.3,28035.3
2026-04-05 16:00:00,23255.8,3953.0,26939.0
2026-04-05 17:00:00,23468.0,4157.0,24807.3
2026-04-05 18:00:00,23771.8,4419.5,19739.8
2026-04-05 19:00:00,24138.0,4722.3,9995.0
2026-04-05 20:00:00,24909.8,4945.5,1658.8
2026-04-05 21:00:00,26745.3,5056.0,0.0
2026-04-05 22:00:00,25472.8,5191.3,0.0
2026-04-05 23:00:00,23197.8,5166.8,0.0
2026-04-06 00:00:00,21373.3,5527.0,0.0
2026-04-06 01:00:00,19936.5,5748.3,0.0
2026-04-06 02:00:00,19033.3,5883.0,0.0
2026-04-06 03:00:00,18535.0,6011.0,0.0
2026-04-06 04:00:00,18435.0,6082.8,0.0
2026-04-06 05:00:00,18865.5,6101.8,0.0
2026-04-06 06:00:00,20776.5,6182.3,0.0
2026-04-06 07:00:00,23027.3,6278.5,43.5
2026-04-06 08:00:00,24462.0,6365.5,4105.5
2026-04-06 09:00:00,26708.8,6045.5,15011.0
2026-04-06 10:00:00,27604.5,6495.8,23094.3
2026-04-06 11:00:00,27410.3,7464.3,25896.0
2026-04-06 12:00:00,27233.5,8615.3,26963.8
2026-04-06 13:00:00,27542.8,9446.0,27368.8
2026-04-06 14:00:00,27390.8,9984.8,27149.5
2026-04-06 15:00:00,26484.0,10452.5,26089.8
2026-04-06 16:00:00,26165.5,10915.0,23879.5
2026-04-06 17:00:00,26431.5,10926.0,20543.0
2026-04-06 18:00:00,26726.5,11258.5,15157.8
2026-04-06 19:00:00,27331.0,11551.3,6920.5
2026-04-06 20:00:00,28068.5,11766.3,998.5
2026-04-06 21:00:00,28960.8,11430.5,0.0
2026-04-06 22:00:00,26924.3,11037.0,0.0
2026-04-06 23:00:00,24340.3,10756.3,0.0
2026-04-07 00:00:00,22437.8,10104.8,0.0
2026-04-07 01:00:00,21073.8,9441.0,0.0
2026-04-07 02:00:00,20233.8,8787.8,0.0
2026-04-07 03:00:00,19809.8,8573.5,0.0
2026-04-07 04:00:00,19832.5,8492.8,0.0
2026-04-07 05:00:00,20535.5,8440.8,0.0
2026-04-07 06:00:00,23486.3,8342.0,0.0
2026-04-07 07:00:00,27195.0,8180.3,41.3
2026-04-07 08:00:00,29462.3,8082.8,2217.5
2026-04-07 09:00:00,31677.8,7974.8,7862.5
2026-04-07 10:00:00,32434.0,8176.8,13151.8
2026-04-07 11:00:00,31971.8,8549.5,16133.8
2026-04-07 12:00:00,31723.5,8754.5,17888.5
2026-04-07 13:00:00,31726.3,9012.0,18138.5
2026-04-07 14:00:00,31165.8,9239.8,17541.8
2026-04-07 15:00:00,30546.0,9335.5,16397.0
2026-04-07 16:00:00,30469.0,9227.0,14461.8
2026-04-07 17:00:00,30850.3,8834.3,11727.5
2026-04-07 18:00:00,30980.5,8253.3,8004.3
2026-04-07 19:00:00,30925.5,7621.8,3665.8
2026-04-07 20:00:00,31011.0,7095.0,630.8
2026-04-07 21:00:00,31292.5,6482.0,0.0
2026-04-07 22:00:00,28515.8,6004.0,0.0
2026-04-07 23:00:00,25865.0,5649.8,0.0
2026-04-08 00:00:00,23686.5,5036.8,0.0
2026-04-08 01:00:00,22317.5,4499.5,0.0
2026-04-08 02:00:00,21441.8,3939.5,0.0
2026-04-08 03:00:00,21084.3,3641.8,0.0
2026-04-08 04:00:00,21109.3,3445.3,0.0
2026-04-08 05:00:00,21752.0,3257.8,0.0
2026-04-08 06:00:00,24362.3,3541.0,0.0
2026-04-08 07:00:00,27763.0,2933.3,41.8
2026-04-08 08:00:00,29726.3,2907.0,2186.5
2026-04-08 09:00:00,31346.3,3008.8,8063.3
2026-04-08 10:00:00,31833.5,3534.0,13349.8
2026-04-08 11:00:00,31487.5,4326.0,16737.0
2026-04-08 12:00:00,31158.0,5217.0,18718.0
2026-04-08 13:00:00,31088.0,5918.3,19856.5
2026-04-08 14:00:00,30749.5,6247.8,19819.3
2026-04-08 15:00:00,30057.8,6339.5,19211.3
2026-04-08 16:00:00,29923.5,6037.0,17770.8
2026-04-08 17:00:00,30240.8,5376.8,15663.5
2026-04-08 18:00:00,30177.8,4959.3,11949.8
2026-04-08 19:00:00,30233.3,4675.3,5960.0
2026-04-08 20:00:00,30760.5,4195.5,932.5
2026-04-08 21:00:00,31238.0,3757.3,0.0
2026-04-08 22:00:00,28516.5,3335.3,0.0
2026-04-08 23:00:00,25881.5,2932.0,0.0
2026-04-09 00:00:00,24546.0,3040.0,0.0
2026-04-09 01:00:00,23062.5,2971.0,0.0
2026-04-09 02:00:00,22093.0,2889.3,0.0
2026-04-09 03:00:00,21656.3,2782.8,0.0
2026-04-09 04:00:00,21603.0,2700.5,0.0
2026-04-09 05:00:00,22223.0,2680.8,0.0
2026-04-09 06:00:00,24765.3,2937.0,0.0
2026-04-09 07:00:00,28419.5,2967.8,48.3
2026-04-09 08:00:00,30399.8,2894.0,2819.8
2026-04-09 09:00:00,31838.0,2434.8,10232.5
2026-04-09 10:00:00,32417.3,2686.0,17135.0
2026-04-09 11:00:00,32023.0,3200.0,21388.8
2026-04-09 12:00:00,31694.0,3820.3,23679.3
2026-04-09 13:00:00,31645.8,4441.5,24845.0
2026-04-09 14:00:00,31193.8,4974.3,24879.0
2026-04-09 15:00:00,30523.5,5454.5,24134.5
2026-04-09 16:00:00,30382.3,5850.8,22719.0
2026-04-09 17:00:00,30451.0,6552.0,20301.5
2026-04-09 18:00:00,30435.5,7500.3,16760.5
2026-04-09 19:00:00,30631.3,8702.0,8764.3
2026-04-09 20:00:00,31058.3,9317.0,1504.8
2026-04-09 21:00:00,31655.0,9474.5,0.0
2026-04-09 22:00:00,29092.3,9348.8,0.0
2026-04-09 23:00:00,26480.8,9023.0,0.0
2026-04-10 00:00:00,25007.0,8651.5,0.0
2026-04-10 01:00:00,23576.8,8089.5,0.0
2026-04-10 02:00:00,22609.8,7582.3,0.0
2026-04-10 03:00:00,22158.3,7143.5,0.0
2026-04-10 04:00:00,22093.0,6637.0,0.0
2026-04-10 05:00:00,22759.5,6090.5,0.0
2026-04-10 06:00:00,25534.8,5467.8,0.0
2026-04-10 07:00:00,29187.0,4704.5,67.3
2026-04-10 08:00:00,31186.8,3851.5,3736.0
2026-04-10 09:00:00,32483.5,3108.3,13346.8
2026-04-10 10:00:00,32971.3,2981.3,20368.0
2026-04-10 11:00:00,32735.5,3268.8,23924.5
2026-04-10 12:00:00,32494.8,3836.5,25554.5
2026-04-10 13:00:00,32433.0,4387.3,26354.5
2026-04-10 14:00:00,31935.5,4890.0,26152.8
2026-04-10 15:00:00,31129.3,5283.5,25274.0
2026-04-10 16:00:00,30753.0,5714.3,23122.0
2026-04-10 17:00:00,30942.5,5919.5,20225.0
2026-04-10 18:00:00,30666.8,6090.5,15225.8
2026-04-10 19:00:00,30782.8,5975.0,7492.3
2026-04-10 20:00:00,30822.5,5609.3,1122.5
2026-04-10 21:00:00,31326.8,5513.8,0.0
2026-04-10 22:00:00,28947.0,5272.5,0.0
2026-04-10 23:00:00,26578.3,4962.0,0.0
2026-04-11 00:00:00,24477.3,4751.8,0.0
2026-04-11 01:00:00,22916.5,4641.8,0.0
2026-04-11 02:00:00,21760.5,4375.3,0.0
2026-04-11 03:00:00,21047.3,4396.8,0.0
2026-04-11 04:00:00,20725.5,4454.0,0.0
2026-04-11 05:00:00,20651.5,4460.8,0.0
2026-04-11 06:00:00,21401.8,4432.0,0.0
2026-04-11 07:00:00,22374.3,4191.8,62.3
2026-04-11 08:00:00,23961.8,4113.8,1937.8
2026-04-11 09:00:00,26785.5,4128.8,7453.8
2026-04-11 10:00:00,28153.8,4612.0,12178.8
2026-04-11 11:00:00,28197.0,5630.0,15625.0
2026-04-11 12:00:00,27899.0,6701.3,17908.5
2026-04-11 13:00:00,28018.8,8543.5,18770.5
2026-04-11 14:00:00,27667.8,9209.0,18816.5
2026-04-11 15:00:00,26426.8,9996.3,17999.5
2026-04-11 16:00:00,25684.0,11444.8,15918.0
2026-04-11 17:00:00,25668.0,12301.0,13273.8
2026-04-11 18:00:00,25570.8,12860.8,9459.8
2026-04-11 19:00:00,25695.8,13073.3,4726.8
2026-04-11 20:00:00,25902.5,13078.5,791.3
2026-04-11 21:00:00,27139.8,12885.8,0.0
2026-04-11 22:00:00,25740.5,12480.8,0.0
2026-04-11 23:00:00,23915.3,11997.0,0.0
2026-04-12 00:00:00,22339.8,11808.0,0.0
2026-04-12 01:00:00,21024.8,10538.8,0.0
2026-04-12 02:00:00,20013.3,10618.3,0.0
2026-04-12 03:00:00,19378.3,10162.8,0.0
2026-04-12 04:00:00,19106.5,9802.3,0.0
2026-04-12 05:00:00,19055.0,9638.5,0.0
2026-04-12 06:00:00,19597.0,9408.3,0.0
2026-04-12 07:00:00,20189.5,9075.0,29.0
2026-04-12 08:00:00,21286.3,8692.5,1634.0
2026-04-12 09:00:00,23888.5,8487.5,6620.8
2026-04-12 10:00:00,25729.5,8326.5,11095.3
2026-04-12 11:00:00,26198.5,8079.3,13650.8
2026-04-12 12:00:00,26037.5,8463.8,15120.8
2026-04-12 13:00:00,26299.8,8623.0,15942.8
2026-04-12 14:00:00,26180.0,9202.0,16449.8
2026-04-12 15:00:00,25015.3,9955.8,16329.5
2026-04-12 16:00:00,24482.0,10714.5,15769.0
2026-04-12 17:00:00,24793.3,11442.5,14636.0
2026-04-12 18:00:00,25047.0,12196.5,12132.3
2026-04-12 19:00:00,25556.0,12339.8,6820.3
2026-04-12 20:00:00,26158.8,12360.0,1397.3
2026-04-12 21:00:00,27438.3,12365.3,0.0
2026-04-12 22:00:00,26210.5,12443.5,0.0
2026-04-12 23:00:00,24089.3,12611.8,0.0
2026-04-13 00:00:00,22022.3,12458.3,0.0
2026-04-13 01:00:00,20665.5,12510.5,0.0
2026-04-13 02:00:00,19886.8,12571.0,0.0
2026-04-13 03:00:00,19529.5,12630.5,0.0
2026-04-13 04:00:00,19616.5,12653.5,0.0
2026-04-13 05:00:00,20426.8,12725.0,0.0
2026-04-13 06:00:00,23485.0,12656.0,0.0
2026-04-13 07:00:00,27050.8,12449.5,133.3
2026-04-13 08:00:00,29513.3,12214.3,4580.8
2026-04-13 09:00:00,31276.0,12096.0,14646.3
2026-04-13 10:00:00,32094.0,12020.5,21196.0
2026-04-13 11:00:00,32159.8,11964.5,23812.8
2026-04-13 12:00:00,31988.0,12055.5,24587.5
2026-04-13 13:00:00,32031.5,12242.3,24297.8
2026-04-13 14:00:00,31634.3,12504.0,23488.5
2026-04-13 15:00:00,30928.5,12733.5,21871.0
2026-04-13 16:00:00,30494.3,12939.3,20240.3
2026-04-13 17:00:00,30661.8,13042.8,17747.0
2026-04-13 18:00:00,30476.5,12820.0,13677.5
2026-04-13 19:00:00,30745.5,12499.8,7103.8
2026-04-13 20:00:00,31373.8,12018.0,1238.3
2026-04-13 21:00:00,31895.0,11492.0,3.0
2026-04-13 22:00:00,29367.8,10914.5,0.0
2026-04-13 23:00:00,26430.0,10321.0,0.0
2026-04-14 00:00:00,24345.3,9644.3,0.0
2026-04-14 01:00:00,22819.8,9519.8,0.0
2026-04-14 02:00:00,21943.5,9491.5,0.0
2026-04-14 03:00:00,21578.8,9488.8,0.0
2026-04-14 04:00:00,21579.8,9498.8,0.0
2026-04-14 05:00:00,22258.5,9589.3,0.0
2026-04-14 06:00:00,25070.0,9697.0,0.0
2026-04-14 07:00:00,28601.8,9585.5,207.3
2026-04-14 08:00:00,30715.5,9238.0,5080.8
2026-04-14 09:00:00,32303.0,9236.5,15062.3
2026-04-14 10:00:00,32964.5,9408.8,22027.8
2026-04-14 11:00:00,32887.0,9576.3,24920.8
2026-04-14 12:00:00,32688.5,9618.5,25751.8
2026-04-14 13:00:00,32699.0,9516.8,25740.3
2026-04-14 14:00:00,32353.0,9393.0,25132.3
2026-04-14 15:00:00,31505.8,9312.0,24139.3
2026-04-14 16:00:00,31027.5,9211.3,22638.0
2026-04-14 17:00:00,31057.5,8997.8,20287.0
2026-04-14 18:00:00,30883.8,8709.3,16265.8
2026-04-14 19:00:00,31060.3,8412.0,8863.3
2026-04-14 20:00:00,31573.3,8195.3,1739.0
2026-04-14 21:00:00,32319.0,8047.5,4.8
2026-04-14 22:00:00,29675.8,7801.0,0.0
2026-04-14 23:00:00,26857.5,7586.5,0.0
2026-04-15 00:00:00,24392.3,7774.5,0.0
2026-04-15 01:00:00,22924.5,7608.5,0.0
2026-04-15 02:00:00,22020.5,7366.8,0.0
2026-04-15 03:00:00,21669.3,7149.3,0.0
2026-04-15 04:00:00,21660.5,6986.0,0.0
2026-04-15 05:00:00,22346.3,6913.8,0.0
2026-04-15 06:00:00,25072.5,6779.0,0.0
2026-04-15 07:00:00,28790.5,6312.3,237.3
2026-04-15 08:00:00,30885.5,5200.0,5665.0
2026-04-15 09:00:00,32150.0,4771.3,16612.8
2026-04-15 10:00:00,32432.0,4551.0,23864.8
2026-04-15 11:00:00,32225.3,4501.8,26886.5
2026-04-15 12:00:00,31967.3,4488.0,27652.5
2026-04-15 13:00:00,31974.0,4392.5,28085.3
2026-04-15 14:00:00,31604.0,4284.3,27917.0
2026-04-15 15:00:00,30767.0,4304.3,27529.5
2026-04-15 16:00:00,30288.8,4451.3,26509.5
2026-04-15 17:00:00,30363.8,4560.8,24745.0
2026-04-15 18:00:00,30086.8,4733.3,20355.0
2026-04-15 19:00:00,30348.5,4534.5,11335.0
2026-04-15 20:00:00,31130.5,4706.8,2272.0
2026-04-15 21:00:00,31846.8,5064.3,5.3
2026-04-15 22:00:00,29213.8,5151.5,0.0
2026-04-15 23:00:00,26525.5,4990.3,0.0
2026-04-16 00:00:00,24386.8,4248.8,0.0
2026-04-16 01:00:00,22905.8,3681.8,0.0
2026-04-16 02:00:00,22035.3,3099.3,0.0
2026-04-16 03:00:00,21644.8,2585.8,0.0
2026-04-16 04:00:00,21628.5,2079.5,0.0
2026-04-16 05:00:00,22285.3,1729.3,0.0
2026-04-16 06:00:00,24917.0,1419.5,0.0
2026-04-16 07:00:00,28404.5,1137.8,295.8
2026-04-16 08:00:00,30317.0,937.5,6126.5
2026-04-16 09:00:00,31972.8,792.8,17338.0
2026-04-16 10:00:00,32153.8,881.0,24586.3
2026-04-16 11:00:00,31934.3,1164.0,27122.5
2026-04-16 12:00:00,32000.5,1498.8,27937.0
2026-04-16 13:00:00,31759.5,1700.0,28362.0
2026-04-16 14:00:00,31390.5,1841.3,28373.3
2026-04-16 15:00:00,30588.3,2019.5,27918.0
2026-04-16 16:00:00,30168.8,2270.8,26676.5
2026-04-16 17:00:00,30357.0,2340.5,24772.3
2026-04-16 18:00:00,30421.8,2430.0,20275.0
2026-04-16 19:00:00,30454.5,2404.5,11254.8
2026-04-16 20:00:00,30859.3,2812.5,2382.3
2026-04-16 21:00:00,31481.3,2819.3,8.3
2026-04-16 22:00:00,28935.8,2703.5,0.0
2026-04-16 23:00:00,26295.5,2521.3,0.0
2026-04-17 00:00:00,24406.0,2328.3,0.0
2026-04-17 01:00:00,23039.8,2105.5,0.0
2026-04-17 02:00:00,22094.0,2004.8,0.0
2026-04-17 03:00:00,21731.0,1885.5,0.0
2026-04-17 04:00:00,21717.3,1767.3,0.0
2026-04-17 05:00:00,22387.3,1613.3,0.0
2026-04-17 06:00:00,24930.8,1498.3,0.0
2026-04-17 07:00:00,28153.0,1410.8,337.8
2026-04-17 08:00:00,30179.3,1327.8,5913.0
2026-04-17 09:00:00,31917.0,1216.5,16731.8
2026-04-17 10:00:00,32430.3,1246.3,23773.5
2026-04-17 11:00:00,32245.8,1391.8,26497.5
2026-04-17 12:00:00,32156.0,1599.0,27558.0
2026-04-17 13:00:00,31947.8,1782.3,27942.0
2026-04-17 14:00:00,31444.0,1889.3,28004.8
2026-04-17 15:00:00,30576.8,2125.3,27307.5
2026-04-17 16:00:00,30020.8,2407.8,25989.5
2026-04-17 17:00:00,30220.0,2800.8,23735.0
2026-04-17 18:00:00,30337.3,3118.0,19202.3
2026-04-17 19:00:00,30246.0,3492.5,10697.0
2026-04-17 20:00:00,29982.3,3800.3,2275.0
2026-04-17 21:00:00,30573.0,4322.0,7.5
2026-04-17 22:00:00,28214.5,4388.3,0.0
2026-04-17 23:00:00,25880.3,4381.3,0.0
2026-04-18 00:00:00,24475.5,4425.5,0.0
2026-04-18 01:00:00,23044.3,4386.5,0.0
2026-04-18 02:00:00,21858.8,4327.0,0.0
2026-04-18 03:00:00,21212.8,4219.8,0.0
2026-04-18 04:00:00,20899.8,4072.5,0.0
2026-04-18 05:00:00,20787.5,3952.0,0.0
2026-04-18 06:00:00,21435.8,3732.0,0.0
2026-04-18 07:00:00,22365.3,3512.5,339.3
2026-04-18 08:00:00,24046.3,3246.5,5623.5
2026-04-18 09:00:00,26910.0,2949.3,15711.3
2026-04-18 10:00:00,28325.0,2933.8,22340.8
2026-04-18 11:00:00,28329.0,2808.5,25190.3
2026-04-18 12:00:00,28143.3,3112.0,26211.0
2026-04-18 13:00:00,28191.5,3197.3,26614.8
2026-04-18 14:00:00,27882.0,3373.3,26660.3
2026-04-18 15:00:00,26724.0,3753.0,25952.5
2026-04-18 16:00:00,25879.0,4164.3,24629.0
2026-04-18 17:00:00,25929.5,4699.3,22588.0
2026-04-18 18:00:00,25873.0,5286.0,18285.0
2026-04-18 19:00:00,25910.8,5826.8,10288.3
2026-04-18 20:00:00,26191.8,5992.0,2210.0
2026-04-18 21:00:00,27424.5,6153.5,5.5
2026-04-18 22:00:00,25929.0,6004.0,0.0
2026-04-18 23:00:00,24021.5,5699.3,0.0
2026-04-19 00:00:00,22451.3,5878.3,0.0
2026-04-19 01:00:00,21031.3,5409.8,0.0
2026-04-19 02:00:00,20095.8,4869.5,0.0
2026-04-19 03:00:00,19545.3,4383.8,0.0
2026-04-19 04:00:00,19338.5,3962.3,0.0
2026-04-19 05:00:00,19272.3,3607.0,0.0
2026-04-19 06:00:00,19668.5,3244.3,0.0
2026-04-19 07:00:00,19971.8,2784.8,424.8
2026-04-19 08:00:00,21087.5,2286.3,6564.8
2026-04-19 09:00:00,23771.3,1924.8,17647.3
2026-04-19 10:00:00,25574.3,1874.3,24118.8
2026-04-19 11:00:00,25946.8,2070.0,26406.5
2026-04-19 12:00:00,25877.3,2396.8,27293.8
2026-04-19 13:00:00,26155.5,2766.5,27553.5
2026-04-19 14:00:00,26119.0,3073.0,27617.8
2026-04-19 15:00:00,25042.8,3312.0,26898.3
2026-04-19 16:00:00,24390.8,3425.8,25429.5
2026-04-19 17:00:00,24643.0,3466.5,23337.3
2026-04-19 18:00:00,25139.5,3552.3,18861.8
2026-04-19 19:00:00,25533.3,3548.8,10757.8
2026-04-19 20:00:00,25779.8,3505.0,2336.8
2026-04-19 21:00:00,27235.0,3377.3,8.0
2026-04-19 22:00:00,26033.5,3236.5,0.0
2026-04-19 23:00:00,23882.8,3080.5,0.0
2026-04-20 00:00:00,22114.8,3103.8,0.0
2026-04-20 01:00:00,20885.0,3016.5,0.0
2026-04-20 02:00:00,20212.3,2776.5,0.0
2026-04-20 03:00:00,19899.3,2488.8,0.0
2026-04-20 04:00:00,19972.0,2220.8,0.0
2026-04-20 05:00:00,20790.8,1930.0,0.0
2026-04-20 06:00:00,23800.0,1663.8,0.0
2026-04-20 07:00:00,27232.0,1373.0,444.3
2026-04-20 08:00:00,29720.5,1112.0,6302.5
2026-04-20 09:00:00,31535.0,960.8,16643.0
2026-04-20 10:00:00,32216.8,1003.3,23021.8
2026-04-20 11:00:00,32052.8,1266.3,25593.3
2026-04-20 12:00:00,32002.3,1561.8,26545.8
2026-04-20 13:00:00,32007.0,1797.3,26761.5
2026-04-20 14:00:00,31701.5,2244.3,26562.3
2026-04-20 15:00:00,31103.0,2516.0,25844.8
2026-04-20 16:00:00,30896.8,2506.0,24391.0
2026-04-20 17:00:00,31230.3,2960.3,21801.0
2026-04-20 18:00:00,31447.3,2893.3,17461.8
2026-04-20 19:00:00,31228.8,3223.5,9885.3
2026-04-20 20:00:00,30988.8,3437.8,2084.5
2026-04-20 21:00:00,31275.5,3619.5,5.0
2026-04-20 22:00:00,28519.3,3716.8,0.0
2026-04-20 23:00:00,25811.3,3734.0,0.0
2026-04-21 00:00:00,24151.8,3879.0,0.0
2026-04-21 01:00:00,22820.5,3804.5,0.0
2026-04-21 02:00:00,21981.8,3775.5,0.0
2026-04-21 03:00:00,21669.5,3841.0,0.0
2026-04-21 04:00:00,21609.0,3975.5,0.0
2026-04-21 05:00:00,22301.3,4180.3,0.0
2026-04-21 06:00:00,24953.0,4604.5,0.0
2026-04-21 07:00:00,28038.0,4618.3,434.5
2026-04-21 08:00:00,30148.8,4800.3,5057.5
2026-04-21 09:00:00,31782.8,4793.8,13016.3
2026-04-21 10:00:00,32485.8,5166.3,18254.0
2026-04-21 11:00:00,32405.5,5927.8,20943.8
2026-04-21 12:00:00,32334.8,6852.5,22152.5
2026-04-21 13:00:00,32422.0,7420.8,22568.5
2026-04-21 14:00:00,32126.0,7997.5,22191.3
2026-04-21 15:00:00,31413.0,8396.0,21090.5
2026-04-21 16:00:00,31232.5,8706.0,19117.3
2026-04-21 17:00:00,31728.8,8700.0,16344.3
2026-04-21 18:00:00,32022.5,8280.0,12515.8
2026-04-21 19:00:00,31773.8,7602.0,6890.5
2026-04-21 20:00:00,31529.3,6354.0,1490.0
2026-04-21 21:00:00,31869.8,5879.3,2.8
2026-04-21 22:00:00,29065.5,5875.5,0.0
2026-04-21 23:00:00,26338.8,5820.8,0.0
2026-04-22 00:00:00,24283.0,6213.5,0.0
2026-04-22 01:00:00,22947.3,6059.0,0.0
2026-04-22 02:00:00,22141.5,6091.8,0.0
2026-04-22 03:00:00,21784.3,6171.8,0.0
2026-04-22 04:00:00,21734.0,6131.5,0.0
2026-04-22 05:00:00,22325.5,5843.8,0.0
2026-04-22 06:00:00,24939.0,5345.5,0.0
2026-04-22 07:00:00,28000.8,4583.5,442.3
2026-04-22 08:00:00,30104.0,3825.5,5613.3
2026-04-22 09:00:00,31454.5,3756.8,14454.5
2026-04-22 10:00:00,31963.3,3239.5,20478.0
2026-04-22 11:00:00,31731.8,3352.0,23741.8
2026-04-22 12:00:00,31639.0,3308.3,25538.3
2026-04-22 13:00:00,31654.3,3226.5,26573.0
2026-04-22 14:00:00,31359.5,3141.0,26939.0
2026-04-22 15:00:00,30711.3,3114.3,26606.3
2026-04-22 16:00:00,30599.8,3311.5,25385.0
2026-04-22 17:00:00,31024.0,3413.5,23607.0
2026-04-22 18:00:00,31176.8,3744.8,19654.8
2026-04-22 19:00:00,31178.3,4326.5,11712.8
2026-04-22 20:00:00,31165.5,4921.8,2811.5
2026-04-22 21:00:00,31192.0,5227.5,15.8
2026-04-22 22:00:00,28543.0,5126.3,0.0
2026-04-22 23:00:00,26031.8,4533.0,0.0
2026-04-23 00:00:00,23989.5,4366.8,0.0
2026-04-23 01:00:00,22727.5,4098.5,0.0
2026-04-23 02:00:00,21839.3,4006.0,0.0
2026-04-23 03:00:00,21467.8,4003.8,0.0
2026-04-23 04:00:00,21367.3,4079.3,0.0
2026-04-23 05:00:00,21923.8,4196.0,0.0
2026-04-23 06:00:00,24399.8,4342.0,0.0
2026-04-23 07:00:00,27345.8,4198.8,490.0
2026-04-23 08:00:00,29325.5,4138.5,5642.0
2026-04-23 09:00:00,30728.5,4225.8,14227.0
2026-04-23 10:00:00,31239.0,4499.0,19751.3
2026-04-23 11:00:00,30968.0,5118.5,22477.0
2026-04-23 12:00:00,30964.5,5778.0,23705.8
2026-04-23 13:00:00,30974.5,6456.0,24291.3
2026-04-23 14:00:00,30696.0,7062.5,24346.0
2026-04-23 15:00:00,30053.8,7650.5,23771.8
2026-04-23 16:00:00,29872.8,8251.5,21842.8
2026-04-23 17:00:00,30216.0,8680.0,18888.5
2026-04-23 18:00:00,30226.3,9018.5,14619.5
2026-04-23 19:00:00,30206.5,9097.5,8314.3
2026-04-23 20:00:00,30390.8,8971.3,1770.3
2026-04-23 21:00:00,30725.3,8630.5,9.5
2026-04-23 22:00:00,28168.3,8159.5,0.0
2026-04-23 23:00:00,25714.8,7569.3,0.0
2026-04-24 00:00:00,23957.5,6590.5,0.0
2026-04-24 01:00:00,22731.5,5915.8,0.0
2026-04-24 02:00:00,21854.5,5463.5,0.0
2026-04-24 03:00:00,21453.5,4790.3,0.0
2026-04-24 04:00:00,21360.5,4164.3,0.0
2026-04-24 05:00:00,21971.3,3683.5,0.0
2026-04-24 06:00:00,24452.5,3379.0,0.0
2026-04-24 07:00:00,27338.8,3189.8,429.0
2026-04-24 08:00:00,29341.8,2971.5,3587.8
2026-04-24 09:00:00,31004.5,2723.3,8942.3
2026-04-24 10:00:00,31674.0,2651.0,13384.8
2026-04-24 11:00:00,31557.3,2788.3,15726.8
2026-04-24 12:00:00,31385.5,2905.5,17626.5
2026-04-24 13:00:00,31121.8,2918.0,18726.5
2026-04-24 14:00:00,30547.0,2896.8,18856.3
2026-04-24 15:00:00,29600.5,2920.3,18140.3
2026-04-24 16:00:00,29258.8,2967.5,15788.0
2026-04-24 17:00:00,29776.3,3166.0,13492.5
2026-04-24 18:00:00,30207.5,3238.0,10249.8
2026-04-24 19:00:00,29952.0,3219.0,5821.0
2026-04-24 20:00:00,29418.8,3025.0,1421.5
2026-04-24 21:00:00,29940.0,2923.8,15.3
2026-04-24 22:00:00,27481.5,2646.5,0.0
2026-04-24 23:00:00,25270.8,2363.0,0.0
2026-04-25 00:00:00,23646.8,2498.5,0.0
2026-04-25 01:00:00,22183.3,2359.3,0.0
2026-04-25 02:00:00,21178.5,2224.8,0.0
2026-04-25 03:00:00,20601.8,2151.5,0.0
2026-04-25 04:00:00,20312.3,2276.0,0.0
2026-04-25 05:00:00,20239.5,2351.8,0.0
2026-04-25 06:00:00,20970.5,2362.0,0.0
2026-04-25 07:00:00,21853.5,2214.5,467.5
2026-04-25 08:00:00,23567.0,1987.8,4892.8
2026-04-25 09:00:00,26048.0,1813.5,12095.3
2026-04-25 10:00:00,27498.3,1984.8,17251.3
2026-04-25 11:00:00,27447.3,2249.8,19799.0
2026-04-25 12:00:00,27107.0,2585.3,21413.3
2026-04-25 13:00:00,27118.5,2999.5,21950.3
2026-04-25 14:00:00,26757.5,3365.8,21812.8
2026-04-25 15:00:00,25656.5,3730.5,21123.8
2026-04-25 16:00:00,25006.8,4083.3,19170.3
2026-04-25 17:00:00,25178.5,4419.5,16952.5
2026-04-25 18:00:00,25303.8,4812.5,13584.3
2026-04-25 19:00:00,25250.3,5177.5,7819.5
2026-04-25 20:00:00,25366.0,5465.5,1887.8
2026-04-25 21:00:00,26659.8,5524.0,16.8
2026-04-25 22:00:00,25152.8,5459.8,0.0
2026-04-25 23:00:00,23444.0,5383.3,0.0
2026-04-26 00:00:00,21990.3,5122.8,0.0
2026-04-26 01:00:00,20606.3,4948.0,0.0
2026-04-26 02:00:00,19689.0,4535.3,0.0
2026-04-26 03:00:00,19131.0,4192.5,0.0
2026-04-26 04:00:00,18866.0,3922.3,0.0
2026-04-26 05:00:00,18867.0,3707.5,0.0
2026-04-26 06:00:00,19278.8,3479.0,0.0
2026-04-26 07:00:00,19574.8,3094.3,707.8
2026-04-26 08:00:00,20810.5,2626.5,6987.3
2026-04-26 09:00:00,23349.8,2417.0,16546.8
2026-04-26 10:00:00,25054.3,2552.3,22026.5
2026-04-26 11:00:00,25502.3,2738.8,23998.3
2026-04-26 12:00:00,25467.5,2881.8,25078.8
2026-04-26 13:00:00,25704.0,3079.3,25355.0
2026-04-26 14:00:00,25592.0,3369.5,25317.0
2026-04-26 15:00:00,24445.0,3683.3,24676.3
2026-04-26 16:00:00,23841.5,4073.5,23136.3
2026-04-26 17:00:00,24004.5,4399.3,21110.5
2026-04-26 18:00:00,24383.3,4595.5,17810.5
2026-04-26 19:00:00,24765.3,5156.3,10717.3
2026-04-26 20:00:00,25188.5,5525.0,2673.5
2026-04-26 21:00:00,26733.3,5718.0,21.8
2026-04-26 22:00:00,25728.8,5688.8,0.0
2026-04-26 23:00:00,23664.5,5453.5,0.0
2026-04-27 00:00:00,22084.8,4926.3,0.0
2026-04-27 01:00:00,20903.8,4743.3,0.0
2026-04-27 02:00:00,20171.8,4554.3,0.0
2026-04-27 03:00:00,19896.3,4430.5,0.0
2026-04-27 04:00:00,19942.5,4377.0,0.0
2026-04-27 05:00:00,20787.5,4373.0,0.0
2026-04-27 06:00:00,23694.0,4355.5,0.0
2026-04-27 07:00:00,26868.3,4186.8,883.8
2026-04-27 08:00:00,29470.3,3918.0,7896.8
2026-04-27 09:00:00,31179.3,3928.8,17871.8
2026-04-27 10:00:00,31783.5,4009.5,23273.3
2026-04-27 11:00:00,31744.3,4339.0,25079.5
2026-04-27 12:00:00,31662.0,4742.8,26086.0
2026-04-27 13:00:00,31644.0,5147.8,26269.8
2026-04-27 14:00:00,31273.0,5491.8,26168.8
2026-04-27 15:00:00,30528.5,5780.3,25505.0
2026-04-27 16:00:00,30099.0,6106.5,23445.3
2026-04-27 17:00:00,30390.0,6632.8,21037.8
2026-04-27 18:00:00,30372.0,7243.8,17648.8
2026-04-27 19:00:00,30293.8,7702.3,10420.8
2026-04-27 20:00:00,30362.8,7955.3,2557.5
2026-04-27 21:00:00,30941.0,7881.5,22.5
2026-04-27 22:00:00,28396.8,7645.8,0.0
2026-04-27 23:00:00,25728.0,7308.0,0.0
2026-04-28 00:00:00,23988.0,6938.8,0.0
2026-04-28 01:00:00,22720.3,6483.8,0.0
2026-04-28 02:00:00,21839.3,6086.3,0.0
2026-04-28 03:00:00,21510.8,5720.0,0.0
2026-04-28 04:00:00,21480.5,5292.8,0.0
2026-04-28 05:00:00,22177.3,5004.8,0.0
2026-04-28 06:00:00,24761.3,4707.3,0.0
2026-04-28 07:00:00,27640.5,4299.5,787.0
2026-04-28 08:00:00,29844.0,3857.8,6136.3
2026-04-28 09:00:00,31447.5,3564.5,14084.8
2026-04-28 10:00:00,31883.8,3574.8,19102.8
2026-04-28 11:00:00,31583.5,3772.5,21408.0
2026-04-28 12:00:00,31561.3,4043.0,22551.8
2026-04-28 13:00:00,31568.8,4320.0,22796.8
2026-04-28 14:00:00,31167.5,4619.0,22534.3
2026-04-28 15:00:00,30419.0,4910.0,21261.3
2026-04-28 16:00:00,30095.3,5240.8,19086.8
2026-04-28 17:00:00,30513.8,5755.0,16372.0
2026-04-28 18:00:00,30765.3,6384.0,13053.8
2026-04-28 19:00:00,30514.0,6719.8,7284.8
2026-04-28 20:00:00,30603.8,6803.0,1729.0
2026-04-28 21:00:00,31026.3,6711.5,20.5
2026-04-28 22:00:00,28418.5,6476.3,0.0
2026-04-28 23:00:00,25786.5,6160.5,0.0
2026-04-29 00:00:00,24034.8,6185.5,0.0
2026-04-29 01:00:00,22824.0,5735.3,0.0
2026-04-29 02:00:00,21984.3,5457.8,0.0
2026-04-29 03:00:00,21651.5,5331.5,0.0
2026-04-29 04:00:00,21591.8,5288.0,0.0
2026-04-29 05:00:00,22210.3,5188.0,0.0
2026-04-29 06:00:00,24637.5,5140.5,0.0
2026-04-29 07:00:00,27471.0,5254.3,523.5
2026-04-29 08:00:00,29786.8,5105.3,3311.8
2026-04-29 09:00:00,31374.0,5231.3,7762.8
2026-04-29 10:00:00,31845.0,5505.5,11758.5
2026-04-29 11:00:00,31611.0,5825.5,14997.0
2026-04-29 12:00:00,31497.3,6016.8,17520.8
2026-04-29 13:00:00,31466.8,6069.0,18695.0
2026-04-29 14:00:00,31077.8,5991.5,19296.0
2026-04-29 15:00:00,30312.5,6043.3,19252.8
2026-04-29 16:00:00,29900.5,5911.5,18275.3
2026-04-29 17:00:00,30232.0,5641.0,16065.8
2026-04-29 18:00:00,30605.3,5293.8,13750.8
2026-04-29 19:00:00,30681.5,5076.8,8472.3
2026-04-29 20:00:00,30551.3,4962.0,2316.5
2026-04-29 21:00:00,30848.5,4790.5,48.5
2026-04-29 22:00:00,28269.8,4598.3,0.0
2026-04-29 23:00:00,25726.3,4485.0,0.0
2026-04-30 00:00:00,23923.3,4732.3,0.0
2026-04-30 01:00:00,22686.3,4495.0,0.0
2026-04-30 02:00:00,21855.8,4164.3,0.0
2026-04-30 03:00:00,21514.8,3784.3,0.0
2026-04-30 04:00:00,21433.3,3350.0,0.0
2026-04-30 05:00:00,22061.0,2859.0,0.0
2026-04-30 06:00:00,24446.8,2384.3,5.3
2026-04-30 07:00:00,27213.5,1956.0,1043.5
2026-04-30 08:00:00,29466.3,1675.8,7251.8
2026-04-30 09:00:00,30833.0,1488.8,16371.3
2026-04-30 10:00:00,31253.0,1403.3,22674.5
2026-04-30 11:00:00,31029.8,1426.3,25514.0
2026-04-30 12:00:00,30943.8,1495.5,26808.3
2026-04-30 13:00:00,30938.3,1555.3,27166.5
2026-04-30 14:00:00,30497.5,1644.0,26970.8
2026-04-30 15:00:00,29658.8,1736.0,26196.0
2026-04-30 16:00:00,29314.8,1854.5,24788.8
2026-04-30 17:00:00,29511.3,2073.3,22527.8
2026-04-30 18:00:00,29865.0,2124.8,19172.8
2026-04-30 19:00:00,29688.3,2589.5,11564.0
2026-04-30 20:00:00,29633.5,2698.3,3170.0
2026-04-30 21:00:00,30037.3,2631.5,56.5
2026-04-30 22:00:00,27848.8,2611.3,0.0
2026-04-30 23:00:00,25422.0,2650.5,0.0
2026-05-01 00:00:00,23959.3,2352.0,0.0
2026-05-01 01:00:00,22446.3,2352.5,0.0
2026-05-01 02:00:00,21318.8,2204.8,0.0
2026-05-01 03:00:00,20602.8,1889.3,0.0
2026-05-01 04:00:00,20141.5,1796.0,0.0
2026-05-01 05:00:00,19875.5,1795.0,0.0
2026-05-01 06:00:00,20237.5,1838.3,6.8
2026-05-01 07:00:00,20131.0,1860.3,802.0
2026-05-01 08:00:00,20832.8,1896.3,6668.8
2026-05-01 09:00:00,22839.3,1979.0,14923.5
2026-05-01 10:00:00,24154.5,2177.5,19743.8
2026-05-01 11:00:00,24493.8,2505.8,21788.5
2026-05-01 12:00:00,24676.3,2902.8,23603.3
2026-05-01 13:00:00,24908.3,3352.3,24205.0
2026-05-01 14:00:00,24808.0,4068.8,24450.8
2026-05-01 15:00:00,23392.0,4440.5,24003.5
2026-05-01 16:00:00,22475.3,4745.8,22553.3
2026-05-01 17:00:00,22317.3,4984.5,20091.0
2026-05-01 18:00:00,22725.3,4923.8,17658.3
2026-05-01 19:00:00,22964.3,5156.0,10893.5
2026-05-01 20:00:00,23566.8,5685.0,2996.3
2026-05-01 21:00:00,25316.5,6064.0,61.8
2026-05-01 22:00:00,24926.0,6423.3,0.0
2026-05-01 23:00:00,23278.5,6696.5,0.0
2026-05-02 00:00:00,21977.8,7130.3,0.0
2026-05-02 01:00:00,20684.8,7101.0,0.0
2026-05-02 02:00:00,19743.5,6967.5,0.0
2026-05-02 03:00:00,19201.3,6799.8,0.0
2026-05-02 04:00:00,18845.3,6596.8,0.0
2026-05-02 05:00:00,18965.3,6538.8,0.0
2026-05-02 06:00:00,19730.5,6456.5,2.3
2026-05-02 07:00:00,20443.3,6371.8,451.8
2026-05-02 08:00:00,22362.5,6502.5,2952.3
2026-05-02 09:00:00,25258.5,6864.3,6911.5
2026-05-02 10:00:00,26776.5,7419.5,10586.3
2026-05-02 11:00:00,27442.5,7990.0,13533.5
2026-05-02 12:00:00,27130.8,8512.5,15734.3
2026-05-02 13:00:00,27347.5,8686.3,17277.5
2026-05-02 14:00:00,26908.0,8746.5,17947.0
2026-05-02 15:00:00,25507.3,8724.3,17913.0
2026-05-02 16:00:00,24579.8,8337.3,16728.3
2026-05-02 17:00:00,24768.3,7777.5,14589.5
2026-05-02 18:00:00,25023.0,7003.5,12639.0
2026-05-02 19:00:00,24975.0,6160.8,8106.3
2026-05-02 20:00:00,24683.3,5705.5,2350.8
2026-05-02 21:00:00,25612.0,5459.5,64.3
2026-05-02 22:00:00,24780.3,5219.8,0.0
2026-05-02 23:00:00,23040.5,5027.5,0.0
2026-05-03 00:00:00,21309.0,5211.5,0.0
2026-05-03 01:00:00,20039.8,5142.5,0.0
2026-05-03 02:00:00,19195.0,4810.3,0.0
2026-05-03 03:00:00,18682.8,4482.0,0.0
2026-05-03 04:00:00,18415.8,4169.5,0.0
2026-05-03 05:00:00,18424.0,3879.8,0.0
2026-05-03 06:00:00,18923.0,3540.0,2.0
2026-05-03 07:00:00,19271.5,3196.0,619.5
2026-05-03 08:00:00,20727.8,3056.5,4940.3
2026-05-03 09:00:00,23395.5,3073.3,11310.8
2026-05-03 10:00:00,25003.8,3316.3,15945.5
2026-05-03 11:00:00,25220.0,3756.3,18490.3
2026-05-03 12:00:00,25272.3,4234.3,20237.0
2026-05-03 13:00:00,25588.8,4798.5,21019.5
2026-05-03 14:00:00,25332.8,4935.0,21119.3
2026-05-03 15:00:00,24229.8,5064.0,20380.3
2026-05-03 16:00:00,23718.5,5103.0,18572.3
2026-05-03 17:00:00,23959.0,4924.8,16038.5
2026-05-03 18:00:00,24961.8,4524.8,13056.0
2026-05-03 19:00:00,25150.3,4142.0,8059.3
2026-05-03 20:00:00,25238.5,3770.5,2344.3
2026-05-03 21:00:00,26278.5,3476.5,74.8
2026-05-03 22:00:00,25303.3,3352.0,0.0
2026-05-03 23:00:00,23173.0,3203.5,0.0
2026-05-04 00:00:00,21825.3,2811.5,0.0
2026-05-04 01:00:00,20617.0,2666.0,0.0
2026-05-04 02:00:00,19971.3,2580.0,0.0
2026-05-04 03:00:00,19759.8,2452.5,0.0
2026-05-04 04:00:00,19797.5,2328.5,0.0
2026-05-04 05:00:00,20518.8,2230.3,0.0
2026-05-04 06:00:00,23285.8,2080.5,1.5
2026-05-04 07:00:00,26407.5,1888.5,757.0
2026-05-04 08:00:00,29113.8,1783.5,6356.3
2026-05-04 09:00:00,30949.8,1919.3,14468.8
2026-05-04 10:00:00,31642.3,2367.0,19912.0
2026-05-04 11:00:00,31506.5,3057.3,22586.0
2026-05-04 12:00:00,31472.5,3679.0,23946.5
2026-05-04 13:00:00,31487.5,4616.3,24930.8
2026-05-04 14:00:00,30959.3,5445.3,25289.8
2026-05-04 15:00:00,30277.8,6072.5,24624.0
2026-05-04 16:00:00,29878.3,6524.3,23460.0
2026-05-04 17:00:00,30050.5,6622.0,21615.0
2026-05-04 18:00:00,30476.3,6270.0,18205.3
2026-05-04 19:00:00,30346.0,5755.3,11586.0
2026-05-04 20:00:00,30545.8,5351.8,3446.5
2026-05-04 21:00:00,30878.8,4957.0,91.8
2026-05-04 22:00:00,28295.8,4703.5,0.0
2026-05-04 23:00:00,25643.3,4515.8,0.0
2026-05-05 00:00:00,23531.3,4372.8,0.0
2026-05-05 01:00:00,22268.0,4171.3,0.0
2026-05-05 02:00:00,21486.0,4001.8,0.0
2026-05-05 03:00:00,21253.8,3844.0,0.0
2026-05-05 04:00:00,21222.5,3640.8,0.0
2026-05-05 05:00:00,21880.0,3433.0,0.0
2026-05-05 06:00:00,24379.5,3136.8,1.5
2026-05-05 07:00:00,27318.3,2645.3,1275.5
2026-05-05 08:00:00,29682.0,2141.0,9373.5
2026-05-05 09:00:00,31261.5,1995.8,19443.8
2026-05-05 10:00:00,31867.5,2265.8,24646.3
2026-05-05 11:00:00,31716.3,2655.0,26544.8
2026-05-05 12:00:00,31735.3,3059.3,27019.0
2026-05-05 13:00:00,31727.5,3511.3,27441.8
2026-05-05 14:00:00,31027.8,4101.5,27273.3
2026-05-05 15:00:00,30210.8,4704.3,26240.0
2026-05-05 16:00:00,29826.8,5271.5,24353.0
2026-05-05 17:00:00,29980.5,5578.8,22064.5
2026-05-05 18:00:00,30156.8,5543.3,18648.5
2026-05-05 19:00:00,30071.5,5266.5,11940.8
2026-05-05 20:00:00,30415.8,4844.0,3589.3
2026-05-05 21:00:00,30665.8,4443.0,106.8
2026-05-05 22:00:00,28357.5,4173.5,0.0
2026-05-05 23:00:00,25807.5,3952.0,0.0
2026-05-06 00:00:00,24037.8,3584.0,0.0
2026-05-06 01:00:00,22740.0,3310.3,0.0
2026-05-06 02:00:00,21936.3,3070.8,0.0
2026-05-06 03:00:00,21646.8,2847.0,0.0
2026-05-06 04:00:00,21606.0,2668.3,0.0
2026-05-06 05:00:00,22280.0,2479.8,0.0
2026-05-06 06:00:00,24757.0,2208.0,5.8
2026-05-06 07:00:00,27807.5,1811.0,1503.0
2026-05-06 08:00:00,30045.0,1503.5,10192.5
2026-05-06 09:00:00,31410.0,1400.0,20460.8
2026-05-06 10:00:00,31909.0,1507.3,25155.3
2026-05-06 11:00:00,31766.5,1593.0,26685.0
2026-05-06 12:00:00,31811.3,1797.0,27249.5
2026-05-06 13:00:00,31984.3,1866.8,27145.3
2026-05-06 14:00:00,31386.8,2102.3,26766.0
2026-05-06 15:00:00,30580.5,2352.3,25863.0
2026-05-06 16:00:00,30062.3,2670.3,24119.3
2026-05-06 17:00:00,30151.5,3131.8,21870.8
2026-05-06 18:00:00,30432.8,3492.5,18643.0
2026-05-06 19:00:00,30597.3,3904.5,12089.0
2026-05-06 20:00:00,30792.0,4429.3,3672.8
2026-05-06 21:00:00,31059.0,5207.0,142.0
2026-05-06 22:00:00,28774.5,5582.8,0.0
2026-05-06 23:00:00,26149.5,5579.0,0.0
2026-05-07 00:00:00,24192.5,5170.3,0.0
2026-05-07 01:00:00,22867.8,4833.0,0.0
2026-05-07 02:00:00,22014.0,4432.0,0.0
2026-05-07 03:00:00,21682.8,4051.3,0.0
2026-05-07 04:00:00,21596.0,3762.0,0.0
2026-05-07 05:00:00,22142.8,3548.5,0.0
2026-05-07 06:00:00,24626.8,3170.5,2.8
2026-05-07 07:00:00,27701.0,2731.8,1241.8
2026-05-07 08:00:00,30222.3,2277.3,7880.8
2026-05-07 09:00:00,31773.0,2002.0,16188.0
2026-05-07 10:00:00,32361.0,2022.5,20785.3
2026-05-07 11:00:00,32207.5,2297.8,22702.3
2026-05-07 12:00:00,32124.3,2601.5,23354.0
2026-05-07 13:00:00,32090.3,2823.3,23349.3
2026-05-07 14:00:00,31520.5,3024.3,23059.8
2026-05-07 15:00:00,30649.3,3258.3,21797.3
2026-05-07 16:00:00,30164.5,3338.0,19867.8
2026-05-07 17:00:00,30421.3,3268.8,18034.5
2026-05-07 18:00:00,30767.0,3126.0,15378.0
2026-05-07 19:00:00,30747.3,2978.8,9945.3
2026-05-07 20:00:00,30486.8,3117.8,3042.3
2026-05-07 21:00:00,30708.0,3327.0,110.8
2026-05-07 22:00:00,28535.3,3507.3,0.0
2026-05-07 23:00:00,25914.8,3691.5,0.0
2026-05-08 00:00:00,23914.5,3551.5,0.0
2026-05-08 01:00:00,22620.3,3661.0,0.0
2026-05-08 02:00:00,21766.5,3681.0,0.0
2026-05-08 03:00:00,21437.8,3585.0,0.0
2026-05-08 04:00:00,21348.3,3475.8,0.0
2026-05-08 05:00:00,21876.8,3470.3,0.0
2026-05-08 06:00:00,24279.3,3534.0,2.8
2026-05-08 07:00:00,27407.3,3645.8,859.3
2026-05-08 08:00:00,29990.3,3677.5,5384.8
2026-05-08 09:00:00,31238.8,3971.8,11634.3
2026-05-08 10:00:00,31873.3,4504.8,16186.0
2026-05-08 11:00:00,31705.3,5111.0,18954.3
2026-05-08 12:00:00,31653.3,5599.3,20680.8
2026-05-08 13:00:00,31649.5,5948.3,21518.8
2026-05-08 14:00:00,30947.3,6032.0,21878.8
2026-05-08 15:00:00,29918.8,5943.3,21717.0
2026-05-08 16:00:00,29490.3,5506.3,20811.5
2026-05-08 17:00:00,29642.8,5169.5,19309.0
2026-05-08 18:00:00,30035.0,4861.0,16400.8
2026-05-08 19:00:00,29956.3,4815.8,10683.0
2026-05-08 20:00:00,29584.5,5154.3,3328.8
2026-05-08 21:00:00,29674.3,5509.3,91.0
2026-05-08 22:00:00,27504.8,5928.3,0.0
2026-05-08 23:00:00,25311.3,6405.5,0.0
2026-05-09 00:00:00,23889.0,6948.8,0.0
2026-05-09 01:00:00,22561.3,7163.8,0.0
2026-05-09 02:00:00,21406.8,7324.3,0.0
2026-05-09 03:00:00,20852.5,7276.8,0.0
2026-05-09 04:00:00,20469.5,7129.3,0.0
2026-05-09 05:00:00,20458.3,7012.8,0.0
2026-05-09 06:00:00,21264.3,6934.3,1.0
2026-05-09 07:00:00,22054.3,6879.8,665.0
2026-05-09 08:00:00,23904.0,6675.3,3303.0
2026-05-09 09:00:00,26541.3,6848.8,6842.8
2026-05-09 10:00:00,28038.5,7126.8,9965.5
2026-05-09 11:00:00,28292.3,7218.5,12641.3
2026-05-09 12:00:00,28271.8,7207.3,14711.5
2026-05-09 13:00:00,28497.8,7131.8,16028.0
2026-05-09 14:00:00,28034.8,7188.0,16675.3
2026-05-09 15:00:00,26681.3,7246.8,17032.8
2026-05-09 16:00:00,25684.0,7337.8,16533.3
2026-05-09 17:00:00,25602.8,7200.8,15455.5
2026-05-09 18:00:00,25886.5,6934.3,13492.3
2026-05-09 19:00:00,25963.5,6789.3,9165.8
2026-05-09 20:00:00,26151.3,6887.0,3032.8
2026-05-09 21:00:00,27123.8,7096.5,98.3
2026-05-09 22:00:00,25888.3,7611.5,0.0
2026-05-09 23:00:00,23925.0,8482.3,0.0
2026-05-10 00:00:00,22045.3,8685.3,0.0
2026-05-10 01:00:00,20604.8,8964.3,0.0
2026-05-10 02:00:00,19642.5,8966.5,0.0
2026-05-10 03:00:00,19059.3,8672.8,0.0
2026-05-10 04:00:00,18765.0,8217.0,0.0
2026-05-10 05:00:00,18734.5,7747.3,0.0
2026-05-10 06:00:00,19217.8,7336.5,4.0
2026-05-10 07:00:00,19558.5,7097.3,1419.0
2026-05-10 08:00:00,21051.0,7337.0,6607.0
2026-05-10 09:00:00,23596.0,7939.8,12799.8
2026-05-10 10:00:00,25368.8,8606.0,16866.8
2026-05-10 11:00:00,25904.3,9324.8,18886.3
2026-05-10 12:00:00,26073.5,9886.3,19804.5
2026-05-10 13:00:00,26405.5,10261.5,20289.8
2026-05-10 14:00:00,26038.0,10556.5,20345.8
2026-05-10 15:00:00,24597.8,10635.8,20040.0
2026-05-10 16:00:00,23926.0,10237.5,19117.5
2026-05-10 17:00:00,24173.8,9481.5,17877.3
2026-05-10 18:00:00,24805.5,8475.3,15407.3
2026-05-10 19:00:00,25191.8,7351.5,10265.0
2026-05-10 20:00:00,25546.8,6598.8,3511.0
2026-05-10 21:00:00,26820.8,6193.0,179.3
2026-05-10 22:00:00,25979.3,6155.0,0.0
2026-05-10 23:00:00,23838.0,6025.0,0.0
2026-05-11 00:00:00,22000.0,6458.3,0.0
2026-05-11 01:00:00,20745.0,6535.5,0.0
2026-05-11 02:00:00,19983.5,6471.0,0.0
2026-05-11 03:00:00,19662.3,6307.0,0.0
2026-05-11 04:00:00,19651.8,6095.3,0.0
2026-05-11 05:00:00,20454.5,5695.8,0.0
2026-05-11 06:00:00,23390.3,5262.3,5.5
2026-05-11 07:00:00,26637.5,4862.0,1513.3
2026-05-11 08:00:00,29284.5,4620.0,8695.3
2026-05-11 09:00:00,30747.5,4532.0,17043.5
2026-05-11 10:00:00,31462.0,4485.3,21192.0
2026-05-11 11:00:00,31542.5,4570.3,23168.0
2026-05-11 12:00:00,31838.5,4702.5,24271.0
2026-05-11 13:00:00,32083.5,4764.8,24895.0
2026-05-11 14:00:00,31500.0,4764.5,25196.5
2026-05-11 15:00:00,30391.0,4702.3,24616.5
2026-05-11 16:00:00,29940.5,4508.5,23245.5
2026-05-11 17:00:00,30010.0,4227.3,21394.3
2026-05-11 18:00:00,30206.0,3782.3,18347.5
2026-05-11 19:00:00,30331.5,3344.3,12319.3
2026-05-11 20:00:00,30488.0,3052.0,4096.0
2026-05-11 21:00:00,30938.8,2725.3,178.0
2026-05-11 22:00:00,28670.3,2423.3,0.0
2026-05-11 23:00:00,25961.3,2193.5,0.0
2026-05-12 00:00:00,24126.0,1970.8,0.0
2026-05-12 01:00:00,22692.0,1939.8,0.0
2026-05-12 02:00:00,21769.5,1886.8,0.0
2026-05-12 03:00:00,21399.5,1811.0,0.0
2026-05-12 04:00:00,21301.3,1755.3,0.0
2026-05-12 05:00:00,21857.0,1740.5,0.0
2026-05-12 06:00:00,24494.0,1848.5,7.3
2026-05-12 07:00:00,27560.8,1724.8,1644.3
2026-05-12 08:00:00,29991.0,1918.0,8353.8
2026-05-12 09:00:00,31154.0,2489.5,15947.5
2026-05-12 10:00:00,31811.8,3259.8,20217.0
2026-05-12 11:00:00,31900.8,4361.0,22154.8
2026-05-12 12:00:00,32138.3,5494.0,22487.3
2026-05-12 13:00:00,32422.8,6633.0,22827.5
2026-05-12 14:00:00,31880.8,7602.0,22502.3
2026-05-12 15:00:00,30853.5,8421.8,21377.3
2026-05-12 16:00:00,30109.8,9016.3,19883.5
2026-05-12 17:00:00,29976.8,9349.8,18118.0
2026-05-12 18:00:00,30080.8,9514.8,15428.0
2026-05-12 19:00:00,30417.5,9521.0,10567.0
2026-05-12 20:00:00,30841.8,9509.8,3476.0
2026-05-12 21:00:00,31282.0,9459.3,142.3
2026-05-12 22:00:00,29039.3,9320.0,0.0
2026-05-12 23:00:00,26370.5,9131.0,0.0
2026-05-13 00:00:00,24336.5,9075.8,0.0
2026-05-13 01:00:00,22920.8,8743.0,0.0
2026-05-13 02:00:00,22030.3,8394.0,0.0
2026-05-13 03:00:00,21617.0,7950.5,0.0
2026-05-13 04:00:00,21569.0,7664.0,0.0
2026-05-13 05:00:00,22076.3,7367.5,0.0
2026-05-13 06:00:00,24542.0,6976.8,8.8
2026-05-13 07:00:00,27450.8,6649.8,1832.3
2026-05-13 08:00:00,29819.8,6561.5,9744.3
2026-05-13 09:00:00,31098.0,6658.5,18569.8
2026-05-13 10:00:00,31557.8,6741.0,22661.5
2026-05-13 11:00:00,31548.3,6893.3,24203.3
2026-05-13 12:00:00,31702.5,6903.8,24766.3
2026-05-13 13:00:00,31975.3,7208.5,24734.0
2026-05-13 14:00:00,31512.3,7459.0,24425.8
2026-05-13 15:00:00,30455.5,7657.3,23610.3
2026-05-13 16:00:00,29877.0,7842.5,22167.8
2026-05-13 17:00:00,29853.5,7806.3,20155.8
2026-05-13 18:00:00,30132.5,7634.5,17047.5
2026-05-13 19:00:00,30493.3,7347.8,11912.3
2026-05-13 20:00:00,30547.8,7273.0,4035.0
2026-05-13 21:00:00,30928.8,7050.8,216.5
2026-05-13 22:00:00,28887.0,6772.8,0.0
2026-05-13 23:00:00,26188.3,6660.0,0.0
2026-05-14 00:00:00,24088.0,6135.0,0.0
2026-05-14 01:00:00,22676.3,5937.3,0.0
2026-05-14 02:00:00,21795.5,5744.3,0.0
2026-05-14 03:00:00,21402.8,5536.8,0.0
2026-05-14 04:00:00,21365.3,5344.0,0.0
2026-05-14 05:00:00,21915.5,5226.0,0.0
2026-05-14 06:00:00,24351.5,5044.5,8.5
2026-05-14 07:00:00,27331.8,4712.3,1928.5
2026-05-14 08:00:00,29770.5,4818.5,10221.5
2026-05-14 09:00:00,31250.8,5263.3,19293.0
2026-05-14 10:00:00,31756.0,5741.8,24120.5
2026-05-14 11:00:00,31766.8,6167.5,26102.5
2026-05-14 12:00:00,31915.0,6687.8,26649.0
2026-05-14 13:00:00,32081.5,7220.0,26806.0
2026-05-14 14:00:00,31529.8,7760.5,26613.0
2026-05-14 15:00:00,30604.0,8325.0,25822.0
2026-05-14 16:00:00,30111.0,8931.5,24496.3
2026-05-14 17:00:00,30108.5,9254.3,22476.3
2026-05-14 18:00:00,30216.0,9531.3,18982.8
2026-05-14 19:00:00,30330.5,9433.3,13073.8
2026-05-14 20:00:00,30240.5,9128.0,4464.3
2026-05-14 21:00:00,30636.3,8760.3,251.5
2026-05-14 22:00:00,28681.0,8430.3,0.0
2026-05-14 23:00:00,26018.0,8217.3,0.0
2026-05-15 00:00:00,24306.5,9550.8,0.0
2026-05-15 01:00:00,22877.5,9741.3,0.0
2026-05-15 02:00:00,21937.8,10056.3,0.0
2026-05-15 03:00:00,21515.5,10451.5,0.0
2026-05-15 04:00:00,21367.8,10821.3,0.0
2026-05-15 05:00:00,21822.3,11030.8,0.0
2026-05-15 06:00:00,24046.3,11006.0,6.5
2026-05-15 07:00:00,26613.8,10763.3,1687.0
2026-05-15 08:00:00,28830.8,10765.3,9029.3
2026-05-15 09:00:00,30453.5,10923.0,16810.0
2026-05-15 10:00:00,31163.8,11345.3,20168.8
2026-05-15 11:00:00,31357.8,11510.3,21048.8
2026-05-15 12:00:00,31541.0,11610.5,21123.8
2026-05-15 13:00:00,31596.0,11716.5,21459.5
2026-05-15 14:00:00,30975.3,11774.3,21746.3
2026-05-15 15:00:00,29707.8,11750.8,21570.0
2026-05-15 16:00:00,29072.8,11799.8,20788.8
2026-05-15 17:00:00,29063.8,11853.5,19355.8
2026-05-15 18:00:00,29342.3,11800.8,16996.5
2026-05-15 19:00:00,29573.8,11319.5,12140.3
2026-05-15 20:00:00,29096.8,10814.5,4708.0
2026-05-15 21:00:00,29581.3,10021.8,384.8
2026-05-15 22:00:00,28087.0,9173.8,0.0
2026-05-15 23:00:00,25702.0,8505.0,0.0
2026-05-16 00:00:00,24052.3,7545.8,0.0
2026-05-16 01:00:00,22500.8,6999.8,0.0
2026-05-16 02:00:00,21349.0,6550.8,0.0
2026-05-16 03:00:00,20694.5,6163.0,0.0
2026-05-16 04:00:00,20298.5,5879.3,0.0
2026-05-16 05:00:00,20260.5,5636.0,0.0
2026-05-16 06:00:00,20986.3,5352.8,14.8
2026-05-16 07:00:00,21751.0,4956.3,2363.3
2026-05-16 08:00:00,23755.5,5015.3,12339.5
2026-05-16 09:00:00,26328.8,5114.8,22310.3
2026-05-16 10:00:00,27721.5,5280.0,26394.8
2026-05-16 11:00:00,27954.0,5170.8,27590.8
2026-05-16 12:00:00,28007.0,4998.5,27862.0
2026-05-16 13:00:00,28379.3,4904.5,27929.3
2026-05-16 14:00:00,27735.5,4847.5,27649.5
2026-05-16 15:00:00,26255.0,4856.8,26792.5
2026-05-16 16:00:00,25412.5,4885.5,25420.0
2026-05-16 17:00:00,25243.0,4941.3,23457.5
2026-05-16 18:00:00,25458.5,4737.5,20170.0
2026-05-16 19:00:00,25815.8,4445.0,14026.3
2026-05-16 20:00:00,25891.3,4354.0,4926.5
2026-05-16 21:00:00,26764.8,4204.5,310.3
2026-05-16 22:00:00,25868.0,3741.8,0.0
2026-05-16 23:00:00,24037.3,3769.5,0.0
2026-05-17 00:00:00,22560.8,3717.0,0.0
2026-05-17 01:00:00,21067.8,3498.5,0.0
2026-05-17 02:00:00,20047.3,3208.8,0.0
2026-05-17 03:00:00,19445.0,2917.8,0.0
2026-05-17 04:00:00,19132.5,2632.5,0.0
2026-05-17 05:00:00,19084.5,2338.3,0.0
2026-05-17 06:00:00,19451.5,2000.5,11.3
2026-05-17 07:00:00,19824.3,1575.3,1905.8
2026-05-17 08:00:00,21538.3,1232.0,9627.8
2026-05-17 09:00:00,23979.5,976.5,18099.3
2026-05-17 10:00:00,25475.3,943.0,22579.0
2026-05-17 11:00:00,25869.3,1035.0,24653.3
2026-05-17 12:00:00,25993.0,1167.3,25479.8
2026-05-17 13:00:00,26499.8,1357.5,25582.3
2026-05-17 14:00:00,26148.5,1679.0,25057.0
2026-05-17 15:00:00,24781.8,2198.0,23909.3
2026-05-17 16:00:00,24044.0,2872.3,22195.0
2026-05-17 17:00:00,23977.3,3258.3,19938.5
2026-05-17 18:00:00,24636.0,3804.0,16851.5
2026-05-17 19:00:00,25333.5,4439.0,11900.3
2026-05-17 20:00:00,25672.8,4794.3,4381.3
2026-05-17 21:00:00,26928.3,4720.8,341.5
2026-05-17 22:00:00,26266.8,4606.8,0.0
2026-05-17 23:00:00,24099.0,4448.0,0.0
2026-05-18 00:00:00,22083.3,3791.8,0.0
2026-05-18 01:00:00,20867.5,3349.0,0.0
2026-05-18 02:00:00,20128.8,2948.5,0.0
2026-05-18 03:00:00,19843.3,2623.8,0.0
2026-05-18 04:00:00,19977.5,2312.0,0.0
2026-05-18 05:00:00,20774.0,2050.3,0.0
2026-05-18 06:00:00,23637.8,1746.8,10.5
2026-05-18 07:00:00,26920.0,1408.0,2135.3
2026-05-18 08:00:00,29900.5,1227.3,11009.0
2026-05-18 09:00:00,31626.0,1250.8,20440.3
2026-05-18 10:00:00,31962.0,1562.0,25179.5
2026-05-18 11:00:00,31696.3,2091.5,27079.3
2026-05-18 12:00:00,31774.0,2728.8,27586.0
2026-05-18 13:00:00,32008.3,3342.3,27718.0
2026-05-18 14:00:00,31513.3,3866.3,27488.8
2026-05-18 15:00:00,30646.5,4494.5,26618.0
2026-05-18 16:00:00,30207.5,4787.5,25072.8
2026-05-18 17:00:00,30272.8,4995.8,23001.5
2026-05-18 18:00:00,30645.8,5053.0,19586.3
2026-05-18 19:00:00,31038.5,5120.0,13292.8
2026-05-18 20:00:00,30588.5,5472.3,4760.8
2026-05-18 21:00:00,30590.0,5688.8,329.3
2026-05-18 22:00:00,28568.5,5853.8,0.0
2026-05-18 23:00:00,25839.8,5814.5,0.0
2026-05-19 00:00:00,24141.8,6141.5,0.0
2026-05-19 01:00:00,22854.5,6153.5,0.0
2026-05-19 02:00:00,21969.8,6079.0,0.0
2026-05-19 03:00:00,21632.5,6047.3,0.0
2026-05-19 04:00:00,21651.3,6016.5,0.0
2026-05-19 05:00:00,22331.8,5876.3,0.0
2026-05-19 06:00:00,24878.0,5427.5,15.0
2026-05-19 07:00:00,27924.0,4578.3,2439.5
2026-05-19 08:00:00,30609.8,3988.3,11996.0
2026-05-19 09:00:00,32020.0,3899.3,21816.0
2026-05-19 10:00:00,32312.5,3990.0,26349.5
2026-05-19 11:00:00,32134.8,4111.5,28095.5
2026-05-19 12:00:00,32395.3,4293.5,29007.8
2026-05-19 13:00:00,32666.3,4549.5,29427.0
2026-05-19 14:00:00,32289.0,4816.0,29352.0
2026-05-19 15:00:00,31607.5,4905.0,28507.0
2026-05-19 16:00:00,31329.0,4793.3,26996.5
2026-05-19 17:00:00,31535.3,4588.3,25095.8
2026-05-19 18:00:00,31699.3,4280.3,21754.8
2026-05-19 19:00:00,31702.8,3904.0,15193.8
2026-05-19 20:00:00,31721.3,3725.8,5667.8
2026-05-19 21:00:00,31350.5,3450.0,435.3
2026-05-19 22:00:00,29254.0,3143.8,0.0
2026-05-19 23:00:00,26412.0,2827.5,0.0
2026-05-20 00:00:00,24734.0,2627.8,0.0
2026-05-20 01:00:00,23300.8,2408.5,0.0
2026-05-20 02:00:00,22368.3,2228.3,0.0
2026-05-20 03:00:00,22004.8,2029.0,0.0
2026-05-20 04:00:00,21973.8,1831.5,0.0
2026-05-20 05:00:00,22540.5,1659.3,0.0
2026-05-20 06:00:00,25034.3,1480.3,12.0
2026-05-20 07:00:00,27953.3,1304.3,2511.3
2026-05-20 08:00:00,30977.3,1152.3,12133.0
2026-05-20 09:00:00,32330.3,1108.5,21980.0
2026-05-20 10:00:00,32624.8,1344.5,26581.8
2026-05-20 11:00:00,32589.8,1771.5,28514.0
2026-05-20 12:00:00,32912.3,2183.0,29445.5
2026-05-20 13:00:00,33216.5,2497.0,30031.5
2026-05-20 14:00:00,32938.8,2750.3,30196.3
2026-05-20 15:00:00,32135.3,3066.8,29579.0
2026-05-20 16:00:00,31731.0,3264.0,28344.0
2026-05-20 17:00:00,31876.5,3393.0,26443.8
2026-05-20 18:00:00,32050.3,3654.3,23178.3
2026-05-20 19:00:00,32261.5,4084.0,16447.0
2026-05-20 20:00:00,32091.0,4621.3,6369.5
2026-05-20 21:00:00,31657.8,4813.5,527.8
2026-05-20 22:00:00,29564.3,4710.5,0.0
2026-05-20 23:00:00,26839.8,4518.5,0.0
2026-05-21 00:00:00,25153.3,4674.8,0.0
2026-05-21 01:00:00,23741.8,4521.5,0.0
2026-05-21 02:00:00,22797.8,4329.8,0.0
2026-05-21 03:00:00,22412.5,4226.3,0.0
2026-05-21 04:00:00,22326.5,4264.8,0.0
2026-05-21 05:00:00,22810.0,4288.8,0.0
2026-05-21 06:00:00,25204.0,4328.3,19.8
2026-05-21 07:00:00,28122.8,4295.0,2761.8
2026-05-21 08:00:00,31142.5,3937.8,12881.0
2026-05-21 09:00:00,32842.8,3778.3,22771.3
2026-05-21 10:00:00,33163.8,3977.8,27070.0
2026-05-21 11:00:00,33240.8,4431.0,28830.0
2026-05-21 12:00:00,33594.8,4816.0,29826.3
2026-05-21 13:00:00,33992.0,4806.5,30404.5
2026-05-21 14:00:00,33715.3,4616.0,30547.0
2026-05-21 15:00:00,32952.5,4372.5,30077.3
2026-05-21 16:00:00,32765.8,4166.5,28812.0
2026-05-21 17:00:00,33089.0,4096.0,27029.5
2026-05-21 18:00:00,33445.0,4170.5,23697.8
2026-05-21 19:00:00,33516.8,4434.3,16585.8
2026-05-21 20:00:00,32616.5,4765.8,6233.0
2026-05-21 21:00:00,32192.0,5036.3,483.0
2026-05-21 22:00:00,30215.5,5085.5,0.0
2026-05-21 23:00:00,27501.8,4956.3,0.0
2026-05-22 00:00:00,25562.8,4813.5,0.0
2026-05-22 01:00:00,24197.3,4723.5,0.0
2026-05-22 02:00:00,23169.0,4540.8,0.0
2026-05-22 03:00:00,22706.5,4531.8,0.0
2026-05-22 04:00:00,22559.0,4264.8,0.0
2026-05-22 05:00:00,23038.8,4192.8,0.0
2026-05-22 06:00:00,25341.3,4235.8,19.8
2026-05-22 07:00:00,28237.0,3956.0,2793.0
2026-05-22 08:00:00,31467.8,3606.0,12668.5
2026-05-22 09:00:00,33086.3,3431.5,22633.5
2026-05-22 10:00:00,33677.5,3560.8,27198.0
2026-05-22 11:00:00,33883.3,3925.5,29022.3
2026-05-22 12:00:00,34179.0,4266.3,30206.5
2026-05-22 13:00:00,34395.0,4424.5,30810.5
2026-05-22 14:00:00,33950.0,4434.8,30886.5
2026-05-22 15:00:00,33036.3,4575.8,30335.5
2026-05-22 16:00:00,32786.8,4641.5,29001.3
2026-05-22 17:00:00,32927.0,4955.5,27124.0
2026-05-22 18:00:00,33314.5,5483.0,23788.0
2026-05-22 19:00:00,33199.5,6228.0,16677.0
2026-05-22 20:00:00,32190.8,6820.0,6354.0
2026-05-22 21:00:00,31416.3,7133.3,528.8
2026-05-22 22:00:00,29712.3,7178.3,0.0
2026-05-22 23:00:00,27336.8,7113.3,0.0
2026-05-23 00:00:00,25368.0,7197.8,0.0
2026-05-23 01:00:00,23918.3,6969.0,0.0
2026-05-23 02:00:00,22770.0,6759.3,0.0
2026-05-23 03:00:00,22069.8,6166.5,0.0
2026-05-23 04:00:00,21635.3,5742.8,0.0
2026-05-23 05:00:00,21457.8,5409.0,0.0
2026-05-23 06:00:00,22020.5,4986.0,23.5
2026-05-23 07:00:00,22877.8,4338.5,2753.3
2026-05-23 08:00:00,25435.5,3705.3,12437.8
2026-05-23 09:00:00,28104.3,3295.3,22035.0
2026-05-23 10:00:00,29410.8,3122.3,26563.3
2026-05-23 11:00:00,29544.8,3163.8,28472.5
2026-05-23 12:00:00,29667.3,3287.5,29634.5
2026-05-23 13:00:00,30250.8,3420.0,30106.3
2026-05-23 14:00:00,29866.0,3535.3,30132.0
2026-05-23 15:00:00,28556.5,3707.5,29350.0
2026-05-23 16:00:00,27877.8,3978.8,27838.5
2026-05-23 17:00:00,27866.0,4393.0,25319.3
2026-05-23 18:00:00,28369.0,4984.5,21554.0
2026-05-23 19:00:00,28574.5,5487.8,14485.5
2026-05-23 20:00:00,27927.8,5943.8,5400.8
2026-05-23 21:00:00,28014.3,6342.3,450.0
2026-05-23 22:00:00,27204.8,6469.0,0.0
2026-05-23 23:00:00,25187.3,6510.0,0.0
2026-05-24 00:00:00,23250.8,6668.8,0.0
2026-05-24 01:00:00,21902.3,6267.0,0.0
2026-05-24 02:00:00,20865.8,5819.3,0.0
2026-05-24 03:00:00,20198.5,5420.8,0.0
2026-05-24 04:00:00,19960.0,5102.5,0.0
2026-05-24 05:00:00,19841.0,4867.8,0.0
2026-05-24 06:00:00,19933.8,4825.3,23.3
2026-05-24 07:00:00,20246.5,4452.8,2273.5
2026-05-24 08:00:00,22234.5,4067.5,10073.3
2026-05-24 09:00:00,24767.8,3983.8,18715.5
2026-05-24 10:00:00,26126.5,4324.0,23522.5
2026-05-24 11:00:00,26541.0,4936.5,25894.3
2026-05-24 12:00:00,26903.5,5213.0,27289.3
2026-05-24 13:00:00,27659.3,5473.8,28028.0
2026-05-24 14:00:00,27672.8,5632.8,27935.3
2026-05-24 15:00:00,26730.0,5983.3,26998.5
2026-05-24 16:00:00,26096.0,6127.3,25171.5
2026-05-24 17:00:00,26249.8,6593.5,22580.3
2026-05-24 18:00:00,27106.0,7168.5,19119.3
2026-05-24 19:00:00,27685.0,7526.0,12921.0
2026-05-24 20:00:00,27764.3,7782.5,4807.0
2026-05-24 21:00:00,28098.3,7939.3,463.0
2026-05-24 22:00:00,27533.3,7879.8,0.0
2026-05-24 23:00:00,25269.5,7632.0,0.0
2026-05-25 00:00:00,23208.8,7795.3,0.0
2026-05-25 01:00:00,21901.5,7595.5,0.0
2026-05-25 02:00:00,20996.0,7253.3,0.0
2026-05-25 03:00:00,20668.8,6886.5,0.0
2026-05-25 04:00:00,20603.0,6545.3,0.0
2026-05-25 05:00:00,21262.5,6374.5,0.0
2026-05-25 06:00:00,23758.8,6148.8,28.8
2026-05-25 07:00:00,26714.3,5660.3,2576.8
2026-05-25 08:00:00,30070.0,5243.3,11365.8
2026-05-25 09:00:00,31919.5,5305.8,20258.3
2026-05-25 10:00:00,32637.8,5619.5,24986.3
2026-05-25 11:00:00,32745.8,6009.3,27302.8
2026-05-25 12:00:00,32937.3,6311.5,28714.8
2026-05-25 13:00:00,33378.8,6444.0,29534.3
2026-05-25 14:00:00,33070.8,6483.8,29587.3
2026-05-25 15:00:00,32427.8,6710.5,28879.5
2026-05-25 16:00:00,32263.8,6777.3,27363.8
2026-05-25 17:00:00,32651.0,7110.0,24683.5
2026-05-25 18:00:00,33051.3,7372.8,21422.0
2026-05-25 19:00:00,33206.5,7566.0,14718.3
2026-05-25 20:00:00,32351.5,7864.0,5645.3
2026-05-25 21:00:00,31719.5,7936.8,529.5
2026-05-25 22:00:00,29744.5,7613.3,0.0
2026-05-25 23:00:00,27089.0,7139.0,0.0
2026-05-26 00:00:00,25279.5,7025.3,0.0
2026-05-26 01:00:00,23954.0,6606.5,0.0
2026-05-26 02:00:00,22988.0,6227.5,0.0
2026-05-26 03:00:00,22615.8,5870.8,0.0
2026-05-26 04:00:00,22469.3,5564.8,0.0
2026-05-26 05:00:00,22974.0,5291.8,0.0
2026-05-26 06:00:00,25313.5,5006.3,34.0
2026-05-26 07:00:00,28147.0,4825.8,2950.3
2026-05-26 08:00:00,31265.0,4131.0,12727.5
2026-05-26 09:00:00,33056.5,3889.3,22129.0
2026-05-26 10:00:00,33632.3,3985.0,26656.0
2026-05-26 11:00:00,33578.0,4236.8,28803.5
2026-05-26 12:00:00,33890.0,4484.0,29838.8
2026-05-26 13:00:00,34300.5,4540.5,30434.0
2026-05-26 14:00:00,34094.0,4519.8,30469.3
2026-05-26 15:00:00,33366.5,4454.3,29809.0
2026-05-26 16:00:00,33053.5,4437.3,28431.5
2026-05-26 17:00:00,33370.8,4526.5,26094.0
2026-05-26 18:00:00,33751.8,4635.0,22790.8
2026-05-26 19:00:00,33955.3,4829.3,15687.8
2026-05-26 20:00:00,33063.5,5070.3,6163.5
2026-05-26 21:00:00,32362.3,5118.3,609.0
2026-05-26 22:00:00,30317.8,4934.5,0.0
2026-05-26 23:00:00,27585.8,4684.3,0.0
2026-05-27 00:00:00,25989.0,4245.0,0.0
2026-05-27 01:00:00,24517.3,3970.8,0.0
2026-05-27 02:00:00,23557.3,3667.5,0.0
2026-05-27 03:00:00,23101.8,3362.0,0.0
2026-05-27 04:00:00,23017.5,3124.3,0.0
2026-05-27 05:00:00,23537.0,2980.8,0.0
2026-05-27 06:00:00,25771.8,2853.8,35.0
2026-05-27 07:00:00,28628.3,2620.8,3121.8
2026-05-27 08:00:00,31766.8,2424.8,13211.3
2026-05-27 09:00:00,33546.3,2280.8,22408.5
2026-05-27 10:00:00,34062.3,2307.5,26494.5
2026-05-27 11:00:00,34063.5,2503.0,28399.5
2026-05-27 12:00:00,34364.8,2767.8,29243.3
2026-05-27 13:00:00,34800.0,2967.5,29664.3
2026-05-27 14:00:00,34685.3,3245.8,29522.0
2026-05-27 15:00:00,33960.8,3562.5,28820.8
2026-05-27 16:00:00,33737.3,4000.5,27324.5
2026-05-27 17:00:00,34019.8,4562.0,24990.8
2026-05-27 18:00:00,34534.8,5181.8,22379.3
2026-05-27 19:00:00,34743.0,5638.0,16137.0
2026-05-27 20:00:00,33778.8,5982.0,6635.8
2026-05-27 21:00:00,32810.8,6163.0,681.0
2026-05-27 22:00:00,30760.5,6121.3,0.0
2026-05-27 23:00:00,28131.5,5862.8,0.0
2026-05-28 00:00:00,26306.0,5321.5,0.0
2026-05-28 01:00:00,24807.8,4733.0,0.0
2026-05-28 02:00:00,23803.8,4098.3,0.0
2026-05-28 03:00:00,23334.8,3529.8,0.0
2026-05-28 04:00:00,23187.8,3051.3,0.0
2026-05-28 05:00:00,23673.0,2643.0,0.0
2026-05-28 06:00:00,25854.3,2282.5,54.5
2026-05-28 07:00:00,28627.5,1898.3,3463.5
2026-05-28 08:00:00,31819.3,1562.5,13778.5
2026-05-28 09:00:00,33877.0,1225.0,23087.5
2026-05-28 10:00:00,34445.5,1176.8,26977.3
2026-05-28 11:00:00,34331.0,1364.0,28747.3
2026-05-28 12:00:00,34583.8,1560.0,29505.8
2026-05-28 13:00:00,34995.5,1792.0,29722.3
2026-05-28 14:00:00,34792.8,2072.5,29749.0
2026-05-28 15:00:00,34151.8,2332.0,29115.8
2026-05-28 16:00:00,34002.5,2611.5,27912.5
2026-05-28 17:00:00,34394.3,2772.5,25947.8
2026-05-28 18:00:00,34869.5,3065.8,23281.5
2026-05-28 19:00:00,34993.8,3537.3,16862.8
2026-05-28 20:00:00,33853.8,4002.3,6980.5
2026-05-28 21:00:00,32822.3,4525.3,763.3
2026-05-28 22:00:00,30860.0,4848.3,0.0
2026-05-28 23:00:00,28359.3,4935.8,0.0
2026-05-29 00:00:00,26616.5,4919.5,0.0
2026-05-29 01:00:00,25097.0,4498.8,0.0
2026-05-29 02:00:00,24063.3,3821.5,0.0
2026-05-29 03:00:00,23617.0,3262.8,0.0
2026-05-29 04:00:00,23449.8,2787.3,0.0
2026-05-29 05:00:00,23900.8,2369.0,0.0
2026-05-29 06:00:00,26078.5,1955.5,47.3
2026-05-29 07:00:00,28881.5,1495.3,3527.3
2026-05-29 08:00:00,32161.5,1026.8,13792.0
2026-05-29 09:00:00,34287.5,743.3,23302.5
2026-05-29 10:00:00,34753.3,732.3,27308.8
2026-05-29 11:00:00,34754.5,902.5,28890.8
2026-05-29 12:00:00,35006.5,1179.0,29571.3
2026-05-29 13:00:00,35358.0,1527.3,29731.8
2026-05-29 14:00:00,34924.8,1991.5,29408.5
2026-05-29 15:00:00,34083.5,2477.0,28725.0
2026-05-29 16:00:00,33966.3,2924.3,27363.3
2026-05-29 17:00:00,34367.0,3570.3,25466.3
2026-05-29 18:00:00,34879.0,4097.8,22744.8
2026-05-29 19:00:00,34848.3,4549.3,16422.3
2026-05-29 20:00:00,33241.8,5096.8,6904.5
2026-05-29 21:00:00,31911.0,5349.0,793.8
2026-05-29 22:00:00,30093.0,5376.8,0.0
2026-05-29 23:00:00,27894.0,5151.0,0.0
2026-05-30 00:00:00,26176.3,4729.5,0.0
2026-05-30 01:00:00,24609.0,4211.3,0.0
2026-05-30 02:00:00,23458.8,3593.8,0.0
2026-05-30 03:00:00,22766.5,3057.5,0.0
2026-05-30 04:00:00,22310.5,2602.8,0.0
2026-05-30 05:00:00,22101.5,2194.8,0.0
2026-05-30 06:00:00,22631.5,1807.0,31.3
2026-05-30 07:00:00,23548.5,1339.3,3101.0
2026-05-30 08:00:00,26294.8,946.5,12993.3
2026-05-30 09:00:00,28949.3,698.3,22185.5
2026-05-30 10:00:00,30199.0,650.8,26166.8
2026-05-30 11:00:00,30511.8,784.8,27968.5
2026-05-30 12:00:00,30811.0,1070.0,28723.0
2026-05-30 13:00:00,31407.8,1503.5,29024.3
2026-05-30 14:00:00,31179.0,2059.3,28495.3
2026-05-30 15:00:00,30032.0,2741.5,27475.3
2026-05-30 16:00:00,29474.0,3516.5,25871.5
2026-05-30 17:00:00,29683.0,4325.8,23256.3
2026-05-30 18:00:00,30481.3,4976.8,20099.3
2026-05-30 19:00:00,30595.5,5456.8,14119.5
2026-05-30 20:00:00,29530.8,5988.8,5728.5
2026-05-30 21:00:00,28970.8,6199.5,658.0
2026-05-30 22:00:00,28164.5,6132.0,0.0
2026-05-30 23:00:00,26250.3,5933.3,0.0
2026-05-31 00:00:00,24311.8,5802.5,0.0
2026-05-31 01:00:00,22837.5,5630.3,0.0
2026-05-31 02:00:00,21740.8,5316.5,0.0
2026-05-31 03:00:00,21097.8,5405.5,0.0
2026-05-31 04:00:00,20712.8,5279.5,0.0
2026-05-31 05:00:00,20601.3,4871.3,0.0
2026-05-31 06:00:00,20710.8,4215.5,27.8
2026-05-31 07:00:00,20944.8,3521.5,3043.0
2026-05-31 08:00:00,22805.8,2981.8,12892.8
2026-05-31 09:00:00,25264.3,2636.0,21921.5
2026-05-31 10:00:00,26726.5,2542.8,25883.0
2026-05-31 11:00:00,27217.8,2676.8,27509.3
2026-05-31 12:00:00,27659.5,2994.5,28316.5
2026-05-31 13:00:00,28433.5,3460.0,28584.3
2026-05-31 14:00:00,28451.5,4023.0,28277.8
2026-05-31 15:00:00,27389.0,4689.5,27324.3
2026-05-31 16:00:00,26882.0,5513.0,25879.0
2026-05-31 17:00:00,27183.8,6321.8,23220.0
2026-05-31 18:00:00,28148.5,7116.5,19771.8
2026-05-31 19:00:00,28761.8,8098.8,13977.0
2026-05-31 20:00:00,28478.5,8608.8,5773.3
2026-05-31 21:00:00,28553.0,8907.0,737.8
2026-05-31 22:00:00,28191.3,8737.0,0.0
2026-05-31 23:00:00,26118.5,8264.8,0.0
2026-06-01 00:00:00,24608.3,7032.3,0.0
2026-06-01 01:00:00,23221.5,6263.3,0.0
2026-06-01 02:00:00,22263.8,5438.3,0.0
2026-06-01 03:00:00,21822.5,4630.8,0.0
2026-06-01 04:00:00,21798.5,4017.5,0.0
2026-06-01 05:00:00,22486.3,3458.3,0.0
2026-06-01 06:00:00,25118.0,2773.8,40.8
2026-06-01 07:00:00,28307.0,1958.5,3367.5
2026-06-01 08:00:00,31914.8,1267.5,13494.3
2026-06-01 09:00:00,34190.5,900.8,22938.3
2026-06-01 10:00:00,34945.8,768.5,26977.5
2026-06-01 11:00:00,35033.8,948.3,28490.3
2026-06-01 12:00:00,35442.3,1420.3,29317.0
2026-06-01 13:00:00,35948.0,2113.0,29530.0
2026-06-01 14:00:00,35787.3,2916.5,29333.8
2026-06-01 15:00:00,35023.3,3701.5,28454.5
2026-06-01 16:00:00,34961.8,4568.8,27087.3
2026-06-01 17:00:00,35402.8,4965.3,25310.8
2026-06-01 18:00:00,35813.8,5652.3,22451.3
2026-06-01 19:00:00,35990.8,5948.5,16249.5
2026-06-01 20:00:00,34723.5,6240.8,6942.3
2026-06-01 21:00:00,33179.5,6360.3,872.8
2026-06-01 22:00:00,31184.5,6262.3,0.0
2026-06-01 23:00:00,28485.3,6039.5,0.0
2026-06-02 00:00:00,26591.3,5564.3,0.0
2026-06-02 01:00:00,25133.8,5490.5,0.0
2026-06-02 02:00:00,24116.8,5591.8,0.0
2026-06-02 03:00:00,23631.3,5725.3,0.0
2026-06-02 04:00:00,23489.8,5866.0,0.0
2026-06-02 05:00:00,24001.0,6089.3,0.0
2026-06-02 06:00:00,26183.5,6138.3,26.3
2026-06-02 07:00:00,29017.3,6209.5,2998.5
2026-06-02 08:00:00,32235.0,6410.0,12172.0
2026-06-02 09:00:00,34305.3,6687.5,20585.0
2026-06-02 10:00:00,34787.3,7142.8,24256.5
2026-06-02 11:00:00,34767.5,7730.5,25853.0
2026-06-02 12:00:00,35036.0,8356.8,26594.3
2026-06-02 13:00:00,35491.5,9007.5,26845.0
2026-06-02 14:00:00,35261.5,9701.0,26726.3
2026-06-02 15:00:00,34512.5,10517.0,26225.0
2026-06-02 16:00:00,34487.0,11147.8,25312.0
2026-06-02 17:00:00,34970.0,11547.8,23696.0
2026-06-02 18:00:00,35326.8,11708.0,20936.0
2026-06-02 19:00:00,35475.5,11449.5,15123.5
2026-06-02 20:00:00,34542.3,11012.8,6457.0
2026-06-02 21:00:00,33047.8,10488.5,829.0
2026-06-02 22:00:00,30975.3,9864.0,0.0
2026-06-02 23:00:00,28372.3,9348.3,0.0
2026-06-03 00:00:00,26889.8,8301.8,0.0
2026-06-03 01:00:00,25414.3,7861.0,0.0
2026-06-03 02:00:00,24371.8,7552.8,0.0
2026-06-03 03:00:00,23890.3,7295.5,0.0
2026-06-03 04:00:00,23670.0,7067.5,0.0
2026-06-03 05:00:00,24099.5,6616.3,0.0
2026-06-03 06:00:00,26231.5,5922.5,33.0
2026-06-03 07:00:00,29026.3,5108.5,3705.0
2026-06-03 08:00:00,32062.3,4328.0,14060.0
2026-06-03 09:00:00,33955.5,3708.0,23395.5
2026-06-03 10:00:00,34411.5,3572.5,27104.5
2026-06-03 11:00:00,34361.3,3736.5,28267.8
2026-06-03 12:00:00,34615.8,3936.5,28846.0
2026-06-03 13:00:00,35044.0,4054.5,28918.3
2026-06-03 14:00:00,34889.5,4271.8,28830.5
2026-06-03 15:00:00,34128.5,4504.5,28295.0
2026-06-03 16:00:00,34036.5,4765.8,27502.0
2026-06-03 17:00:00,34560.8,5130.0,26347.5
2026-06-03 18:00:00,35194.5,5465.0,23777.0
2026-06-03 19:00:00,35372.8,5728.8,17593.8
2026-06-03 20:00:00,34178.5,6034.8,7736.5
2026-06-03 21:00:00,32752.0,6105.0,973.5
2026-06-03 22:00:00,30881.8,5991.8,0.0
2026-06-03 23:00:00,28323.3,5838.3,0.0
2026-06-04 00:00:00,26170.3,5920.0,0.0
2026-06-04 01:00:00,24816.3,5701.3,0.0
2026-06-04 02:00:00,23754.3,5812.5,0.0
2026-06-04 03:00:00,23295.5,5858.0,0.0
2026-06-04 04:00:00,23117.3,5956.3,0.0
2026-06-04 05:00:00,23468.0,5913.5,0.0
2026-06-04 06:00:00,25408.3,5639.3,35.5
2026-06-04 07:00:00,28076.8,5267.0,2811.0
2026-06-04 08:00:00,31070.3,5176.0,12363.5
2026-06-04 09:00:00,33051.0,5559.3,20738.8
2026-06-04 10:00:00,33483.3,6233.0,24607.8
2026-06-04 11:00:00,33541.3,7360.8,26304.5
2026-06-04 12:00:00,33693.8,8420.5,26951.5
2026-06-04 13:00:00,34009.8,9494.5,26743.3
2026-06-04 14:00:00,33857.8,10138.0,26478.5
2026-06-04 15:00:00,33093.5,10678.0,25592.0
2026-06-04 16:00:00,32927.8,11119.5,24378.8
2026-06-04 17:00:00,33234.5,11594.0,23042.0
2026-06-04 18:00:00,33671.5,11863.8,21080.0
2026-06-04 19:00:00,33593.3,11828.5,16155.3
2026-06-04 20:00:00,32813.3,11378.0,7126.5
2026-06-04 21:00:00,31829.3,10939.5,827.5
2026-06-04 22:00:00,30072.5,10530.0,0.0
2026-06-04 23:00:00,27632.8,9725.5,0.0
2026-06-05 00:00:00,26510.0,8937.0,0.0
2026-06-05 01:00:00,25166.3,8206.3,0.0
2026-06-05 02:00:00,24135.8,7709.3,0.0
2026-06-05 03:00:00,23624.0,7323.0,0.0
2026-06-05 04:00:00,23432.8,6941.5,0.0
2026-06-05 05:00:00,23854.3,6422.0,0.0
2026-06-05 06:00:00,25965.5,5666.0,32.8
2026-06-05 07:00:00,28784.5,4907.8,3128.0
2026-06-05 08:00:00,31741.5,4011.8,13052.3
2026-06-05 09:00:00,33576.3,3152.8,21563.8
2026-06-05 10:00:00,34117.8,2465.8,24969.3
2026-06-05 11:00:00,34020.0,2169.0,26248.8
2026-06-05 12:00:00,34117.0,2187.5,26777.8
2026-06-05 13:00:00,34311.3,2733.5,26850.8
2026-06-05 14:00:00,33698.3,2997.3,26605.3
2026-06-05 15:00:00,32723.8,3650.5,25962.8
2026-06-05 16:00:00,32469.0,4451.0,25137.3
2026-06-05 17:00:00,32883.3,5142.5,23738.0
2026-06-05 18:00:00,33448.5,5512.3,21309.8
2026-06-05 19:00:00,33484.5,5507.5,16109.3
2026-06-05 20:00:00,32318.8,5821.0,7215.5
2026-06-05 21:00:00,31067.5,6088.3,875.5
2026-06-05 22:00:00,29349.5,6192.0,0.0
2026-06-05 23:00:00,27333.3,5958.0,0.0
2026-06-06 00:00:00,25546.0,6372.5,0.0
2026-06-06 01:00:00,24158.5,5880.5,0.0
2026-06-06 02:00:00,23000.0,5322.8,0.0
2026-06-06 03:00:00,22288.5,4588.5,0.0
2026-06-06 04:00:00,21846.3,3811.8,0.0
2026-06-06 05:00:00,21636.5,3169.8,0.0
2026-06-06 06:00:00,22131.0,2532.5,35.8
2026-06-06 07:00:00,23089.0,1809.0,2402.0
2026-06-06 08:00:00,25646.5,1268.0,10615.3
2026-06-06 09:00:00,28136.8,914.0,18526.8
2026-06-06 10:00:00,29305.5,763.8,22743.0
2026-06-06 11:00:00,29281.3,821.0,25155.3
2026-06-06 12:00:00,29430.8,998.3,27077.5
2026-06-06 13:00:00,29854.3,1219.8,27957.8
2026-06-06 14:00:00,29425.0,1518.3,27871.3
2026-06-06 15:00:00,28182.3,1976.3,27197.8
2026-06-06 16:00:00,27711.0,2536.3,26232.0
2026-06-06 17:00:00,27906.0,3341.8,24805.0
2026-06-06 18:00:00,28521.8,4239.5,22236.3
2026-06-06 19:00:00,28811.0,5551.3,16731.3
2026-06-06 20:00:00,28214.8,6657.8,7170.0
2026-06-06 21:00:00,27593.0,7555.0,809.0
2026-06-06 22:00:00,26892.8,8265.3,0.0
2026-06-06 23:00:00,25272.8,8173.8,0.0
2026-06-07 00:00:00,23690.5,7386.5,0.0
2026-06-07 01:00:00,22379.3,6703.8,0.0
2026-06-07 02:00:00,21339.3,5976.3,0.0
2026-06-07 03:00:00,20660.5,5282.3,0.0
2026-06-07 04:00:00,20330.0,4741.0,0.0
2026-06-07 05:00:00,20221.8,4260.8,0.0
2026-06-07 06:00:00,20349.8,3798.8,35.0
2026-06-07 07:00:00,20653.0,3316.0,2862.8
2026-06-07 08:00:00,22628.3,3002.5,12830.8
2026-06-07 09:00:00,25057.3,3077.8,21516.5
2026-06-07 10:00:00,26475.3,3504.0,25470.3
2026-06-07 11:00:00,26901.5,4081.3,27305.5
2026-06-07 12:00:00,27209.3,4648.8,28271.3
2026-06-07 13:00:00,27934.3,5108.3,28696.5
2026-06-07 14:00:00,27982.5,5418.5,28511.8
2026-06-07 15:00:00,27013.0,5660.0,27842.8
2026-06-07 16:00:00,26551.0,5883.8,26851.5
2026-06-07 17:00:00,26765.3,6143.3,25425.8
2026-06-07 18:00:00,27581.3,6409.8,22715.0
2026-06-07 19:00:00,28202.0,6681.3,17233.8
2026-06-07 20:00:00,27828.5,6823.5,7719.5
2026-06-07 21:00:00,27917.3,6790.8,928.3
2026-06-07 22:00:00,27655.8,6593.5,0.0
2026-06-07 23:00:00,25624.3,6271.8,0.0
2026-06-08 00:00:00,24115.5,5591.3,0.0
2026-06-08 01:00:00,22917.0,5041.0,0.0
2026-06-08 02:00:00,22030.0,4394.0,0.0
2026-06-08 03:00:00,21627.8,3718.0,0.0
2026-06-08 04:00:00,21603.3,3068.8,0.0
2026-06-08 05:00:00,22319.0,2476.3,0.0
2026-06-08 06:00:00,24932.3,1909.8,52.0
2026-06-08 07:00:00,28141.8,1382.5,3555.8
2026-06-08 08:00:00,31640.5,1051.8,13972.3
2026-06-08 09:00:00,33779.8,959.8,23241.8
2026-06-08 10:00:00,34519.0,1126.3,27085.3
2026-06-08 11:00:00,34651.8,1541.5,28474.5
2026-06-08 12:00:00,34833.8,2100.3,29010.8
2026-06-08 13:00:00,35355.5,2766.8,29034.5
2026-06-08 14:00:00,35095.3,3566.3,28673.8
2026-06-08 15:00:00,34419.0,4608.8,27924.8
2026-06-08 16:00:00,34379.8,5809.8,26994.3
2026-06-08 17:00:00,34970.3,7371.0,25744.8
2026-06-08 18:00:00,35410.0,8702.3,23329.0
2026-06-08 19:00:00,35793.0,9630.3,17970.3
2026-06-08 20:00:00,34474.3,10195.3,8216.5
2026-06-08 21:00:00,32624.3,10392.8,1028.0
2026-06-08 22:00:00,30644.0,10265.3,0.0
2026-06-08 23:00:00,28063.8,9884.8,0.0
2026-06-09 00:00:00,26694.5,9302.3,0.0
2026-06-09 01:00:00,25340.0,8939.5,0.0
2026-06-09 02:00:00,24306.0,8566.5,0.0
2026-06-09 03:00:00,23738.5,8202.5,0.0
2026-06-09 04:00:00,23594.5,7949.0,0.0
2026-06-09 05:00:00,24035.3,7859.5,0.0
2026-06-09 06:00:00,26311.0,7468.0,48.5
2026-06-09 07:00:00,29223.3,6768.8,3414.5
2026-06-09 08:00:00,32312.5,6136.5,13617.3
2026-06-09 09:00:00,34151.3,5472.5,22555.0
2026-06-09 10:00:00,34608.0,4941.8,26294.8
2026-06-09 11:00:00,34474.0,4637.5,27762.5
2026-06-09 12:00:00,34567.8,4581.0,28529.5
2026-06-09 13:00:00,34885.3,4780.3,28846.5
2026-06-09 14:00:00,34694.3,5221.5,28666.0
2026-06-09 15:00:00,33899.3,5912.3,27966.0
2026-06-09 16:00:00,33656.5,6788.5,27017.5
2026-06-09 17:00:00,34150.3,7731.0,25716.8
2026-06-09 18:00:00,34630.5,8772.8,23170.3
2026-06-09 19:00:00,35046.5,9650.8,17810.3
2026-06-09 20:00:00,34263.0,10268.5,8242.0
2026-06-09 21:00:00,32546.5,10452.0,1155.5
2026-06-09 22:00:00,30738.5,10228.3,0.0
2026-06-09 23:00:00,28260.3,9695.0,0.0
2026-06-10 00:00:00,25918.5,9085.0,0.0
2026-06-10 01:00:00,24586.3,8820.3,0.0
2026-06-10 02:00:00,23573.8,8602.3,0.0
2026-06-10 03:00:00,23074.0,8388.5,0.0
2026-06-10 04:00:00,22941.5,8144.5,0.0
2026-06-10 05:00:00,23333.3,7999.8,0.0
2026-06-10 06:00:00,25415.3,7699.8,44.3
2026-06-10 07:00:00,27987.8,7248.5,2963.8
2026-06-10 08:00:00,30951.3,6739.8,12551.3
2026-06-10 09:00:00,32424.5,6338.3,20891.0
2026-06-10 10:00:00,32722.0,5952.3,24610.3
2026-06-10 11:00:00,32369.0,5750.0,26314.3
2026-06-10 12:00:00,32724.5,5802.5,27211.8
2026-06-10 13:00:00,33160.3,6070.5,27796.5
2026-06-10 14:00:00,33008.8,6548.5,27820.3
2026-06-10 15:00:00,32265.0,7084.8,27215.0
2026-06-10 16:00:00,32085.0,7878.0,26408.5
2026-06-10 17:00:00,32549.8,8855.3,25479.5
2026-06-10 18:00:00,33367.0,9721.8,23026.3
2026-06-10 19:00:00,33875.3,10643.0,17850.0
2026-06-10 20:00:00,33106.0,11375.5,8138.8
2026-06-10 21:00:00,31718.8,11793.5,989.5
2026-06-10 22:00:00,30010.0,11885.0,0.0
2026-06-10 23:00:00,27596.3,11676.5,0.0
2026-06-11 00:00:00,26543.5,10953.8,0.0
2026-06-11 01:00:00,25152.5,10555.0,0.0
2026-06-11 02:00:00,24093.3,10169.0,0.0
2026-06-11 03:00:00,23538.0,9958.8,0.0
2026-06-11 04:00:00,23381.3,9831.5,0.0
2026-06-11 05:00:00,23777.3,9705.5,0.0
2026-06-11 06:00:00,25963.5,9338.0,55.8
2026-06-11 07:00:00,28816.0,8651.5,3274.8
2026-06-11 08:00:00,31781.8,7571.5,13068.5
2026-06-11 09:00:00,33666.3,6683.5,21842.0
2026-06-11 10:00:00,34600.5,6212.3,25613.3
2026-06-11 11:00:00,34878.5,5953.8,27168.0
2026-06-11 12:00:00,34999.8,5965.3,28149.5
2026-06-11 13:00:00,35358.0,6167.8,28736.8
2026-06-11 14:00:00,35130.8,6536.5,28735.3
2026-06-11 15:00:00,34324.0,7128.8,28025.5
2026-06-11 16:00:00,34193.8,7735.8,27074.3
2026-06-11 17:00:00,34701.8,8745.5,25688.5
2026-06-11 18:00:00,35145.8,9824.5,23142.0
2026-06-11 19:00:00,35346.0,10696.3,17703.3
2026-06-11 20:00:00,33929.8,11562.8,8091.5
2026-06-11 21:00:00,32423.5,12485.0,1137.8
2026-06-11 22:00:00,30677.3,12567.5,0.0
2026-06-11 23:00:00,28366.0,12274.8,0.0
2026-06-12 00:00:00,26148.8,11263.3,0.0
2026-06-12 01:00:00,24772.0,10614.3,0.0
2026-06-12 02:00:00,23732.8,10050.0,0.0
2026-06-12 03:00:00,23183.3,9521.8,0.0
2026-06-12 04:00:00,23050.3,9075.8,0.0
2026-06-12 05:00:00,23472.5,9205.3,0.0
2026-06-12 06:00:00,25539.3,8207.8,76.0
2026-06-12 07:00:00,28297.3,7642.8,3620.0
2026-06-12 08:00:00,31476.0,6552.0,13578.8
2026-06-12 09:00:00,33405.5,5882.8,22547.5
2026-06-12 10:00:00,34135.3,5539.3,26258.0
2026-06-12 11:00:00,34252.3,5391.0,27599.5
2026-06-12 12:00:00,34349.3,5331.5,28396.0
2026-06-12 13:00:00,34669.0,5323.5,28701.0
2026-06-12 14:00:00,34290.0,5349.3,28459.8
2026-06-12 15:00:00,33467.3,5531.0,27516.3
2026-06-12 16:00:00,33380.5,5788.3,26354.5
2026-06-12 17:00:00,33835.8,6158.3,24968.3
2026-06-12 18:00:00,34386.0,6657.0,22584.8
2026-06-12 19:00:00,34489.5,7277.0,17086.3
2026-06-12 20:00:00,32982.5,7717.0,7614.3
2026-06-12 21:00:00,31342.5,8234.8,1042.8
2026-06-12 22:00:00,29848.0,8039.0,4.0
2026-06-12 23:00:00,27674.5,7517.0,0.0
2026-06-13 00:00:00,26625.8,7503.3,0.0
2026-06-13 01:00:00,25157.3,6799.3,0.0
2026-06-13 02:00:00,23901.5,6233.5,0.0
2026-06-13 03:00:00,23097.3,5735.3,0.0
2026-06-13 04:00:00,22623.3,5289.5,0.0
2026-06-13 05:00:00,22448.0,4955.5,0.0
2026-06-13 06:00:00,22844.8,4681.3,75.0
2026-06-13 07:00:00,23707.0,4216.0,3385.5
2026-06-13 08:00:00,26532.8,3796.8,12764.0
2026-06-13 09:00:00,28967.3,3648.8,21561.8
2026-06-13 10:00:00,30370.3,3613.0,25325.5
2026-06-13 11:00:00,30761.8,3613.3,26817.0
2026-06-13 12:00:00,30987.8,3771.3,27631.5
2026-06-13 13:00:00,31493.0,3896.5,27850.8
2026-06-13 14:00:00,31472.3,4090.5,27457.5
2026-06-13 15:00:00,30587.5,4359.0,26733.8
2026-06-13 16:00:00,30113.0,4755.8,25583.8
2026-06-13 17:00:00,30393.5,5067.8,24142.0
2026-06-13 18:00:00,31090.5,5454.5,21700.0
2026-06-13 19:00:00,31535.8,5830.5,16517.0
2026-06-13 20:00:00,30235.3,6356.3,7706.5
2026-06-13 21:00:00,29066.3,6554.0,1205.8
2026-06-13 22:00:00,28458.5,6410.8,4.0
2026-06-13 23:00:00,26661.3,6029.0,0.0
2026-06-14 00:00:00,24897.8,5382.8,0.0
2026-06-14 01:00:00,23414.3,4816.0,0.0
2026-06-14 02:00:00,22289.3,4192.3,0.0
2026-06-14 03:00:00,21581.0,3549.5,0.0
2026-06-14 04:00:00,21190.8,2976.3,0.0
2026-06-14 05:00:00,21019.5,2532.0,0.0
2026-06-14 06:00:00,21160.0,2222.3,59.8
2026-06-14 07:00:00,21559.3,1738.8,2982.8
2026-06-14 08:00:00,23776.0,1350.3,12056.8
2026-06-14 09:00:00,26150.8,1120.3,20377.3
2026-06-14 10:00:00,27942.3,1086.5,24187.3
2026-06-14 11:00:00,28314.5,1254.3,25777.0
2026-06-14 12:00:00,28631.5,1633.8,26438.5
2026-06-14 13:00:00,29395.0,2050.0,26598.3
2026-06-14 14:00:00,29561.0,2371.8,26072.8
2026-06-14 15:00:00,28674.3,2772.3,25055.8
2026-06-14 16:00:00,28278.5,3265.5,23655.8
2026-06-14 17:00:00,28605.8,3976.0,21887.3
2026-06-14 18:00:00,29493.8,4515.0,18953.8
2026-06-14 19:00:00,30119.0,4155.0,14025.5
2026-06-14 20:00:00,29650.5,3906.5,6434.0
2026-06-14 21:00:00,28985.0,3498.0,890.3
2026-06-14 22:00:00,28736.8,3171.8,3.3
2026-06-14 23:00:00,26651.0,2986.8,0.0
2026-06-15 00:00:00,25036.5,3735.5,0.0
2026-06-15 01:00:00,23679.8,3165.8,0.0
2026-06-15 02:00:00,22723.5,2748.5,0.0
2026-06-15 03:00:00,22260.3,2407.3,0.0
2026-06-15 04:00:00,22274.0,1997.5,0.0
2026-06-15 05:00:00,22971.0,1879.0,0.0
2026-06-15 06:00:00,25530.8,1894.8,66.3
2026-06-15 07:00:00,28512.0,1746.8,3113.8
2026-06-15 08:00:00,30958.3,1541.5,12015.5
2026-06-15 09:00:00,32014.0,1353.8,20789.3
2026-06-15 10:00:00,32327.5,1333.0,25067.8
2026-06-15 11:00:00,32858.5,1349.0,26588.3
2026-06-15 12:00:00,33588.5,1563.3,27266.0
2026-06-15 13:00:00,33769.5,1801.3,27330.8
2026-06-15 14:00:00,33675.0,2310.5,26431.0
2026-06-15 15:00:00,33116.5,2990.0,24925.0
2026-06-15 16:00:00,33064.3,3337.8,23159.3
2026-06-15 17:00:00,33890.3,3704.8,21129.8
2026-06-15 18:00:00,34450.5,3798.0,18383.8
2026-06-15 19:00:00,35297.8,3529.3,13383.8
2026-06-15 20:00:00,34547.0,3212.3,6226.8
2026-06-15 21:00:00,33315.8,2972.8,1088.5
2026-06-15 22:00:00,31430.8,2731.3,5.8
2026-06-15 23:00:00,28853.5,2590.8,0.0
2026-06-16 00:00:00,27242.3,2699.0,0.0
2026-06-16 01:00:00,25883.8,2495.0,0.0
2026-06-16 02:00:00,24788.8,2418.5,0.0
2026-06-16 03:00:00,24245.0,2210.5,0.0
2026-06-16 04:00:00,24158.0,2021.8,0.0
2026-06-16 05:00:00,24543.8,1830.5,0.0
2026-06-16 06:00:00,26746.3,1593.3,59.3
2026-06-16 07:00:00,29399.0,1241.8,3320.3
2026-06-16 08:00:00,32589.8,929.3,13221.0
2026-06-16 09:00:00,34620.8,739.5,22129.0
2026-06-16 10:00:00,35422.5,830.0,26326.3
2026-06-16 11:00:00,35653.3,1110.5,27490.8
2026-06-16 12:00:00,36023.8,1475.0,28002.0
2026-06-16 13:00:00,36497.0,1870.5,27990.5
2026-06-16 14:00:00,36440.0,2253.0,27453.3
2026-06-16 15:00:00,35763.3,2686.8,26162.8
2026-06-16 16:00:00,35649.5,3113.8,24552.3
2026-06-16 17:00:00,36081.0,3380.3,22666.8
2026-06-16 18:00:00,36453.3,3639.5,19919.0
2026-06-16 19:00:00,36559.3,3715.0,14848.3
2026-06-16 20:00:00,35222.8,3716.0,6921.0
2026-06-16 21:00:00,33513.5,3573.5,1074.3
2026-06-16 22:00:00,31589.8,3711.8,7.3
2026-06-16 23:00:00,29237.5,3641.0,0.0
2026-06-17 00:00:00,27873.8,3413.5,0.0
2026-06-17 01:00:00,26377.5,3285.5,0.0
2026-06-17 02:00:00,25322.3,3152.0,0.0
2026-06-17 03:00:00,24781.8,2975.0,0.0
2026-06-17 04:00:00,24600.8,2764.5,0.0
2026-06-17 05:00:00,25002.0,2585.3,0.0
2026-06-17 06:00:00,27189.5,2369.0,65.8
2026-06-17 07:00:00,30214.0,1945.5,3387.5
2026-06-17 08:00:00,33369.3,1596.5,13276.5
2026-06-17 09:00:00,35568.0,1550.0,22025.0
2026-06-17 10:00:00,36251.0,1760.3,26084.3
2026-06-17 11:00:00,36398.8,2090.8,27267.5
2026-06-17 12:00:00,36773.0,2442.3,27951.0
2026-06-17 13:00:00,37410.5,2819.0,28108.0
2026-06-17 14:00:00,37324.8,3201.8,27694.8
2026-06-17 15:00:00,36783.3,3638.0,26563.8
2026-06-17 16:00:00,36734.0,4152.5,25144.8
2026-06-17 17:00:00,37134.5,4761.5,23380.5
2026-06-17 18:00:00,37486.8,5128.0,20941.5
2026-06-17 19:00:00,37725.5,5763.3,15785.5
2026-06-17 20:00:00,36205.3,6132.0,7383.8
2026-06-17 21:00:00,34228.3,6177.8,1116.0
2026-06-17 22:00:00,32378.8,5926.5,4.3
2026-06-17 23:00:00,30018.0,5532.8,0.0
2026-06-18 00:00:00,28424.3,5293.3,0.0
2026-06-18 01:00:00,26898.8,4641.5,0.0
2026-06-18 02:00:00,25781.5,4081.8,0.0
2026-06-18 03:00:00,25229.0,3507.3,0.0
2026-06-18 04:00:00,25004.8,3007.5,0.0
2026-06-18 05:00:00,25368.3,2701.5,0.0
2026-06-18 06:00:00,27478.0,2399.0,60.8
2026-06-18 07:00:00,30247.8,2114.3,3167.3
2026-06-18 08:00:00,33749.5,2010.3,12798.8
2026-06-18 09:00:00,36002.0,2181.8,21189.8
2026-06-18 10:00:00,36712.3,2550.5,25619.5
2026-06-18 11:00:00,36915.8,3066.8,27176.3
2026-06-18 12:00:00,37274.8,3629.0,28143.5
2026-06-18 13:00:00,37742.8,4072.8,28552.5
2026-06-18 14:00:00,37758.5,4525.3,28111.5
2026-06-18 15:00:00,37196.0,5077.5,26933.8
2026-06-18 16:00:00,37194.0,5745.3,25081.0
2026-06-18 17:00:00,37648.5,6224.3,22858.3
2026-06-18 18:00:00,37863.3,6408.3,20120.3
2026-06-18 19:00:00,37933.8,6295.3,14667.5
2026-06-18 20:00:00,36495.8,6151.8,6632.8
2026-06-18 21:00:00,34567.3,5985.5,973.0
2026-06-18 22:00:00,32803.3,5756.5,2.3
2026-06-18 23:00:00,30326.5,5433.3,0.0
2026-06-19 00:00:00,28615.8,5255.3,0.0
2026-06-19 01:00:00,27037.8,4844.8,0.0
2026-06-19 02:00:00,25884.3,4388.0,0.0
2026-06-19 03:00:00,25320.5,3872.0,0.0
2026-06-19 04:00:00,25103.5,3567.8,0.0
2026-06-19 05:00:00,25492.5,3294.3,0.0
2026-06-19 06:00:00,27573.0,2976.5,53.8
2026-06-19 07:00:00,30367.5,2598.8,3013.5
2026-06-19 08:00:00,33746.8,2281.0,12100.8
2026-06-19 09:00:00,35947.8,2210.3,20594.3
2026-06-19 10:00:00,36721.0,2430.0,25031.0
2026-06-19 11:00:00,36948.5,2938.5,26802.5
2026-06-19 12:00:00,37231.0,3488.0,27974.0
2026-06-19 13:00:00,37730.0,4073.3,28285.0
2026-06-19 14:00:00,37574.5,4273.5,27713.8
2026-06-19 15:00:00,36935.5,4701.5,26385.5
2026-06-19 16:00:00,36792.0,5082.5,24423.8
2026-06-19 17:00:00,37125.3,5336.5,21766.3
2026-06-19 18:00:00,37428.3,5087.3,18526.0
2026-06-19 19:00:00,37274.8,4842.5,13371.3
2026-06-19 20:00:00,35603.5,4901.3,6123.3
2026-06-19 21:00:00,33712.8,4973.8,995.5
2026-06-19 22:00:00,31968.8,4935.8,1.5
2026-06-19 23:00:00,29928.3,4787.8,0.0
2026-06-20 00:00:00,28327.3,5106.3,0.0
2026-06-20 01:00:00,26907.5,4728.3,0.0
2026-06-20 02:00:00,25625.0,4382.3,0.0
2026-06-20 03:00:00,24811.8,4139.3,0.0
2026-06-20 04:00:00,24341.0,3983.3,0.0
2026-06-20 05:00:00,24117.0,3860.8,0.0
2026-06-20 06:00:00,24424.0,3600.5,40.3
2026-06-20 07:00:00,25288.3,3034.5,2738.5
2026-06-20 08:00:00,28084.8,2950.0,11357.3
2026-06-20 09:00:00,30782.0,3225.5,19472.8
2026-06-20 10:00:00,32471.8,3858.8,23702.5
2026-06-20 11:00:00,32482.5,4660.3,25375.5
2026-06-20 12:00:00,32817.0,5339.8,26508.0
2026-06-20 13:00:00,33399.3,5858.0,26968.0
2026-06-20 14:00:00,33548.0,6278.0,26673.8
2026-06-20 15:00:00,32901.8,6590.3,25763.8
2026-06-20 16:00:00,32622.0,6484.8,24109.3
2026-06-20 17:00:00,32761.3,7626.3,21656.8
2026-06-20 18:00:00,33148.0,7390.8,18374.8
2026-06-20 19:00:00,33443.0,7697.0,13149.8
2026-06-20 20:00:00,32134.0,8461.5,5933.5
2026-06-20 21:00:00,30738.3,8696.0,908.8
2026-06-20 22:00:00,29923.8,8621.3,0.5
2026-06-20 23:00:00,28290.5,8213.8,0.0
2026-06-21 00:00:00,26651.3,7644.0,0.0
2026-06-21 01:00:00,25163.5,7247.5,0.0
2026-06-21 02:00:00,24011.0,6974.5,0.0
2026-06-21 03:00:00,23158.5,6645.0,0.0
2026-06-21 04:00:00,22683.5,6282.8,0.0
2026-06-21 05:00:00,22455.3,6100.0,0.0
2026-06-21 06:00:00,22399.3,5918.8,36.0
2026-06-21 07:00:00,22529.0,5562.5,2924.0
2026-06-21 08:00:00,24731.8,5273.3,11829.0
2026-06-21 09:00:00,27222.0,5433.0,20267.8
2026-06-21 10:00:00,29084.8,5883.3,24199.3
2026-06-21 11:00:00,29730.8,6410.5,25718.5
2026-06-21 12:00:00,30428.0,6891.0,26878.5
2026-06-21 13:00:00,31615.5,7213.0,27329.8
2026-06-21 14:00:00,32354.5,7179.5,27197.5
2026-06-21 15:00:00,32043.3,7256.5,26531.5
2026-06-21 16:00:00,31805.8,7591.8,25209.0
2026-06-21 17:00:00,31952.5,7766.0,22997.8
2026-06-21 18:00:00,32555.8,7873.3,19784.5
2026-06-21 19:00:00,33189.0,8050.5,14487.5
2026-06-21 20:00:00,32251.3,8019.5,6775.5
2026-06-21 21:00:00,31502.8,7949.0,1031.3
2026-06-21 22:00:00,31544.3,7820.3,0.3
2026-06-21 23:00:00,29568.8,7532.0,0.0
2026-06-22 00:00:00,28038.8,7944.8,0.0
2026-06-22 01:00:00,26263.5,7765.0,0.0
2026-06-22 02:00:00,25066.5,7364.0,0.0
2026-06-22 03:00:00,24409.8,6917.8,0.0
2026-06-22 04:00:00,24187.0,6411.8,0.0
2026-06-22 05:00:00,24850.0,5891.0,0.0
2026-06-22 06:00:00,27399.8,5345.5,48.3
2026-06-22 07:00:00,30614.0,4651.5,2817.5
2026-06-22 08:00:00,34580.3,4034.3,11389.5
2026-06-22 09:00:00,37689.0,3727.3,19119.5
2026-06-22 10:00:00,39179.3,3907.3,23131.0
2026-06-22 11:00:00,39897.5,4330.0,25104.0
2026-06-22 12:00:00,40488.8,4770.5,26667.8
2026-06-22 13:00:00,41510.5,5194.3,27017.5
2026-06-22 14:00:00,41837.8,5507.5,26685.3
2026-06-22 15:00:00,41284.3,5543.0,25571.3
2026-06-22 16:00:00,41299.3,5539.8,23717.0
2026-06-22 17:00:00,41457.8,5622.5,21161.5
2026-06-22 18:00:00,41378.3,5638.0,18052.0
2026-06-22 19:00:00,41108.5,5785.0,12979.3
2026-06-22 20:00:00,39443.8,5959.0,5706.5
2026-06-22 21:00:00,37216.8,6118.0,785.5
2026-06-22 22:00:00,35187.0,6340.5,2.3
2026-06-22 23:00:00,32457.0,6420.3,0.0
2026-06-23 00:00:00,30431.3,6540.0,0.0
2026-06-23 01:00:00,28428.8,6381.5,0.0
2026-06-23 02:00:00,27060.3,6035.5,0.0
2026-06-23 03:00:00,26367.8,5554.8,0.0
2026-06-23 04:00:00,25997.8,5044.0,0.0
2026-06-23 05:00:00,26304.5,4594.8,0.0
2026-06-23 06:00:00,28314.5,4106.8,52.3
2026-06-23 07:00:00,30912.5,3520.8,2991.3
2026-06-23 08:00:00,34238.0,3061.3,11395.8
2026-06-23 09:00:00,36937.0,2881.3,19529.3
2026-06-23 10:00:00,38453.5,2883.3,23814.8
2026-06-23 11:00:00,39094.8,3139.3,25623.8
2026-06-23 12:00:00,39709.5,3574.3,27069.8
2026-06-23 13:00:00,40681.8,3961.0,27739.5
2026-06-23 14:00:00,41184.3,4228.3,27314.0
2026-06-23 15:00:00,40900.5,4439.8,26609.0
2026-06-23 16:00:00,40865.0,4796.3,25309.5
2026-06-23 17:00:00,41083.8,5177.3,23134.5
2026-06-23 18:00:00,41327.5,5603.5,20062.8
2026-06-23 19:00:00,41350.3,6282.0,14768.5
2026-06-23 20:00:00,39567.0,7007.8,6870.5
2026-06-23 21:00:00,37348.8,7730.8,1092.3
2026-06-23 22:00:00,35496.5,7918.0,2.5
2026-06-23 23:00:00,32818.3,7720.0,0.0
2026-06-24 00:00:00,30794.3,7090.5,0.0
2026-06-24 01:00:00,28921.3,6587.0,0.0
2026-06-24 02:00:00,27291.5,5918.3,0.0
2026-06-24 03:00:00,26501.3,5150.3,0.0
2026-06-24 04:00:00,26041.8,4484.0,0.0
2026-06-24 05:00:00,26030.8,3951.3,0.0
2026-06-24 06:00:00,27238.0,3409.5,45.8
2026-06-24 07:00:00,29059.8,2715.5,3240.3
2026-06-24 08:00:00,31737.8,2262.0,12674.8
2026-06-24 09:00:00,34030.5,2113.8,21758.0
2026-06-24 10:00:00,35220.5,2250.0,26213.3
2026-06-24 11:00:00,35966.0,2671.3,27680.0
2026-06-24 12:00:00,36662.8,3207.3,28726.5
2026-06-24 13:00:00,37701.0,3741.0,29046.5
2026-06-24 14:00:00,38191.5,4198.0,28919.3
2026-06-24 15:00:00,37855.0,4630.5,28049.5
2026-06-24 16:00:00,37768.5,5206.8,26696.8
2026-06-24 17:00:00,37895.3,5908.8,24473.0
2026-06-24 18:00:00,38248.8,6509.5,21149.0
2026-06-24 19:00:00,38600.8,6986.0,15699.0
2026-06-24 20:00:00,37051.8,7349.5,7435.3
2026-06-24 21:00:00,35307.0,7566.8,1162.5
2026-06-24 22:00:00,34080.8,7593.3,1.3
2026-06-24 23:00:00,31646.5,7433.5,0.0
2026-06-25 00:00:00,28894.3,7634.8,0.0
2026-06-25 01:00:00,27287.3,7127.8,0.0
2026-06-25 02:00:00,26111.0,6455.3,0.0
2026-06-25 03:00:00,25627.5,5824.0,0.0
2026-06-25 04:00:00,25379.0,5233.3,0.0
2026-06-25 05:00:00,25773.0,4639.0,0.0
2026-06-25 06:00:00,27860.8,3978.3,36.8
2026-06-25 07:00:00,30543.3,3543.5,3108.5
2026-06-25 08:00:00,33974.0,3561.3,11755.0
2026-06-25 09:00:00,36556.8,3992.5,20238.3
2026-06-25 10:00:00,37794.3,4896.8,24572.5
2026-06-25 11:00:00,38236.3,5933.0,26063.0
2026-06-25 12:00:00,38768.0,6859.0,27018.0
2026-06-25 13:00:00,39291.8,7560.3,27301.3
2026-06-25 14:00:00,39265.5,7995.8,26870.8
2026-06-25 15:00:00,38776.8,8317.0,26103.5
2026-06-25 16:00:00,38822.0,8604.8,25208.8
2026-06-25 17:00:00,39130.3,8596.3,23676.8
2026-06-25 18:00:00,39165.3,8257.3,21041.8
2026-06-25 19:00:00,38742.3,7624.5,15983.0
2026-06-25 20:00:00,37246.0,6932.0,7807.5
2026-06-25 21:00:00,35451.3,6342.0,1365.5
2026-06-25 22:00:00,33538.3,5847.5,6.3
2026-06-25 23:00:00,31006.0,5458.8,0.0
2026-06-26 00:00:00,29444.0,4691.8,0.0
2026-06-26 01:00:00,27643.3,4458.8,0.0
2026-06-26 02:00:00,26507.0,4153.3,0.0
2026-06-26 03:00:00,25935.0,3835.0,0.0
2026-06-26 04:00:00,25660.5,3564.5,0.0
2026-06-26 05:00:00,25985.8,3367.8,0.0
2026-06-26 06:00:00,28045.5,3041.3,42.0
2026-06-26 07:00:00,30796.3,2571.0,3216.3
2026-06-26 08:00:00,33869.5,2380.8,12717.3
2026-06-26 09:00:00,36214.8,2424.5,21804.0
2026-06-26 10:00:00,37393.8,2734.0,26069.8
2026-06-26 11:00:00,37799.8,3217.5,27622.3
2026-06-26 12:00:00,38253.3,3760.5,28704.3
2026-06-26 13:00:00,38890.5,4171.5,29245.3
2026-06-26 14:00:00,38703.0,4257.8,29293.3
2026-06-26 15:00:00,38062.8,4668.5,28747.5
2026-06-26 16:00:00,37873.5,4854.8,27700.5
2026-06-26 17:00:00,38018.5,5472.3,26031.8
2026-06-26 18:00:00,37938.5,6081.0,23363.5
2026-06-26 19:00:00,37599.5,6437.3,17926.5
2026-06-26 20:00:00,36027.5,6606.3,8608.3
2026-06-26 21:00:00,34324.5,6440.3,1354.3
2026-06-26 22:00:00,32695.8,6007.0,4.5
2026-06-26 23:00:00,30693.0,5589.3,0.0
2026-06-27 00:00:00,29019.8,4687.3,0.0
2026-06-27 01:00:00,27388.8,4228.3,0.0
2026-06-27 02:00:00,26059.8,3801.5,0.0
2026-06-27 03:00:00,25229.0,3437.5,0.0
2026-06-27 04:00:00,24674.8,3182.0,0.0
2026-06-27 05:00:00,24356.5,2927.8,0.0
2026-06-27 06:00:00,24550.0,2599.0,29.5
2026-06-27 07:00:00,25286.0,2269.5,3159.0
2026-06-27 08:00:00,27826.3,2197.0,12838.5
2026-06-27 09:00:00,30369.0,2334.5,22413.5
2026-06-27 10:00:00,31901.8,2868.8,26903.3
2026-06-27 11:00:00,32681.5,3532.0,28180.3
2026-06-27 12:00:00,33176.0,4531.3,28849.3
2026-06-27 13:00:00,33537.0,5305.3,29080.5
2026-06-27 14:00:00,33525.5,5853.0,28917.3
2026-06-27 15:00:00,32891.3,6297.0,28041.8
2026-06-27 16:00:00,32557.0,6547.3,26632.5
2026-06-27 17:00:00,32530.3,6587.5,24809.8
2026-06-27 18:00:00,32999.0,6429.0,22334.8
2026-06-27 19:00:00,33175.8,6039.0,17223.3
2026-06-27 20:00:00,31959.8,5714.8,8306.5
2026-06-27 21:00:00,30806.5,5264.8,1405.0
2026-06-27 22:00:00,30158.8,4979.3,4.3
2026-06-27 23:00:00,28561.3,4742.0,0.0
2026-06-28 00:00:00,26703.8,4269.3,0.0
2026-06-28 01:00:00,25176.5,3874.5,0.0
2026-06-28 02:00:00,24072.5,3399.3,0.0
2026-06-28 03:00:00,23271.5,2947.0,0.0
2026-06-28 04:00:00,22729.3,2580.5,0.0
2026-06-28 05:00:00,22477.5,2194.8,0.0
2026-06-28 06:00:00,22531.3,1739.5,23.0
2026-06-28 07:00:00,22750.0,1318.5,2646.3
2026-06-28 08:00:00,24793.8,1066.3,10954.0
2026-06-28 09:00:00,27264.8,1063.8,19408.5
2026-06-28 10:00:00,28821.5,1259.5,23908.0
2026-06-28 11:00:00,29686.3,1642.3,25806.0
2026-06-28 12:00:00,30254.8,2229.3,26557.5
2026-06-28 13:00:00,30998.3,2976.8,26749.3
2026-06-28 14:00:00,31192.3,3976.8,26567.3
2026-06-28 15:00:00,30769.0,5199.8,25635.0
2026-06-28 16:00:00,30504.5,5595.5,24137.3
2026-06-28 17:00:00,30613.5,5554.8,22200.0
2026-06-28 18:00:00,31533.5,6589.3,19802.8
2026-06-28 19:00:00,32007.8,6854.3,15369.0
2026-06-28 20:00:00,31405.3,7428.5,7444.5
2026-06-28 21:00:00,30758.8,7590.0,1278.5
2026-06-28 22:00:00,30507.5,7823.8,5.8
2026-06-28 23:00:00,28678.5,8112.3,0.0
2026-06-29 00:00:00,27385.3,8780.8,0.0
2026-06-29 01:00:00,25706.0,9060.8,0.0
2026-06-29 02:00:00,24603.0,9202.0,0.0
2026-06-29 03:00:00,24025.0,9272.8,0.0
2026-06-29 04:00:00,23789.0,9418.8,0.0
2026-06-29 05:00:00,24344.0,9377.8,0.0
2026-06-29 06:00:00,26843.0,9060.8,26.3
2026-06-29 07:00:00,29803.3,8462.8,2944.5
2026-06-29 08:00:00,33222.3,7581.5,12493.5
2026-06-29 09:00:00,36080.8,6624.3,21384.5
2026-06-29 10:00:00,37414.0,5714.3,25419.0
2026-06-29 11:00:00,37904.8,4982.3,26957.0
2026-06-29 12:00:00,38476.5,4462.3,27849.3
2026-06-29 13:00:00,39023.8,4245.5,28315.8
2026-06-29 14:00:00,38982.0,4233.3,28222.8
2026-06-29 15:00:00,38396.8,4511.8,27596.8
2026-06-29 16:00:00,38291.0,5126.3,26382.3
2026-06-29 17:00:00,38650.3,5768.5,24624.5
2026-06-29 18:00:00,38867.3,6359.0,22014.3
2026-06-29 19:00:00,38831.8,7054.8,16883.5
2026-06-29 20:00:00,37281.0,7997.3,7919.8
2026-06-29 21:00:00,35676.0,8658.5,1220.8
2026-06-29 22:00:00,33836.3,8776.5,7.5
2026-06-29 23:00:00,31326.5,8667.5,0.0
2026-06-30 00:00:00,29185.3,7953.8,0.0
2026-06-30 01:00:00,27461.8,7370.0,0.0
2026-06-30 02:00:00,26282.0,6657.3,0.0
2026-06-30 03:00:00,25772.3,5902.0,0.0
2026-06-30 04:00:00,25484.3,5254.8,0.0
2026-06-30 05:00:00,25753.0,4759.0,0.0
2026-06-30 06:00:00,27855.3,4145.3,34.0
2026-06-30 07:00:00,30631.5,3579.0,2825.0
2026-06-30 08:00:00,33770.0,3104.5,12873.8
2026-06-30 09:00:00,36140.5,2895.5,22123.3
2026-06-30 10:00:00,37374.0,2954.3,26296.3
2026-06-30 11:00:00,37980.5,3004.8,27873.3
2026-06-30 12:00:00,38858.0,3313.5,28988.3
2026-06-30 13:00:00,39570.0,3717.5,29484.5
2026-06-30 14:00:00,39401.8,3940.5,29292.0
2026-06-30 15:00:00,39062.8,4649.5,28521.0
2026-06-30 16:00:00,38989.5,5715.0,27100.5
2026-06-30 17:00:00,39098.0,6799.8,25283.0
2026-06-30 18:00:00,39129.5,8003.5,22493.8
2026-06-30 19:00:00,38753.8,9107.3,17056.0
2026-06-30 20:00:00,37426.3,10047.0,7915.5
2026-06-30 21:00:00,35413.3,10881.5,1230.5
2026-06-30 22:00:00,33745.3,11317.8,3.5
2026-06-30 23:00:00,31253.8,11368.8,0.0
2026-07-01 00:00:00,30160.3,11400.3,0.0
2026-07-01 01:00:00,28420.5,11325.8,0.0
2026-07-01 02:00:00,27096.3,11187.5,0.0
2026-07-01 03:00:00,26321.0,11026.8,0.0
2026-07-01 04:00:00,25970.0,10805.0,0.0
2026-07-01 05:00:00,26254.5,10544.0,0.0
2026-07-01 06:00:00,28327.0,10307.0,26.8
2026-07-01 07:00:00,30911.3,9967.8,2951.3
2026-07-01 08:00:00,33897.3,9541.8,12819.5
2026-07-01 09:00:00,36333.3,9311.5,22085.8
2026-07-01 10:00:00,37707.0,9301.8,26068.8
2026-07-01 11:00:00,38083.3,9616.5,27536.5
2026-07-01 12:00:00,38766.0,9762.8,28462.5
2026-07-01 13:00:00,39565.0,10102.3,28887.5
2026-07-01 14:00:00,39863.3,10575.0,28705.5
2026-07-01 15:00:00,39166.5,11260.5,27914.3
2026-07-01 16:00:00,39026.8,11904.5,26738.3
2026-07-01 17:00:00,39337.8,12636.8,24998.0
2026-07-01 18:00:00,39628.3,13430.5,22382.8
2026-07-01 19:00:00,39686.0,14023.0,17056.5
2026-07-01 20:00:00,38277.0,14427.3,8191.0
2026-07-01 21:00:00,36166.5,14565.5,1449.8
2026-07-01 22:00:00,34513.5,14561.0,8.5
2026-07-01 23:00:00,31915.3,14326.8,0.0
2026-07-02 00:00:00,29952.0,13326.3,0.0
2026-07-02 01:00:00,28095.3,13257.8,0.0
2026-07-02 02:00:00,26778.5,13050.5,0.0
2026-07-02 03:00:00,26022.5,12825.3,0.0
2026-07-02 04:00:00,25691.0,12593.8,0.0
2026-07-02 05:00:00,25933.0,12335.5,0.0
2026-07-02 06:00:00,27908.0,11992.8,37.3
2026-07-02 07:00:00,30462.8,11303.8,2744.0
2026-07-02 08:00:00,33498.8,10847.3,12538.8
2026-07-02 09:00:00,36008.8,10311.8,21415.5
2026-07-02 10:00:00,37198.0,10101.0,25151.0
2026-07-02 11:00:00,37623.8,10006.3,26561.5
2026-07-02 12:00:00,38139.5,10055.5,27683.8
2026-07-02 13:00:00,38940.0,10201.3,28330.5
2026-07-02 14:00:00,39234.8,10397.0,28542.0
2026-07-02 15:00:00,38688.3,10729.8,28105.8
2026-07-02 16:00:00,38512.8,11122.3,27053.0
2026-07-02 17:00:00,38682.0,11829.5,25505.8
2026-07-02 18:00:00,38958.3,12651.0,23185.5
2026-07-02 19:00:00,38832.3,13470.8,18160.5
2026-07-02 20:00:00,37526.0,13868.0,8772.5
2026-07-02 21:00:00,35909.5,14044.0,1398.8
2026-07-02 22:00:00,34340.0,13899.5,3.0
2026-07-02 23:00:00,31887.0,13590.5,0.0
2026-07-03 00:00:00,29957.8,13185.0,0.0
2026-07-03 01:00:00,28235.8,12840.3,0.0
2026-07-03 02:00:00,26953.8,12579.3,0.0
2026-07-03 03:00:00,26170.5,12312.3,0.0
2026-07-03 04:00:00,25791.8,12126.5,0.0
2026-07-03 05:00:00,26013.3,11877.3,0.0
2026-07-03 06:00:00,27935.8,11366.5,41.0
2026-07-03 07:00:00,30353.0,10468.8,2881.0
2026-07-03 08:00:00,33398.3,9393.8,12703.3
2026-07-03 09:00:00,36076.8,8411.8,21767.8
2026-07-03 10:00:00,37347.3,7772.3,25652.3
2026-07-03 11:00:00,37826.0,7571.3,27394.5
2026-07-03 12:00:00,38419.5,7303.0,28717.3
2026-07-03 13:00:00,39119.3,7448.0,29357.0
2026-07-03 14:00:00,39161.0,7868.3,29407.5
2026-07-03 15:00:00,38603.5,8720.5,28764.5
2026-07-03 16:00:00,38420.8,9262.0,27697.8
2026-07-03 17:00:00,38494.0,10160.3,26004.0
2026-07-03 18:00:00,38686.3,11121.3,23419.5
2026-07-03 19:00:00,38391.3,11913.0,18278.0
2026-07-03 20:00:00,36882.8,12610.3,8711.8
2026-07-03 21:00:00,35115.8,12973.8,1306.8
2026-07-03 22:00:00,33881.5,13061.3,3.3
2026-07-03 23:00:00,31746.0,12852.3,0.0
2026-07-04 00:00:00,29572.0,11771.5,0.0
2026-07-04 01:00:00,27775.3,11240.8,0.0
2026-07-04 02:00:00,26370.5,10746.0,0.0
2026-07-04 03:00:00,25451.3,10312.0,0.0
2026-07-04 04:00:00,24781.3,9918.5,0.0
2026-07-04 05:00:00,24430.3,9357.0,0.0
2026-07-04 06:00:00,24699.3,8477.3,37.3
2026-07-04 07:00:00,25257.0,7333.3,2769.3
2026-07-04 08:00:00,27805.8,6227.8,12760.8
2026-07-04 09:00:00,30635.5,5289.0,21903.3
2026-07-04 10:00:00,32291.0,4646.0,25624.3
2026-07-04 11:00:00,33030.3,4354.8,27205.5
2026-07-04 12:00:00,33607.5,4337.0,28553.0
2026-07-04 13:00:00,34392.5,4451.3,29233.8
2026-07-04 14:00:00,34662.0,4649.8,29475.0
2026-07-04 15:00:00,34186.5,5100.3,28960.3
2026-07-04 16:00:00,33852.0,5735.3,27934.5
2026-07-04 17:00:00,33992.5,6521.8,26073.3
2026-07-04 18:00:00,34626.5,7257.8,23598.5
2026-07-04 19:00:00,34972.5,8104.0,18203.3
2026-07-04 20:00:00,34048.3,9003.5,8599.3
2026-07-04 21:00:00,32443.5,9729.5,1253.5
2026-07-04 22:00:00,31638.3,9876.8,2.5
2026-07-04 23:00:00,29930.3,9759.5,0.0
2026-07-05 00:00:00,27981.5,9317.0,0.0
2026-07-05 01:00:00,26109.5,8474.8,0.0
2026-07-05 02:00:00,24768.8,7564.3,0.0
2026-07-05 03:00:00,23760.3,6730.3,0.0
2026-07-05 04:00:00,23152.5,6004.0,0.0
2026-07-05 05:00:00,22806.5,5331.5,0.0
2026-07-05 06:00:00,22722.5,4730.5,38.8
2026-07-05 07:00:00,22750.0,3902.5,2800.3
2026-07-05 08:00:00,24832.3,3183.3,12358.0
2026-07-05 09:00:00,27392.8,2776.5,21333.3
2026-07-05 10:00:00,29118.8,2472.5,25114.0
2026-07-05 11:00:00,30199.3,2453.0,26601.0
2026-07-05 12:00:00,31075.8,2392.5,27776.8
2026-07-05 13:00:00,32258.8,2632.0,28032.5
2026-07-05 14:00:00,33101.0,2750.8,28044.3
2026-07-05 15:00:00,32760.8,2975.8,27455.0
2026-07-05 16:00:00,32471.5,3371.3,26536.5
2026-07-05 17:00:00,32665.0,3844.3,24579.0
2026-07-05 18:00:00,33489.8,4324.5,21967.0
2026-07-05 19:00:00,33940.0,4711.5,16682.5
2026-07-05 20:00:00,33348.3,5114.8,7887.8
2026-07-05 21:00:00,32379.3,5639.5,1244.0
2026-07-05 22:00:00,32342.0,6007.5,1.8
2026-07-05 23:00:00,30462.3,6094.8,0.0
2026-07-06 00:00:00,28922.0,5908.5,0.0
2026-07-06 01:00:00,26853.5,5336.8,0.0
2026-07-06 02:00:00,25509.0,4585.0,0.0
2026-07-06 03:00:00,24778.5,4029.5,0.0
2026-07-06 04:00:00,24469.5,3496.5,0.0
2026-07-06 05:00:00,25021.5,3101.5,0.0
2026-07-06 06:00:00,27394.8,2754.3,39.3
2026-07-06 07:00:00,30359.0,2343.8,2703.5
2026-07-06 08:00:00,33657.5,1974.0,12557.5
2026-07-06 09:00:00,36715.5,1743.8,21938.5
2026-07-06 10:00:00,38234.3,1715.0,25852.0
2026-07-06 11:00:00,39136.0,1862.8,27322.0
2026-07-06 12:00:00,39997.8,2113.3,28391.5
2026-07-06 13:00:00,41068.3,2466.8,28670.8
2026-07-06 14:00:00,41377.0,2558.5,28645.3
2026-07-06 15:00:00,41092.8,2881.8,27988.5
2026-07-06 16:00:00,41184.8,3262.0,26841.5
2026-07-06 17:00:00,41311.8,3654.5,24652.0
2026-07-06 18:00:00,41561.5,3968.0,21684.0
2026-07-06 19:00:00,41608.5,4123.0,16155.0
2026-07-06 20:00:00,39873.0,4516.3,7571.0
2026-07-06 21:00:00,37791.8,4687.8,1207.3
2026-07-06 22:00:00,35954.5,4846.3,3.5
2026-07-06 23:00:00,33298.3,4771.8,0.0
2026-07-07 00:00:00,31552.5,4718.5,0.0
2026-07-07 01:00:00,29628.5,4232.5,0.0
2026-07-07 02:00:00,28151.0,3508.5,0.0
2026-07-07 03:00:00,27283.8,2910.5,0.0
2026-07-07 04:00:00,26798.5,2391.0,0.0
2026-07-07 05:00:00,27043.5,2038.5,0.0
2026-07-07 06:00:00,29027.8,1616.8,29.3
2026-07-07 07:00:00,31705.8,1244.0,2730.0
2026-07-07 08:00:00,34839.3,975.3,12465.5
2026-07-07 09:00:00,37595.3,790.8,21939.8
2026-07-07 10:00:00,39156.0,799.5,26128.5
2026-07-07 11:00:00,39875.0,983.5,27945.5
2026-07-07 12:00:00,40943.8,1340.0,28945.5
2026-07-07 13:00:00,41894.3,1961.3,29040.3
2026-07-07 14:00:00,42278.8,2511.5,28712.5
2026-07-07 15:00:00,42045.5,3427.0,27621.0
2026-07-07 16:00:00,41909.8,4325.0,25132.8
2026-07-07 17:00:00,42022.8,4937.3,23364.5
2026-07-07 18:00:00,42074.0,5487.0,20575.5
2026-07-07 19:00:00,42314.8,5820.3,15543.3
2026-07-07 20:00:00,41549.3,5432.3,7473.5
2026-07-07 21:00:00,39221.8,5278.5,1165.0
2026-07-07 22:00:00,37076.5,4863.3,1.5
2026-07-07 23:00:00,34478.0,4334.8,0.0
2026-07-08 00:00:00,31851.5,3376.8,0.0
2026-07-08 01:00:00,29764.0,2954.8,0.0
2026-07-08 02:00:00,28316.8,2682.5,0.0
2026-07-08 03:00:00,27532.3,2282.5,0.0
2026-07-08 04:00:00,27025.3,2023.5,0.0
2026-07-08 05:00:00,27261.3,1814.8,0.0
2026-07-08 06:00:00,29167.3,1571.3,23.3
2026-07-08 07:00:00,31719.0,1262.3,2665.0
2026-07-08 08:00:00,34891.3,971.5,12669.5
2026-07-08 09:00:00,37467.0,726.3,21863.3
2026-07-08 10:00:00,38875.0,704.5,25990.3
2026-07-08 11:00:00,39603.8,967.3,27698.3
2026-07-08 12:00:00,40873.8,1404.8,28631.8
2026-07-08 13:00:00,41727.8,1872.8,28728.5
2026-07-08 14:00:00,42037.0,2365.3,28427.8
2026-07-08 15:00:00,41685.0,2908.0,27735.0
2026-07-08 16:00:00,41456.3,3418.8,26479.8
2026-07-08 17:00:00,41726.8,3770.0,24607.8
2026-07-08 18:00:00,41936.5,4041.3,22304.0
2026-07-08 19:00:00,41866.5,4104.5,17660.5
2026-07-08 20:00:00,40504.5,4140.8,8381.8
2026-07-08 21:00:00,38371.8,4204.5,1239.8
2026-07-08 22:00:00,36480.8,3960.8,2.5
2026-07-08 23:00:00,34072.8,3714.0,0.0
2026-07-09 00:00:00,32011.8,3540.0,0.0
2026-07-09 01:00:00,29986.8,3173.5,0.0
2026-07-09 02:00:00,28486.0,2773.8,0.0
2026-07-09 03:00:00,27620.3,2369.0,0.0
2026-07-09 04:00:00,27119.8,2137.8,0.0
2026-07-09 05:00:00,27259.3,1855.8,0.0
2026-07-09 06:00:00,29201.5,1601.5,25.3
2026-07-09 07:00:00,31703.0,1267.8,2701.8
2026-07-09 08:00:00,34924.8,921.5,12577.3
2026-07-09 09:00:00,37607.3,793.8,21969.3
2026-07-09 10:00:00,38905.8,870.8,26143.3
2026-07-09 11:00:00,39550.5,1252.0,27829.3
2026-07-09 12:00:00,40342.3,1849.5,28781.0
2026-07-09 13:00:00,41258.5,2478.0,28924.0
2026-07-09 14:00:00,41589.8,3101.8,28689.0
2026-07-09 15:00:00,41691.5,3609.8,28103.0
2026-07-09 16:00:00,41348.3,4053.5,26792.8
2026-07-09 17:00:00,41440.8,4800.8,24770.5
2026-07-09 18:00:00,41472.0,5473.0,22170.5
2026-07-09 19:00:00,41091.0,5883.5,17240.0
2026-07-09 20:00:00,39594.8,5881.3,8205.0
2026-07-09 21:00:00,37635.5,5642.3,1210.5
2026-07-09 22:00:00,35648.8,5256.3,2.8
2026-07-09 23:00:00,33311.3,5091.8,0.0
2026-07-10 00:00:00,31672.3,4748.3,0.0
2026-07-10 01:00:00,29718.0,4227.0,0.0
2026-07-10 02:00:00,28241.3,3722.8,0.0
2026-07-10 03:00:00,27410.5,3246.5,0.0
2026-07-10 04:00:00,26957.5,2882.0,0.0
2026-07-10 05:00:00,27118.5,2507.8,0.0
2026-07-10 06:00:00,29072.3,2112.0,9.5
2026-07-10 07:00:00,31559.8,1705.8,2148.8
2026-07-10 08:00:00,34480.3,1424.0,11312.5
2026-07-10 09:00:00,37111.3,1358.3,19548.3
2026-07-10 10:00:00,38345.5,1545.0,24118.8
2026-07-10 11:00:00,38836.5,2119.8,26115.5
2026-07-10 12:00:00,39550.0,3007.0,27461.8
2026-07-10 13:00:00,40048.8,3654.5,27424.0
2026-07-10 14:00:00,40196.5,4115.5,26828.0
2026-07-10 15:00:00,39923.3,4530.0,26134.0
2026-07-10 16:00:00,39576.8,4816.8,24986.5
2026-07-10 17:00:00,39553.5,5329.8,23059.5
2026-07-10 18:00:00,39537.0,5389.3,21218.3
2026-07-10 19:00:00,39333.0,5234.0,16825.3
2026-07-10 20:00:00,37985.0,5213.8,7971.0
2026-07-10 21:00:00,36153.0,4795.8,1143.3
2026-07-10 22:00:00,34393.0,4783.3,2.0
2026-07-10 23:00:00,32270.8,4668.3,0.0
2026-07-11 00:00:00,30200.8,4206.0,0.0
2026-07-11 01:00:00,28448.0,4569.0,0.0
2026-07-11 02:00:00,27061.0,4094.0,0.0
2026-07-11 03:00:00,26105.3,4061.5,0.0
2026-07-11 04:00:00,25451.3,3960.8,0.0
2026-07-11 05:00:00,25133.0,3748.8,0.0
2026-07-11 06:00:00,25362.5,3433.0,17.5
2026-07-11 07:00:00,25825.8,3003.5,2225.0
2026-07-11 08:00:00,28170.8,2492.8,10659.5
2026-07-11 09:00:00,31005.8,2171.5,18866.3
2026-07-11 10:00:00,32650.3,2394.3,23061.5
2026-07-11 11:00:00,33351.0,2898.0,24634.3
2026-07-11 12:00:00,33904.5,3552.8,26189.5
2026-07-11 13:00:00,34702.5,4110.8,26606.5
2026-07-11 14:00:00,34878.8,4905.0,26516.0
2026-07-11 15:00:00,34345.5,5759.0,25925.5
2026-07-11 16:00:00,33964.8,6533.3,24887.5
2026-07-11 17:00:00,34158.0,7479.3,22777.5
2026-07-11 18:00:00,34636.0,8095.0,19883.0
2026-07-11 19:00:00,34872.0,8325.8,15201.3
2026-07-11 20:00:00,33888.3,8511.8,7086.5
2026-07-11 21:00:00,32624.3,8449.0,979.0
2026-07-11 22:00:00,31693.3,8257.8,0.0
2026-07-11 23:00:00,29889.0,8027.3,0.0
2026-07-12 00:00:00,27562.0,8015.5,0.0
2026-07-12 01:00:00,25837.0,7485.3,0.0
2026-07-12 02:00:00,24611.8,6989.8,0.0
2026-07-12 03:00:00,23758.0,6545.3,0.0
2026-07-12 04:00:00,23170.0,6067.3,0.0
2026-07-12 05:00:00,22885.8,5421.3,0.0
2026-07-12 06:00:00,22943.0,4848.5,6.5
2026-07-12 07:00:00,22973.3,4145.0,1827.5
2026-07-12 08:00:00,24786.5,3807.0,9826.8
2026-07-12 09:00:00,27244.8,3873.3,18191.5
2026-07-12 10:00:00,28840.3,4979.8,22456.8
2026-07-12 11:00:00,29757.3,5990.8,24463.5
2026-07-12 12:00:00,30352.8,7268.3,25604.8
2026-07-12 13:00:00,31294.5,8135.3,25928.5
2026-07-12 14:00:00,31809.8,8886.0,25748.0
2026-07-12 15:00:00,31217.8,9344.0,25133.0
2026-07-12 16:00:00,30940.3,9200.8,24028.8
2026-07-12 17:00:00,31127.5,9536.5,22316.8
2026-07-12 18:00:00,31798.8,9166.3,20065.5
2026-07-12 19:00:00,32281.5,8329.0,15658.0
2026-07-12 20:00:00,31907.3,7455.0,7426.0
2026-07-12 21:00:00,31594.0,6519.0,1064.5
2026-07-12 22:00:00,31260.3,5600.0,0.0
2026-07-12 23:00:00,29470.8,4929.0,0.0
2026-07-13 00:00:00,27438.5,4437.5,0.0
2026-07-13 01:00:00,25784.3,3786.0,0.0
2026-07-13 02:00:00,24687.8,3296.0,0.0
2026-07-13 03:00:00,24135.5,2986.5,0.0
2026-07-13 04:00:00,23882.8,2579.3,0.0
2026-07-13 05:00:00,24454.3,2225.3,0.0
2026-07-13 06:00:00,27079.3,1861.0,7.5
2026-07-13 07:00:00,30028.0,1395.8,2108.8
2026-07-13 08:00:00,32945.3,1199.8,11129.0
2026-07-13 09:00:00,35533.3,1184.3,20379.0
2026-07-13 10:00:00,36708.3,1528.3,25112.5
2026-07-13 11:00:00,37218.8,2031.5,26858.5
2026-07-13 12:00:00,37808.5,2552.8,27859.0
2026-07-13 13:00:00,38510.8,3065.5,28188.5
2026-07-13 14:00:00,38683.5,3439.5,28272.8
2026-07-13 15:00:00,38176.3,3790.0,27751.5
2026-07-13 16:00:00,37998.0,4007.5,26898.3
2026-07-13 17:00:00,38220.3,4145.3,25390.5
2026-07-13 18:00:00,38339.0,4205.3,23153.3
2026-07-13 19:00:00,38203.8,4176.0,18023.3
2026-07-13 20:00:00,37096.3,4046.3,8352.0
2026-07-13 21:00:00,35870.8,3739.8,1088.5
2026-07-13 22:00:00,33884.8,3520.0,0.0
2026-07-13 23:00:00,31380.3,3270.5,0.0
2026-07-14 00:00:00,29977.8,2821.5,0.0
2026-07-14 01:00:00,28287.3,2559.0,0.0
2026-07-14 02:00:00,27099.5,2256.0,0.0
2026-07-14 03:00:00,26535.8,1970.8,0.0
2026-07-14 04:00:00,26230.3,1767.5,0.0
2026-07-14 05:00:00,26541.5,1575.3,0.0
2026-07-14 06:00:00,28760.8,1330.0,10.0
2026-07-14 07:00:00,31198.0,957.5,2242.0
2026-07-14 08:00:00,33996.8,900.8,11365.5
2026-07-14 09:00:00,36492.8,967.0,20702.5
2026-07-14 10:00:00,37591.5,1492.8,25286.0
2026-07-14 11:00:00,37907.5,2210.3,26741.5
2026-07-14 12:00:00,38493.8,3217.8,27494.5
2026-07-14 13:00:00,39195.3,4257.3,27726.0
2026-07-14 14:00:00,39407.3,5202.3,27535.0
2026-07-14 15:00:00,38968.0,5912.0,26748.3
2026-07-14 16:00:00,38786.8,6738.3,25593.8
2026-07-14 17:00:00,38815.3,7191.3,23484.8
2026-07-14 18:00:00,38817.5,7219.0,20844.0
2026-07-14 19:00:00,38781.5,6799.3,16136.8
2026-07-14 20:00:00,37639.8,5937.3,7568.3
2026-07-14 21:00:00,36143.5,5551.0,1025.8
2026-07-14 22:00:00,34517.8,4901.0,0.0
2026-07-14 23:00:00,32113.5,4306.3,0.0
2026-07-15 00:00:00,31375.3,4386.3,0.0
2026-07-15 01:00:00,29446.3,3784.5,0.0
2026-07-15 02:00:00,28116.0,3243.5,0.0
2026-07-15 03:00:00,27388.0,2772.8,0.0
2026-07-15 04:00:00,26981.0,2380.0,0.0
2026-07-15 05:00:00,27279.3,2085.3,0.0
2026-07-15 06:00:00,29421.5,1780.3,8.3
2026-07-15 07:00:00,32021.8,1429.8,1947.3
2026-07-15 08:00:00,35035.0,1177.5,9810.0
2026-07-15 09:00:00,37813.5,1245.3,18600.8
2026-07-15 10:00:00,39094.8,1578.3,23465.5
2026-07-15 11:00:00,39752.8,2120.5,25439.0
2026-07-15 12:00:00,40553.8,2795.3,26671.0
2026-07-15 13:00:00,41388.0,3506.5,27228.0
2026-07-15 14:00:00,41558.5,4229.0,27086.5
2026-07-15 15:00:00,41027.3,4754.8,26503.3
2026-07-15 16:00:00,40886.0,5177.8,25612.0
2026-07-15 17:00:00,41060.5,5316.0,23842.0
2026-07-15 18:00:00,41249.0,5273.0,21290.3
2026-07-15 19:00:00,41176.3,5013.5,15951.3
2026-07-15 20:00:00,39853.8,4966.8,7261.8
2026-07-15 21:00:00,38167.3,4962.8,1013.0
2026-07-15 22:00:00,36319.5,4951.5,0.0
2026-07-15 23:00:00,33865.3,4904.3,0.0
2026-07-16 00:00:00,31821.8,4730.8,0.0
2026-07-16 01:00:00,29956.3,4520.3,0.0
2026-07-16 02:00:00,28534.5,4109.8,0.0
2026-07-16 03:00:00,27689.5,3529.5,0.0
2026-07-16 04:00:00,27253.5,2969.3,0.0
2026-07-16 05:00:00,27470.3,2464.5,0.0
2026-07-16 06:00:00,29499.8,2016.5,6.3
2026-07-16 07:00:00,31933.5,1655.8,1738.0
2026-07-16 08:00:00,34905.3,1433.3,9876.0
2026-07-16 09:00:00,37721.3,1496.3,18967.5
2026-07-16 10:00:00,38996.3,1772.3,23851.0
2026-07-16 11:00:00,39531.8,2601.0,25805.0
2026-07-16 12:00:00,40204.5,3640.3,26489.0
2026-07-16 13:00:00,40941.5,4821.3,26825.5
2026-07-16 14:00:00,41135.8,6008.3,26917.3
2026-07-16 15:00:00,40752.0,7043.8,26266.0
2026-07-16 16:00:00,40670.3,7605.3,25337.0
2026-07-16 17:00:00,40794.5,8151.8,23811.8
2026-07-16 18:00:00,40763.3,8620.3,21687.0
2026-07-16 19:00:00,40622.5,8270.8,16956.3
2026-07-16 20:00:00,39406.5,8196.8,7868.3
2026-07-16 21:00:00,37547.3,7772.0,1021.0
2026-07-16 22:00:00,35717.8,7136.8,0.0
2026-07-16 23:00:00,33324.8,6383.3,0.0
2026-07-17 00:00:00,31139.0,5670.3,0.0
2026-07-17 01:00:00,29354.5,4977.5,0.0
2026-07-17 02:00:00,28058.3,4470.3,0.0
2026-07-17 03:00:00,27263.5,4275.3,0.0
2026-07-17 04:00:00,26910.8,3765.8,0.0
2026-07-17 05:00:00,27167.3,3517.5,0.0
2026-07-17 06:00:00,29218.0,3173.5,13.0
2026-07-17 07:00:00,31765.0,2443.0,2038.0
2026-07-17 08:00:00,34490.5,1909.3,11461.5
2026-07-17 09:00:00,37093.0,1480.3,21060.0
2026-07-17 10:00:00,38299.5,1270.8,25419.3
2026-07-17 11:00:00,38785.5,1400.0,26724.5
2026-07-17 12:00:00,39415.0,1859.3,27304.3
2026-07-17 13:00:00,40061.5,2480.8,27485.0
2026-07-17 14:00:00,40009.8,3206.0,27393.5
2026-07-17 15:00:00,39800.5,3954.5,26703.8
2026-07-17 16:00:00,39720.3,4686.0,25971.8
2026-07-17 17:00:00,39662.3,5318.5,24116.3
2026-07-17 18:00:00,39759.5,5729.8,21654.5
2026-07-17 19:00:00,39381.8,6074.5,16699.5
2026-07-17 20:00:00,38044.3,6634.8,7687.0
2026-07-17 21:00:00,36252.8,7163.0,1037.8
2026-07-17 22:00:00,34206.8,7515.8,0.0
2026-07-17 23:00:00,32182.0,7581.0,0.0
2026-07-18 00:00:00,30711.3,7351.8,0.0
2026-07-18 01:00:00,29003.5,6823.8,0.0
2026-07-18 02:00:00,27590.5,6295.8,0.0
2026-07-18 03:00:00,26680.3,5734.0,0.0
2026-07-18 04:00:00,25917.3,5092.3,0.0
2026-07-18 05:00:00,25572.8,4479.5,0.0
2026-07-18 06:00:00,25893.0,3886.5,12.0
2026-07-18 07:00:00,26349.5,3219.5,1906.5
2026-07-18 08:00:00,28675.5,2613.8,10275.0
2026-07-18 09:00:00,31542.5,2192.5,19603.3
2026-07-18 10:00:00,33104.0,2067.8,24275.0
2026-07-18 11:00:00,33835.0,2269.0,26119.0
2026-07-18 12:00:00,34413.5,2727.0,27083.3
2026-07-18 13:00:00,35226.3,3416.0,27470.5
2026-07-18 14:00:00,35472.8,4178.5,27406.5
2026-07-18 15:00:00,35092.8,4939.5,26597.8
2026-07-18 16:00:00,34791.0,5791.0,25448.0
2026-07-18 17:00:00,34905.0,6479.8,23432.8
2026-07-18 18:00:00,35258.8,7068.5,20739.8
2026-07-18 19:00:00,35359.0,7402.3,15641.8
2026-07-18 20:00:00,34356.8,7837.3,7191.5
2026-07-18 21:00:00,32894.5,8116.8,983.8
2026-07-18 22:00:00,32051.0,8350.8,0.0
2026-07-18 23:00:00,30426.8,8122.8,0.0
2026-07-19 00:00:00,28059.3,7794.3,0.0
2026-07-19 01:00:00,26398.8,7168.0,0.0
2026-07-19 02:00:00,25032.5,6543.0,0.0
2026-07-19 03:00:00,24116.8,5928.8,0.0
2026-07-19 04:00:00,23566.5,5282.0,0.0
2026-07-19 05:00:00,23289.8,4668.8,0.0
2026-07-19 06:00:00,23469.8,3942.5,7.3
2026-07-19 07:00:00,23406.5,3128.8,1738.8
2026-07-19 08:00:00,25233.8,2439.0,9710.5
2026-07-19 09:00:00,27782.5,1931.3,18758.8
2026-07-19 10:00:00,29355.3,1783.0,23448.5
2026-07-19 11:00:00,30381.0,1993.0,25160.3
2026-07-19 12:00:00,31115.8,2561.5,26374.8
2026-07-19 13:00:00,32189.0,3283.8,26822.3
2026-07-19 14:00:00,32745.0,4025.3,26761.5
2026-07-19 15:00:00,32512.0,4631.5,26060.0
2026-07-19 16:00:00,32360.0,5189.0,24939.0
2026-07-19 17:00:00,32587.0,5762.0,23138.0
2026-07-19 18:00:00,33253.8,6176.8,20818.0
2026-07-19 19:00:00,33705.5,6550.8,16020.8
2026-07-19 20:00:00,33206.8,6855.8,7372.0
2026-07-19 21:00:00,32352.3,6971.8,995.3
2026-07-19 22:00:00,32159.3,7025.8,0.0
2026-07-19 23:00:00,30465.8,6676.3,0.0
2026-07-20 00:00:00,28480.8,6658.8,0.0
2026-07-20 01:00:00,26658.0,6059.3,0.0
2026-07-20 02:00:00,25499.3,5459.5,0.0
2026-07-20 03:00:00,24886.5,4790.0,0.0
2026-07-20 04:00:00,24575.3,4125.3,0.0
2026-07-20 05:00:00,25151.0,3594.5,0.0
2026-07-20 06:00:00,27914.0,3119.3,7.5
2026-07-20 07:00:00,30716.3,2471.5,1796.3
2026-07-20 08:00:00,33804.0,2120.5,10413.8
2026-07-20 09:00:00,36916.8,1914.8,20189.3
2026-07-20 10:00:00,38413.8,1994.0,25073.5
2026-07-20 11:00:00,39023.8,2627.5,26616.5
2026-07-20 12:00:00,39825.0,3486.8,27486.8
2026-07-20 13:00:00,40912.8,4424.5,27820.3
2026-07-20 14:00:00,41148.0,5325.5,27783.8
2026-07-20 15:00:00,40708.5,6128.5,26900.3
2026-07-20 16:00:00,40629.3,6842.0,25697.3
2026-07-20 17:00:00,40747.0,7186.0,23743.3
2026-07-20 18:00:00,40813.8,7626.8,21133.0
2026-07-20 19:00:00,40606.8,7746.3,16192.3
2026-07-20 20:00:00,39316.0,7889.8,7266.5
2026-07-20 21:00:00,37612.0,8016.3,860.8
2026-07-20 22:00:00,35495.8,8044.0,0.0
2026-07-20 23:00:00,33053.0,7920.3,0.0
2026-07-21 00:00:00,31104.0,8477.5,0.0
2026-07-21 01:00:00,29477.5,7965.0,0.0
2026-07-21 02:00:00,28058.8,7456.5,0.0
2026-07-21 03:00:00,27184.0,6891.3,0.0
2026-07-21 04:00:00,26744.0,6432.0,0.0
2026-07-21 05:00:00,27034.0,5949.5,0.0
2026-07-21 06:00:00,29263.5,5430.5,4.8
2026-07-21 07:00:00,31687.0,4680.3,1471.8
2026-07-21 08:00:00,34669.5,3980.0,8873.5
2026-07-21 09:00:00,37435.3,3645.8,17706.0
2026-07-21 10:00:00,38924.0,3348.8,22501.3
2026-07-21 11:00:00,39605.3,3485.0,24335.3
2026-07-21 12:00:00,40448.5,3695.0,25193.5
2026-07-21 13:00:00,41452.3,4262.0,25723.8
2026-07-21 14:00:00,41690.5,4951.8,25679.3
2026-07-21 15:00:00,41171.5,5715.3,24957.8
2026-07-21 16:00:00,41017.3,6199.5,23988.0
2026-07-21 17:00:00,41126.5,6834.8,21853.0
2026-07-21 18:00:00,41243.0,7278.5,19099.0
2026-07-21 19:00:00,41202.5,7817.3,14276.3
2026-07-21 20:00:00,39915.5,8433.3,6279.0
2026-07-21 21:00:00,37459.5,8791.0,800.0
2026-07-21 22:00:00,35385.3,8849.3,0.0
2026-07-21 23:00:00,33103.0,8490.5,0.0
2026-07-22 00:00:00,31479.5,7977.3,0.0
2026-07-22 01:00:00,29728.8,7145.3,0.0
2026-07-22 02:00:00,28270.8,6202.0,0.0
2026-07-22 03:00:00,27422.3,5294.5,0.0
2026-07-22 04:00:00,26984.0,4464.3,0.0
2026-07-22 05:00:00,27192.8,3759.3,0.0
2026-07-22 06:00:00,29394.0,3141.8,4.3
2026-07-22 07:00:00,31778.8,2475.3,1213.0
2026-07-22 08:00:00,34491.0,1840.8,7484.8
2026-07-22 09:00:00,37407.5,1464.8,16281.3
2026-07-22 10:00:00,38972.8,1504.5,21804.8
2026-07-22 11:00:00,39853.8,1882.3,24504.0
2026-07-22 12:00:00,40859.5,2611.3,26100.0
2026-07-22 13:00:00,41840.3,3327.0,26588.5
2026-07-22 14:00:00,42050.8,4024.5,26503.3
2026-07-22 15:00:00,41400.8,4771.8,25678.8
2026-07-22 16:00:00,41113.5,5424.8,24701.8
2026-07-22 17:00:00,41247.3,5782.3,22721.8
2026-07-22 18:00:00,41418.0,5748.8,20007.0
2026-07-22 19:00:00,41114.5,5514.8,14965.8
2026-07-22 20:00:00,39877.0,5118.5,6568.0
2026-07-22 21:00:00,38100.0,4965.8,806.3
2026-07-22 22:00:00,36041.3,4863.0,0.0
2026-07-22 23:00:00,33571.5,4556.8,0.0
2026-07-23 00:00:00,31823.8,4405.8,0.0
2026-07-23 01:00:00,29908.5,3976.8,0.0
2026-07-23 02:00:00,28445.0,3473.5,0.0
2026-07-23 03:00:00,27626.3,3012.0,0.0
2026-07-23 04:00:00,27191.5,2625.8,0.0
2026-07-23 05:00:00,27379.0,2320.3,0.0
2026-07-23 06:00:00,29465.8,2054.5,3.5
2026-07-23 07:00:00,31791.8,1768.0,1690.0
2026-07-23 08:00:00,34530.3,1553.0,9914.0
2026-07-23 09:00:00,37539.8,1719.5,19912.0
2026-07-23 10:00:00,39017.3,2154.5,25271.0
2026-07-23 11:00:00,39915.3,2719.5,26949.8
2026-07-23 12:00:00,40965.5,3377.5,27772.8
2026-07-23 13:00:00,42067.3,4061.3,28122.3
2026-07-23 14:00:00,42399.0,4683.8,27848.3
2026-07-23 15:00:00,42009.3,5278.5,26985.0
2026-07-23 16:00:00,41822.0,5978.5,25731.3
2026-07-23 17:00:00,41952.5,6233.5,23639.8
2026-07-23 18:00:00,41780.8,6137.0,20944.8
2026-07-23 19:00:00,41433.5,5611.3,15632.3
2026-07-23 20:00:00,40079.0,5431.0,6625.3
2026-07-23 21:00:00,38245.3,4965.3,851.3
2026-07-23 22:00:00,36373.8,4928.3,0.0
2026-07-23 23:00:00,33904.5,4246.8,0.0
2026-07-24 00:00:00,31923.0,3734.5,0.0
2026-07-24 01:00:00,30113.0,3390.3,0.0
2026-07-24 02:00:00,28702.5,3142.5,0.0
2026-07-24 03:00:00,27803.0,2977.0,0.0
2026-07-24 04:00:00,27382.0,2886.3,0.0
2026-07-24 05:00:00,27589.8,2802.5,0.0
2026-07-24 06:00:00,29579.0,2824.5,3.3
2026-07-24 07:00:00,31944.8,2804.3,1501.5
2026-07-24 08:00:00,34501.5,2800.0,9492.0
2026-07-24 09:00:00,37334.5,3114.5,19150.0
2026-07-24 10:00:00,38670.8,4028.0,24238.3
2026-07-24 11:00:00,39345.3,5277.3,25884.5
2026-07-24 12:00:00,40000.3,6528.0,26812.5
2026-07-24 13:00:00,40740.0,7765.8,27169.8
2026-07-24 14:00:00,40791.0,8881.0,26977.8
2026-07-24 15:00:00,40181.0,9928.8,26188.3
2026-07-24 16:00:00,39897.5,10534.3,25320.8
2026-07-24 17:00:00,39778.0,10966.3,23406.8
2026-07-24 18:00:00,39566.3,10917.8,21141.8
2026-07-24 19:00:00,39281.5,10369.0,16238.8
2026-07-24 20:00:00,37769.3,9599.3,7228.3
2026-07-24 21:00:00,36051.0,8992.8,797.8
2026-07-24 22:00:00,34374.5,8488.3,0.0
2026-07-24 23:00:00,32281.3,7943.5,0.0
2026-07-25 00:00:00,30033.3,7678.3,0.0
2026-07-25 01:00:00,28320.5,7065.5,0.0
2026-07-25 02:00:00,26867.5,6758.8,0.0
2026-07-25 03:00:00,25958.5,6642.3,0.0
2026-07-25 04:00:00,25138.3,6665.0,0.0
2026-07-25 05:00:00,24780.8,6654.3,0.0
2026-07-25 06:00:00,25125.5,6549.5,2.8
2026-07-25 07:00:00,25619.8,6279.3,1519.3
2026-07-25 08:00:00,27541.3,6061.8,9714.0
2026-07-25 09:00:00,30057.0,6096.0,19209.8
2026-07-25 10:00:00,31617.5,6372.0,23959.8
2026-07-25 11:00:00,32090.3,6571.0,25590.3
2026-07-25 12:00:00,32352.3,6911.8,26422.5
2026-07-25 13:00:00,32914.3,7465.8,26792.0
2026-07-25 14:00:00,32952.8,8104.3,26689.3
2026-07-25 15:00:00,32233.3,8768.5,25982.5
2026-07-25 16:00:00,32012.5,9499.3,24828.5
2026-07-25 17:00:00,32126.3,10587.8,23020.3
2026-07-25 18:00:00,32580.8,11278.3,20536.8
2026-07-25 19:00:00,32832.0,11362.0,15315.5
2026-07-25 20:00:00,32017.8,11132.5,6669.5
2026-07-25 21:00:00,31272.8,10828.5,727.5
2026-07-25 22:00:00,30466.5,10760.8,0.0
2026-07-25 23:00:00,28691.3,9951.0,0.0
2026-07-26 00:00:00,26876.3,8768.0,0.0
2026-07-26 01:00:00,25304.5,8314.5,0.0
2026-07-26 02:00:00,24081.3,7917.0,0.0
2026-07-26 03:00:00,23324.0,7566.0,0.0
2026-07-26 04:00:00,22728.8,7544.3,0.0
2026-07-26 05:00:00,22453.3,6900.0,0.0
2026-07-26 06:00:00,22624.8,6522.0,2.5
2026-07-26 07:00:00,22695.0,6220.0,1529.5
2026-07-26 08:00:00,24286.0,5474.8,10185.8
2026-07-26 09:00:00,26751.8,4919.5,20475.8
2026-07-26 10:00:00,28276.0,4538.5,25415.5
2026-07-26 11:00:00,29076.0,4377.8,26950.3
2026-07-26 12:00:00,29561.8,4340.3,27814.8
2026-07-26 13:00:00,30468.3,4376.8,28262.5
2026-07-26 14:00:00,30750.5,4453.8,28359.3
2026-07-26 15:00:00,29791.8,4756.0,27851.8
2026-07-26 16:00:00,29591.8,5218.3,27153.3
2026-07-26 17:00:00,29985.8,5681.5,25744.5
2026-07-26 18:00:00,30807.3,6267.0,23429.5
2026-07-26 19:00:00,31323.0,6570.0,17511.8
2026-07-26 20:00:00,30889.8,6797.8,7539.8
2026-07-26 21:00:00,30430.8,7122.8,786.8
2026-07-26 22:00:00,30262.8,7556.5,0.0
2026-07-26 23:00:00,28590.3,7842.5,0.0
2026-07-27 00:00:00,26726.0,8129.5,0.0
2026-07-27 01:00:00,25302.3,8193.8,0.0
2026-07-27 02:00:00,24219.8,8147.5,0.0
2026-07-27 03:00:00,23732.5,8055.0,0.0
2026-07-27 04:00:00,23533.3,7847.5,0.0
2026-07-27 05:00:00,24064.8,7361.8,0.0
2026-07-27 06:00:00,26671.5,6893.3,3.8
2026-07-27 07:00:00,29465.5,6429.0,1534.5
2026-07-27 08:00:00,32391.8,5491.8,10288.3
2026-07-27 09:00:00,35021.8,4722.3,20571.5
2026-07-27 10:00:00,36179.0,4154.3,25587.5
2026-07-27 11:00:00,36786.8,3713.3,27110.0
2026-07-27 12:00:00,37217.3,3349.0,28089.3
2026-07-27 13:00:00,37864.3,3227.8,28752.3
2026-07-27 14:00:00,37955.8,3199.5,28910.0
2026-07-27 15:00:00,37360.0,3434.3,28535.0
2026-07-27 16:00:00,37218.0,3631.0,27881.8
2026-07-27 17:00:00,37546.5,3950.3,26289.0
2026-07-27 18:00:00,37730.3,4341.8,23680.5
2026-07-27 19:00:00,37898.0,4820.0,17510.0
2026-07-27 20:00:00,36692.5,5403.0,7406.5
2026-07-27 21:00:00,35276.0,5784.0,743.5
2026-07-27 22:00:00,33495.8,5871.3,0.0
2026-07-27 23:00:00,31020.8,5697.3,0.0
2026-07-28 00:00:00,29270.0,5385.5,0.0
2026-07-28 01:00:00,27596.3,4890.5,0.0
2026-07-28 02:00:00,26350.0,4448.0,0.0
2026-07-28 03:00:00,25698.5,4152.8,0.0
2026-07-28 04:00:00,25348.5,3956.8,0.0
2026-07-28 05:00:00,25637.8,3781.0,0.0
2026-07-28 06:00:00,27791.0,3683.8,3.8
2026-07-28 07:00:00,30111.3,3330.5,1589.5
2026-07-28 08:00:00,32802.0,2793.5,9883.8
2026-07-28 09:00:00,35543.3,2590.3,20117.0
2026-07-28 10:00:00,36928.3,2632.3,25438.8
2026-07-28 11:00:00,37629.3,2757.0,27307.3
2026-07-28 12:00:00,38362.0,3095.0,28363.5
2026-07-28 13:00:00,39225.0,3425.0,28844.0
2026-07-28 14:00:00,39347.0,3651.0,28804.8
2026-07-28 15:00:00,38789.8,3898.0,28217.5
2026-07-28 16:00:00,38588.3,4140.5,27298.5
2026-07-28 17:00:00,39040.8,4325.3,25463.8
2026-07-28 18:00:00,39347.0,4416.0,22435.8
2026-07-28 19:00:00,39372.0,4567.0,16074.0
2026-07-28 20:00:00,37791.8,4982.0,6515.3
2026-07-28 21:00:00,36300.8,5368.3,664.0
2026-07-28 22:00:00,34638.0,5483.0,0.0
2026-07-28 23:00:00,32225.8,5372.3,0.0
2026-07-29 00:00:00,30841.0,5009.3,0.0
2026-07-29 01:00:00,28993.8,4763.8,0.0
2026-07-29 02:00:00,27653.3,4460.8,0.0
2026-07-29 03:00:00,26911.8,4042.5,0.0
2026-07-29 04:00:00,26428.3,3631.0,0.0
2026-07-29 05:00:00,26707.5,3267.8,0.0
2026-07-29 06:00:00,28753.0,2961.5,2.8
2026-07-29 07:00:00,31039.3,2452.0,1310.3
2026-07-29 08:00:00,33682.5,2092.0,9207.8
2026-07-29 09:00:00,36620.8,1987.0,19115.0
2026-07-29 10:00:00,38008.5,2249.5,24471.8
2026-07-29 11:00:00,38664.5,2796.0,26291.3
2026-07-29 12:00:00,39513.3,3505.3,27330.5
2026-07-29 13:00:00,40445.5,4266.0,27829.0
2026-07-29 14:00:00,40770.8,4923.5,27720.3
2026-07-29 15:00:00,40230.8,5539.3,27244.0
2026-07-29 16:00:00,40040.8,6122.0,26606.8
2026-07-29 17:00:00,40265.8,6684.0,24846.0
2026-07-29 18:00:00,40439.5,7179.8,21973.8
2026-07-29 19:00:00,40202.3,7421.0,16000.5
2026-07-29 20:00:00,38721.5,7466.0,6579.8
2026-07-29 21:00:00,36975.0,7029.0,580.0
2026-07-29 22:00:00,35183.0,6645.5,0.0
2026-07-29 23:00:00,32809.5,6181.8,0.0
